Workbook
Name A1048577: #REF!
Name Ф80: #REF!
Name A1048577: #REF!
Name Ф80: #REF!
Name A1048577: #REF!
Name Ф80: #REF!
Name A1048577: #REF!
Name Ф80: #REF!
Name A1048577: #REF!
Name Ф80: #REF!

Sheet Загальна
A1: S
C3: ЗАГАЛЬНА ВІДОМІСТЬ З УСІМА СПЕЦІАЛЬНОСТЯМИ. НЕ ДЛЯ ДРУКУ. ЗВІДСИ ОЦІНКИ АВТОМАТИЧНО ПЕРЕНОСЯТЬСЯ ДО ВІДОМОСТЕЙ. СТВОРЕНО ДЛЯ ЛЕГШОГО ЗАПОВНЕННЯ ОЦІНОК
C8: Б/К | D8: № п/п | E8: Прізвище, ім’я, по батькові | F8: Підсумкові оцінки дисциплін | T8: Середній бал
F9: Біологія Богданенко О.В. | G9: Всесвітня Історія Мельничук С.А. | H9: Географія Наговська Т.С. | I9: Зарубіжна література Бабенко Л. Е. | J9: Захист України Лазар В.І. | K9: Іноземна мова Нічик Н.О. | L9: Інформатика Андрльє І.О. | M9: Історія України Левчук Т.Г. | N9: Математика Земляна Т.М. | O9: Українська література Юрченко О.Б. | P9: Українська мова Юрченко О.Б. | Q9: Фізика Калюта Н.М. | R9: Фізична культура Галеніна І.С. | S9: Хімія Сахно Н.О.
C10: Б | D10: 1 | E10: Багаєв Дмитро Михайлович | T10: =IF(COUNTIF($F10:S10,"=*")>0,IF($C10="K","-"," - "),IF(COUNTIF($F10:S10,"<4")>0,IF($C10="K","-"," - "),(IFERROR(AVERAGE($F10:S10),"Очікую"))))
C11: Б | D11: 2 | E11: Бєлов Миколай Михайлович | T11: =IF(COUNTIF($F11:S11,"=*")>0,IF($C11="K","-"," - "),IF(COUNTIF($F11:S11,"<4")>0,IF($C11="K","-"," - "),(IFERROR(AVERAGE($F11:S11),"Очікую"))))
C12: Б | D12: 3 | E12: Богомолов Єгор Русланович | T12: =IF(COUNTIF($F12:S12,"=*")>0,IF($C12="K","-"," - "),IF(COUNTIF($F12:S12,"<4")>0,IF($C12="K","-"," - "),(IFERROR(AVERAGE($F12:S12),"Очікую"))))
C13: Б | D13: 4 | E13: Бондаренко Анна Юріївна | T13: =IF(COUNTIF($F13:S13,"=*")>0,IF($C13="K","-"," - "),IF(COUNTIF($F13:S13,"<4")>0,IF($C13="K","-"," - "),(IFERROR(AVERAGE($F13:S13),"Очікую"))))
C14: К | D14: 5 | E14: Бондаренко Олександр Сергійович | T14: =IF(COUNTIF($F14:S14,"=*")>0,IF($C14="K","-"," - "),IF(COUNTIF($F14:S14,"<4")>0,IF($C14="K","-"," - "),(IFERROR(AVERAGE($F14:S14),"Очікую"))))
C15: Б | D15: 6 | E15: Буюклі Христина Станіславівна | T15: =IF(COUNTIF($F15:S15,"=*")>0,IF($C15="K","-"," - "),IF(COUNTIF($F15:S15,"<4")>0,IF($C15="K","-"," - "),(IFERROR(AVERAGE($F15:S15),"Очікую"))))
C16: Б | D16: 7 | E16: Голам-Сарвар Сабріна | T16: =IF(COUNTIF($F16:S16,"=*")>0,IF($C16="K","-"," - "),IF(COUNTIF($F16:S16,"<4")>0,IF($C16="K","-"," - "),(IFERROR(AVERAGE($F16:S16),"Очікую"))))
C17: Б | D17: 8 | E17: Горевой Костянтин Юрійович | T17: =IF(COUNTIF($F17:S17,"=*")>0,IF($C17="K","-"," - "),IF(COUNTIF($F17:S17,"<4")>0,IF($C17="K","-"," - "),(IFERROR(AVERAGE($F17:S17),"Очікую"))))
C18: К | D18: 9 | E18: Грідін Олег Володимирович | T18: =IF(COUNTIF($F18:S18,"=*")>0,IF($C18="K","-"," - "),IF(COUNTIF($F18:S18,"<4")>0,IF($C18="K","-"," - "),(IFERROR(AVERAGE($F18:S18),"Очікую"))))
C19: Б | D19: 10 | E19: Гусева Анна Олександрівна | T19: =IF(COUNTIF($F19:S19,"=*")>0,IF($C19="K","-"," - "),IF(COUNTIF($F19:S19,"<4")>0,IF($C19="K","-"," - "),(IFERROR(AVERAGE($F19:S19),"Очікую"))))
C20: Б | D20: 11 | E20: Гуткан Алла Павлівна | T20: =IF(COUNTIF($F20:S20,"=*")>0,IF($C20="K","-"," - "),IF(COUNTIF($F20:S20,"<4")>0,IF($C20="K","-"," - "),(IFERROR(AVERAGE($F20:S20),"Очікую"))))
C21: Б | D21: 12 | E21: Дімітрова Аделіна Віталіївна | T21: =IF(COUNTIF($F21:S21,"=*")>0,IF($C21="K","-"," - "),IF(COUNTIF($F21:S21,"<4")>0,IF($C21="K","-"," - "),(IFERROR(AVERAGE($F21:S21),"Очікую"))))
... C44: К | D44: 35 | E44: Янчий Георгій Сергійович | T44: =IF(COUNTIF($F44:S44,"=*")>0,IF($C44="K","-"," - "),IF(COUNTIF($F44:S44,"<4")>0,IF($C44="K","-"," - "),(IFERROR(AVERAGE($F44:S44),"Очікую"))))
E45: Середній бал успішності з дисципліни | F45: =IF(SUM(F$10:F44)=0,IF(COUNTA(F$10:F44)=0,"Очікую",0),SUM(F$10:F44)/$D44) | G45: =IF(SUM(G$10:G44)=0,IF(COUNTA(G$10:G44)=0,"Очікую",0),SUM(G$10:G44)/$D44) | H45: =IF(SUM(H$10:H44)=0,IF(COUNTA(H$10:H44)=0,"Очікую",0),SUM(H$10:H44)/$D44) | I45: =IF(SUM(I$10:I44)=0,IF(COUNTA(I$10:I44)=0,"Очікую",0),SUM(I$10:I44)/$D44) | J45: =IF(SUM(J$10:J44)=0,IF(COUNTA(J$10:J44)=0,"Очікую",0),SUM(J$10:J44)/$D44) | K45: =IF(SUM(K$10:K44)=0,IF(COUNTA(K$10:K44)=0,"Очікую",0),SUM(K$10:K44)/$D44) | L45: =IF(SUM(L$10:L44)=0,IF(COUNTA(L$10:L44)=0,"Очікую",0),SUM(L$10:L44)/$D44) | M45: =IF(SUM(M$10:M44)=0,IF(COUNTA(M$10:M44)=0,"Очікую",0),SUM(M$10:M44)/$D44) | ... S45: =IF(SUM(S$10:S44)=0,IF(COUNTA(S$10:S44)=0,"Очікую",0),SUM(S$10:S44)/$D44) | T45: =IFERROR(AVERAGE($F45:S45),"Очікую")
E46: Абсолютна успішність | F46: =IF(SUM(F$10:F44)=0,IF(COUNTA(F$10:F44)=0,"Очікую",0),IF(COUNTIF(F$10:F44,">=4")=0,0,COUNTIF(F$10:F44,">=4")/$D44*100)) | G46: =IF(SUM(G$10:G44)=0,IF(COUNTA(G$10:G44)=0,"Очікую",0),IF(COUNTIF(G$10:G44,">=4")=0,0,COUNTIF(G$10:G44,">=4")/$D44*100)) | H46: =IF(SUM(H$10:H44)=0,IF(COUNTA(H$10:H44)=0,"Очікую",0),IF(COUNTIF(H$10:H44,">=4")=0,0,COUNTIF(H$10:H44,">=4")/$D44*100)) | I46: =IF(SUM(I$10:I44)=0,IF(COUNTA(I$10:I44)=0,"Очікую",0),IF(COUNTIF(I$10:I44,">=4")=0,0,COUNTIF(I$10:I44,">=4")/$D44*100)) | J46: =IF(SUM(J$10:J44)=0,IF(COUNTA(J$10:J44)=0,"Очікую",0),IF(COUNTIF(J$10:J44,">=4")=0,0,COUNTIF(J$10:J44,">=4")/$D44*100)) | K46: =IF(SUM(K$10:K44)=0,IF(COUNTA(K$10:K44)=0,"Очікую",0),IF(COUNTIF(K$10:K44,">=4")=0,0,COUNTIF(K$10:K44,">=4")/$D44*100)) | L46: =IF(SUM(L$10:L44)=0,IF(COUNTA(L$10:L44)=0,"Очікую",0),IF(COUNTIF(L$10:L44,">=4")=0,0,COUNTIF(L$10:L44,">=4")/$D44*100)) | M46: =IF(SUM(M$10:M44)=0,IF(COUNTA(M$10:M44)=0,"Очікую",0),IF(COUNTIF(M$10:M44,">=4")=0,0,COUNTIF(M$10:M44,">=4")/$D44*100)) | ... S46: =IF(SUM(S$10:S44)=0,IF(COUNTA(S$10:S44)=0,"Очікую",0),IF(COUNTIF(S$10:S44,">=4")=0,0,COUNTIF(S$10:S44,">=4")/$D44*100))
E47: Якісна успішність | F47: =IF(SUM(F$10:F44)=0,IF(COUNTA(F$10:F44)=0,"Очікую",0),IF(COUNTIF(F$10:F44,">=7")=0,0,COUNTIF(F$10:F44,">=7")/$D44*100)) | G47: =IF(SUM(G$10:G44)=0,IF(COUNTA(G$10:G44)=0,"Очікую",0),IF(COUNTIF(G$10:G44,">=7")=0,0,COUNTIF(G$10:G44,">=7")/$D44*100)) | H47: =IF(SUM(H$10:H44)=0,IF(COUNTA(H$10:H44)=0,"Очікую",0),IF(COUNTIF(H$10:H44,">=7")=0,0,COUNTIF(H$10:H44,">=7")/$D44*100)) | I47: =IF(SUM(I$10:I44)=0,IF(COUNTA(I$10:I44)=0,"Очікую",0),IF(COUNTIF(I$10:I44,">=7")=0,0,COUNTIF(I$10:I44,">=7")/$D44*100)) | J47: =IF(SUM(J$10:J44)=0,IF(COUNTA(J$10:J44)=0,"Очікую",0),IF(COUNTIF(J$10:J44,">=7")=0,0,COUNTIF(J$10:J44,">=7")/$D44*100)) | K47: =IF(SUM(K$10:K44)=0,IF(COUNTA(K$10:K44)=0,"Очікую",0),IF(COUNTIF(K$10:K44,">=7")=0,0,COUNTIF(K$10:K44,">=7")/$D44*100)) | L47: =IF(SUM(L$10:L44)=0,IF(COUNTA(L$10:L44)=0,"Очікую",0),IF(COUNTIF(L$10:L44,">=7")=0,0,COUNTIF(L$10:L44,">=7")/$D44*100)) | M47: =IF(SUM(M$10:M44)=0,IF(COUNTA(M$10:M44)=0,"Очікую",0),IF(COUNTIF(M$10:M44,">=7")=0,0,COUNTIF(M$10:M44,">=7")/$D44*100)) | ... S47: =IF(SUM(S$10:S44)=0,IF(COUNTA(S$10:S44)=0,"Очікую",0),IF(COUNTIF(S$10:S44,">=7")=0,0,COUNTIF(S$10:S44,">=7")/$D44*100))
E48: Абсолютна успішність по групі | F48: =IFERROR(AVERAGE(F46:S46),"Очікую")
E49: Якісна успішність по групі | F49: =IFERROR(AVERAGE($F47:S47),"Очікую")
E50: Кількість бюджетників | F50: =IF(COUNTIF($C$10:$C44,"=B")=0,IF(COUNTIF($C$10:$C44,"=K")=0,"Очікую",0),COUNTIF($C$10:$C44,"=B"))
E51: Кількість контрактників | F51: =IF(COUNTIF($C$10:$C44,"=K")=0,IF(COUNTIF($C$10:$C44,"=B")=0,"Очікую",0),COUNTIF($C$10:$C44,"=K")) | H51: Класний керівник
E52: Кількість соціального контингенту
E53: Вийшли на стипендію | F53: =IF(F50="Очікую","Очікую",IF(F50-COUNTIF($T$10:$T44," - ")<ROUNDDOWN(F50*0.4,0),F50-COUNTIF($T$10:$T44," - "),ROUNDDOWN(F50*0.4,0))) | H53: Завідувач відділення ПЗСО | P53: Margarita BRITIKOVA

Sheet Зведена E2
A1: S
C3: ВІДОКРЕМЛЕНИЙ СТРУКТУРНИЙ ПІДРОЗДІЛ «ФАХОВИЙ КОЛЕДЖ НАФТОГАЗОВИХ ТЕХНОЛОГІЙ, ІНЖЕНЕРІЇ ТА ІНФРАСТРУКТУРИ СЕРВІСУ ОДЕСЬКОГО НАЦІОНАЛЬНОГО ТЕХНОЛОГІЧНОГО УНІВЕРСИТЕТУ»
C4: ЗВЕДЕНА ВІДОМІСТЬ
C5: Успішності студентів спеціальності E2 ««Екологія»»
C6: За рік 2025-2026 н.р.
C7: Група 25-3 курс I
C8: Б/К | D8: № п/п | E8: Прізвище, ім’я, по батькові | F8: Підсумкові оцінки дисциплін | T8: Середній бал
F9: ='Загальна'!F9 | G9: ='Загальна'!G9 | H9: ='Загальна'!H9 | I9: ='Загальна'!I9 | J9: ='Загальна'!J9 | K9: ='Загальна'!K9 | L9: ='Загальна'!L9 | M9: ='Загальна'!M9 | ... S9: ='Загальна'!S9
C10: ='Загальна'!C15 | D10: 1 | E10: ='Загальна'!E15 | F10: ='Загальна'!F15 | G10: ='Загальна'!G15 | H10: ='Загальна'!H15 | I10: ='Загальна'!I15 | J10: ='Загальна'!J15 | K10: ='Загальна'!K15 | L10: ='Загальна'!L15 | ... S10: ='Загальна'!S15 | T10: =IF(COUNTIF($F10:S10,"=*")>0,IF($C10="K","-"," - "),IF(COUNTIF($F10:S10,"<4")>0,IF(C10="K","-"," - "),(IFERROR(AVERAGE($F10:S10),"Очікую"))))
C11: ='Загальна'!C16 | D11: 2 | E11: ='Загальна'!E16 | F11: ='Загальна'!F16 | G11: ='Загальна'!G16 | H11: ='Загальна'!H16 | I11: ='Загальна'!I16 | J11: ='Загальна'!J16 | K11: ='Загальна'!K16 | L11: ='Загальна'!L16 | ... S11: ='Загальна'!S16 | T11: =IF(COUNTIF($F11:S11,"=*")>0,IF($C11="K","-"," - "),IF(COUNTIF($F11:S11,"<4")>0,IF(C11="K","-"," - "),(IFERROR(AVERAGE($F11:S11),"Очікую"))))
C12: ='Загальна'!C19 | D12: 3 | E12: ='Загальна'!E19 | F12: ='Загальна'!F19 | G12: ='Загальна'!G19 | H12: ='Загальна'!H19 | I12: ='Загальна'!I19 | J12: ='Загальна'!J19 | K12: ='Загальна'!K19 | L12: ='Загальна'!L19 | ... S12: ='Загальна'!S19 | T12: =IF(COUNTIF($F12:S12,"=*")>0,IF($C12="K","-"," - "),IF(COUNTIF($F12:S12,"<4")>0,IF(C12="K","-"," - "),(IFERROR(AVERAGE($F12:S12),"Очікую"))))
C13: ='Загальна'!C20 | D13: 4 | E13: ='Загальна'!E20 | F13: ='Загальна'!F20 | G13: ='Загальна'!G20 | H13: ='Загальна'!H20 | I13: ='Загальна'!I20 | J13: ='Загальна'!J20 | K13: ='Загальна'!K20 | L13: ='Загальна'!L20 | ... S13: ='Загальна'!S20 | T13: =IF(COUNTIF($F13:S13,"=*")>0,IF($C13="K","-"," - "),IF(COUNTIF($F13:S13,"<4")>0,IF(C13="K","-"," - "),(IFERROR(AVERAGE($F13:S13),"Очікую"))))
C14: ='Загальна'!C22 | D14: 5 | E14: ='Загальна'!E22 | F14: ='Загальна'!F22 | G14: ='Загальна'!G22 | H14: ='Загальна'!H22 | I14: ='Загальна'!I22 | J14: ='Загальна'!J22 | K14: ='Загальна'!K22 | L14: ='Загальна'!L22 | ... S14: ='Загальна'!S22 | T14: =IF(COUNTIF($F14:S14,"=*")>0,IF($C14="K","-"," - "),IF(COUNTIF($F14:S14,"<4")>0,IF(C14="K","-"," - "),(IFERROR(AVERAGE($F14:S14),"Очікую"))))
C15: ='Загальна'!C24 | D15: 6 | E15: ='Загальна'!E24 | F15: ='Загальна'!F24 | G15: ='Загальна'!G24 | H15: ='Загальна'!H24 | I15: ='Загальна'!I24 | J15: ='Загальна'!J24 | K15: ='Загальна'!K24 | L15: ='Загальна'!L24 | ... S15: ='Загальна'!S24 | T15: =IF(COUNTIF($F15:S15,"=*")>0,IF($C15="K","-"," - "),IF(COUNTIF($F15:S15,"<4")>0,IF(C15="K","-"," - "),(IFERROR(AVERAGE($F15:S15),"Очікую"))))
C16: ='Загальна'!C25 | D16: 7 | E16: ='Загальна'!E25 | F16: ='Загальна'!F25 | G16: ='Загальна'!G25 | H16: ='Загальна'!H25 | I16: ='Загальна'!I25 | J16: ='Загальна'!J25 | K16: ='Загальна'!K25 | L16: ='Загальна'!L25 | ... S16: ='Загальна'!S25 | T16: =IF(COUNTIF($F16:S16,"=*")>0,IF($C16="K","-"," - "),IF(COUNTIF($F16:S16,"<4")>0,IF(C16="K","-"," - "),(IFERROR(AVERAGE($F16:S16),"Очікую"))))
C17: ='Загальна'!C29 | D17: 8 | E17: ='Загальна'!E29 | F17: ='Загальна'!F29 | G17: ='Загальна'!G29 | H17: ='Загальна'!H29 | I17: ='Загальна'!I29 | J17: ='Загальна'!J29 | K17: ='Загальна'!K29 | L17: ='Загальна'!L29 | ... S17: ='Загальна'!S29 | T17: =IF(COUNTIF($F17:S17,"=*")>0,IF($C17="K","-"," - "),IF(COUNTIF($F17:S17,"<4")>0,IF(C17="K","-"," - "),(IFERROR(AVERAGE($F17:S17),"Очікую"))))
C18: ='Загальна'!C30 | D18: 9 | E18: ='Загальна'!E30 | F18: ='Загальна'!F30 | G18: ='Загальна'!G30 | H18: ='Загальна'!H30 | I18: ='Загальна'!I30 | J18: ='Загальна'!J30 | K18: ='Загальна'!K30 | L18: ='Загальна'!L30 | ... S18: ='Загальна'!S30 | T18: =IF(COUNTIF($F18:S18,"=*")>0,IF($C18="K","-"," - "),IF(COUNTIF($F18:S18,"<4")>0,IF(C18="K","-"," - "),(IFERROR(AVERAGE($F18:S18),"Очікую"))))
C19: ='Загальна'!C39 | D19: 10 | E19: ='Загальна'!E39 | F19: ='Загальна'!F39 | G19: ='Загальна'!G39 | H19: ='Загальна'!H39 | I19: ='Загальна'!I39 | J19: ='Загальна'!J39 | K19: ='Загальна'!K39 | L19: ='Загальна'!L39 | ... S19: ='Загальна'!S39 | T19: =IF(COUNTIF($F19:S19,"=*")>0,IF($C19="K","-"," - "),IF(COUNTIF($F19:S19,"<4")>0,IF(C19="K","-"," - "),(IFERROR(AVERAGE($F19:S19),"Очікую"))))
E20: Середній бал успішності з дисципліни | F20: =IF(SUM(F$10:F19)=0,IF(COUNTA(F$10:F19)=0,"Очікую",0),SUM(F$10:F19)/$D19) | G20: =IF(SUM(G$10:G19)=0,IF(COUNTA(G$10:G19)=0,"Очікую",0),SUM(G$10:G19)/$D19) | H20: =IF(SUM(H$10:H19)=0,IF(COUNTA(H$10:H19)=0,"Очікую",0),SUM(H$10:H19)/$D19) | I20: =IF(SUM(I$10:I19)=0,IF(COUNTA(I$10:I19)=0,"Очікую",0),SUM(I$10:I19)/$D19) | J20: =IF(SUM(J$10:J19)=0,IF(COUNTA(J$10:J19)=0,"Очікую",0),SUM(J$10:J19)/$D19) | K20: =IF(SUM(K$10:K19)=0,IF(COUNTA(K$10:K19)=0,"Очікую",0),SUM(K$10:K19)/$D19) | L20: =IF(SUM(L$10:L19)=0,IF(COUNTA(L$10:L19)=0,"Очікую",0),SUM(L$10:L19)/$D19) | M20: =IF(SUM(M$10:M19)=0,IF(COUNTA(M$10:M19)=0,"Очікую",0),SUM(M$10:M19)/$D19) | ... S20: =IF(SUM(S$10:S19)=0,IF(COUNTA(S$10:S19)=0,"Очікую",0),SUM(S$10:S19)/$D19) | T20: =IFERROR(AVERAGE($F20:S20),"Очікую")
E21: Абсолютна успішність | F21: =IF(SUM(F$10:F19)=0,IF(COUNTA(F$10:F19)=0,"Очікую",0),IF(COUNTIF(F$10:F19,">=4")=0,0,COUNTIF(F$10:F19,">=4")/$D19*100)) | G21: =IF(SUM(G$10:G19)=0,IF(COUNTA(G$10:G19)=0,"Очікую",0),IF(COUNTIF(G$10:G19,">=4")=0,0,COUNTIF(G$10:G19,">=4")/$D19*100)) | H21: =IF(SUM(H$10:H19)=0,IF(COUNTA(H$10:H19)=0,"Очікую",0),IF(COUNTIF(H$10:H19,">=4")=0,0,COUNTIF(H$10:H19,">=4")/$D19*100)) | I21: =IF(SUM(I$10:I19)=0,IF(COUNTA(I$10:I19)=0,"Очікую",0),IF(COUNTIF(I$10:I19,">=4")=0,0,COUNTIF(I$10:I19,">=4")/$D19*100)) | J21: =IF(SUM(J$10:J19)=0,IF(COUNTA(J$10:J19)=0,"Очікую",0),IF(COUNTIF(J$10:J19,">=4")=0,0,COUNTIF(J$10:J19,">=4")/$D19*100)) | K21: =IF(SUM(K$10:K19)=0,IF(COUNTA(K$10:K19)=0,"Очікую",0),IF(COUNTIF(K$10:K19,">=4")=0,0,COUNTIF(K$10:K19,">=4")/$D19*100)) | L21: =IF(SUM(L$10:L19)=0,IF(COUNTA(L$10:L19)=0,"Очікую",0),IF(COUNTIF(L$10:L19,">=4")=0,0,COUNTIF(L$10:L19,">=4")/$D19*100)) | M21: =IF(SUM(M$10:M19)=0,IF(COUNTA(M$10:M19)=0,"Очікую",0),IF(COUNTIF(M$10:M19,">=4")=0,0,COUNTIF(M$10:M19,">=4")/$D19*100)) | ... S21: =IF(SUM(S$10:S19)=0,IF(COUNTA(S$10:S19)=0,"Очікую",0),IF(COUNTIF(S$10:S19,">=4")=0,0,COUNTIF(S$10:S19,">=4")/$D19*100))
E22: Якісна успішність | F22: =IF(SUM(F$10:F19)=0,IF(COUNTA(F$10:F19)=0,"Очікую",0),IF(COUNTIF(F$10:F19,">=7")=0,0,COUNTIF(F$10:F19,">=7")/$D19*100)) | G22: =IF(SUM(G$10:G19)=0,IF(COUNTA(G$10:G19)=0,"Очікую",0),IF(COUNTIF(G$10:G19,">=7")=0,0,COUNTIF(G$10:G19,">=7")/$D19*100)) | H22: =IF(SUM(H$10:H19)=0,IF(COUNTA(H$10:H19)=0,"Очікую",0),IF(COUNTIF(H$10:H19,">=7")=0,0,COUNTIF(H$10:H19,">=7")/$D19*100)) | I22: =IF(SUM(I$10:I19)=0,IF(COUNTA(I$10:I19)=0,"Очікую",0),IF(COUNTIF(I$10:I19,">=7")=0,0,COUNTIF(I$10:I19,">=7")/$D19*100)) | J22: =IF(SUM(J$10:J19)=0,IF(COUNTA(J$10:J19)=0,"Очікую",0),IF(COUNTIF(J$10:J19,">=7")=0,0,COUNTIF(J$10:J19,">=7")/$D19*100)) | K22: =IF(SUM(K$10:K19)=0,IF(COUNTA(K$10:K19)=0,"Очікую",0),IF(COUNTIF(K$10:K19,">=7")=0,0,COUNTIF(K$10:K19,">=7")/$D19*100)) | L22: =IF(SUM(L$10:L19)=0,IF(COUNTA(L$10:L19)=0,"Очікую",0),IF(COUNTIF(L$10:L19,">=7")=0,0,COUNTIF(L$10:L19,">=7")/$D19*100)) | M22: =IF(SUM(M$10:M19)=0,IF(COUNTA(M$10:M19)=0,"Очікую",0),IF(COUNTIF(M$10:M19,">=7")=0,0,COUNTIF(M$10:M19,">=7")/$D19*100)) | ... S22: =IF(SUM(S$10:S19)=0,IF(COUNTA(S$10:S19)=0,"Очікую",0),IF(COUNTIF(S$10:S19,">=7")=0,0,COUNTIF(S$10:S19,">=7")/$D19*100))
E23: Абсолютна успішність по групі | F23: =IFERROR(AVERAGE(F21:S21),"Очікую")
E24: Якісна успішність по групі | F24: =IFERROR(AVERAGE($F22:S22),"Очікую")
E25: Кількість бюджетників | F25: =IF(COUNTIF($C$10:$C19,"=B")=0,IF(COUNTIF($C$10:$C19,"=K")=0,"Очікую",0),COUNTIF($C$10:$C19,"=B"))
E26: Кількість контрактників | F26: =IF(COUNTIF($C$10:$C19,"=K")=0,IF(COUNTIF($C$10:$C19,"=B")=0,"Очікую",0),COUNTIF($C$10:$C19,"=K")) | H26: Класний керівник | P26: ='Загальна'!P51
E27: Кількість соціального контингенту
E28: Вийшли на стипендію | F28: =IF(F25="Очікую","Очікую",IF(F25-COUNTIF($T$10:$T19," - ")<ROUNDDOWN(F25*0.4,0),F25-COUNTIF($T$10:$T19," - "),ROUNDDOWN(F25*0.4,0))) | H28: Завідувач відділення ПЗСО | P28: Margarita BRITIKOVA

Sheet Зведена G1
A1: S
C3: ВІДОКРЕМЛЕНИЙ СТРУКТУРНИЙ ПІДРОЗДІЛ «ФАХОВИЙ КОЛЕДЖ НАФТОГАЗОВИХ ТЕХНОЛОГІЙ, ІНЖЕНЕРІЇ ТА ІНФРАСТРУКТУРИ СЕРВІСУ ОДЕСЬКОГО НАЦІОНАЛЬНОГО ТЕХНОЛОГІЧНОГО УНІВЕРСИТЕТУ»
C4: ЗВЕДЕНА ВІДОМІСТЬ
C5: Успішності студентів спеціальності G1 ««Хімічні технології та інженерія»»
C6: За рік 2025-2026 н.р.
C7: Група 25-3 курс I
C8: Б/К | D8: № п/п | E8: Прізвище, ім’я, по батькові | F8: Підсумкові оцінки дисциплін | T8: Середній бал
F9: ='Загальна'!F9 | G9: ='Загальна'!G9 | H9: ='Загальна'!H9 | I9: ='Загальна'!I9 | J9: ='Загальна'!J9 | K9: ='Загальна'!K9 | L9: ='Загальна'!L9 | M9: ='Загальна'!M9 | ... S9: ='Загальна'!S9
C10: ='Загальна'!C13 | D10: 1 | E10: ='Загальна'!E13 | F10: ='Загальна'!F13 | G10: ='Загальна'!G13 | H10: ='Загальна'!H13 | I10: ='Загальна'!I13 | J10: ='Загальна'!J13 | K10: ='Загальна'!K13 | L10: ='Загальна'!L13 | ... S10: ='Загальна'!S13 | T10: =IF(COUNTIF($F10:S10,"=*")>0,IF($C10="K","-"," - "),IF(COUNTIF($F10:S10,"<4")>0,IF(C10="K","-"," - "),(IFERROR(AVERAGE($F10:S10),"Очікую"))))
C11: ='Загальна'!C14 | D11: 2 | E11: ='Загальна'!E14 | F11: ='Загальна'!F14 | G11: ='Загальна'!G14 | H11: ='Загальна'!H14 | I11: ='Загальна'!I14 | J11: ='Загальна'!J14 | K11: ='Загальна'!K14 | L11: ='Загальна'!L14 | ... S11: ='Загальна'!S14 | T11: =IF(COUNTIF($F11:S11,"=*")>0,IF($C11="K","-"," - "),IF(COUNTIF($F11:S11,"<4")>0,IF(C11="K","-"," - "),(IFERROR(AVERAGE($F11:S11),"Очікую"))))
C12: ='Загальна'!C18 | D12: 3 | E12: ='Загальна'!E18 | F12: ='Загальна'!F18 | G12: ='Загальна'!G18 | H12: ='Загальна'!H18 | I12: ='Загальна'!I18 | J12: ='Загальна'!J18 | K12: ='Загальна'!K18 | L12: ='Загальна'!L18 | ... S12: ='Загальна'!S18 | T12: =IF(COUNTIF($F12:S12,"=*")>0,IF($C12="K","-"," - "),IF(COUNTIF($F12:S12,"<4")>0,IF(C12="K","-"," - "),(IFERROR(AVERAGE($F12:S12),"Очікую"))))
C13: ='Загальна'!C21 | D13: 4 | E13: ='Загальна'!E21 | F13: ='Загальна'!F21 | G13: ='Загальна'!G21 | H13: ='Загальна'!H21 | I13: ='Загальна'!I21 | J13: ='Загальна'!J21 | K13: ='Загальна'!K21 | L13: ='Загальна'!L21 | ... S13: ='Загальна'!S21 | T13: =IF(COUNTIF($F13:S13,"=*")>0,IF($C13="K","-"," - "),IF(COUNTIF($F13:S13,"<4")>0,IF(C13="K","-"," - "),(IFERROR(AVERAGE($F13:S13),"Очікую"))))
C14: ='Загальна'!C26 | D14: 5 | E14: ='Загальна'!E26 | F14: ='Загальна'!F26 | G14: ='Загальна'!G26 | H14: ='Загальна'!H26 | I14: ='Загальна'!I26 | J14: ='Загальна'!J26 | K14: ='Загальна'!K26 | L14: ='Загальна'!L26 | ... S14: ='Загальна'!S26 | T14: =IF(COUNTIF($F14:S14,"=*")>0,IF($C14="K","-"," - "),IF(COUNTIF($F14:S14,"<4")>0,IF(C14="K","-"," - "),(IFERROR(AVERAGE($F14:S14),"Очікую"))))
C15: ='Загальна'!C32 | D15: 6 | E15: ='Загальна'!E32 | F15: ='Загальна'!F32 | G15: ='Загальна'!G32 | H15: ='Загальна'!H32 | I15: ='Загальна'!I32 | J15: ='Загальна'!J32 | K15: ='Загальна'!K32 | L15: ='Загальна'!L32 | ... S15: ='Загальна'!S32 | T15: =IF(COUNTIF($F15:S15,"=*")>0,IF($C15="K","-"," - "),IF(COUNTIF($F15:S15,"<4")>0,IF(C15="K","-"," - "),(IFERROR(AVERAGE($F15:S15),"Очікую"))))
C16: ='Загальна'!C36 | D16: 7 | E16: ='Загальна'!E36 | F16: ='Загальна'!F36 | G16: ='Загальна'!G36 | H16: ='Загальна'!H36 | I16: ='Загальна'!I36 | J16: ='Загальна'!J36 | K16: ='Загальна'!K36 | L16: ='Загальна'!L36 | ... S16: ='Загальна'!S36 | T16: =IF(COUNTIF($F16:S16,"=*")>0,IF($C16="K","-"," - "),IF(COUNTIF($F16:S16,"<4")>0,IF(C16="K","-"," - "),(IFERROR(AVERAGE($F16:S16),"Очікую"))))
C17: ='Загальна'!C42 | D17: 8 | E17: ='Загальна'!E42 | F17: ='Загальна'!F42 | G17: ='Загальна'!G42 | H17: ='Загальна'!H42 | I17: ='Загальна'!I42 | J17: ='Загальна'!J42 | K17: ='Загальна'!K42 | L17: ='Загальна'!L42 | ... S17: ='Загальна'!S42 | T17: =IF(COUNTIF($F17:S17,"=*")>0,IF($C17="K","-"," - "),IF(COUNTIF($F17:S17,"<4")>0,IF(C17="K","-"," - "),(IFERROR(AVERAGE($F17:S17),"Очікую"))))
E18: Середній бал успішності з дисципліни | F18: =IF(SUM(F$10:F17)=0,IF(COUNTA(F$10:F17)=0,"Очікую",0),SUM(F$10:F17)/$D17) | G18: =IF(SUM(G$10:G17)=0,IF(COUNTA(G$10:G17)=0,"Очікую",0),SUM(G$10:G17)/$D17) | H18: =IF(SUM(H$10:H17)=0,IF(COUNTA(H$10:H17)=0,"Очікую",0),SUM(H$10:H17)/$D17) | I18: =IF(SUM(I$10:I17)=0,IF(COUNTA(I$10:I17)=0,"Очікую",0),SUM(I$10:I17)/$D17) | J18: =IF(SUM(J$10:J17)=0,IF(COUNTA(J$10:J17)=0,"Очікую",0),SUM(J$10:J17)/$D17) | K18: =IF(SUM(K$10:K17)=0,IF(COUNTA(K$10:K17)=0,"Очікую",0),SUM(K$10:K17)/$D17) | L18: =IF(SUM(L$10:L17)=0,IF(COUNTA(L$10:L17)=0,"Очікую",0),SUM(L$10:L17)/$D17) | M18: =IF(SUM(M$10:M17)=0,IF(COUNTA(M$10:M17)=0,"Очікую",0),SUM(M$10:M17)/$D17) | ... S18: =IF(SUM(S$10:S17)=0,IF(COUNTA(S$10:S17)=0,"Очікую",0),SUM(S$10:S17)/$D17) | T18: =IFERROR(AVERAGE($F18:S18),"Очікую")
E19: Абсолютна успішність | F19: =IF(SUM(F$10:F17)=0,IF(COUNTA(F$10:F17)=0,"Очікую",0),IF(COUNTIF(F$10:F17,">=4")=0,0,COUNTIF(F$10:F17,">=4")/$D17*100)) | G19: =IF(SUM(G$10:G17)=0,IF(COUNTA(G$10:G17)=0,"Очікую",0),IF(COUNTIF(G$10:G17,">=4")=0,0,COUNTIF(G$10:G17,">=4")/$D17*100)) | H19: =IF(SUM(H$10:H17)=0,IF(COUNTA(H$10:H17)=0,"Очікую",0),IF(COUNTIF(H$10:H17,">=4")=0,0,COUNTIF(H$10:H17,">=4")/$D17*100)) | I19: =IF(SUM(I$10:I17)=0,IF(COUNTA(I$10:I17)=0,"Очікую",0),IF(COUNTIF(I$10:I17,">=4")=0,0,COUNTIF(I$10:I17,">=4")/$D17*100)) | J19: =IF(SUM(J$10:J17)=0,IF(COUNTA(J$10:J17)=0,"Очікую",0),IF(COUNTIF(J$10:J17,">=4")=0,0,COUNTIF(J$10:J17,">=4")/$D17*100)) | K19: =IF(SUM(K$10:K17)=0,IF(COUNTA(K$10:K17)=0,"Очікую",0),IF(COUNTIF(K$10:K17,">=4")=0,0,COUNTIF(K$10:K17,">=4")/$D17*100)) | L19: =IF(SUM(L$10:L17)=0,IF(COUNTA(L$10:L17)=0,"Очікую",0),IF(COUNTIF(L$10:L17,">=4")=0,0,COUNTIF(L$10:L17,">=4")/$D17*100)) | M19: =IF(SUM(M$10:M17)=0,IF(COUNTA(M$10:M17)=0,"Очікую",0),IF(COUNTIF(M$10:M17,">=4")=0,0,COUNTIF(M$10:M17,">=4")/$D17*100)) | ... S19: =IF(SUM(S$10:S17)=0,IF(COUNTA(S$10:S17)=0,"Очікую",0),IF(COUNTIF(S$10:S17,">=4")=0,0,COUNTIF(S$10:S17,">=4")/$D17*100))
E20: Якісна успішність | F20: =IF(SUM(F$10:F17)=0,IF(COUNTA(F$10:F17)=0,"Очікую",0),IF(COUNTIF(F$10:F17,">=7")=0,0,COUNTIF(F$10:F17,">=7")/$D17*100)) | G20: =IF(SUM(G$10:G17)=0,IF(COUNTA(G$10:G17)=0,"Очікую",0),IF(COUNTIF(G$10:G17,">=7")=0,0,COUNTIF(G$10:G17,">=7")/$D17*100)) | H20: =IF(SUM(H$10:H17)=0,IF(COUNTA(H$10:H17)=0,"Очікую",0),IF(COUNTIF(H$10:H17,">=7")=0,0,COUNTIF(H$10:H17,">=7")/$D17*100)) | I20: =IF(SUM(I$10:I17)=0,IF(COUNTA(I$10:I17)=0,"Очікую",0),IF(COUNTIF(I$10:I17,">=7")=0,0,COUNTIF(I$10:I17,">=7")/$D17*100)) | J20: =IF(SUM(J$10:J17)=0,IF(COUNTA(J$10:J17)=0,"Очікую",0),IF(COUNTIF(J$10:J17,">=7")=0,0,COUNTIF(J$10:J17,">=7")/$D17*100)) | K20: =IF(SUM(K$10:K17)=0,IF(COUNTA(K$10:K17)=0,"Очікую",0),IF(COUNTIF(K$10:K17,">=7")=0,0,COUNTIF(K$10:K17,">=7")/$D17*100)) | L20: =IF(SUM(L$10:L17)=0,IF(COUNTA(L$10:L17)=0,"Очікую",0),IF(COUNTIF(L$10:L17,">=7")=0,0,COUNTIF(L$10:L17,">=7")/$D17*100)) | M20: =IF(SUM(M$10:M17)=0,IF(COUNTA(M$10:M17)=0,"Очікую",0),IF(COUNTIF(M$10:M17,">=7")=0,0,COUNTIF(M$10:M17,">=7")/$D17*100)) | ... S20: =IF(SUM(S$10:S17)=0,IF(COUNTA(S$10:S17)=0,"Очікую",0),IF(COUNTIF(S$10:S17,">=7")=0,0,COUNTIF(S$10:S17,">=7")/$D17*100))
E21: Абсолютна успішність по групі | F21: =IFERROR(AVERAGE(F19:S19),"Очікую")
E22: Якісна успішність по групі | F22: =IFERROR(AVERAGE($F20:S20),"Очікую")
E23: Кількість бюджетників | F23: =IF(COUNTIF($C$10:$C17,"=B")=0,IF(COUNTIF($C$10:$C17,"=K")=0,"Очікую",0),COUNTIF($C$10:$C17,"=B"))
E24: Кількість контрактників | F24: =IF(COUNTIF($C$10:$C17,"=K")=0,IF(COUNTIF($C$10:$C17,"=B")=0,"Очікую",0),COUNTIF($C$10:$C17,"=K")) | H24: Класний керівник | P24: ='Загальна'!P51
E25: Кількість соціального контингенту
E26: Вийшли на стипендію | F26: =IF(F23="Очікую","Очікую",IF(F23-COUNTIF($T$10:$T17," - ")<ROUNDDOWN(F23*0.4,0),F23-COUNTIF($T$10:$T17," - "),ROUNDDOWN(F23*0.4,0))) | H26: Завідувач відділення ПЗСО | P26: Margarita BRITIKOVA

Sheet Зведена G7
A1: S
C3: ВІДОКРЕМЛЕНИЙ СТРУКТУРНИЙ ПІДРОЗДІЛ «ФАХОВИЙ КОЛЕДЖ НАФТОГАЗОВИХ ТЕХНОЛОГІЙ, ІНЖЕНЕРІЇ ТА ІНФРАСТРУКТУРИ СЕРВІСУ ОДЕСЬКОГО НАЦІОНАЛЬНОГО ТЕХНОЛОГІЧНОГО УНІВЕРСИТЕТУ»
C4: ЗВЕДЕНА ВІДОМІСТЬ
C5: Успішності студентів спеціальності G7 ««Автоматизація, комп'ютерно-інтегровані технології та робототехніка»»
C6: За рік 2025-2026 н.р.
C7: Група 25-3 курс I
C8: Б/К | D8: № п/п | E8: Прізвище, ім’я, по батькові | F8: Підсумкові оцінки дисциплін | T8: Середній бал
F9: ='Загальна'!F9 | G9: ='Загальна'!G9 | H9: ='Загальна'!H9 | I9: ='Загальна'!I9 | J9: ='Загальна'!J9 | K9: ='Загальна'!K9 | L9: ='Загальна'!L9 | M9: ='Загальна'!M9 | ... S9: ='Загальна'!S9
C10: ='Загальна'!C10 | D10: 1 | E10: ='Загальна'!E10 | F10: ='Загальна'!F10 | G10: ='Загальна'!G10 | H10: ='Загальна'!H10 | I10: ='Загальна'!I10 | J10: ='Загальна'!J10 | K10: ='Загальна'!K10 | L10: ='Загальна'!L10 | ... S10: ='Загальна'!S10 | T10: =IF(COUNTIF($F10:S10,"=*")>0,IF($C10="K","-"," - "),IF(COUNTIF($F10:S10,"<4")>0,IF(C10="K","-"," - "),(IFERROR(AVERAGE($F10:S10),"Очікую"))))
C11: ='Загальна'!C11 | D11: 2 | E11: ='Загальна'!E11 | F11: ='Загальна'!F11 | G11: ='Загальна'!G11 | H11: ='Загальна'!H11 | I11: ='Загальна'!I11 | J11: ='Загальна'!J11 | K11: ='Загальна'!K11 | L11: ='Загальна'!L11 | ... S11: ='Загальна'!S11 | T11: =IF(COUNTIF($F11:S11,"=*")>0,IF($C11="K","-"," - "),IF(COUNTIF($F11:S11,"<4")>0,IF(C11="K","-"," - "),(IFERROR(AVERAGE($F11:S11),"Очікую"))))
C12: ='Загальна'!C12 | D12: 3 | E12: ='Загальна'!E12 | F12: ='Загальна'!F12 | G12: ='Загальна'!G12 | H12: ='Загальна'!H12 | I12: ='Загальна'!I12 | J12: ='Загальна'!J12 | K12: ='Загальна'!K12 | L12: ='Загальна'!L12 | ... S12: ='Загальна'!S12 | T12: =IF(COUNTIF($F12:S12,"=*")>0,IF($C12="K","-"," - "),IF(COUNTIF($F12:S12,"<4")>0,IF(C12="K","-"," - "),(IFERROR(AVERAGE($F12:S12),"Очікую"))))
C13: ='Загальна'!C17 | D13: 4 | E13: ='Загальна'!E17 | F13: ='Загальна'!F17 | G13: ='Загальна'!G17 | H13: ='Загальна'!H17 | I13: ='Загальна'!I17 | J13: ='Загальна'!J17 | K13: ='Загальна'!K17 | L13: ='Загальна'!L17 | ... S13: ='Загальна'!S17 | T13: =IF(COUNTIF($F13:S13,"=*")>0,IF($C13="K","-"," - "),IF(COUNTIF($F13:S13,"<4")>0,IF(C13="K","-"," - "),(IFERROR(AVERAGE($F13:S13),"Очікую"))))
C14: ='Загальна'!C23 | D14: 5 | E14: ='Загальна'!E23 | F14: ='Загальна'!F23 | G14: ='Загальна'!G23 | H14: ='Загальна'!H23 | I14: ='Загальна'!I23 | J14: ='Загальна'!J23 | K14: ='Загальна'!K23 | L14: ='Загальна'!L23 | ... S14: ='Загальна'!S23 | T14: =IF(COUNTIF($F14:S14,"=*")>0,IF($C14="K","-"," - "),IF(COUNTIF($F14:S14,"<4")>0,IF(C14="K","-"," - "),(IFERROR(AVERAGE($F14:S14),"Очікую"))))
C15: ='Загальна'!C27 | D15: 6 | E15: ='Загальна'!E27 | F15: ='Загальна'!F27 | G15: ='Загальна'!G27 | H15: ='Загальна'!H27 | I15: ='Загальна'!I27 | J15: ='Загальна'!J27 | K15: ='Загальна'!K27 | L15: ='Загальна'!L27 | ... S15: ='Загальна'!S27 | T15: =IF(COUNTIF($F15:S15,"=*")>0,IF($C15="K","-"," - "),IF(COUNTIF($F15:S15,"<4")>0,IF(C15="K","-"," - "),(IFERROR(AVERAGE($F15:S15),"Очікую"))))
C16: ='Загальна'!C28 | D16: 7 | E16: ='Загальна'!E28 | F16: ='Загальна'!F28 | G16: ='Загальна'!G28 | H16: ='Загальна'!H28 | I16: ='Загальна'!I28 | J16: ='Загальна'!J28 | K16: ='Загальна'!K28 | L16: ='Загальна'!L28 | ... S16: ='Загальна'!S28 | T16: =IF(COUNTIF($F16:S16,"=*")>0,IF($C16="K","-"," - "),IF(COUNTIF($F16:S16,"<4")>0,IF(C16="K","-"," - "),(IFERROR(AVERAGE($F16:S16),"Очікую"))))
C17: ='Загальна'!C31 | D17: 8 | E17: ='Загальна'!E31 | F17: ='Загальна'!F31 | G17: ='Загальна'!G31 | H17: ='Загальна'!H31 | I17: ='Загальна'!I31 | J17: ='Загальна'!J31 | K17: ='Загальна'!K31 | L17: ='Загальна'!L31 | ... S17: ='Загальна'!S31 | T17: =IF(COUNTIF($F17:S17,"=*")>0,IF($C17="K","-"," - "),IF(COUNTIF($F17:S17,"<4")>0,IF(C17="K","-"," - "),(IFERROR(AVERAGE($F17:S17),"Очікую"))))
C18: ='Загальна'!C33 | D18: 9 | E18: ='Загальна'!E33 | F18: ='Загальна'!F33 | G18: ='Загальна'!G33 | H18: ='Загальна'!H33 | I18: ='Загальна'!I33 | J18: ='Загальна'!J33 | K18: ='Загальна'!K33 | L18: ='Загальна'!L33 | ... S18: ='Загальна'!S33 | T18: =IF(COUNTIF($F18:S18,"=*")>0,IF($C18="K","-"," - "),IF(COUNTIF($F18:S18,"<4")>0,IF(C18="K","-"," - "),(IFERROR(AVERAGE($F18:S18),"Очікую"))))
C19: ='Загальна'!C34 | D19: 10 | E19: ='Загальна'!E34 | F19: ='Загальна'!F34 | G19: ='Загальна'!G34 | H19: ='Загальна'!H34 | I19: ='Загальна'!I34 | J19: ='Загальна'!J34 | K19: ='Загальна'!K34 | L19: ='Загальна'!L34 | ... S19: ='Загальна'!S34 | T19: =IF(COUNTIF($F19:S19,"=*")>0,IF($C19="K","-"," - "),IF(COUNTIF($F19:S19,"<4")>0,IF(C19="K","-"," - "),(IFERROR(AVERAGE($F19:S19),"Очікую"))))
C20: ='Загальна'!C35 | D20: 11 | E20: ='Загальна'!E35 | F20: ='Загальна'!F35 | G20: ='Загальна'!G35 | H20: ='Загальна'!H35 | I20: ='Загальна'!I35 | J20: ='Загальна'!J35 | K20: ='Загальна'!K35 | L20: ='Загальна'!L35 | ... S20: ='Загальна'!S35 | T20: =IF(COUNTIF($F20:S20,"=*")>0,IF($C20="K","-"," - "),IF(COUNTIF($F20:S20,"<4")>0,IF(C20="K","-"," - "),(IFERROR(AVERAGE($F20:S20),"Очікую"))))
C21: ='Загальна'!C37 | D21: 12 | E21: ='Загальна'!E37 | F21: ='Загальна'!F37 | G21: ='Загальна'!G37 | H21: ='Загальна'!H37 | I21: ='Загальна'!I37 | J21: ='Загальна'!J37 | K21: ='Загальна'!K37 | L21: ='Загальна'!L37 | ... S21: ='Загальна'!S37 | T21: =IF(COUNTIF($F21:S21,"=*")>0,IF($C21="K","-"," - "),IF(COUNTIF($F21:S21,"<4")>0,IF(C21="K","-"," - "),(IFERROR(AVERAGE($F21:S21),"Очікую"))))
C22: ='Загальна'!C38 | D22: 13 | E22: ='Загальна'!E38 | F22: ='Загальна'!F38 | G22: ='Загальна'!G38 | H22: ='Загальна'!H38 | I22: ='Загальна'!I38 | J22: ='Загальна'!J38 | K22: ='Загальна'!K38 | L22: ='Загальна'!L38 | ... S22: ='Загальна'!S38 | T22: =IF(COUNTIF($F22:S22,"=*")>0,IF($C22="K","-"," - "),IF(COUNTIF($F22:S22,"<4")>0,IF(C22="K","-"," - "),(IFERROR(AVERAGE($F22:S22),"Очікую"))))
C23: ='Загальна'!C40 | D23: 14 | E23: ='Загальна'!E40 | F23: ='Загальна'!F40 | G23: ='Загальна'!G40 | H23: ='Загальна'!H40 | I23: ='Загальна'!I40 | J23: ='Загальна'!J40 | K23: ='Загальна'!K40 | L23: ='Загальна'!L40 | ... S23: ='Загальна'!S40 | T23: =IF(COUNTIF($F23:S23,"=*")>0,IF($C23="K","-"," - "),IF(COUNTIF($F23:S23,"<4")>0,IF(C23="K","-"," - "),(IFERROR(AVERAGE($F23:S23),"Очікую"))))
C24: ='Загальна'!C41 | D24: 15 | E24: ='Загальна'!E41 | F24: ='Загальна'!F41 | G24: ='Загальна'!G41 | H24: ='Загальна'!H41 | I24: ='Загальна'!I41 | J24: ='Загальна'!J41 | K24: ='Загальна'!K41 | L24: ='Загальна'!L41 | ... S24: ='Загальна'!S41 | T24: =IF(COUNTIF($F24:S24,"=*")>0,IF($C24="K","-"," - "),IF(COUNTIF($F24:S24,"<4")>0,IF(C24="K","-"," - "),(IFERROR(AVERAGE($F24:S24),"Очікую"))))
C25: ='Загальна'!C43 | D25: 16 | E25: ='Загальна'!E43 | F25: ='Загальна'!F43 | G25: ='Загальна'!G43 | H25: ='Загальна'!H43 | I25: ='Загальна'!I43 | J25: ='Загальна'!J43 | K25: ='Загальна'!K43 | L25: ='Загальна'!L43 | ... S25: ='Загальна'!S43 | T25: =IF(COUNTIF($F25:S25,"=*")>0,IF($C25="K","-"," - "),IF(COUNTIF($F25:S25,"<4")>0,IF(C25="K","-"," - "),(IFERROR(AVERAGE($F25:S25),"Очікую"))))
C26: ='Загальна'!C44 | D26: 17 | E26: ='Загальна'!E44 | F26: ='Загальна'!F44 | G26: ='Загальна'!G44 | H26: ='Загальна'!H44 | I26: ='Загальна'!I44 | J26: ='Загальна'!J44 | K26: ='Загальна'!K44 | L26: ='Загальна'!L44 | ... S26: ='Загальна'!S44 | T26: =IF(COUNTIF($F26:S26,"=*")>0,IF($C26="K","-"," - "),IF(COUNTIF($F26:S26,"<4")>0,IF(C26="K","-"," - "),(IFERROR(AVERAGE($F26:S26),"Очікую"))))
E27: Середній бал успішності з дисципліни | F27: =IF(SUM(F$10:F26)=0,IF(COUNTA(F$10:F26)=0,"Очікую",0),SUM(F$10:F26)/$D26) | G27: =IF(SUM(G$10:G26)=0,IF(COUNTA(G$10:G26)=0,"Очікую",0),SUM(G$10:G26)/$D26) | H27: =IF(SUM(H$10:H26)=0,IF(COUNTA(H$10:H26)=0,"Очікую",0),SUM(H$10:H26)/$D26) | I27: =IF(SUM(I$10:I26)=0,IF(COUNTA(I$10:I26)=0,"Очікую",0),SUM(I$10:I26)/$D26) | J27: =IF(SUM(J$10:J26)=0,IF(COUNTA(J$10:J26)=0,"Очікую",0),SUM(J$10:J26)/$D26) | K27: =IF(SUM(K$10:K26)=0,IF(COUNTA(K$10:K26)=0,"Очікую",0),SUM(K$10:K26)/$D26) | L27: =IF(SUM(L$10:L26)=0,IF(COUNTA(L$10:L26)=0,"Очікую",0),SUM(L$10:L26)/$D26) | M27: =IF(SUM(M$10:M26)=0,IF(COUNTA(M$10:M26)=0,"Очікую",0),SUM(M$10:M26)/$D26) | ... S27: =IF(SUM(S$10:S26)=0,IF(COUNTA(S$10:S26)=0,"Очікую",0),SUM(S$10:S26)/$D26) | T27: =IFERROR(AVERAGE($F27:S27),"Очікую")
E28: Абсолютна успішність | F28: =IF(SUM(F$10:F26)=0,IF(COUNTA(F$10:F26)=0,"Очікую",0),IF(COUNTIF(F$10:F26,">=4")=0,0,COUNTIF(F$10:F26,">=4")/$D26*100)) | G28: =IF(SUM(G$10:G26)=0,IF(COUNTA(G$10:G26)=0,"Очікую",0),IF(COUNTIF(G$10:G26,">=4")=0,0,COUNTIF(G$10:G26,">=4")/$D26*100)) | H28: =IF(SUM(H$10:H26)=0,IF(COUNTA(H$10:H26)=0,"Очікую",0),IF(COUNTIF(H$10:H26,">=4")=0,0,COUNTIF(H$10:H26,">=4")/$D26*100)) | I28: =IF(SUM(I$10:I26)=0,IF(COUNTA(I$10:I26)=0,"Очікую",0),IF(COUNTIF(I$10:I26,">=4")=0,0,COUNTIF(I$10:I26,">=4")/$D26*100)) | J28: =IF(SUM(J$10:J26)=0,IF(COUNTA(J$10:J26)=0,"Очікую",0),IF(COUNTIF(J$10:J26,">=4")=0,0,COUNTIF(J$10:J26,">=4")/$D26*100)) | K28: =IF(SUM(K$10:K26)=0,IF(COUNTA(K$10:K26)=0,"Очікую",0),IF(COUNTIF(K$10:K26,">=4")=0,0,COUNTIF(K$10:K26,">=4")/$D26*100)) | L28: =IF(SUM(L$10:L26)=0,IF(COUNTA(L$10:L26)=0,"Очікую",0),IF(COUNTIF(L$10:L26,">=4")=0,0,COUNTIF(L$10:L26,">=4")/$D26*100)) | M28: =IF(SUM(M$10:M26)=0,IF(COUNTA(M$10:M26)=0,"Очікую",0),IF(COUNTIF(M$10:M26,">=4")=0,0,COUNTIF(M$10:M26,">=4")/$D26*100)) | ... S28: =IF(SUM(S$10:S26)=0,IF(COUNTA(S$10:S26)=0,"Очікую",0),IF(COUNTIF(S$10:S26,">=4")=0,0,COUNTIF(S$10:S26,">=4")/$D26*100))
E29: Якісна успішність | F29: =IF(SUM(F$10:F26)=0,IF(COUNTA(F$10:F26)=0,"Очікую",0),IF(COUNTIF(F$10:F26,">=7")=0,0,COUNTIF(F$10:F26,">=7")/$D26*100)) | G29: =IF(SUM(G$10:G26)=0,IF(COUNTA(G$10:G26)=0,"Очікую",0),IF(COUNTIF(G$10:G26,">=7")=0,0,COUNTIF(G$10:G26,">=7")/$D26*100)) | H29: =IF(SUM(H$10:H26)=0,IF(COUNTA(H$10:H26)=0,"Очікую",0),IF(COUNTIF(H$10:H26,">=7")=0,0,COUNTIF(H$10:H26,">=7")/$D26*100)) | I29: =IF(SUM(I$10:I26)=0,IF(COUNTA(I$10:I26)=0,"Очікую",0),IF(COUNTIF(I$10:I26,">=7")=0,0,COUNTIF(I$10:I26,">=7")/$D26*100)) | J29: =IF(SUM(J$10:J26)=0,IF(COUNTA(J$10:J26)=0,"Очікую",0),IF(COUNTIF(J$10:J26,">=7")=0,0,COUNTIF(J$10:J26,">=7")/$D26*100)) | K29: =IF(SUM(K$10:K26)=0,IF(COUNTA(K$10:K26)=0,"Очікую",0),IF(COUNTIF(K$10:K26,">=7")=0,0,COUNTIF(K$10:K26,">=7")/$D26*100)) | L29: =IF(SUM(L$10:L26)=0,IF(COUNTA(L$10:L26)=0,"Очікую",0),IF(COUNTIF(L$10:L26,">=7")=0,0,COUNTIF(L$10:L26,">=7")/$D26*100)) | M29: =IF(SUM(M$10:M26)=0,IF(COUNTA(M$10:M26)=0,"Очікую",0),IF(COUNTIF(M$10:M26,">=7")=0,0,COUNTIF(M$10:M26,">=7")/$D26*100)) | ... S29: =IF(SUM(S$10:S26)=0,IF(COUNTA(S$10:S26)=0,"Очікую",0),IF(COUNTIF(S$10:S26,">=7")=0,0,COUNTIF(S$10:S26,">=7")/$D26*100))
E30: Абсолютна успішність по групі | F30: =IFERROR(AVERAGE(F28:S28),"Очікую")
E31: Якісна успішність по групі | F31: =IFERROR(AVERAGE($F29:S29),"Очікую")
E32: Кількість бюджетників | F32: =IF(COUNTIF($C$10:$C26,"=B")=0,IF(COUNTIF($C$10:$C26,"=K")=0,"Очікую",0),COUNTIF($C$10:$C26,"=B"))
E33: Кількість контрактників | F33: =IF(COUNTIF($C$10:$C26,"=K")=0,IF(COUNTIF($C$10:$C26,"=B")=0,"Очікую",0),COUNTIF($C$10:$C26,"=K")) | H33: Класний керівник | P33: ='Загальна'!P51
E34: Кількість соціального контингенту
E35: Вийшли на стипендію | F35: =IF(F32="Очікую","Очікую",IF(F32-COUNTIF($T$10:$T26," - ")<ROUNDDOWN(F32*0.4,0),F32-COUNTIF($T$10:$T26," - "),ROUNDDOWN(F32*0.4,0))) | H35: Завідувач відділення ПЗСО | P35: Margarita BRITIKOVA
