Workbook
Name A1048577: #REF!
Name A1048577: #REF!
Name A1048577: #REF!
Name A1048577: #REF!
Name A1048577: #REF!
Name A1048577: #REF!
Name A1048577: #REF!
Name A1048577: #REF!
Name Ф80: #REF!
Name Ф80: #REF!
Name Ф80: #REF!
Name Ф80: #REF!
Name Ф80: #REF!
Name Ф80: #REF!
Name Ф80: #REF!
Name Ф80: #REF!

Sheet Зведена 101
C3: ВІДОКРЕМЛЕНИЙ СТРУКТУРНИЙ ПІДРОЗДІЛ «ФАХОВИЙ КОЛЕДЖ НАФТОГАЗОВИХ ТЕХНОЛОГІЙ, ІНЖЕНЕРІЇ ТА ІНФРАСТРУКТУРИ СЕРВІСУ
C4: ОДЕСЬКОГО НАЦІОНАЛЬНОГО ТЕХНОЛОГІЧНОГО УНІВЕРСИТЕТУ»
C5: ЗВЕДЕНА ВІДОМІСТЬ
C6: Успішності студентів спеціальності 101 «Екологія»
C7: За ІI семестр 2023-2024 н.р.
C8: Група 23-5 курс І
C9: Б/К | D9: № п/п | E9: Прізвище, ім’я, по батькові | F9: Підсумкові оцінки дисциплін
F10: Астрономія Наговська Т.С. | G10: Біологія Богданенко О.В. | H10: Всесвітня історія Мельничук С.А. | I10: Географія Наговська Т.С. | J10: Зарубіжна література Сербулова Ю.А. | K10: Захист України Лазар В.І. | L10: Іноземна мова Сербулова Ю.А. | M10: Інформатика Вівдіч М.І. | N10: Історія України Левчук Т.Г. | O10: Математика Земляна Т.М. | P10: Українська література Юрченко О.Б. | Q10: Українська мова Юрченко О.Б. | R10: Фізика Калюта Н.М. | S10: Фізична культура Галеніна І.С. | T10: Хімія Леонова Д.І. | U10: Середній бал
C11: Б | D11: 1 | E11: Бакшлян Віолетта Вячеславівна | F11: 9 | G11: 6 | H11: 8 | I11: 8 | J11: 10 | K11: 8 | L11: 9 | M11: 10 | N11: 8 | O11: 8 | P11: 5 | Q11: 5 | R11: 4 | S11: 6 | T11: 5 | U11: =IF(COUNTIF(F11:T11,"=*")>0,"-",IF(COUNTIF(F11:T11,"<4")>0,"-",(IFERROR(AVERAGE(F11:T11),"")))) -> 7.2666667
C12: Б | D12: 2 | E12: Бевз Денис Валерійович | F12: 7 | G12: 5 | H12: 6 | I12: 8 | J12: 9 | K12: 4 | L12: 8 | M12: 4 | N12: н/а | O12: 4 | P12: 4 | Q12: 4 | R12: 4 | S12: 7 | T12: 4 | U12: =IF(COUNTIF(F12:T12,"=*")>0,"-",IF(COUNTIF(F12:T12,"<4")>0,"-",(IFERROR(AVERAGE(F12:T12),"")))) -> -
C13: Б | D13: 3 | E13: Білецька Анна Євгенівна | F13: 10 | G13: 9 | H13: 9 | I13: 10 | J13: 10 | K13: 8 | L13: 10 | M13: 10 | N13: 7 | O13: 9 | P13: 8 | Q13: 8 | R13: 7 | S13: 9 | T13: 8 | U13: =IF(COUNTIF(F13:T13,"=*")>0,"-",IF(COUNTIF(F13:T13,"<4")>0,"-",(IFERROR(AVERAGE(F13:T13),"")))) -> 8.8
C14: Б | D14: 4 | E14: Валєнієкс Анна Ріхардівна | F14: 8 | G14: 9 | H14: 8 | I14: 8 | J14: 8 | K14: 5 | L14: 7 | M14: 5 | N14: н/а | O14: н/а | P14: 4 | Q14: 4 | R14: 2 | S14: 6 | T14: 4 | U14: =IF(COUNTIF(F14:T14,"=*")>0,"-",IF(COUNTIF(F14:T14,"<4")>0,"-",(IFERROR(AVERAGE(F14:T14),"")))) -> -
C15: Б | D15: 5 | E15: Жикол Дар`я Сергіївна | F15: 9 | G15: 8 | H15: 8 | I15: 9 | J15: 10 | K15: 7 | L15: 9 | M15: 9 | N15: 7 | O15: 5 | P15: 9 | Q15: 8 | R15: 6 | S15: 8 | T15: 4 | U15: =IF(COUNTIF(F15:T15,"=*")>0,"-",IF(COUNTIF(F15:T15,"<4")>0,"-",(IFERROR(AVERAGE(F15:T15),"")))) -> 7.7333333
C16: Б | D16: 6 | E16: Кірчева Вікторія Олександрівна | F16: 9 | G16: 7 | H16: 8 | I16: 8 | J16: 9 | K16: н/а | L16: 9 | M16: 4 | N16: 5 | O16: 4 | P16: 4 | Q16: 6 | R16: н/а | S16: 9 | T16: 4 | U16: =IF(COUNTIF(F16:T16,"=*")>0,"-",IF(COUNTIF(F16:T16,"<4")>0,"-",(IFERROR(AVERAGE(F16:T16),"")))) -> -
C17: К | D17: 7 | E17: Мельникова Ірина Юріївна | F17: 8 | G17: 8 | H17: 8 | I17: 8 | J17: 6 | K17: 4 | L17: 7 | M17: 4 | N17: 7 | O17: 4 | P17: 6 | Q17: 6 | R17: 4 | S17: 10 | T17: 5 | U17: =AVERAGE(F17:T17) -> 6.3333333
C18: Б | D18: 8 | E18: Огороднік Маргарита Ігорівна | F18: 10 | G18: 10 | H18: 8 | I18: 10 | J18: 10 | K18: 9 | L18: 10 | M18: 9 | N18: 8 | O18: 5 | P18: 10 | Q18: 9 | R18: 6 | S18: 9 | T18: 8 | U18: =AVERAGE(F18:T18) -> 8.7333333
C19: Б | D19: 9 | E19: Сізова Катерина Віталіївна | F19: 8 | G19: 7 | H19: 9 | I19: 9 | J19: 10 | K19: 4 | L19: 10 | M19: 9 | N19: 7 | O19: 6 | P19: 6 | Q19: 5 | R19: 6 | S19: 7 | T19: 4 | U19: =IF(COUNTIF(F19:T19,"=*")>0,"-",IF(COUNTIF(F19:T19,"<4")>0,"-",(IFERROR(AVERAGE(F19:T19),"")))) -> 7.1333333
C20: К | D20: 10 | E20: Стефанович Андрій Олександрович | F20: 9 | G20: 10 | H20: 9 | I20: 10 | J20: 10 | K20: 9 | L20: 10 | M20: 10 | N20: 8 | O20: 9 | P20: 9 | Q20: 9 | R20: 9 | S20: 10 | T20: 7 | U20: =IF(COUNTIF(F20:T20,"=*")>0,"-",IF(COUNTIF(F20:T20,"<4")>0,"-",(IFERROR(AVERAGE(F20:T20),"")))) -> 9.2
C21: Б | D21: 11 | E21: Щетина Діана Станіславівна | F21: 8 | G21: 8 | H21: 8 | I21: 8 | J21: 10 | K21: 8 | L21: 10 | M21: 5 | N21: 6 | O21: 4 | P21: 4 | Q21: 4 | R21: 4 | S21: 9 | T21: 10 | U21: =IF(COUNTIF(F21:T21,"=*")>0,"-",IF(COUNTIF(F21:T21,"<4")>0,"-",(IFERROR(AVERAGE(F21:T21),"")))) -> 7.0666667
C22: Б | D22: 12 | E22: Яковенко Артем Сергійович | F22: 9 | G22: 9 | H22: 10 | I22: 11 | J22: 10 | K22: 9 | L22: 10 | M22: 7 | N22: 7 | O22: 4 | P22: 8 | Q22: 7 | R22: 7 | S22: 10 | T22: 8 | U22: =IF(COUNTIF(F22:T22,"=*")>0,"-",IF(COUNTIF(F22:T22,"<4")>0,"-",(IFERROR(AVERAGE(F22:T22),"")))) -> 8.4
E23: Середній бал успішності з дисципліни | F23: =IF(SUM(F11:F22)=0,"",SUM(F11:F22)/$D22) -> 8.6666667 | G23: =IF(SUM(G11:G22)=0,"",SUM(G11:G22)/$D22) -> 8 | H23: =IF(SUM(H11:H22)=0,"",SUM(H11:H22)/$D22) -> 8.25 | I23: =IF(SUM(I11:I22)=0,"",SUM(I11:I22)/$D22) -> 8.9166667 | J23: =IF(SUM(J11:J22)=0,"",SUM(J11:J22)/$D22) -> 9.3333333 | K23: =IF(SUM(K11:K22)=0,"",SUM(K11:K22)/$D22) -> 6.25 | L23: =IF(SUM(L11:L22)=0,"",SUM(L11:L22)/$D22) -> 9.0833333 | M23: =IF(SUM(M11:M22)=0,"",SUM(M11:M22)/$D22) -> 7.1666667 | ... T23: =IF(SUM(T11:T22)=0,"",SUM(T11:T22)/$D22) -> 5.9166667 | U23: =IFERROR(AVERAGE(F23:T23),"") -> 7.2333333
E24: Абсолютна успішність | F24: =IF(SUM(F11:F22)=0,"",IF(COUNTIF(F11:F22,">=4")=0,0,COUNTIF(F11:F22,">=4")/$D22*100)) -> 100 | G24: =IF(SUM(G11:G22)=0,"",IF(COUNTIF(G11:G22,">=4")=0,0,COUNTIF(G11:G22,">=4")/$D22*100)) -> 100 | H24: =IF(SUM(H11:H22)=0,"",IF(COUNTIF(H11:H22,">=4")=0,0,COUNTIF(H11:H22,">=4")/$D22*100)) -> 100 | I24: =IF(SUM(I11:I22)=0,"",IF(COUNTIF(I11:I22,">=4")=0,0,COUNTIF(I11:I22,">=4")/$D22*100)) -> 100 | J24: =IF(SUM(J11:J22)=0,"",IF(COUNTIF(J11:J22,">=4")=0,0,COUNTIF(J11:J22,">=4")/$D22*100)) -> 100 | K24: =IF(SUM(K11:K22)=0,"",IF(COUNTIF(K11:K22,">=4")=0,0,COUNTIF(K11:K22,">=4")/$D22*100)) -> 91.666667 | L24: =IF(SUM(L11:L22)=0,"",IF(COUNTIF(L11:L22,">=4")=0,0,COUNTIF(L11:L22,">=4")/$D22*100)) -> 100 | M24: =IF(SUM(M11:M22)=0,"",IF(COUNTIF(M11:M22,">=4")=0,0,COUNTIF(M11:M22,">=4")/$D22*100)) -> 100 | ... T24: =IF(SUM(T11:T22)=0,"",IF(COUNTIF(T11:T22,">=4")=0,0,COUNTIF(T11:T22,">=4")/$D22*100)) -> 100
E25: Якісна успішність | F25: =IF(SUM(F11:F22)=0,"",IF(COUNTIF(F11:F22,">=7")=0,0,COUNTIF(F11:F22,">=7")/$D22*100)) -> 100 | G25: =IF(SUM(G11:G22)=0,"",IF(COUNTIF(G11:G22,">=7")=0,0,COUNTIF(G11:G22,">=7")/$D22*100)) -> 83.333333 | H25: =IF(SUM(H11:H22)=0,"",IF(COUNTIF(H11:H22,">=7")=0,0,COUNTIF(H11:H22,">=7")/$D22*100)) -> 91.666667 | I25: =IF(SUM(I11:I22)=0,"",IF(COUNTIF(I11:I22,">=7")=0,0,COUNTIF(I11:I22,">=7")/$D22*100)) -> 100 | J25: =IF(SUM(J11:J22)=0,"",IF(COUNTIF(J11:J22,">=7")=0,0,COUNTIF(J11:J22,">=7")/$D22*100)) -> 91.666667 | K25: =IF(SUM(K11:K22)=0,"",IF(COUNTIF(K11:K22,">=7")=0,0,COUNTIF(K11:K22,">=7")/$D22*100)) -> 58.333333 | L25: =IF(SUM(L11:L22)=0,"",IF(COUNTIF(L11:L22,">=7")=0,0,COUNTIF(L11:L22,">=7")/$D22*100)) -> 100 | M25: =IF(SUM(M11:M22)=0,"",IF(COUNTIF(M11:M22,">=7")=0,0,COUNTIF(M11:M22,">=7")/$D22*100)) -> 58.333333 | ... T25: =IF(SUM(T11:T22)=0,"",IF(COUNTIF(T11:T22,">=7")=0,0,COUNTIF(T11:T22,">=7")/$D22*100)) -> 41.666667
E26: Абсолютна успішність по групі | F26: =IFERROR(AVERAGE(F24:T24),"") -> 96.666667
E27: Якісна успішність по групі | F27: =IFERROR(AVERAGE(F25:T25),"") -> 67.222222
E28: Кількість бюджетників | F28: =IF(COUNTIF(C11:C22,"=Б")=0,IF(COUNTIF(C11:C22,"=К")=0,"",0),COUNTIF(C11:C22,"=Б")) -> 10
E29: Кількість контрактників | F29: =IF(COUNTIF(C11:C22,"=К")=0,IF(COUNTIF(C11:C22,"=Б")=0,"",0),COUNTIF(C11:C22,"=К")) -> 2 | I29: Класний керівник | P29: Юлія СЕРБУЛОВА
E30: Кількість соціального контингенту | F30: 2
E31: Вийшли на стипендію | F31: 4 | I31: Завідувач відділення ПЗСО | P31: Маргарита БРІТІКОВА

Sheet Рейтингова відомість 101
C3: ВІДОКРЕМЛЕНИЙ СТРУКТУРНИЙ ПІДРОЗДІЛ «ФАХОВИЙ КОЛЕДЖ НАФТОГАЗОВИХ ТЕХНОЛОГІЙ, ІНЖЕНЕРІЇ ТА ІНФРАСТРУКТУРИ СЕРВІСУ
C4: ОДЕСЬКОГО НАЦІОНАЛЬНОГО ТЕХНОЛОГІЧНОГО УНІВЕРСИТЕТУ»
C5: РЕЙТИНГОВА ВІДОМІСТЬ
C6: Успішності студентів спеціальності 101 «Екологія»
C7: За ІI семестр 2023-2024 н.р.
C8: Група 23-5 курс І
C9: Б/К | D9: № п/п | E9: Прізвище, ім’я, по батькові | F9: Підсумкові оцінки дисциплін
F10: Астрономія Наговська Т.С. | G10: Біологія Богданенко О.В. | H10: Всесвітня історія Мельничук С.А. | I10: Географія Наговська Т.С. | J10: Зарубіжна література Сербулова Ю.А. | K10: Захист України Лазар В.І. | L10: Іноземна мова Сербулова Ю.А. | M10: Інформатика Вівдіч М.І. | N10: Історія України Левчук Т.Г. | O10: Математика Земляна Т.М. | P10: Українська література Юрченко О.Б. | Q10: Українська мова Юрченко О.Б. | R10: Фізика Калюта Н.М. | S10: Фізична культура Галеніна І.С. | T10: Хімія Леонова Д.І. | U10: Середній бал | V10: Рейтинговий бал
C11: Б | D11: 1 | E11: Білецька Анна Євгенівна | F11: 10 | G11: 9 | H11: 9 | I11: 10 | J11: 10 | K11: 8 | L11: 10 | M11: 10 | N11: 7 | O11: 9 | P11: 8 | Q11: 8 | R11: 7 | S11: 9 | T11: 8 | U11: =IF(COUNTIF(F11:T11,"=*")>0,"-",IF(COUNTIF(F11:T11,"<4")>0,"-",(IFERROR(AVERAGE(F11:T11),"")))) -> 8.8 | V11: =U11/12*90 -> 66
C12: Б | D12: 2 | E12: Огороднік Маргарита Ігорівна | F12: 10 | G12: 10 | H12: 8 | I12: 10 | J12: 10 | K12: 9 | L12: 10 | M12: 9 | N12: 8 | O12: 5 | P12: 10 | Q12: 9 | R12: 6 | S12: 9 | T12: 8 | U12: =IF(COUNTIF(F12:T12,"=*")>0,"-",IF(COUNTIF(F12:T12,"<4")>0,"-",(IFERROR(AVERAGE(F12:T12),"")))) -> 8.7333333 | V12: =U12/12*90 -> 65.5
C13: Б | D13: 3 | E13: Яковенко Артем Сергійович | F13: 9 | G13: 9 | H13: 10 | I13: 11 | J13: 10 | K13: 9 | L13: 10 | M13: 7 | N13: 7 | O13: 4 | P13: 8 | Q13: 7 | R13: 7 | S13: 10 | T13: 8 | U13: =IF(COUNTIF(F13:T13,"=*")>0,"-",IF(COUNTIF(F13:T13,"<4")>0,"-",(IFERROR(AVERAGE(F13:T13),"")))) -> 8.4 | V13: =U13/12*90 -> 63
C14: Б | D14: 4 | E14: Жикол Дар`я Сергіївна | F14: 9 | G14: 8 | H14: 8 | I14: 9 | J14: 10 | K14: 7 | L14: 9 | M14: 9 | N14: 7 | O14: 5 | P14: 9 | Q14: 8 | R14: 6 | S14: 8 | T14: 4 | U14: =IF(COUNTIF(F14:T14,"=*")>0,"-",IF(COUNTIF(F14:T14,"<4")>0,"-",(IFERROR(AVERAGE(F14:T14),"")))) -> 7.7333333 | V14: =U14/12*90 -> 58
C15: Б | D15: 5 | E15: Бакшлян Віолетта Вячеславівна | F15: 9 | G15: 6 | H15: 8 | I15: 8 | J15: 10 | K15: 8 | L15: 9 | M15: 10 | N15: 8 | O15: 8 | P15: 5 | Q15: 5 | R15: 4 | S15: 6 | T15: 5 | U15: =IF(COUNTIF(F15:T15,"=*")>0,"-",IF(COUNTIF(F15:T15,"<4")>0,"-",(IFERROR(AVERAGE(F15:T15),"")))) -> 7.2666667 | V15: =U15/12*90 -> 54.5
C16: Б | D16: 6 | E16: Сізова Катерина Віталіївна | F16: 8 | G16: 7 | H16: 9 | I16: 9 | J16: 10 | K16: 4 | L16: 10 | M16: 9 | N16: 7 | O16: 6 | P16: 6 | Q16: 5 | R16: 6 | S16: 7 | T16: 4 | U16: =IF(COUNTIF(F16:T16,"=*")>0,"-",IF(COUNTIF(F16:T16,"<4")>0,"-",(IFERROR(AVERAGE(F16:T16),"")))) -> 7.1333333 | V16: =U16/12*90 -> 53.5
C17: Б | D17: 7 | E17: Щетина Діана Станіславівна | F17: 8 | G17: 8 | H17: 8 | I17: 8 | J17: 10 | K17: 8 | L17: 10 | M17: 5 | N17: 6 | O17: 4 | P17: 4 | Q17: 4 | R17: 4 | S17: 9 | T17: 10 | U17: =IF(COUNTIF(F17:T17,"=*")>0,"-",IF(COUNTIF(F17:T17,"<4")>0,"-",(IFERROR(AVERAGE(F17:T17),"")))) -> 7.0666667 | V17: =U17/12*90 -> 53
E18: Кількість бюджетників | F18: ='Зведена 101'!F28 -> 10
E19: Кількість контрактників | F19: ='Зведена 101'!F29 -> 2 | I19: Класний керівник | P19: Юлія СЕРБУЛОВА
E20: Кількість соціального контингенту | F20: ='Зведена 101'!F30 -> 2
E21: Вийшли на стипендію | F21: ='Зведена 101'!F31 -> 4 | I21: Завідувач відділення ПЗСО | P21: Маргарита БРІТІКОВА

Sheet Зведена 161
C3: ВІДОКРЕМЛЕНИЙ СТРУКТУРНИЙ ПІДРОЗДІЛ «ФАХОВИЙ КОЛЕДЖ НАФТОГАЗОВИХ ТЕХНОЛОГІЙ, ІНЖЕНЕРІЇ ТА ІНФРАСТРУКТУРИ СЕРВІСУ
C4: ОДЕСЬКОГО НАЦІОНАЛЬНОГО ТЕХНОЛОГІЧНОГО УНІВЕРСИТЕТУ»
C5: ЗВЕДЕНА ВІДОМІСТЬ
C6: Успішності студентів спеціальності 161 «Хімічні технології та інженерія»
C7: За ІI семестр 2023-2024 н.р.
C8: Група 23-5 курс І
C9: Б/К | D9: № п/п | E9: Прізвище, ім’я, по батькові | F9: Підсумкові оцінки дисциплін
F10: Астрономія Наговська Т.С. | G10: Біологія Богданенко О.В. | H10: Всесвітня історія Мельничук С.А. | I10: Географія Наговська Т.С. | J10: Зарубіжна література Сербулова Ю.А. | K10: Захист України Лазар В.І. | L10: Іноземна мова Сербулова Ю.А. | M10: Інформатика Вівдіч М.І. | N10: Історія України Левчук Т.Г. | O10: Математика Земляна Т.М. | P10: Українська література Юрченко О.Б. | Q10: Українська мова Юрченко О.Б. | R10: Фізика Калюта Н.М. | S10: Фізична культура Галеніна І.С. | T10: Хімія Леонова Д.І. | U10: Середній бал
C11: Б | D11: 1 | E11: Васильченко Анастасія Олександрівна | F11: 9 | G11: 10 | H11: 10 | I11: 9 | J11: 9 | K11: н/а | L11: 10 | M11: 7 | N11: 7 | O11: 4 | P11: 6 | Q11: 7 | R11: н/а | S11: 5 | T11: 8 | U11: =IF(COUNTIF(F11:T11,"=*")>0,"-",IF(COUNTIF(F11:T11,"<4")>0,"-",(IFERROR(AVERAGE(F11:T11),"")))) -> -
C12: Б | D12: 2 | E12: Заслоцька Анна Василівна | F12: 8 | G12: 10 | H12: 10 | I12: 10 | J12: 10 | K12: 8 | L12: 10 | M12: 10 | N12: 9 | O12: 6 | P12: 9 | Q12: 8 | R12: 7 | S12: 5 | T12: 4 | U12: =IF(COUNTIF(F12:T12,"=*")>0,"-",IF(COUNTIF(F12:T12,"<4")>0,"-",(IFERROR(AVERAGE(F12:T12),"")))) -> 8.2666667
C13: Б | D13: 3 | E13: Крамаренко Єлизавета Юріївна | F13: 9 | G13: 10 | H13: 10 | I13: 9 | J13: 10 | K13: 10 | L13: 10 | M13: 10 | N13: 8 | O13: 7 | P13: 11 | Q13: 10 | R13: 8 | S13: 8 | T13: 10 | U13: =IF(COUNTIF(F13:T13,"=*")>0,"-",IF(COUNTIF(F13:T13,"<4")>0,"-",(IFERROR(AVERAGE(F13:T13),"")))) -> 9.3333333
C14: Б | D14: 4 | E14: М`ясковська Ярослава Сергіївна | F14: 8 | G14: 6 | H14: 6 | I14: 8 | J14: 7 | K14: н/а | L14: 6 | M14: 4 | N14: н/а | O14: 4 | P14: 4 | Q14: 4 | R14: 4 | S14: 5 | T14: 8 | U14: =IF(COUNTIF(F14:T14,"=*")>0,"-",IF(COUNTIF(F14:T14,"<4")>0,"-",(IFERROR(AVERAGE(F14:T14),"")))) -> -
C15: Б | D15: 5 | E15: Мельникова Катерина Михайлівна | F15: 9 | G15: 6 | H15: 7 | I15: 8 | J15: 9 | K15: 6 | L15: 9 | M15: 7 | N15: 6 | O15: 6 | P15: 8 | Q15: 6 | R15: 5 | S15: 9 | T15: 5 | U15: =IF(COUNTIF(F15:T15,"=*")>0,"-",IF(COUNTIF(F15:T15,"<4")>0,"-",(IFERROR(AVERAGE(F15:T15),"")))) -> 7.0666667
C16: Б | D16: 6 | E16: Мирненко Станіслав Вадимович | F16: 10 | G16: 10 | H16: 8 | I16: 10 | J16: 10 | K16: 8 | L16: 10 | M16: 11 | N16: 8 | O16: 8 | P16: 7 | Q16: 8 | R16: 8 | S16: 11 | T16: 8 | U16: =IF(COUNTIF(F16:T16,"=*")>0,"-",IF(COUNTIF(F16:T16,"<4")>0,"-",(IFERROR(AVERAGE(F16:T16),"")))) -> 9
C17: Б | D17: 7 | E17: Огієнко Владислав Вікторович | F17: 8 | G17: 7 | H17: 6 | I17: 8 | J17: 9 | K17: н/а | L17: 8 | M17: 4 | N17: 7 | O17: 4 | P17: 8 | Q17: 6 | R17: 4 | S17: 9 | T17: 7 | U17: =IF(COUNTIF(F17:T17,"=*")>0,"-",IF(COUNTIF(F17:T17,"<4")>0,"-",(IFERROR(AVERAGE(F17:T17),"")))) -> -
C18: Б | D18: 8 | E18: Прошіна Єлизавета Костянтинівна | F18: 10 | G18: 10 | H18: 8 | I18: 10 | J18: 10 | K18: 8 | L18: 10 | M18: 11 | N18: 9 | O18: 8 | P18: 9 | Q18: 9 | R18: 8 | S18: 9 | T18: 8 | U18: =IF(COUNTIF(F18:T18,"=*")>0,"-",IF(COUNTIF(F18:T18,"<4")>0,"-",(IFERROR(AVERAGE(F18:T18),"")))) -> 9.1333333
C19: Б | D19: 9 | E19: Сараїн Владислав Вячеславович | F19: 9 | G19: 10 | H19: 8 | I19: 10 | J19: 10 | K19: 8 | L19: 10 | M19: 10 | N19: 6 | O19: 8 | P19: 7 | Q19: 7 | R19: 7 | S19: 11 | T19: 9 | U19: =IF(COUNTIF(F19:T19,"=*")>0,"-",IF(COUNTIF(F19:T19,"<4")>0,"-",(IFERROR(AVERAGE(F19:T19),"")))) -> 8.6666667
C20: Б | D20: 10 | E20: Скибицька Вікторія Русланівна | F20: 9 | G20: 10 | H20: 9 | I20: 10 | J20: 10 | K20: 8 | L20: 10 | M20: 6 | N20: 8 | O20: 4 | P20: 8 | Q20: 7 | R20: 5 | S20: 9 | T20: 6 | U20: =IF(COUNTIF(F20:T20,"=*")>0,"-",IF(COUNTIF(F20:T20,"<4")>0,"-",(IFERROR(AVERAGE(F20:T20),"")))) -> 7.9333333
E21: Середній бал успішності з дисципліни | F21: =IF(SUM(F11:F20)=0,"",SUM(F11:F20)/$D20) -> 8.9 | G21: =IF(SUM(G11:G20)=0,"",SUM(G11:G20)/$D20) -> 8.9 | H21: =IF(SUM(H11:H20)=0,"",SUM(H11:H20)/$D20) -> 8.2 | I21: =IF(SUM(I11:I20)=0,"",SUM(I11:I20)/$D20) -> 9.2 | J21: =IF(SUM(J11:J20)=0,"",SUM(J11:J20)/$D20) -> 9.4 | K21: =IF(SUM(K11:K20)=0,"",SUM(K11:K20)/$D20) -> 5.6 | L21: =IF(SUM(L11:L20)=0,"",SUM(L11:L20)/$D20) -> 9.3 | M21: =IF(SUM(M11:M20)=0,"",SUM(M11:M20)/$D20) -> 8 | ... T21: =IF(SUM(T11:T20)=0,"",SUM(T11:T20)/$D20) -> 7.3 | U21: =IFERROR(AVERAGE(F21:T21),"") -> 7.74
E22: Абсолютна успішність | F22: =IF(SUM(F11:F20)=0,"",IF(COUNTIF(F11:F20,">=4")=0,0,COUNTIF(F11:F20,">=4")/$D20*100)) -> 100 | G22: =IF(SUM(G11:G20)=0,"",IF(COUNTIF(G11:G20,">=4")=0,0,COUNTIF(G11:G20,">=4")/$D20*100)) -> 100 | H22: =IF(SUM(H11:H20)=0,"",IF(COUNTIF(H11:H20,">=4")=0,0,COUNTIF(H11:H20,">=4")/$D20*100)) -> 100 | I22: =IF(SUM(I11:I20)=0,"",IF(COUNTIF(I11:I20,">=4")=0,0,COUNTIF(I11:I20,">=4")/$D20*100)) -> 100 | J22: =IF(SUM(J11:J20)=0,"",IF(COUNTIF(J11:J20,">=4")=0,0,COUNTIF(J11:J20,">=4")/$D20*100)) -> 100 | K22: =IF(SUM(K11:K20)=0,"",IF(COUNTIF(K11:K20,">=4")=0,0,COUNTIF(K11:K20,">=4")/$D20*100)) -> 70 | L22: =IF(SUM(L11:L20)=0,"",IF(COUNTIF(L11:L20,">=4")=0,0,COUNTIF(L11:L20,">=4")/$D20*100)) -> 100 | M22: =IF(SUM(M11:M20)=0,"",IF(COUNTIF(M11:M20,">=4")=0,0,COUNTIF(M11:M20,">=4")/$D20*100)) -> 100 | ... T22: =IF(SUM(T11:T20)=0,"",IF(COUNTIF(T11:T20,">=4")=0,0,COUNTIF(T11:T20,">=4")/$D20*100)) -> 100
E23: Якісна успішність | F23: =IF(SUM(F11:F20)=0,"",IF(COUNTIF(F11:F20,">=7")=0,0,COUNTIF(F11:F20,">=7")/$D20*100)) -> 100 | G23: =IF(SUM(G11:G20)=0,"",IF(COUNTIF(G11:G20,">=7")=0,0,COUNTIF(G11:G20,">=7")/$D20*100)) -> 80 | H23: =IF(SUM(H11:H20)=0,"",IF(COUNTIF(H11:H20,">=7")=0,0,COUNTIF(H11:H20,">=7")/$D20*100)) -> 80 | I23: =IF(SUM(I11:I20)=0,"",IF(COUNTIF(I11:I20,">=7")=0,0,COUNTIF(I11:I20,">=7")/$D20*100)) -> 100 | J23: =IF(SUM(J11:J20)=0,"",IF(COUNTIF(J11:J20,">=7")=0,0,COUNTIF(J11:J20,">=7")/$D20*100)) -> 100 | K23: =IF(SUM(K11:K20)=0,"",IF(COUNTIF(K11:K20,">=7")=0,0,COUNTIF(K11:K20,">=7")/$D20*100)) -> 60 | L23: =IF(SUM(L11:L20)=0,"",IF(COUNTIF(L11:L20,">=7")=0,0,COUNTIF(L11:L20,">=7")/$D20*100)) -> 90 | M23: =IF(SUM(M11:M20)=0,"",IF(COUNTIF(M11:M20,">=7")=0,0,COUNTIF(M11:M20,">=7")/$D20*100)) -> 70 | ... T23: =IF(SUM(T11:T20)=0,"",IF(COUNTIF(T11:T20,">=7")=0,0,COUNTIF(T11:T20,">=7")/$D20*100)) -> 70
E24: Абсолютна успішність по групі | F24: =IFERROR(AVERAGE(F22:T22),"") -> 96.666667
E25: Якісна успішність по групі | F25: =IFERROR(AVERAGE(F23:T23),"") -> 75.333333
E26: Кількість бюджетників | F26: =IF(COUNTIF(C11:C20,"=Б")=0,IF(COUNTIF(C11:C20,"=К")=0,"",0),COUNTIF(C11:C20,"=Б")) -> 10
E27: Кількість контрактників | F27: =IF(COUNTIF(C11:C20,"=К")=0,IF(COUNTIF(C11:C20,"=Б")=0,"",0),COUNTIF(C11:C20,"=К")) -> 0 | I27: Класний керівник | P27: Юлія СЕРБУЛОВА
E28: Кількість соціального контингенту | F28: 1
E29: Вийшли на стипендію | F29: 4 | I29: Завідувач відділення ПЗСО | P29: Маргарита БРІТІКОВА

Sheet Рейтингова відомість 161
C3: ВІДОКРЕМЛЕНИЙ СТРУКТУРНИЙ ПІДРОЗДІЛ «ФАХОВИЙ КОЛЕДЖ НАФТОГАЗОВИХ ТЕХНОЛОГІЙ, ІНЖЕНЕРІЇ ТА ІНФРАСТРУКТУРИ СЕРВІСУ
C4: ОДЕСЬКОГО НАЦІОНАЛЬНОГО ТЕХНОЛОГІЧНОГО УНІВЕРСИТЕТУ»
C5: РЕЙТИНГОВА ВІДОМІСТЬ
C6: Успішності студентів спеціальності 161 «Хімічні технології та інженерія»
C7: За ІI семестр 2023-2024 н.р.
C8: Група 23-5 курс І
C9: Б/К | D9: № п/п | E9: Прізвище, ім’я, по батькові | F9: Підсумкові оцінки дисциплін
F10: Астрономія Наговська Т.С. | G10: Біологія Богданенко О.В. | H10: Всесвітня історія Мельничук С.А. | I10: Географія Наговська Т.С. | J10: Зарубіжна література Сербулова Ю.А. | K10: Захист України Лазар В.І. | L10: Іноземна мова Сербулова Ю.А. | M10: Інформатика Вівдіч М.І. | N10: Історія України Левчук Т.Г. | O10: Математика Земляна Т.М. | P10: Українська література Юрченко О.Б. | Q10: Українська мова Юрченко О.Б. | R10: Фізика Калюта Н.М. | S10: Фізична культура Галеніна І.С. | T10: Хімія Леонова Д.І. | U10: Середній бал | V10: Рейтинговий бал
C11: Б | D11: 1 | E11: Крамаренко Єлизавета Юріївна | F11: 9 | G11: 10 | H11: 10 | I11: 9 | J11: 10 | K11: 10 | L11: 10 | M11: 10 | N11: 8 | O11: 7 | P11: 11 | Q11: 10 | R11: 8 | S11: 8 | T11: 10 | U11: =IF(COUNTIF(F11:T11,"=*")>0,"-",IF(COUNTIF(F11:T11,"<4")>0,"-",(IFERROR(AVERAGE(F11:T11),"")))) -> 9.3333333 | V11: =U11/12*90 -> 70
C12: Б | D12: 2 | E12: Прошіна Єлизавета Костянтинівна | F12: 10 | G12: 10 | H12: 8 | I12: 10 | J12: 10 | K12: 8 | L12: 10 | M12: 11 | N12: 9 | O12: 8 | P12: 9 | Q12: 9 | R12: 8 | S12: 9 | T12: 8 | U12: =IF(COUNTIF(F12:T12,"=*")>0,"-",IF(COUNTIF(F12:T12,"<4")>0,"-",(IFERROR(AVERAGE(F12:T12),"")))) -> 9.1333333 | V12: =U12/12*90 -> 68.5
C13: Б | D13: 3 | E13: Мирненко Станіслав Вадимович | F13: 10 | G13: 10 | H13: 8 | I13: 10 | J13: 10 | K13: 8 | L13: 10 | M13: 11 | N13: 8 | O13: 8 | P13: 7 | Q13: 8 | R13: 8 | S13: 11 | T13: 8 | U13: =IF(COUNTIF(F13:T13,"=*")>0,"-",IF(COUNTIF(F13:T13,"<4")>0,"-",(IFERROR(AVERAGE(F13:T13),"")))) -> 9 | V13: =U13/12*90 -> 67.5
C14: Б | D14: 4 | E14: Сараїн Владислав Вячеславович | F14: 9 | G14: 10 | H14: 8 | I14: 10 | J14: 10 | K14: 8 | L14: 10 | M14: 10 | N14: 6 | O14: 8 | P14: 7 | Q14: 7 | R14: 7 | S14: 11 | T14: 9 | U14: =IF(COUNTIF(F14:T14,"=*")>0,"-",IF(COUNTIF(F14:T14,"<4")>0,"-",(IFERROR(AVERAGE(F14:T14),"")))) -> 8.6666667 | V14: =U14/12*90 -> 65
C15: Б | D15: 5 | E15: Заслоцька Анна Василівна | F15: 8 | G15: 10 | H15: 10 | I15: 10 | J15: 10 | K15: 8 | L15: 10 | M15: 10 | N15: 9 | O15: 6 | P15: 9 | Q15: 8 | R15: 7 | S15: 5 | T15: 4 | U15: =IF(COUNTIF(F15:T15,"=*")>0,"-",IF(COUNTIF(F15:T15,"<4")>0,"-",(IFERROR(AVERAGE(F15:T15),"")))) -> 8.2666667 | V15: =U15/12*90 -> 62
C16: Б | D16: 6 | E16: Скибицька Вікторія Русланівна | F16: 9 | G16: 10 | H16: 9 | I16: 10 | J16: 10 | K16: 8 | L16: 10 | M16: 6 | N16: 8 | O16: 4 | P16: 8 | Q16: 7 | R16: 5 | S16: 9 | T16: 6 | U16: =IF(COUNTIF(F16:T16,"=*")>0,"-",IF(COUNTIF(F16:T16,"<4")>0,"-",(IFERROR(AVERAGE(F16:T16),"")))) -> 7.9333333 | V16: =U16/12*90 -> 59.5
C17: Б | D17: 7 | E17: Мельникова Катерина Михайлівна | F17: 9 | G17: 6 | H17: 7 | I17: 8 | J17: 9 | K17: 6 | L17: 9 | M17: 7 | N17: 6 | O17: 6 | P17: 8 | Q17: 6 | R17: 5 | S17: 9 | T17: 5 | U17: =IF(COUNTIF(F17:T17,"=*")>0,"-",IF(COUNTIF(F17:T17,"<4")>0,"-",(IFERROR(AVERAGE(F17:T17),"")))) -> 7.0666667 | V17: =U17/12*90 -> 53
E18: Кількість бюджетників | F18: ='Зведена 161'!F26 -> 10
E19: Кількість контрактників | F19: ='Зведена 161'!F27 -> 0 | I19: Класний керівник | P19: Юлія СЕРБУЛОВА
E20: Кількість соціального контингенту | F20: ='Зведена 161'!F28 -> 1
E21: Вийшли на стипендію | F21: ='Зведена 161'!F29 -> 4 | I21: Завідувач відділення ПЗСО | P21: Маргарита БРІТІКОВА

Sheet Зведена 172
C3: ВІДОКРЕМЛЕНИЙ СТРУКТУРНИЙ ПІДРОЗДІЛ «ФАХОВИЙ КОЛЕДЖ НАФТОГАЗОВИХ ТЕХНОЛОГІЙ, ІНЖЕНЕРІЇ ТА ІНФРАСТРУКТУРИ СЕРВІСУ
C4: ОДЕСЬКОГО НАЦІОНАЛЬНОГО ТЕХНОЛОГІЧНОГО УНІВЕРСИТЕТУ»
C5: ЗВЕДЕНА ВІДОМІСТЬ
C6: Успішності студентів спеціальності 172 «Телекомунікації та радіотехніка»
C7: За ІI семестр 2023-2024 н.р.
C8: Група 23-5 курс І
C9: Б/К | D9: № п/п | E9: Прізвище, ім’я, по батькові | F9: Підсумкові оцінки дисциплін
F10: Астрономія Наговська Т.С. | G10: Біологія Богданенко О.В. | H10: Всесвітня історія Мельничук С.А. | I10: Географія Наговська Т.С. | J10: Зарубіжна література Сербулова Ю.А. | K10: Захист України Лазар В.І. | L10: Іноземна мова Сербулова Ю.А. | M10: Інформатика Вівдіч М.І. | N10: Історія України Левчук Т.Г. | O10: Математика Земляна Т.М. | P10: Українська література Юрченко О.Б. | Q10: Українська мова Юрченко О.Б. | R10: Фізика Калюта Н.М. | S10: Фізична культура Галеніна І.С. | T10: Хімія Леонова Д.І. | U10: Середній бал
C11: К | D11: 1 | E11: Горбачов Павло Вікторович | F11: 8 | G11: 10 | H11: 8 | I11: 8 | J11: 10 | K11: 10 | L11: 10 | M11: 9 | N11: 7 | O11: 6 | P11: 7 | Q11: 9 | R11: 8 | S11: 10 | T11: 8 | U11: =IF(COUNTIF(F11:T11,"=*")>0,"-",IF(COUNTIF(F11:T11,"<4")>0,"-",(IFERROR(AVERAGE(F11:T11),"")))) -> 8.5333333
C12: К | D12: 2 | E12: Стрибков Олександр Іванович | F12: 6 | G12: 7 | H12: 8 | I12: 6 | J12: 9 | K12: 4 | L12: 8 | M12: 4 | N12: 5 | O12: н/а | P12: 4 | Q12: 4 | R12: 4 | S12: 4 | T12: 4 | U12: =IF(COUNTIF(F12:T12,"=*")>0,"-",IF(COUNTIF(F12:T12,"<4")>0,"-",(IFERROR(AVERAGE(F12:T12),"")))) -> -
E13: Середній бал успішності з дисципліни | F13: =IF(SUM(F11:F12)=0,"",SUM(F11:F12)/$D12) -> 7 | G13: =IF(SUM(G11:G12)=0,"",SUM(G11:G12)/$D12) -> 8.5 | H13: =IF(SUM(H11:H12)=0,"",SUM(H11:H12)/$D12) -> 8 | I13: =IF(SUM(I11:I12)=0,"",SUM(I11:I12)/$D12) -> 7 | J13: =IF(SUM(J11:J12)=0,"",SUM(J11:J12)/$D12) -> 9.5 | K13: =IF(SUM(K11:K12)=0,"",SUM(K11:K12)/$D12) -> 7 | L13: =IF(SUM(L11:L12)=0,"",SUM(L11:L12)/$D12) -> 9 | M13: =IF(SUM(M11:M12)=0,"",SUM(M11:M12)/$D12) -> 6.5 | ... T13: =IF(SUM(T11:T12)=0,"",SUM(T11:T12)/$D12) -> 6 | U13: =IFERROR(AVERAGE(F13:T13),"") -> 6.8333333
E14: Абсолютна успішність | F14: =IF(SUM(F11:F12)=0,"",IF(COUNTIF(F11:F12,">=4")=0,0,COUNTIF(F11:F12,">=4")/$D12*100)) -> 100 | G14: =IF(SUM(G11:G12)=0,"",IF(COUNTIF(G11:G12,">=4")=0,0,COUNTIF(G11:G12,">=4")/$D12*100)) -> 100 | H14: =IF(SUM(H11:H12)=0,"",IF(COUNTIF(H11:H12,">=4")=0,0,COUNTIF(H11:H12,">=4")/$D12*100)) -> 100 | I14: =IF(SUM(I11:I12)=0,"",IF(COUNTIF(I11:I12,">=4")=0,0,COUNTIF(I11:I12,">=4")/$D12*100)) -> 100 | J14: =IF(SUM(J11:J12)=0,"",IF(COUNTIF(J11:J12,">=4")=0,0,COUNTIF(J11:J12,">=4")/$D12*100)) -> 100 | K14: =IF(SUM(K11:K12)=0,"",IF(COUNTIF(K11:K12,">=4")=0,0,COUNTIF(K11:K12,">=4")/$D12*100)) -> 100 | L14: =IF(SUM(L11:L12)=0,"",IF(COUNTIF(L11:L12,">=4")=0,0,COUNTIF(L11:L12,">=4")/$D12*100)) -> 100 | M14: =IF(SUM(M11:M12)=0,"",IF(COUNTIF(M11:M12,">=4")=0,0,COUNTIF(M11:M12,">=4")/$D12*100)) -> 100 | ... T14: =IF(SUM(T11:T12)=0,"",IF(COUNTIF(T11:T12,">=4")=0,0,COUNTIF(T11:T12,">=4")/$D12*100)) -> 100
E15: Якісна успішність | F15: =IF(SUM(F11:F12)=0,"",IF(COUNTIF(F11:F12,">=7")=0,0,COUNTIF(F11:F12,">=7")/$D12*100)) -> 50 | G15: =IF(SUM(G11:G12)=0,"",IF(COUNTIF(G11:G12,">=7")=0,0,COUNTIF(G11:G12,">=7")/$D12*100)) -> 100 | H15: =IF(SUM(H11:H12)=0,"",IF(COUNTIF(H11:H12,">=7")=0,0,COUNTIF(H11:H12,">=7")/$D12*100)) -> 100 | I15: =IF(SUM(I11:I12)=0,"",IF(COUNTIF(I11:I12,">=7")=0,0,COUNTIF(I11:I12,">=7")/$D12*100)) -> 50 | J15: =IF(SUM(J11:J12)=0,"",IF(COUNTIF(J11:J12,">=7")=0,0,COUNTIF(J11:J12,">=7")/$D12*100)) -> 100 | K15: =IF(SUM(K11:K12)=0,"",IF(COUNTIF(K11:K12,">=7")=0,0,COUNTIF(K11:K12,">=7")/$D12*100)) -> 50 | L15: =IF(SUM(L11:L12)=0,"",IF(COUNTIF(L11:L12,">=7")=0,0,COUNTIF(L11:L12,">=7")/$D12*100)) -> 100 | M15: =IF(SUM(M11:M12)=0,"",IF(COUNTIF(M11:M12,">=7")=0,0,COUNTIF(M11:M12,">=7")/$D12*100)) -> 50 | ... T15: =IF(SUM(T11:T12)=0,"",IF(COUNTIF(T11:T12,">=7")=0,0,COUNTIF(T11:T12,">=7")/$D12*100)) -> 50
E16: Абсолютна успішність по групі | F16: =IFERROR(AVERAGE(F14:T14),"") -> 96.666667
E17: Якісна успішність по групі | F17: =IFERROR(AVERAGE(F15:T15),"") -> 60
E18: Кількість бюджетників | F18: =IF(COUNTIF(C11:C12,"=Б")=0,IF(COUNTIF(C11:C12,"=К")=0,"",0),COUNTIF(C11:C12,"=Б")) -> 0
E19: Кількість контрактників | F19: =IF(COUNTIF(C11:C12,"=К")=0,IF(COUNTIF(C11:C12,"=Б")=0,"",0),COUNTIF(C11:C12,"=К")) -> 2 | I19: Класний керівник | P19: Юлія СЕРБУЛОВА
E20: Кількість соціального контингенту
E21: Вийшли на стипендію | I21: Завідувач відділення ПЗСО | P21: Маргарита БРІТІКОВА

Sheet Зведена 241
C3: ВІДОКРЕМЛЕНИЙ СТРУКТУРНИЙ ПІДРОЗДІЛ «ФАХОВИЙ КОЛЕДЖ НАФТОГАЗОВИХ ТЕХНОЛОГІЙ, ІНЖЕНЕРІЇ ТА ІНФРАСТРУКТУРИ СЕРВІСУ
C4: ОДЕСЬКОГО НАЦІОНАЛЬНОГО ТЕХНОЛОГІЧНОГО УНІВЕРСИТЕТУ»
C5: ЗВЕДЕНА ВІДОМІСТЬ
C6: Успішності студентів спеціальності 241 «Готельно-ресторанна справа»
C7: За ІI семестр 2023-2024 н.р.
C8: Група 23-5 курс І
C9: Б/К | D9: № п/п | E9: Прізвище, ім’я, по батькові | F9: Підсумкові оцінки дисциплін
F10: Астрономія Наговська Т.С. | G10: Біологія Богданенко О.В. | H10: Всесвітня історія Мельничук С.А. | I10: Географія Наговська Т.С. | J10: Зарубіжна література Сербулова Ю.А. | K10: Захист України Лазар В.І. | L10: Іноземна мова Сербулова Ю.А. | M10: Інформатика Вівдіч М.І. | N10: Історія України Левчук Т.Г. | O10: Математика Земляна Т.М. | P10: Українська література Юрченко О.Б. | Q10: Українська мова Юрченко О.Б. | R10: Фізика Калюта Н.М. | S10: Фізична культура Галеніна І.С. | T10: Хімія Леонова Д.І. | U10: Середній бал
C11: К | D11: 1 | E11: Некрасова Анна Володимирівна | F11: 8 | G11: 8 | H11: 8 | I11: 8 | J11: 8 | K11: н/а | L11: 8 | M11: 4 | N11: 5 | O11: н/а | P11: 4 | Q11: 4 | R11: 4 | S11: 4 | T11: 5 | U11: =IF(COUNTIF(F11:T11,"=*")>0,"-",IF(COUNTIF(F11:T11,"<4")>0,"-",(IFERROR(AVERAGE(F11:T11),"")))) -> -
C12: К | D12: 2 | E12: Чернушенко Поліна Дмитрівна | F12: 7 | G12: 5 | H12: 7 | I12: 7 | J12: 9 | K12: 4 | L12: 9 | M12: 4 | N12: 5 | O12: н/а | P12: 4 | Q12: 4 | R12: н/а | S12: 4 | T12: 4 | U12: =IF(COUNTIF(F12:T12,"=*")>0,"-",IF(COUNTIF(F12:T12,"<4")>0,"-",(IFERROR(AVERAGE(F12:T12),"")))) -> -
E13: Середній бал успішності з дисципліни | F13: =IF(SUM(F11:F12)=0,"",SUM(F11:F12)/$D12) -> 7.5 | G13: =IF(SUM(G11:G12)=0,"",SUM(G11:G12)/$D12) -> 6.5 | H13: =IF(SUM(H11:H12)=0,"",SUM(H11:H12)/$D12) -> 7.5 | I13: =IF(SUM(I11:I12)=0,"",SUM(I11:I12)/$D12) -> 7.5 | J13: =IF(SUM(J11:J12)=0,"",SUM(J11:J12)/$D12) -> 8.5 | K13: =IF(SUM(K11:K12)=0,"",SUM(K11:K12)/$D12) -> 2 | L13: =IF(SUM(L11:L12)=0,"",SUM(L11:L12)/$D12) -> 8.5 | M13: =IF(SUM(M11:M12)=0,"",SUM(M11:M12)/$D12) -> 4 | N13: =IF(SUM(N11:N12)=0,"",SUM(N11:N12)/$D12) -> 5 | O13: 0 | P13: =IF(SUM(P11:P12)=0,"",SUM(P11:P12)/$D12) -> 4 | Q13: =IF(SUM(Q11:Q12)=0,"",SUM(Q11:Q12)/$D12) -> 4 | R13: =IF(SUM(R11:R12)=0,"",SUM(R11:R12)/$D12) -> 2 | S13: =IF(SUM(S11:S12)=0,"",SUM(S11:S12)/$D12) -> 4 | T13: =IF(SUM(T11:T12)=0,"",SUM(T11:T12)/$D12) -> 4.5 | U13: =IFERROR(AVERAGE(F13:T13),"") -> 5.0333333
E14: Абсолютна успішність | F14: =IF(SUM(F11:F12)=0,"",IF(COUNTIF(F11:F12,">=4")=0,0,COUNTIF(F11:F12,">=4")/$D12*100)) -> 100 | G14: =IF(SUM(G11:G12)=0,"",IF(COUNTIF(G11:G12,">=4")=0,0,COUNTIF(G11:G12,">=4")/$D12*100)) -> 100 | H14: =IF(SUM(H11:H12)=0,"",IF(COUNTIF(H11:H12,">=4")=0,0,COUNTIF(H11:H12,">=4")/$D12*100)) -> 100 | I14: =IF(SUM(I11:I12)=0,"",IF(COUNTIF(I11:I12,">=4")=0,0,COUNTIF(I11:I12,">=4")/$D12*100)) -> 100 | J14: =IF(SUM(J11:J12)=0,"",IF(COUNTIF(J11:J12,">=4")=0,0,COUNTIF(J11:J12,">=4")/$D12*100)) -> 100 | K14: =IF(SUM(K11:K12)=0,"",IF(COUNTIF(K11:K12,">=4")=0,0,COUNTIF(K11:K12,">=4")/$D12*100)) -> 50 | L14: =IF(SUM(L11:L12)=0,"",IF(COUNTIF(L11:L12,">=4")=0,0,COUNTIF(L11:L12,">=4")/$D12*100)) -> 100 | M14: =IF(SUM(M11:M12)=0,"",IF(COUNTIF(M11:M12,">=4")=0,0,COUNTIF(M11:M12,">=4")/$D12*100)) -> 100 | N14: =IF(SUM(N11:N12)=0,"",IF(COUNTIF(N11:N12,">=4")=0,0,COUNTIF(N11:N12,">=4")/$D12*100)) -> 100 | O14: 0 | P14: =IF(SUM(P11:P12)=0,"",IF(COUNTIF(P11:P12,">=4")=0,0,COUNTIF(P11:P12,">=4")/$D12*100)) -> 100 | Q14: =IF(SUM(Q11:Q12)=0,"",IF(COUNTIF(Q11:Q12,">=4")=0,0,COUNTIF(Q11:Q12,">=4")/$D12*100)) -> 100 | R14: =IF(SUM(R11:R12)=0,"",IF(COUNTIF(R11:R12,">=4")=0,0,COUNTIF(R11:R12,">=4")/$D12*100)) -> 50 | S14: =IF(SUM(S11:S12)=0,"",IF(COUNTIF(S11:S12,">=4")=0,0,COUNTIF(S11:S12,">=4")/$D12*100)) -> 100 | T14: =IF(SUM(T11:T12)=0,"",IF(COUNTIF(T11:T12,">=4")=0,0,COUNTIF(T11:T12,">=4")/$D12*100)) -> 100
E15: Якісна успішність | F15: =IF(SUM(F11:F12)=0,"",IF(COUNTIF(F11:F12,">=7")=0,0,COUNTIF(F11:F12,">=7")/$D12*100)) -> 100 | G15: =IF(SUM(G11:G12)=0,"",IF(COUNTIF(G11:G12,">=7")=0,0,COUNTIF(G11:G12,">=7")/$D12*100)) -> 50 | H15: =IF(SUM(H11:H12)=0,"",IF(COUNTIF(H11:H12,">=7")=0,0,COUNTIF(H11:H12,">=7")/$D12*100)) -> 100 | I15: =IF(SUM(I11:I12)=0,"",IF(COUNTIF(I11:I12,">=7")=0,0,COUNTIF(I11:I12,">=7")/$D12*100)) -> 100 | J15: =IF(SUM(J11:J12)=0,"",IF(COUNTIF(J11:J12,">=7")=0,0,COUNTIF(J11:J12,">=7")/$D12*100)) -> 100 | K15: =IF(SUM(K11:K12)=0,"",IF(COUNTIF(K11:K12,">=7")=0,0,COUNTIF(K11:K12,">=7")/$D12*100)) -> 0 | L15: =IF(SUM(L11:L12)=0,"",IF(COUNTIF(L11:L12,">=7")=0,0,COUNTIF(L11:L12,">=7")/$D12*100)) -> 100 | M15: =IF(SUM(M11:M12)=0,"",IF(COUNTIF(M11:M12,">=7")=0,0,COUNTIF(M11:M12,">=7")/$D12*100)) -> 0 | N15: =IF(SUM(N11:N12)=0,"",IF(COUNTIF(N11:N12,">=7")=0,0,COUNTIF(N11:N12,">=7")/$D12*100)) -> 0 | O15: 0 | P15: =IF(SUM(P11:P12)=0,"",IF(COUNTIF(P11:P12,">=7")=0,0,COUNTIF(P11:P12,">=7")/$D12*100)) -> 0 | Q15: =IF(SUM(Q11:Q12)=0,"",IF(COUNTIF(Q11:Q12,">=7")=0,0,COUNTIF(Q11:Q12,">=7")/$D12*100)) -> 0 | R15: =IF(SUM(R11:R12)=0,"",IF(COUNTIF(R11:R12,">=7")=0,0,COUNTIF(R11:R12,">=7")/$D12*100)) -> 0 | S15: =IF(SUM(S11:S12)=0,"",IF(COUNTIF(S11:S12,">=7")=0,0,COUNTIF(S11:S12,">=7")/$D12*100)) -> 0 | T15: =IF(SUM(T11:T12)=0,"",IF(COUNTIF(T11:T12,">=7")=0,0,COUNTIF(T11:T12,">=7")/$D12*100)) -> 0
E16: Абсолютна успішність по групі | F16: =IFERROR(AVERAGE(F14:T14),"") -> 86.666667
E17: Якісна успішність по групі | F17: =IFERROR(AVERAGE(F15:T15),"") -> 36.666667
E18: Кількість бюджетників | F18: =IF(COUNTIF(C11:C12,"=Б")=0,IF(COUNTIF(C11:C12,"=К")=0,"",0),COUNTIF(C11:C12,"=Б")) -> 0
E19: Кількість контрактників | F19: =IF(COUNTIF(C11:C12,"=К")=0,IF(COUNTIF(C11:C12,"=Б")=0,"",0),COUNTIF(C11:C12,"=К")) -> 2 | I19: Класний керівник | P19: Юлія СЕРБУЛОВА
E20: Кількість соціального контингенту
E21: Вийшли на стипендію | I21: Завідувач відділення ПЗСО | P21: Маргарита БРІТІКОВА

Sheet Зведена 181
C3: ВІДОКРЕМЛЕНИЙ СТРУКТУРНИЙ ПІДРОЗДІЛ «ФАХОВИЙ КОЛЕДЖ НАФТОГАЗОВИХ ТЕХНОЛОГІЙ, ІНЖЕНЕРІЇ ТА ІНФРАСТРУКТУРИ СЕРВІСУ
C4: ОДЕСЬКОГО НАЦІОНАЛЬНОГО ТЕХНОЛОГІЧНОГО УНІВЕРСИТЕТУ»
C5: ЗВЕДЕНА ВІДОМІСТЬ
C6: Успішності студентів спеціальності 181 «Харчові технології»
C7: За ІI семестр 2023-2024 н.р.
C8: Група 23-5 курс І
C9: Б/К | D9: № п/п | E9: Прізвище, ім’я, по батькові | F9: Підсумкові оцінки дисциплін
F10: Астрономія Наговська Т.С. | G10: Біологія Богданенко О.В. | H10: Всесвітня історія Мельничук С.А. | I10: Географія Наговська Т.С. | J10: Зарубіжна література Сербулова Ю.А. | K10: Захист України Лазар В.І. | L10: Іноземна мова Сербулова Ю.А. | M10: Інформатика Вівдіч М.І. | N10: Історія України Левчук Т.Г. | O10: Математика Земляна Т.М. | P10: Українська література Юрченко О.Б. | Q10: Українська мова Юрченко О.Б. | R10: Фізика Калюта Н.М. | S10: Фізична культура Галеніна І.С. | T10: Хімія Леонова Д.І. | U10: Середній бал
C11: К | D11: 1 | E11: Полєєв Олексій Юрійович | F11: 6 | G11: 6 | H11: 6 | I11: 6 | J11: 5 | K11: н/а | L11: 5 | M11: 4 | N11: н/а | O11: н/а | P11: 4 | Q11: 4 | R11: 4 | S11: 4 | T11: 4 | U11: =IF(COUNTIF(F11:T11,"=*")>0,"-",IF(COUNTIF(F11:T11,"<4")>0,"-",(IFERROR(AVERAGE(F11:T11),"")))) -> -
C12: К | D12: 2 | E12: Рибалко Максим Сергійович | F12: 8 | G12: 10 | H12: 9 | I12: 8 | J12: 8 | K12: 9 | L12: 8 | M12: 9 | N12: 9 | O12: 6 | P12: 10 | Q12: 10 | R12: 7 | S12: 10 | T12: 7 | U12: =IF(COUNTIF(F12:T12,"=*")>0,"-",IF(COUNTIF(F12:T12,"<4")>0,"-",(IFERROR(AVERAGE(F12:T12),"")))) -> 8.5333333
C13: К | D13: 3 | E13: Токарчук Денис Олександрович | F13: 10 | G13: 10 | H13: 9 | I13: 11 | J13: 10 | K13: 9 | L13: 10 | M13: 10 | N13: 9 | O13: 8 | P13: 11 | Q13: 10 | R13: 9 | S13: 10 | T13: 7 | U13: =IF(COUNTIF(F13:T13,"=*")>0,"-",IF(COUNTIF(F13:T13,"<4")>0,"-",(IFERROR(AVERAGE(F13:T13),"")))) -> 9.5333333
E14: Середній бал успішності з дисципліни | F14: =IF(SUM(F11:F13)=0,"",SUM(F11:F13)/$D13) -> 8 | G14: =IF(SUM(G11:G13)=0,"",SUM(G11:G13)/$D13) -> 8.6666667 | H14: =IF(SUM(H11:H13)=0,"",SUM(H11:H13)/$D13) -> 8 | I14: =IF(SUM(I11:I13)=0,"",SUM(I11:I13)/$D13) -> 8.3333333 | J14: =IF(SUM(J11:J13)=0,"",SUM(J11:J13)/$D13) -> 7.6666667 | K14: =IF(SUM(K11:K13)=0,"",SUM(K11:K13)/$D13) -> 6 | L14: =IF(SUM(L11:L13)=0,"",SUM(L11:L13)/$D13) -> 7.6666667 | M14: =IF(SUM(M11:M13)=0,"",SUM(M11:M13)/$D13) -> 7.6666667 | ... T14: =IF(SUM(T11:T13)=0,"",SUM(T11:T13)/$D13) -> 6 | U14: =IFERROR(AVERAGE(F14:T14),"") -> 7.3111111
E15: Абсолютна успішність | F15: =IF(SUM(F11:F13)=0,"",IF(COUNTIF(F11:F13,">=4")=0,0,COUNTIF(F11:F13,">=4")/$D13*100)) -> 100 | G15: =IF(SUM(G11:G13)=0,"",IF(COUNTIF(G11:G13,">=4")=0,0,COUNTIF(G11:G13,">=4")/$D13*100)) -> 100 | H15: =IF(SUM(H11:H13)=0,"",IF(COUNTIF(H11:H13,">=4")=0,0,COUNTIF(H11:H13,">=4")/$D13*100)) -> 100 | I15: =IF(SUM(I11:I13)=0,"",IF(COUNTIF(I11:I13,">=4")=0,0,COUNTIF(I11:I13,">=4")/$D13*100)) -> 100 | J15: =IF(SUM(J11:J13)=0,"",IF(COUNTIF(J11:J13,">=4")=0,0,COUNTIF(J11:J13,">=4")/$D13*100)) -> 100 | K15: =IF(SUM(K11:K13)=0,"",IF(COUNTIF(K11:K13,">=4")=0,0,COUNTIF(K11:K13,">=4")/$D13*100)) -> 66.666667 | L15: =IF(SUM(L11:L13)=0,"",IF(COUNTIF(L11:L13,">=4")=0,0,COUNTIF(L11:L13,">=4")/$D13*100)) -> 100 | M15: =IF(SUM(M11:M13)=0,"",IF(COUNTIF(M11:M13,">=4")=0,0,COUNTIF(M11:M13,">=4")/$D13*100)) -> 100 | ... T15: =IF(SUM(T11:T13)=0,"",IF(COUNTIF(T11:T13,">=4")=0,0,COUNTIF(T11:T13,">=4")/$D13*100)) -> 100
E16: Якісна успішність | F16: =IF(SUM(F11:F13)=0,"",IF(COUNTIF(F11:F13,">=7")=0,0,COUNTIF(F11:F13,">=7")/$D13*100)) -> 66.666667 | G16: =IF(SUM(G11:G13)=0,"",IF(COUNTIF(G11:G13,">=7")=0,0,COUNTIF(G11:G13,">=7")/$D13*100)) -> 66.666667 | H16: =IF(SUM(H11:H13)=0,"",IF(COUNTIF(H11:H13,">=7")=0,0,COUNTIF(H11:H13,">=7")/$D13*100)) -> 66.666667 | I16: =IF(SUM(I11:I13)=0,"",IF(COUNTIF(I11:I13,">=7")=0,0,COUNTIF(I11:I13,">=7")/$D13*100)) -> 66.666667 | J16: =IF(SUM(J11:J13)=0,"",IF(COUNTIF(J11:J13,">=7")=0,0,COUNTIF(J11:J13,">=7")/$D13*100)) -> 66.666667 | K16: =IF(SUM(K11:K13)=0,"",IF(COUNTIF(K11:K13,">=7")=0,0,COUNTIF(K11:K13,">=7")/$D13*100)) -> 66.666667 | L16: =IF(SUM(L11:L13)=0,"",IF(COUNTIF(L11:L13,">=7")=0,0,COUNTIF(L11:L13,">=7")/$D13*100)) -> 66.666667 | M16: =IF(SUM(M11:M13)=0,"",IF(COUNTIF(M11:M13,">=7")=0,0,COUNTIF(M11:M13,">=7")/$D13*100)) -> 66.666667 | ... T16: =IF(SUM(T11:T13)=0,"",IF(COUNTIF(T11:T13,">=7")=0,0,COUNTIF(T11:T13,">=7")/$D13*100)) -> 66.666667
E17: Абсолютна успішність по групі | F17: =IFERROR(AVERAGE(F15:T15),"") -> 93.333333
E18: Якісна успішність по групі | F18: =IFERROR(AVERAGE(F16:T16),"") -> 64.444444
E19: Кількість бюджетників | F19: =IF(COUNTIF(C11:C13,"=Б")=0,IF(COUNTIF(C11:C13,"=К")=0,"",0),COUNTIF(C11:C13,"=Б")) -> 0
E20: Кількість контрактників | F20: =IF(COUNTIF(C11:C13,"=К")=0,IF(COUNTIF(C11:C13,"=Б")=0,"",0),COUNTIF(C11:C13,"=К")) -> 3 | I20: Класний керівник | P20: Юлія СЕРБУЛОВА
E21: Кількість соціального контингенту
E22: Вийшли на стипендію | I22: Завідувач відділення ПЗСО | P22: Маргарита БРІТІКОВА
