Workbook
Name A1048577: #REF!
Name A1048577: #REF!
Name A1048577: #REF!
Name Ф80: #REF!
Name Ф80: #REF!
Name Ф80: #REF!

Sheet Зведена відомість
C3: ВІДОКРЕМЛЕНИЙ СТРУКТУРНИЙ ПІДРОЗДІЛ «ФАХОВИЙ КОЛЕДЖ НАФТОГАЗОВИХ ТЕХНОЛОГІЙ, ІНЖЕНЕРІЇ ТА ІНФРАСТРУКТУРИ СЕРВІСУ
C4: ОДЕСЬКОГО НАЦІОНАЛЬНОГО ТЕХНОЛОГІЧНОГО УНІВЕРСИТЕТУ»
C5: ЗВЕДЕНА ВІДОМІСТЬ
C6: Успішності студентів спеціальності 076 «Підприємництво, торгівля та біржова діяльність»
C7: За I семестр 2023-2024 н.р.
C8: Група 23-2 курс І
C9: Б/К | D9: № п/п | E9: Прізвище, ім’я, по батькові | F9: Підсумкові оцінки дисциплін
F10: Біологія Богданенко О.В. | G10: Всесвітня історія Мельничук С.А. | H10: Географія Наговська Т.С. | I10: Зарубіжна література Сербулова Ю.А. | J10: Захист України Лазар В.І. | K10: Іноземна мова Нічик Н.О. | L10: Інформатика Бельдюгіна С.С. | M10: Історія України Левчук Т.Г. | N10: Математика Бондаренко О.С. | O10: Українська література Антропова Л.І. | P10: Українська мова Антропова Л.І. | Q10: Фізика Калюта Н.М. | R10: Фізична культура Кулатов В.М. | S10: Хімія Леонова Д.І. | T10: Середній бал
C11: 'Б/К | D11: 0 | E11: Прізвище, ім’я, по батькові | F11: 1 | G11: 2 | H11: 3 | I11: 4 | J11: 5 | K11: 6 | L11: 7 | M11: 8 | N11: 9 | O11: 10 | P11: 11 | Q11: 12 | R11: 13 | S11: 14 | T11: Столбец18 | U11: "Б" и "-"
D12: =OFFSET(D12,-1,0)+1 -> 1 | T12: =IF(COUNTIF(OFFSET(Таблица6[[#This Row],[Прізвище, ім’я, по батькові]],0,1):OFFSET(T12,0,-1),"=*")>0,"-",IF(COUNTIF(OFFSET(Таблица6[[#This Row],[Прізвище, ім’я, по батькові]],0,1):OFFSET(T12,0,-1),"<4")>0,"-",(IFERROR(AVERAGE(OFFSET(Таблица6[[#This Row],[Прізвище, ім’я, по батькові]],0,1):OFFSET(T12,0,-1)),"")))) | U12: =IF(Таблица6[[#This Row],[''Б/К]]="Б",IF(Таблица6[[#This Row],[Столбец18]]="-","-",""),"")
D13: =OFFSET(D13,-1,0)+1 -> 2 | T13: =IF(COUNTIF(OFFSET(Таблица6[[#This Row],[Прізвище, ім’я, по батькові]],0,1):OFFSET(T13,0,-1),"=*")>0,"-",IF(COUNTIF(OFFSET(Таблица6[[#This Row],[Прізвище, ім’я, по батькові]],0,1):OFFSET(T13,0,-1),"<4")>0,"-",(IFERROR(AVERAGE(OFFSET(Таблица6[[#This Row],[Прізвище, ім’я, по батькові]],0,1):OFFSET(T13,0,-1)),"")))) | U13: =IF(Таблица6[[#This Row],[''Б/К]]="Б",IF(Таблица6[[#This Row],[Столбец18]]="-","-",""),"")
D14: =OFFSET(D14,-1,0)+1 -> 3 | T14: =IF(COUNTIF(OFFSET(Таблица6[[#This Row],[Прізвище, ім’я, по батькові]],0,1):OFFSET(T14,0,-1),"=*")>0,"-",IF(COUNTIF(OFFSET(Таблица6[[#This Row],[Прізвище, ім’я, по батькові]],0,1):OFFSET(T14,0,-1),"<4")>0,"-",(IFERROR(AVERAGE(OFFSET(Таблица6[[#This Row],[Прізвище, ім’я, по батькові]],0,1):OFFSET(T14,0,-1)),"")))) | U14: =IF(Таблица6[[#This Row],[''Б/К]]="Б",IF(Таблица6[[#This Row],[Столбец18]]="-","-",""),"")
D15: =OFFSET(D15,-1,0)+1 -> 4 | T15: =IF(COUNTIF(OFFSET(Таблица6[[#This Row],[Прізвище, ім’я, по батькові]],0,1):OFFSET(T15,0,-1),"=*")>0,"-",IF(COUNTIF(OFFSET(Таблица6[[#This Row],[Прізвище, ім’я, по батькові]],0,1):OFFSET(T15,0,-1),"<4")>0,"-",(IFERROR(AVERAGE(OFFSET(Таблица6[[#This Row],[Прізвище, ім’я, по батькові]],0,1):OFFSET(T15,0,-1)),"")))) | U15: =IF(Таблица6[[#This Row],[''Б/К]]="Б",IF(Таблица6[[#This Row],[Столбец18]]="-","-",""),"")
D16: =OFFSET(D16,-1,0)+1 -> 5 | T16: =IF(COUNTIF(OFFSET(Таблица6[[#This Row],[Прізвище, ім’я, по батькові]],0,1):OFFSET(T16,0,-1),"=*")>0,"-",IF(COUNTIF(OFFSET(Таблица6[[#This Row],[Прізвище, ім’я, по батькові]],0,1):OFFSET(T16,0,-1),"<4")>0,"-",(IFERROR(AVERAGE(OFFSET(Таблица6[[#This Row],[Прізвище, ім’я, по батькові]],0,1):OFFSET(T16,0,-1)),"")))) | U16: =IF(Таблица6[[#This Row],[''Б/К]]="Б",IF(Таблица6[[#This Row],[Столбец18]]="-","-",""),"")
E17: Середній бал успішності з дисципліни | F17: =IF(SUM(OFFSET(Таблица6[[#Headers],[1]],1,0):OFFSET(F17, -1, 0))=0,"",SUM(OFFSET(Таблица6[[#Headers],[1]],1,0):OFFSET(F17, -1, 0))/OFFSET($D17, -1, 0)) | G17: =IF(SUM(OFFSET(Таблица6[[#Headers],[2]],1,0):OFFSET(G17, -1, 0))=0,"",SUM(OFFSET(Таблица6[[#Headers],[2]],1,0):OFFSET(G17, -1, 0))/OFFSET($D17, -1, 0)) | H17: =IF(SUM(OFFSET(Таблица6[[#Headers],[3]],1,0):OFFSET(H17, -1, 0))=0,"",SUM(OFFSET(Таблица6[[#Headers],[3]],1,0):OFFSET(H17, -1, 0))/OFFSET($D17, -1, 0)) | I17: =IF(SUM(OFFSET(Таблица6[[#Headers],[4]],1,0):OFFSET(I17, -1, 0))=0,"",SUM(OFFSET(Таблица6[[#Headers],[4]],1,0):OFFSET(I17, -1, 0))/OFFSET($D17, -1, 0)) | J17: =IF(SUM(OFFSET(Таблица6[[#Headers],[5]],1,0):OFFSET(J17, -1, 0))=0,"",SUM(OFFSET(Таблица6[[#Headers],[5]],1,0):OFFSET(J17, -1, 0))/OFFSET($D17, -1, 0)) | K17: =IF(SUM(OFFSET(Таблица6[[#Headers],[6]],1,0):OFFSET(K17, -1, 0))=0,"",SUM(OFFSET(Таблица6[[#Headers],[6]],1,0):OFFSET(K17, -1, 0))/OFFSET($D17, -1, 0)) | L17: =IF(SUM(OFFSET(Таблица6[[#Headers],[7]],1,0):OFFSET(L17, -1, 0))=0,"",SUM(OFFSET(Таблица6[[#Headers],[7]],1,0):OFFSET(L17, -1, 0))/OFFSET($D17, -1, 0)) | M17: =IF(SUM(OFFSET(Таблица6[[#Headers],[8]],1,0):OFFSET(M17, -1, 0))=0,"",SUM(OFFSET(Таблица6[[#Headers],[8]],1,0):OFFSET(M17, -1, 0))/OFFSET($D17, -1, 0)) | N17: =IF(SUM(OFFSET(Таблица6[[#Headers],[9]],1,0):OFFSET(N17, -1, 0))=0,"",SUM(OFFSET(Таблица6[[#Headers],[9]],1,0):OFFSET(N17, -1, 0))/OFFSET($D17, -1, 0)) | O17: =IF(SUM(OFFSET(Таблица6[[#Headers],[10]],1,0):OFFSET(O17, -1, 0))=0,"",SUM(OFFSET(Таблица6[[#Headers],[10]],1,0):OFFSET(O17, -1, 0))/OFFSET($D17, -1, 0)) | P17: =IF(SUM(OFFSET(Таблица6[[#Headers],[11]],1,0):OFFSET(P17, -1, 0))=0,"",SUM(OFFSET(Таблица6[[#Headers],[11]],1,0):OFFSET(P17, -1, 0))/OFFSET($D17, -1, 0)) | Q17: =IF(SUM(OFFSET(Таблица6[[#Headers],[12]],1,0):OFFSET(Q17, -1, 0))=0,"",SUM(OFFSET(Таблица6[[#Headers],[12]],1,0):OFFSET(Q17, -1, 0))/OFFSET($D17, -1, 0)) | R17: =IF(SUM(OFFSET(Таблица6[[#Headers],[13]],1,0):OFFSET(R17, -1, 0))=0,"",SUM(OFFSET(Таблица6[[#Headers],[13]],1,0):OFFSET(R17, -1, 0))/OFFSET($D17, -1, 0)) | S17: =IF(SUM(OFFSET(Таблица6[[#Headers],[14]],1,0):OFFSET(S17, -1, 0))=0,"",SUM(OFFSET(Таблица6[[#Headers],[14]],1,0):OFFSET(S17, -1, 0))/OFFSET($D17, -1, 0)) | T17: =IFERROR(AVERAGE(F17:S17),"") | U17: =COUNTIF(OFFSET(Таблица6[[#Headers],["Б" и "-"]],1,0):OFFSET(U17,-1,0),"-") -> 0
E18: Абсолютна успішність | F18: =IF(SUM(OFFSET(Таблица6[[#Headers],[1]],1,0):OFFSET(F17, -1, 0))=0,"",IF(COUNTIF(OFFSET(Таблица6[[#Headers],[1]],1,0):OFFSET(F17, -1, 0),">=4")=0,0,COUNTIF(OFFSET(Таблица6[[#Headers],[1]],1,0):OFFSET(F17, -1, 0),">=4")/OFFSET($D17, -1, 0)*100)) | G18: =IF(SUM(OFFSET(Таблица6[[#Headers],[2]],1,0):OFFSET(G17, -1, 0))=0,"",IF(COUNTIF(OFFSET(Таблица6[[#Headers],[2]],1,0):OFFSET(G17, -1, 0),">=4")=0,0,COUNTIF(OFFSET(Таблица6[[#Headers],[2]],1,0):OFFSET(G17, -1, 0),">=4")/OFFSET($D17, -1, 0)*100)) | H18: =IF(SUM(OFFSET(Таблица6[[#Headers],[3]],1,0):OFFSET(H17, -1, 0))=0,"",IF(COUNTIF(OFFSET(Таблица6[[#Headers],[3]],1,0):OFFSET(H17, -1, 0),">=4")=0,0,COUNTIF(OFFSET(Таблица6[[#Headers],[3]],1,0):OFFSET(H17, -1, 0),">=4")/OFFSET($D17, -1, 0)*100)) | I18: =IF(SUM(OFFSET(Таблица6[[#Headers],[4]],1,0):OFFSET(I17, -1, 0))=0,"",IF(COUNTIF(OFFSET(Таблица6[[#Headers],[4]],1,0):OFFSET(I17, -1, 0),">=4")=0,0,COUNTIF(OFFSET(Таблица6[[#Headers],[4]],1,0):OFFSET(I17, -1, 0),">=4")/OFFSET($D17, -1, 0)*100)) | J18: =IF(SUM(OFFSET(Таблица6[[#Headers],[5]],1,0):OFFSET(J17, -1, 0))=0,"",IF(COUNTIF(OFFSET(Таблица6[[#Headers],[5]],1,0):OFFSET(J17, -1, 0),">=4")=0,0,COUNTIF(OFFSET(Таблица6[[#Headers],[5]],1,0):OFFSET(J17, -1, 0),">=4")/OFFSET($D17, -1, 0)*100)) | K18: =IF(SUM(OFFSET(Таблица6[[#Headers],[6]],1,0):OFFSET(K17, -1, 0))=0,"",IF(COUNTIF(OFFSET(Таблица6[[#Headers],[6]],1,0):OFFSET(K17, -1, 0),">=4")=0,0,COUNTIF(OFFSET(Таблица6[[#Headers],[6]],1,0):OFFSET(K17, -1, 0),">=4")/OFFSET($D17, -1, 0)*100)) | L18: =IF(SUM(OFFSET(Таблица6[[#Headers],[7]],1,0):OFFSET(L17, -1, 0))=0,"",IF(COUNTIF(OFFSET(Таблица6[[#Headers],[7]],1,0):OFFSET(L17, -1, 0),">=4")=0,0,COUNTIF(OFFSET(Таблица6[[#Headers],[7]],1,0):OFFSET(L17, -1, 0),">=4")/OFFSET($D17, -1, 0)*100)) | M18: =IF(SUM(OFFSET(Таблица6[[#Headers],[8]],1,0):OFFSET(M17, -1, 0))=0,"",IF(COUNTIF(OFFSET(Таблица6[[#Headers],[8]],1,0):OFFSET(M17, -1, 0),">=4")=0,0,COUNTIF(OFFSET(Таблица6[[#Headers],[8]],1,0):OFFSET(M17, -1, 0),">=4")/OFFSET($D17, -1, 0)*100)) | N18: =IF(SUM(OFFSET(Таблица6[[#Headers],[9]],1,0):OFFSET(N17, -1, 0))=0,"",IF(COUNTIF(OFFSET(Таблица6[[#Headers],[9]],1,0):OFFSET(N17, -1, 0),">=4")=0,0,COUNTIF(OFFSET(Таблица6[[#Headers],[9]],1,0):OFFSET(N17, -1, 0),">=4")/OFFSET($D17, -1, 0)*100)) | O18: =IF(SUM(OFFSET(Таблица6[[#Headers],[10]],1,0):OFFSET(O17, -1, 0))=0,"",IF(COUNTIF(OFFSET(Таблица6[[#Headers],[10]],1,0):OFFSET(O17, -1, 0),">=4")=0,0,COUNTIF(OFFSET(Таблица6[[#Headers],[10]],1,0):OFFSET(O17, -1, 0),">=4")/OFFSET($D17, -1, 0)*100)) | P18: =IF(SUM(OFFSET(Таблица6[[#Headers],[11]],1,0):OFFSET(P17, -1, 0))=0,"",IF(COUNTIF(OFFSET(Таблица6[[#Headers],[11]],1,0):OFFSET(P17, -1, 0),">=4")=0,0,COUNTIF(OFFSET(Таблица6[[#Headers],[11]],1,0):OFFSET(P17, -1, 0),">=4")/OFFSET($D17, -1, 0)*100)) | Q18: =IF(SUM(OFFSET(Таблица6[[#Headers],[12]],1,0):OFFSET(Q17, -1, 0))=0,"",IF(COUNTIF(OFFSET(Таблица6[[#Headers],[12]],1,0):OFFSET(Q17, -1, 0),">=4")=0,0,COUNTIF(OFFSET(Таблица6[[#Headers],[12]],1,0):OFFSET(Q17, -1, 0),">=4")/OFFSET($D17, -1, 0)*100)) | R18: =IF(SUM(OFFSET(Таблица6[[#Headers],[13]],1,0):OFFSET(R17, -1, 0))=0,"",IF(COUNTIF(OFFSET(Таблица6[[#Headers],[13]],1,0):OFFSET(R17, -1, 0),">=4")=0,0,COUNTIF(OFFSET(Таблица6[[#Headers],[13]],1,0):OFFSET(R17, -1, 0),">=4")/OFFSET($D17, -1, 0)*100)) | S18: =IF(SUM(OFFSET(Таблица6[[#Headers],[14]],1,0):OFFSET(S17, -1, 0))=0,"",IF(COUNTIF(OFFSET(Таблица6[[#Headers],[14]],1,0):OFFSET(S17, -1, 0),">=4")=0,0,COUNTIF(OFFSET(Таблица6[[#Headers],[14]],1,0):OFFSET(S17, -1, 0),">=4")/OFFSET($D17, -1, 0)*100))
E19: Якісна успішність | F19: =IF(SUM(OFFSET(Таблица6[[#Headers],[1]],1,0):OFFSET(F17, -1, 0))=0,"",IF(COUNTIF(OFFSET(Таблица6[[#Headers],[1]],1,0):OFFSET(F17, -1, 0),">=7")=0,0,COUNTIF(OFFSET(Таблица6[[#Headers],[1]],1,0):OFFSET(F17, -1, 0),">=7")/OFFSET($D17, -1, 0)*100)) | G19: =IF(SUM(OFFSET(Таблица6[[#Headers],[2]],1,0):OFFSET(G17, -1, 0))=0,"",IF(COUNTIF(OFFSET(Таблица6[[#Headers],[2]],1,0):OFFSET(G17, -1, 0),">=7")=0,0,COUNTIF(OFFSET(Таблица6[[#Headers],[2]],1,0):OFFSET(G17, -1, 0),">=7")/OFFSET($D17, -1, 0)*100)) | H19: =IF(SUM(OFFSET(Таблица6[[#Headers],[3]],1,0):OFFSET(H17, -1, 0))=0,"",IF(COUNTIF(OFFSET(Таблица6[[#Headers],[3]],1,0):OFFSET(H17, -1, 0),">=7")=0,0,COUNTIF(OFFSET(Таблица6[[#Headers],[3]],1,0):OFFSET(H17, -1, 0),">=7")/OFFSET($D17, -1, 0)*100)) | I19: =IF(SUM(OFFSET(Таблица6[[#Headers],[4]],1,0):OFFSET(I17, -1, 0))=0,"",IF(COUNTIF(OFFSET(Таблица6[[#Headers],[4]],1,0):OFFSET(I17, -1, 0),">=7")=0,0,COUNTIF(OFFSET(Таблица6[[#Headers],[4]],1,0):OFFSET(I17, -1, 0),">=7")/OFFSET($D17, -1, 0)*100)) | J19: =IF(SUM(OFFSET(Таблица6[[#Headers],[5]],1,0):OFFSET(J17, -1, 0))=0,"",IF(COUNTIF(OFFSET(Таблица6[[#Headers],[5]],1,0):OFFSET(J17, -1, 0),">=7")=0,0,COUNTIF(OFFSET(Таблица6[[#Headers],[5]],1,0):OFFSET(J17, -1, 0),">=7")/OFFSET($D17, -1, 0)*100)) | K19: =IF(SUM(OFFSET(Таблица6[[#Headers],[6]],1,0):OFFSET(K17, -1, 0))=0,"",IF(COUNTIF(OFFSET(Таблица6[[#Headers],[6]],1,0):OFFSET(K17, -1, 0),">=7")=0,0,COUNTIF(OFFSET(Таблица6[[#Headers],[6]],1,0):OFFSET(K17, -1, 0),">=7")/OFFSET($D17, -1, 0)*100)) | L19: =IF(SUM(OFFSET(Таблица6[[#Headers],[7]],1,0):OFFSET(L17, -1, 0))=0,"",IF(COUNTIF(OFFSET(Таблица6[[#Headers],[7]],1,0):OFFSET(L17, -1, 0),">=7")=0,0,COUNTIF(OFFSET(Таблица6[[#Headers],[7]],1,0):OFFSET(L17, -1, 0),">=7")/OFFSET($D17, -1, 0)*100)) | M19: =IF(SUM(OFFSET(Таблица6[[#Headers],[8]],1,0):OFFSET(M17, -1, 0))=0,"",IF(COUNTIF(OFFSET(Таблица6[[#Headers],[8]],1,0):OFFSET(M17, -1, 0),">=7")=0,0,COUNTIF(OFFSET(Таблица6[[#Headers],[8]],1,0):OFFSET(M17, -1, 0),">=7")/OFFSET($D17, -1, 0)*100)) | N19: =IF(SUM(OFFSET(Таблица6[[#Headers],[9]],1,0):OFFSET(N17, -1, 0))=0,"",IF(COUNTIF(OFFSET(Таблица6[[#Headers],[9]],1,0):OFFSET(N17, -1, 0),">=7")=0,0,COUNTIF(OFFSET(Таблица6[[#Headers],[9]],1,0):OFFSET(N17, -1, 0),">=7")/OFFSET($D17, -1, 0)*100)) | O19: =IF(SUM(OFFSET(Таблица6[[#Headers],[10]],1,0):OFFSET(O17, -1, 0))=0,"",IF(COUNTIF(OFFSET(Таблица6[[#Headers],[10]],1,0):OFFSET(O17, -1, 0),">=7")=0,0,COUNTIF(OFFSET(Таблица6[[#Headers],[10]],1,0):OFFSET(O17, -1, 0),">=7")/OFFSET($D17, -1, 0)*100)) | P19: =IF(SUM(OFFSET(Таблица6[[#Headers],[11]],1,0):OFFSET(P17, -1, 0))=0,"",IF(COUNTIF(OFFSET(Таблица6[[#Headers],[11]],1,0):OFFSET(P17, -1, 0),">=7")=0,0,COUNTIF(OFFSET(Таблица6[[#Headers],[11]],1,0):OFFSET(P17, -1, 0),">=7")/OFFSET($D17, -1, 0)*100)) | Q19: =IF(SUM(OFFSET(Таблица6[[#Headers],[12]],1,0):OFFSET(Q17, -1, 0))=0,"",IF(COUNTIF(OFFSET(Таблица6[[#Headers],[12]],1,0):OFFSET(Q17, -1, 0),">=7")=0,0,COUNTIF(OFFSET(Таблица6[[#Headers],[12]],1,0):OFFSET(Q17, -1, 0),">=7")/OFFSET($D17, -1, 0)*100)) | R19: =IF(SUM(OFFSET(Таблица6[[#Headers],[13]],1,0):OFFSET(R17, -1, 0))=0,"",IF(COUNTIF(OFFSET(Таблица6[[#Headers],[13]],1,0):OFFSET(R17, -1, 0),">=7")=0,0,COUNTIF(OFFSET(Таблица6[[#Headers],[13]],1,0):OFFSET(R17, -1, 0),">=7")/OFFSET($D17, -1, 0)*100)) | S19: =IF(SUM(OFFSET(Таблица6[[#Headers],[14]],1,0):OFFSET(S17, -1, 0))=0,"",IF(COUNTIF(OFFSET(Таблица6[[#Headers],[14]],1,0):OFFSET(S17, -1, 0),">=7")=0,0,COUNTIF(OFFSET(Таблица6[[#Headers],[14]],1,0):OFFSET(S17, -1, 0),">=7")/OFFSET($D17, -1, 0)*100))
E20: Абсолютна успішність по групі | F20: =IF(COUNT(F18:S18)<14,"",AVERAGE(F18:S18))
E21: Якісна успішність по групі | F21: =IF(COUNT(F19:S19)<14,"",AVERAGE(F19:S19))
E22: Кількість бюджетників | F22: =IF(COUNTIF(OFFSET(Таблица6[[#Headers],[''Б/К]],1,0):OFFSET($C17, -1, 0),"=Б")=0,IF(COUNTIF(OFFSET(Таблица6[[#Headers],[''Б/К]],1,0):OFFSET($C17, -1, 0),"=К")=0,"",0),COUNTIF(OFFSET(Таблица6[[#Headers],[''Б/К]],1,0):OFFSET($C17, -1, 0),"=Б"))
E23: Кількість контрактників | F23: =IF(COUNTIF(OFFSET(Таблица6[[#Headers],[''Б/К]],1,0):OFFSET($C17, -1, 0),"=К")=0,IF(COUNTIF(OFFSET(Таблица6[[#Headers],[''Б/К]],1,0):OFFSET($C17, -1, 0),"=Б")=0,"",0),COUNTIF(OFFSET(Таблица6[[#Headers],[''Б/К]],1,0):OFFSET($C17, -1, 0),"=К")) | H23: Класний керівник | O23: Наталія КРУПІНА
E24: Кількість соціального контингенту | F24: 3
E25: Вийшли на стипендію | F25: =IF(F22="","",IF(ROUNDDOWN(F22/100*40,0)<F22-U17,ROUNDDOWN(F22/100*40,0),F22-U17)) | H25: Завідувачка відділення ПЗСО | O25: Маргарита БРІТІКОВА

Sheet Рейтингова відомість
C3: ВІДОКРЕМЛЕНИЙ СТРУКТУРНИЙ ПІДРОЗДІЛ «ФАХОВИЙ КОЛЕДЖ НАФТОГАЗОВИХ ТЕХНОЛОГІЙ, ІНЖЕНЕРІЇ ТА ІНФРАСТРУКТУРИ СЕРВІСУ
C4: ОДЕСЬКОГО НАЦІОНАЛЬНОГО ТЕХНОЛОГІЧНОГО УНІВЕРСИТЕТУ»
C5: РЕЙТИНГОВА ВІДОМІСТЬ
C6: Успішності студентів спеціальності 076 «Підприємництво, торгівля та біржова діяльність»
C7: За I семестр 2023-2024 н.р.
C8: Група 23-2 курс І
C9: Б/К | D9: № п/п | E9: Прізвище, ім’я, по батькові | F9: Підсумкові оцінки дисциплін
F10: Астрономія Наговська Т.С. | G10: Біологія Богданенко О.В. | H10: Всесвітня історія Мельничук С.А. | I10: Географія Наговська Т.С. | J10: Зарубіжна література Сербулова Ю.А. | K10: Захист України Лазар В.І. | L10: Іноземна мова Нічик Н.О. | M10: Інформатика Вівдіч М.І. | N10: Історія України Левчук Т.Г. | O10: Математика Бондаренко О.С. | P10: Українська література Антропова Л.І. | Q10: Українська мова Антропова Л.І. | R10: Фізика Калюта Н.М. | S10: Фізична культура Кулатов В.М. | T10: Хімія Леонова Д.І. | U10: Середній бал | V10: Рейтинговий бал
C11: Столбец1 | D11: 0 | E11: Столбец3 | F11: Столбец4 | G11: Столбец5 | H11: Столбец6 | I11: Столбец7 | J11: Столбец8 | K11: Столбец9 | L11: Столбец10 | M11: Столбец11 | N11: Столбец12 | O11: Столбец125 | P11: Столбец124 | Q11: Столбец123 | R11: Столбец122 | S11: Столбец13 | T11: Столбец14 | U11: Столбец18 | V11: Столбец19
D12: =OFFSET(D12,-1,0)+1 -> 1 | E12: Крупін Вадим Вячеславович | F12: 10 | G12: 10 | H12: 10 | I12: 10 | J12: 10 | K12: 10 | L12: 11 | M12: 10 | N12: 9 | O12: 10 | P12: 11 | Q12: 10 | R12: 9 | S12: 10 | T12: 10 | U12: =IF(COUNTIF(OFFSET(Таблица9[[#This Row],[Столбец3]],0,1):OFFSET(U12,0,-1),"")=0,AVERAGE(OFFSET(Таблица9[[#This Row],[Столбец3]],0,1):OFFSET(U12,0,-1)),"") -> 10 | V12: =IF(Таблица9[[#This Row],[Столбец18]]="","",Таблица9[[#This Row],[Столбец18]]/12*90) -> 75
D13: =OFFSET(D13,-1,0)+1 -> 2 | E13: Колесник Аріна Сергіївна | F13: 9 | G13: 10 | H13: 10 | I13: 11 | J13: 10 | K13: 11 | L13: 11 | M13: 8 | N13: 7 | O13: 11 | P13: 11 | Q13: 8 | R13: 7 | S13: 9 | T13: 9 | U13: =IF(COUNTIF(OFFSET(Таблица9[[#This Row],[Столбец3]],0,1):OFFSET(U13,0,-1),"")=0,AVERAGE(OFFSET(Таблица9[[#This Row],[Столбец3]],0,1):OFFSET(U13,0,-1)),"") -> 9.4666667 | V13: =IF(Таблица9[[#This Row],[Столбец18]]="","",Таблица9[[#This Row],[Столбец18]]/12*90) -> 71
D14: =OFFSET(D14,-1,0)+1 -> 3 | E14: Чумаченко Данило Олександрович | F14: 7 | G14: 8 | H14: 7 | I14: 10 | J14: 6 | K14: 7 | L14: 7 | M14: 4 | N14: 7 | O14: 7 | P14: 7 | Q14: 4 | R14: 7 | S14: 8 | T14: 8 | U14: =IF(COUNTIF(OFFSET(Таблица9[[#This Row],[Столбец3]],0,1):OFFSET(U14,0,-1),"")=0,AVERAGE(OFFSET(Таблица9[[#This Row],[Столбец3]],0,1):OFFSET(U14,0,-1)),"") -> 6.9333333 | V14: =IF(Таблица9[[#This Row],[Столбец18]]="","",Таблица9[[#This Row],[Столбец18]]/12*90) -> 52
D15: =OFFSET(D15,-1,0)+1 -> 4 | E15: Котельніков Максим Владиславович | F15: 8 | G15: 10 | H15: 8 | I15: 7 | J15: 7 | K15: 5 | L15: 7 | M15: 7 | N15: 6 | O15: 5 | P15: 7 | Q15: 7 | R15: 6 | S15: 7 | T15: 8 | U15: =IF(COUNTIF(OFFSET(Таблица9[[#This Row],[Столбец3]],0,1):OFFSET(U15,0,-1),"")=0,AVERAGE(OFFSET(Таблица9[[#This Row],[Столбец3]],0,1):OFFSET(U15,0,-1)),"") -> 7 | V15: =IF(Таблица9[[#This Row],[Столбец18]]="","",Таблица9[[#This Row],[Столбец18]]/12*90) -> 52.5
D16: =OFFSET(D16,-1,0)+1 -> 5 | E16: Міхов Денис Юрійович | F16: 6 | G16: 10 | H16: 9 | I16: 9 | J16: 6 | K16: 8 | L16: 6 | M16: 7 | N16: 5 | O16: 8 | P16: 6 | Q16: 7 | R16: 5 | S16: 8 | T16: 8 | U16: =IF(COUNTIF(OFFSET(Таблица9[[#This Row],[Столбец3]],0,1):OFFSET(U16,0,-1),"")=0,AVERAGE(OFFSET(Таблица9[[#This Row],[Столбец3]],0,1):OFFSET(U16,0,-1)),"") -> 7.2 | V16: =IF(Таблица9[[#This Row],[Столбец18]]="","",Таблица9[[#This Row],[Столбец18]]/12*90) -> 54
E17: Кількість бюджетників | F17: ='Зведена відомість'!F22
E18: Кількість контрактників | F18: ='Зведена відомість'!F23 | H18: ='Зведена відомість'!H23 -> Класний керівник | P18: ='Зведена відомість'!O23 -> Наталія КРУПІНА
E19: Кількість соціального контингенту | F19: ='Зведена відомість'!F24 -> 3
E20: Вийшли на стипендію | F20: ='Зведена відомість'!F25 | H20: ='Зведена відомість'!H25 -> Завідувачка відділення ПЗСО | P20: ='Зведена відомість'!O25 -> Маргарита БРІТІКОВА
