Workbook
Name Ф80: #REF!
Name Ф80: #REF!
Name Ф80: #REF!
Name Ф80: #REF!
Name Ф80: #REF!
Name Ф80: #REF!

Sheet Зведена 075
C3: ВІДОКРЕМЛЕНИЙ СТРУКТУРНИЙ ПІДРОЗДІЛ
C4: «ФАХОВИЙ КОЛЕДЖ НАФТОГАЗОВИХ ТЕХНОЛОГІЙ, ІНЖЕНЕРІЇ ТА ІНФРАСТРУКТУРИ СЕРВІСУ
C5: ОДЕСЬКОГО НАЦІОНАЛЬНОГО ТЕХНОЛОГІЧНОГО УНІВЕРСИТЕТУ»
C6: ЗВЕДЕНА ВІДОМІСТЬ
C7: Успішності студентів спеціальності 075 «Маркетинг»
C8: За IІ семестр 2022-2023 н.р.
C9: Група 22-1 курс І
C10: Б/К | D10: № п/п | E10: Прізвище, ім’я, по батькові | F10: Підсумкові оцінки дисциплін
F11: Астрономія Наговська Т.С. | G11: Біологія Богданенко О.В. | H11: Всесвітня історія Мельничук С.А. | I11: Географія Наговська Т.С. | J11: Зарубіжна література Пруднікова Я.П. | K11: ЗУ Зданевич В.Ф. | L11: Іноземна мова Кучер О.П. | M11: Інформатика Вівдіч М.І. | N11: Історія України Левчук Т.Г. | O11: Математика Ромчук В.В. | P11: Українська література Брітікова М.В. | Q11: Українська мова Брітікова М.В. | R11: Фізика Калюта Н.М. | S11: Фізична культура Кулатов В.М. | T11: Хімія Леонова Д.І. | U11: Середній бал
C12: К | D12: 1 | E12: Бушовецька Дарія Віталіївна | F12: 10 | G12: 9 | H12: 10 | I12: 10 | J12: 11 | K12: 9 | L12: 3 | M12: 9 | N12: 5 | O12: 7 | P12: 11 | Q12: 10 | R12: 7 | S12: 8 | T12: 10 | U12: =IF(COUNTIF(F12:T12,"=*")>0,"-",IF(COUNTIF(G12:T12,"<4")>0,"-",(IFERROR(AVERAGE(G12:T12),"")))) -> -
C13: Б | D13: 2 | E13: Горошинська Анна Олегівна | F13: 9 | G13: 9 | H13: 10 | I13: 9 | J13: 10 | K13: 9 | L13: 8 | M13: 10 | N13: 8 | O13: 8 | P13: 9 | Q13: 9 | R13: 8 | S13: 10 | T13: 10 | U13: =IF(COUNTIF(F13:T13,"=*")>0,"-",IF(COUNTIF(G13:T13,"<4")>0,"-",(IFERROR(AVERAGE(G13:T13),"")))) -> 9.0714286
C14: Б | D14: 3 | E14: Гуменюк Аміна Міххтіївна | F14: 9 | G14: 9 | H14: 9 | I14: 9 | J14: 7 | K14: 9 | L14: 4 | M14: 8 | N14: 8 | O14: 5 | P14: 7 | Q14: 7 | R14: 7 | S14: 10 | T14: 6 | U14: =IF(COUNTIF(F14:T14,"=*")>0,"-",IF(COUNTIF(G14:T14,"<4")>0,"-",(IFERROR(AVERAGE(G14:T14),"")))) -> 7.5
C15: Б | D15: 4 | E15: Гуркіна Анна Ігорівна | F15: 11 | G15: 10 | H15: 10 | I15: 11 | J15: 11 | K15: 11 | L15: 11 | M15: 10 | N15: 10 | O15: 10 | P15: 11 | Q15: 10 | R15: 10 | S15: 11 | T15: 11 | U15: =IF(COUNTIF(F15:T15,"=*")>0,"-",IF(COUNTIF(G15:T15,"<4")>0,"-",(IFERROR(AVERAGE(G15:T15),"")))) -> 10.5
C16: Б | D16: 5 | E16: Діденко Софья Андріївна | F16: 10 | G16: 9 | H16: 10 | I16: 10 | J16: 10 | K16: 8 | L16: 10 | M16: 9 | N16: 9 | O16: 8 | P16: 6 | Q16: 10 | R16: 7 | S16: 10 | T16: 10 | U16: =IF(COUNTIF(F16:T16,"=*")>0,"-",IF(COUNTIF(G16:T16,"<4")>0,"-",(IFERROR(AVERAGE(G16:T16),"")))) -> 9
C17: Б | D17: 6 | E17: Дмуховська Аліса Андріївна | F17: 11 | G17: 10 | H17: 10 | I17: 12 | J17: 11 | K17: 9 | L17: 10 | M17: 10 | N17: 9 | O17: 7 | P17: 9 | Q17: 9 | R17: 9 | S17: 10 | T17: 11 | U17: =IF(COUNTIF(F17:T17,"=*")>0,"-",IF(COUNTIF(G17:T17,"<4")>0,"-",(IFERROR(AVERAGE(G17:T17),"")))) -> 9.7142857
C18: Б | D18: 7 | E18: Дурбалов Андрій Геннадійович | F18: 12 | G18: 11 | H18: 10 | I18: 12 | J18: 11 | K18: 11 | L18: 10 | M18: 11 | N18: 10 | O18: 10 | P18: 10 | Q18: 10 | R18: 10 | S18: 10 | T18: 10 | U18: =IF(COUNTIF(F18:T18,"=*")>0,"-",IF(COUNTIF(G18:T18,"<4")>0,"-",(IFERROR(AVERAGE(G18:T18),"")))) -> 10.428571
C19: Б | D19: 8 | E19: Єремеєва Дар’я Сергіївна | F19: 10 | G19: 11 | H19: 10 | I19: 10 | J19: 11 | K19: 9 | L19: 10 | M19: 10 | N19: 9 | O19: 10 | P19: 9 | Q19: 9 | R19: 9 | S19: 10 | T19: 11 | U19: =IF(COUNTIF(F19:T19,"=*")>0,"-",IF(COUNTIF(G19:T19,"<4")>0,"-",(IFERROR(AVERAGE(G19:T19),"")))) -> 9.8571429
C20: Б | D20: 9 | E20: Калугіна Анастасія Дмитрівна | F20: 10 | G20: 10 | H20: 10 | I20: 11 | J20: 11 | K20: 11 | L20: 10 | M20: 10 | N20: 10 | O20: 10 | P20: 10 | Q20: 10 | R20: 11 | S20: 10 | T20: 11 | U20: =IF(COUNTIF(F20:T20,"=*")>0,"-",IF(COUNTIF(G20:T20,"<4")>0,"-",(IFERROR(AVERAGE(G20:T20),"")))) -> 10.357143
C21: К | D21: 10 | E21: Карпенко Уляна Вікторівна | F21: 10 | G21: 10 | H21: 10 | I21: 10 | J21: 10 | K21: 9 | L21: 10 | M21: 9 | N21: 8 | O21: 9 | P21: 9 | Q21: 9 | R21: 10 | S21: 10 | T21: 9 | U21: =IF(COUNTIF(F21:T21,"=*")>0,"-",IF(COUNTIF(G21:T21,"<4")>0,"-",(IFERROR(AVERAGE(G21:T21),"")))) -> 9.4285714
C22: К | D22: 11 | E22: Кононенко Анастасія Ігорівна | F22: 9 | G22: 9 | H22: 9 | I22: 10 | J22: 11 | K22: 7 | L22: 10 | M22: 8 | N22: 5 | O22: 4 | P22: 10 | Q22: 8 | R22: 6 | S22: 6 | T22: 11 | U22: =IF(COUNTIF(F22:T22,"=*")>0,"-",IF(COUNTIF(G22:T22,"<4")>0,"-",(IFERROR(AVERAGE(G22:T22),"")))) -> 8.1428571
C23: К | D23: 12 | E23: Лукашевич Вікторія Леонідівна | F23: 10 | G23: 8 | H23: 10 | I23: 8 | J23: 10 | K23: 8 | L23: 7 | M23: 10 | N23: 7 | O23: 4 | P23: 9 | Q23: 7 | R23: 7 | S23: 8 | T23: 8 | U23: =IF(COUNTIF(F23:T23,"=*")>0,"-",IF(COUNTIF(G23:T23,"<4")>0,"-",(IFERROR(AVERAGE(G23:T23),"")))) -> 7.9285714
... C35: Б | D35: 24 | E35: Чабан Каріна Ігорівна | F35: 11 | G35: 10 | H35: 10 | I35: 12 | J35: 11 | K35: 10 | L35: 10 | M35: 10 | N35: 10 | O35: 10 | P35: 10 | Q35: 10 | R35: 10 | S35: 10 | T35: 11 | U35: =IF(COUNTIF(F35:T35,"=*")>0,"-",IF(COUNTIF(G35:T35,"<4")>0,"-",(IFERROR(AVERAGE(G35:T35),"")))) -> 10.285714
E36: Середній бал успішності з дисципліни | F36: =IF(SUM(F12:F35)=0,"",SUM(F12:F35)/D35) -> 9.8333333 | G36: =IF(SUM(G12:G35)=0,"",SUM(G12:G35)/D35) -> 9.25 | H36: =IF(SUM(H12:H35)=0,"",SUM(H12:H35)/D35) -> 9.625 | I36: =IF(SUM(I12:I35)=0,"",SUM(I12:I35)/D35) -> 9.7916667 | J36: =IF(SUM(J12:J35)=0,"",SUM(J12:J35)/D35) -> 9.625 | K36: =IF(SUM(K12:K35)=0,"",SUM(K12:K35)/D35) -> 9.0416667 | L36: =IF(SUM(L12:L35)=0,"",SUM(L12:L35)/D35) -> 8.9166667 | M36: =IF(SUM(M12:M35)=0,"",SUM(M12:M35)/D35) -> 9.3333333 | N36: =IF(SUM(N12:N35)=0,"",SUM(N12:N35)/D35) -> 8.0833333 | O36: =IF(SUM(O12:O35)=0,"",SUM(O12:O35)/D35) -> 7.4583333 | P36: =IF(SUM(P12:P35)=0,"",SUM(P12:P35)/D35) -> 9.0833333 | Q36: =IF(SUM(Q12:Q35)=0,"",SUM(Q12:Q35)/D35) -> 8.9166667 | R36: =IF(SUM(R12:R35)=0,"",SUM(R12:R35)/D35) -> 8.1666667 | S36: =IF(SUM(S12:S35)=0,"",SUM(S12:S35)/D35) -> 9.2083333 | T36: =IF(SUM(T12:T35)=0,"",SUM(T12:T35)/D35) -> 9.3333333 | U36: =IFERROR(AVERAGE(F36:T36),"") -> 9.0444444
E37: Абсолютна успішність | F37: =IF(SUM(F12:F35)=0,"",IF(COUNTIF(F12:F35,">=4")=0,0,COUNTIF(F12:F35,">=4")/D35*100)) -> 100 | G37: =IF(SUM(G12:G35)=0,"",IF(COUNTIF(G12:G35,">=4")=0,0,COUNTIF(G12:G35,">=4")/D35*100)) -> 100 | H37: =IF(SUM(H12:H35)=0,"",IF(COUNTIF(H12:H35,">=4")=0,0,COUNTIF(H12:H35,">=4")/D35*100)) -> 100 | I37: =IF(SUM(I12:I35)=0,"",IF(COUNTIF(I12:I35,">=4")=0,0,COUNTIF(I12:I35,">=4")/D35*100)) -> 100 | J37: =IF(SUM(J12:J35)=0,"",IF(COUNTIF(J12:J35,">=4")=0,0,COUNTIF(J12:J35,">=4")/D35*100)) -> 100 | K37: =IF(SUM(K12:K35)=0,"",IF(COUNTIF(K12:K35,">=4")=0,0,COUNTIF(K12:K35,">=4")/D35*100)) -> 100 | L37: =IF(SUM(L12:L35)=0,"",IF(COUNTIF(L12:L35,">=4")=0,0,COUNTIF(L12:L35,">=4")/D35*100)) -> 95.833333 | M37: =IF(SUM(M12:M35)=0,"",IF(COUNTIF(M12:M35,">=4")=0,0,COUNTIF(M12:M35,">=4")/D35*100)) -> 100 | N37: =IF(SUM(N12:N35)=0,"",IF(COUNTIF(N12:N35,">=4")=0,0,COUNTIF(N12:N35,">=4")/D35*100)) -> 100 | O37: =IF(SUM(O12:O35)=0,"",IF(COUNTIF(O12:O35,">=4")=0,0,COUNTIF(O12:O35,">=4")/D35*100)) -> 100 | P37: =IF(SUM(P12:P35)=0,"",IF(COUNTIF(P12:P35,">=4")=0,0,COUNTIF(P12:P35,">=4")/D35*100)) -> 100 | Q37: =IF(SUM(Q12:Q35)=0,"",IF(COUNTIF(Q12:Q35,">=4")=0,0,COUNTIF(Q12:Q35,">=4")/D35*100)) -> 100 | R37: =IF(SUM(R12:R35)=0,"",IF(COUNTIF(R12:R35,">=4")=0,0,COUNTIF(R12:R35,">=4")/D35*100)) -> 100 | S37: =IF(SUM(S12:S35)=0,"",IF(COUNTIF(S12:S35,">=4")=0,0,COUNTIF(S12:S35,">=4")/D35*100)) -> 100 | T37: =IF(SUM(T12:T35)=0,"",IF(COUNTIF(T12:T35,">=4")=0,0,COUNTIF(T12:T35,">=4")/D35*100)) -> 100
E38: Якісна успішність | F38: =IF(SUM(F12:F35)=0,"",IF(COUNTIF(F12:F35,">=7")=0,0,COUNTIF(F12:F35,">=7")/D35*100)) -> 100 | G38: =IF(SUM(G12:G35)=0,"",IF(COUNTIF(G12:G35,">=7")=0,0,COUNTIF(G12:G35,">=7")/D35*100)) -> 95.833333 | H38: =IF(SUM(H12:H35)=0,"",IF(COUNTIF(H12:H35,">=7")=0,0,COUNTIF(H12:H35,">=7")/D35*100)) -> 100 | I38: =IF(SUM(I12:I35)=0,"",IF(COUNTIF(I12:I35,">=7")=0,0,COUNTIF(I12:I35,">=7")/D35*100)) -> 100 | J38: =IF(SUM(J12:J35)=0,"",IF(COUNTIF(J12:J35,">=7")=0,0,COUNTIF(J12:J35,">=7")/D35*100)) -> 91.666667 | K38: =IF(SUM(K12:K35)=0,"",IF(COUNTIF(K12:K35,">=7")=0,0,COUNTIF(K12:K35,">=7")/D35*100)) -> 95.833333 | L38: =IF(SUM(L12:L35)=0,"",IF(COUNTIF(L12:L35,">=7")=0,0,COUNTIF(L12:L35,">=7")/D35*100)) -> 87.5 | M38: =IF(SUM(M12:M35)=0,"",IF(COUNTIF(M12:M35,">=7")=0,0,COUNTIF(M12:M35,">=7")/D35*100)) -> 95.833333 | N38: =IF(SUM(N12:N35)=0,"",IF(COUNTIF(N12:N35,">=7")=0,0,COUNTIF(N12:N35,">=7")/D35*100)) -> 87.5 | O38: =IF(SUM(O12:O35)=0,"",IF(COUNTIF(O12:O35,">=7")=0,0,COUNTIF(O12:O35,">=7")/D35*100)) -> 62.5 | P38: =IF(SUM(P12:P35)=0,"",IF(COUNTIF(P12:P35,">=7")=0,0,COUNTIF(P12:P35,">=7")/D35*100)) -> 91.666667 | Q38: =IF(SUM(Q12:Q35)=0,"",IF(COUNTIF(Q12:Q35,">=7")=0,0,COUNTIF(Q12:Q35,">=7")/D35*100)) -> 95.833333 | R38: =IF(SUM(R12:R35)=0,"",IF(COUNTIF(R12:R35,">=7")=0,0,COUNTIF(R12:R35,">=7")/D35*100)) -> 83.333333 | S38: =IF(SUM(S12:S35)=0,"",IF(COUNTIF(S12:S35,">=7")=0,0,COUNTIF(S12:S35,">=7")/D35*100)) -> 87.5 | T38: =IF(SUM(T12:T35)=0,"",IF(COUNTIF(T12:T35,">=7")=0,0,COUNTIF(T12:T35,">=7")/D35*100)) -> 91.666667
E39: Абсолютна успішність по групі | F39: =IFERROR(AVERAGE(F37:T37),"") -> 99.722222
E40: Якісна успішність по групі | F40: =IFERROR(AVERAGE(F38:T38),"") -> 91.111111
E41: Кількість бюджетників | F41: =IF(COUNTIF(C12:C35,"=Б")=0,IF(COUNTIF(C12:C35,"=К")=0,"",0),COUNTIF(C12:C35,"=Б")) -> 16
E42: Кількість контрактників | F42: =IF(COUNTIF(C12:C35,"=К")=0,IF(COUNTIF(C12:C35,"=Б")=0,"",0),COUNTIF(C12:C35,"=К")) -> 8 | I42: Класний керівник | P42: Віра МЄШКОВА
E43: Кількість соціального контингенту | F43: 2
E44: Вийшли на стипендію | F44: 6 | I44: Завідувач відділення ПЗСО | P44: Маргарита БРІТІКОВА

Sheet Рейтингова 075
C3: ВІДОКРЕМЛЕНИЙ СТРУКТУРНИЙ ПІДРОЗДІЛ
C4: «ФАХОВИЙ КОЛЕДЖ НАФТОГАЗОВИХ ТЕХНОЛОГІЙ, ІНЖЕНЕРІЇ ТА ІНФРАСТРУКТУРИ СЕРВІСУ
C5: ОДЕСЬКОГО НАЦІОНАЛЬНОГО ТЕХНОЛОГІЧНОГО УНІВЕРСИТЕТУ»
C6: РЕЙТИНГОВА ВІДОМІСТЬ
C7: Успішності студентів спеціальності 075 «Маркетинг»
C8: За IІ семестр 2022-2023 н.р.
C9: Група 22-1 курс І
C10: Б/К | D10: № п/п | E10: Прізвище, ім’я, по батькові | F10: Підсумкові оцінки дисциплін
F11: Астрономія Наговська Т.С. | G11: Біологія Богданенко О.В. | H11: Всесвітня історія Мельничук С.А. | I11: Географія Наговська Т.С. | J11: Зарубіжна література Пруднікова Я.П. | K11: ЗУ Зданевич В.Ф. | L11: Іноземна мова Кучер О.П. | M11: Інформатика Вівдіч М.І. | N11: Історія України Левчук Т.Г. | O11: Математика Ромчук В.В. | P11: Українська література Брітікова М.В. | Q11: Українська мова Брітікова М.В. | R11: Фізика Калюта Н.М. | S11: Фізична культура Кулатов В.М. | T11: Хімія Леонова Д.І. | U11: Середній бал | V11: Рейтинговий бал
C12: Б | D12: 1 | E12: Марківська Людмила Олександрівна | F12: 11 | G12: 11 | H12: 10 | I12: 11 | J12: 11 | K12: 12 | L12: 11 | M12: 10 | N12: 10 | O12: 10 | P12: 11 | Q12: 11 | R12: 10 | S12: 10 | T12: 11 | U12: =IF(COUNTIF(F12:T12,"=*")>0,"-",IF(COUNTIF(F12:T12,"<4")>0,"-",(IFERROR(AVERAGE(F12:T12),"")))) -> 10.666667 | V12: =U12/12*90 -> 80
C13: Б | D13: 2 | E13: Гуркіна Анна Ігорівна | F13: 11 | G13: 10 | H13: 10 | I13: 11 | J13: 11 | K13: 11 | L13: 11 | M13: 10 | N13: 10 | O13: 10 | P13: 11 | Q13: 10 | R13: 10 | S13: 11 | T13: 11 | U13: =IF(COUNTIF(F13:T13,"=*")>0,"-",IF(COUNTIF(F13:T13,"<4")>0,"-",(IFERROR(AVERAGE(F13:T13),"")))) -> 10.533333 | V13: =U13/12*90 -> 79
C14: Б | D14: 3 | E14: Дурбалов Андрій Геннадійович | F14: 12 | G14: 11 | H14: 10 | I14: 12 | J14: 11 | K14: 11 | L14: 10 | M14: 11 | N14: 10 | O14: 10 | P14: 10 | Q14: 10 | R14: 10 | S14: 10 | T14: 10 | U14: =IF(COUNTIF(F14:T14,"=*")>0,"-",IF(COUNTIF(F14:T14,"<4")>0,"-",(IFERROR(AVERAGE(F14:T14),"")))) -> 10.533333 | V14: =U14/12*90 -> 79
C15: Б | D15: 4 | E15: Калугіна Анастасія Дмитрівна | F15: 10 | G15: 10 | H15: 10 | I15: 11 | J15: 11 | K15: 11 | L15: 10 | M15: 10 | N15: 10 | O15: 10 | P15: 10 | Q15: 10 | R15: 11 | S15: 10 | T15: 11 | U15: =IF(COUNTIF(F15:T15,"=*")>0,"-",IF(COUNTIF(F15:T15,"<4")>0,"-",(IFERROR(AVERAGE(F15:T15),"")))) -> 10.333333 | V15: =U15/12*90 -> 77.5
C16: Б | D16: 5 | E16: Чабан Каріна Ігорівна | F16: 11 | G16: 10 | H16: 10 | I16: 12 | J16: 11 | K16: 10 | L16: 10 | M16: 10 | N16: 10 | O16: 10 | P16: 10 | Q16: 10 | R16: 10 | S16: 10 | T16: 11 | U16: =IF(COUNTIF(F16:T16,"=*")>0,"-",IF(COUNTIF(F16:T16,"<4")>0,"-",(IFERROR(AVERAGE(F16:T16),"")))) -> 10.333333 | V16: =U16/12*90 -> 77.5
C17: Б | D17: 6 | E17: Єремеєва Дар’я Сергіївна | F17: 10 | G17: 11 | H17: 10 | I17: 10 | J17: 11 | K17: 9 | L17: 10 | M17: 10 | N17: 9 | O17: 10 | P17: 9 | Q17: 9 | R17: 9 | S17: 10 | T17: 11 | U17: =IF(COUNTIF(F17:T17,"=*")>0,"-",IF(COUNTIF(F17:T17,"<4")>0,"-",(IFERROR(AVERAGE(F17:T17),"")))) -> 9.8666667 | V17: =U17/12*90 -> 74
C18: Б | D18: 7 | E18: Дмуховська Аліса Андріївна | F18: 11 | G18: 10 | H18: 10 | I18: 12 | J18: 11 | K18: 9 | L18: 10 | M18: 10 | N18: 9 | O18: 7 | P18: 9 | Q18: 9 | R18: 9 | S18: 10 | T18: 11 | U18: =IF(COUNTIF(F18:T18,"=*")>0,"-",IF(COUNTIF(F18:T18,"<4")>0,"-",(IFERROR(AVERAGE(F18:T18),"")))) -> 9.8 | V18: =U18/12*90 -> 73.5
C19: Б | D19: 8 | E19: Фурсова Тетяна Валеріївна | F19: 10 | G19: 10 | H19: 10 | I19: 10 | J19: 10 | K19: 9 | L19: 11 | M19: 10 | N19: 8 | O19: 9 | P19: 10 | Q19: 8 | R19: 9 | S19: 10 | T19: 10 | U19: =IF(COUNTIF(F19:T19,"=*")>0,"-",IF(COUNTIF(F19:T19,"<4")>0,"-",(IFERROR(AVERAGE(F19:T19),"")))) -> 9.6 | V19: =U19/12*90 -> 72
C20: Б | D20: 9 | E20: Тимусяк Юлія Ігорівна | F20: 10 | G20: 9 | H20: 10 | I20: 10 | J20: 9 | K20: 9 | L20: 11 | M20: 10 | N20: 8 | O20: 7 | P20: 9 | Q20: 9 | R20: 8 | S20: 10 | T20: 8 | U20: =IF(COUNTIF(F20:T20,"=*")>0,"-",IF(COUNTIF(F20:T20,"<4")>0,"-",(IFERROR(AVERAGE(F20:T20),"")))) -> 9.1333333 | V20: =U20/12*90 -> 68.5
C21: Б | D21: 10 | E21: Горошинська Анна Олегівна | F21: 9 | G21: 9 | H21: 10 | I21: 9 | J21: 10 | K21: 9 | L21: 8 | M21: 10 | N21: 8 | O21: 8 | P21: 9 | Q21: 9 | R21: 8 | S21: 10 | T21: 10 | U21: =IF(COUNTIF(F21:T21,"=*")>0,"-",IF(COUNTIF(F21:T21,"<4")>0,"-",(IFERROR(AVERAGE(F21:T21),"")))) -> 9.0666667 | V21: =U21/12*90 -> 68
C22: Б | D22: 11 | E22: Діденко Софья Андріївна | F22: 10 | G22: 9 | H22: 10 | I22: 10 | J22: 10 | K22: 8 | L22: 10 | M22: 9 | N22: 9 | O22: 8 | P22: 6 | Q22: 10 | R22: 7 | S22: 10 | T22: 10 | U22: =IF(COUNTIF(F22:T22,"=*")>0,"-",IF(COUNTIF(F22:T22,"<4")>0,"-",(IFERROR(AVERAGE(F22:T22),"")))) -> 9.0666667 | V22: =U22/12*90 -> 68
C23: Б | D23: 12 | E23: Цибульська Ольга Євгенівна | F23: 10 | G23: 10 | H23: 8 | I23: 9 | J23: 9 | K23: 9 | L23: 8 | M23: 9 | N23: 8 | O23: 6 | P23: 9 | Q23: 10 | R23: 9 | S23: 10 | T23: 8 | U23: =IF(COUNTIF(F23:T23,"=*")>0,"-",IF(COUNTIF(F23:T23,"<4")>0,"-",(IFERROR(AVERAGE(F23:T23),"")))) -> 8.8 | V23: =U23/12*90 -> 66
... C27: Б | D27: 16 | E27: Пулєва Таїсія Михайлівна | F27: 9 | G27: 4 | H27: 8 | I27: 7 | J27: 4 | K27: 7 | L27: 7 | M27: 6 | N27: 6 | O27: 6 | P27: 9 | Q27: 9 | R27: 6 | S27: 8 | T27: 6 | U27: =IF(COUNTIF(F27:T27,"=*")>0,"-",IF(COUNTIF(F27:T27,"<4")>0,"-",(IFERROR(AVERAGE(F27:T27),"")))) -> 6.8 | V27: =U27/12*90 -> 51
E28: Кількість бюджетників | F28: ='Зведена 075'!F41 -> 16
E29: Кількість контрактників | F29: ='Зведена 075'!F42 -> 8 | I29: Класний керівник | P29: Віра МЄШКОВА
E30: Кількість соціального контингенту | F30: ='Зведена 075'!F43 -> 2
E31: Вийшли на стипендію | F31: ='Зведена 075'!F44 -> 6 | I31: Завідувач відділення ПЗСО | P31: Маргарита БРІТІКОВА

Sheet Зведена 161
C3: ВІДОКРЕМЛЕНИЙ СТРУКТУРНИЙ ПІДРОЗДІЛ
C4: «ФАХОВИЙ КОЛЕДЖ НАФТОГАЗОВИХ ТЕХНОЛОГІЙ, ІНЖЕНЕРІЇ ТА ІНФРАСТРУКТУРИ СЕРВІСУ
C5: ОДЕСЬКОГО НАЦІОНАЛЬНОГО ТЕХНОЛОГІЧНОГО УНІВЕРСИТЕТУ»
C6: ЗВЕДЕНА ВІДОМІСТЬ
C7: Успішності студентів спеціальності 161 «Хімічні технології»
C8: За IІ семестр 2022-2023 н.р.
C9: Група 22-1 курс І
C10: Б/К | D10: № п/п | E10: Прізвище, ім’я, по батькові | F10: Підсумкові оцінки дисциплін
F11: Астрономія Наговська Т.С. | G11: Біологія Богданенко О.В. | H11: Всесвітня історія Мельничук С.А. | I11: Географія Наговська Т.С. | J11: Зарубіжна література Пруднікова Я.П. | K11: ЗУ Зданевич В.Ф. | L11: Іноземна мова Кучер О.П. | M11: Інформатика Вівдіч М.І. | N11: Історія України Левчук Т.Г. | O11: Математика Ромчук В.В. | P11: Українська література Брітікова М.В. | Q11: Українська мова Брітікова М.В. | R11: Фізика Калюта Н.М. | S11: Фізична культура Кулатов В.М. | T11: Хімія Леонова Д.І. | U11: Середній бал
C12: Б | D12: 1 | E12: Автушко Гліб Валерійович | F12: 4 | G12: 4 | H12: 5 | I12: 4 | J12: 4 | K12: н/а | L12: 3 | M12: н/а | N12: н/а | O12: 4 | P12: н/а | Q12: н/а | R12: н/а | S12: н/а | T12: 5 | U12: =IF(COUNTIF(F12:T12,"=*")>0,"-",IF(COUNTIF(F12:T12,"<4")>0,"-",(IFERROR(AVERAGE(F12:T12),"")))) -> -
C13: Б | D13: 2 | E13: Добровольский Олександр Олександрович | F13: 10 | G13: 8 | H13: 10 | I13: 8 | J13: 10 | K13: 8 | L13: 9 | M13: 10 | N13: 8 | O13: 7 | P13: 9 | Q13: 8 | R13: 8 | S13: 10 | T13: 11 | U13: =IF(COUNTIF(F13:T13,"=*")>0,"-",IF(COUNTIF(F13:T13,"<4")>0,"-",(IFERROR(AVERAGE(F13:T13),"")))) -> 8.9333333
C14: Б | D14: 3 | E14: Сухом’ясов Олексій Валерійович | F14: 10 | G14: 7 | H14: 7 | I14: 7 | J14: 6 | K14: 11 | L14: 7 | M14: 8 | N14: 5 | O14: 4 | P14: 7 | Q14: 7 | R14: 5 | S14: 10 | T14: 7 | U14: =IF(COUNTIF(F14:T14,"=*")>0,"-",IF(COUNTIF(F14:T14,"<4")>0,"-",(IFERROR(AVERAGE(F14:T14),"")))) -> 7.2
E15: Середній бал успішності з дисципліни | F15: =IF(SUM(F12:F14)=0,"",SUM(F12:F14)/D14) -> 8 | G15: =IF(SUM(G12:G14)=0,"",SUM(G12:G14)/D14) -> 6.3333333 | H15: =IF(SUM(H12:H14)=0,"",SUM(H12:H14)/D14) -> 7.3333333 | I15: =IF(SUM(I12:I14)=0,"",SUM(I12:I14)/D14) -> 6.3333333 | J15: =IF(SUM(J12:J14)=0,"",SUM(J12:J14)/D14) -> 6.6666667 | K15: =IF(SUM(K12:K14)=0,"",SUM(K12:K14)/D14) -> 6.3333333 | L15: =IF(SUM(L12:L14)=0,"",SUM(L12:L14)/D14) -> 6.3333333 | M15: =IF(SUM(M12:M14)=0,"",SUM(M12:M14)/D14) -> 6 | N15: =IF(SUM(N12:N14)=0,"",SUM(N12:N14)/D14) -> 4.3333333 | O15: =IF(SUM(O12:O14)=0,"",SUM(O12:O14)/D14) -> 5 | P15: =IF(SUM(P12:P14)=0,"",SUM(P12:P14)/D14) -> 5.3333333 | Q15: =IF(SUM(Q12:Q14)=0,"",SUM(Q12:Q14)/D14) -> 5 | R15: =IF(SUM(R12:R14)=0,"",SUM(R12:R14)/D14) -> 4.3333333 | S15: =IF(SUM(S12:S14)=0,"",SUM(S12:S14)/D14) -> 6.6666667 | T15: =IF(SUM(T12:T14)=0,"",SUM(T12:T14)/D14) -> 7.6666667 | U15: =IFERROR(AVERAGE(F15:T15),"") -> 6.1111111
E16: Абсолютна успішність | F16: =IF(SUM(F12:F14)=0,"",IF(COUNTIF(F12:F14,">=4")=0,0,COUNTIF(F12:F14,">=4")/D14*100)) -> 100 | G16: =IF(SUM(G12:G14)=0,"",IF(COUNTIF(G12:G14,">=4")=0,0,COUNTIF(G12:G14,">=4")/D14*100)) -> 100 | H16: =IF(SUM(H12:H14)=0,"",IF(COUNTIF(H12:H14,">=4")=0,0,COUNTIF(H12:H14,">=4")/D14*100)) -> 100 | I16: =IF(SUM(I12:I14)=0,"",IF(COUNTIF(I12:I14,">=4")=0,0,COUNTIF(I12:I14,">=4")/D14*100)) -> 100 | J16: =IF(SUM(J12:J14)=0,"",IF(COUNTIF(J12:J14,">=4")=0,0,COUNTIF(J12:J14,">=4")/D14*100)) -> 100 | K16: =IF(SUM(K12:K14)=0,"",IF(COUNTIF(K12:K14,">=4")=0,0,COUNTIF(K12:K14,">=4")/D14*100)) -> 66.666667 | L16: =IF(SUM(L12:L14)=0,"",IF(COUNTIF(L12:L14,">=4")=0,0,COUNTIF(L12:L14,">=4")/D14*100)) -> 66.666667 | M16: =IF(SUM(M12:M14)=0,"",IF(COUNTIF(M12:M14,">=4")=0,0,COUNTIF(M12:M14,">=4")/D14*100)) -> 66.666667 | N16: =IF(SUM(N12:N14)=0,"",IF(COUNTIF(N12:N14,">=4")=0,0,COUNTIF(N12:N14,">=4")/D14*100)) -> 66.666667 | O16: =IF(SUM(O12:O14)=0,"",IF(COUNTIF(O12:O14,">=4")=0,0,COUNTIF(O12:O14,">=4")/D14*100)) -> 100 | P16: =IF(SUM(P12:P14)=0,"",IF(COUNTIF(P12:P14,">=4")=0,0,COUNTIF(P12:P14,">=4")/D14*100)) -> 66.666667 | Q16: =IF(SUM(Q12:Q14)=0,"",IF(COUNTIF(Q12:Q14,">=4")=0,0,COUNTIF(Q12:Q14,">=4")/D14*100)) -> 66.666667 | R16: =IF(SUM(R12:R14)=0,"",IF(COUNTIF(R12:R14,">=4")=0,0,COUNTIF(R12:R14,">=4")/D14*100)) -> 66.666667 | S16: =IF(SUM(S12:S14)=0,"",IF(COUNTIF(S12:S14,">=4")=0,0,COUNTIF(S12:S14,">=4")/D14*100)) -> 66.666667 | T16: =IF(SUM(T12:T14)=0,"",IF(COUNTIF(T12:T14,">=4")=0,0,COUNTIF(T12:T14,">=4")/D14*100)) -> 100
E17: Якісна успішність | F17: =IF(SUM(F12:F14)=0,"",IF(COUNTIF(F12:F14,">=7")=0,0,COUNTIF(F12:F14,">=7")/D14*100)) -> 66.666667 | G17: =IF(SUM(G12:G14)=0,"",IF(COUNTIF(G12:G14,">=7")=0,0,COUNTIF(G12:G14,">=7")/D14*100)) -> 66.666667 | H17: =IF(SUM(H12:H14)=0,"",IF(COUNTIF(H12:H14,">=7")=0,0,COUNTIF(H12:H14,">=7")/D14*100)) -> 66.666667 | I17: =IF(SUM(I12:I14)=0,"",IF(COUNTIF(I12:I14,">=7")=0,0,COUNTIF(I12:I14,">=7")/D14*100)) -> 66.666667 | J17: =IF(SUM(J12:J14)=0,"",IF(COUNTIF(J12:J14,">=7")=0,0,COUNTIF(J12:J14,">=7")/D14*100)) -> 33.333333 | K17: =IF(SUM(K12:K14)=0,"",IF(COUNTIF(K12:K14,">=7")=0,0,COUNTIF(K12:K14,">=7")/D14*100)) -> 66.666667 | L17: =IF(SUM(L12:L14)=0,"",IF(COUNTIF(L12:L14,">=7")=0,0,COUNTIF(L12:L14,">=7")/D14*100)) -> 66.666667 | M17: =IF(SUM(M12:M14)=0,"",IF(COUNTIF(M12:M14,">=7")=0,0,COUNTIF(M12:M14,">=7")/D14*100)) -> 66.666667 | N17: =IF(SUM(N12:N14)=0,"",IF(COUNTIF(N12:N14,">=7")=0,0,COUNTIF(N12:N14,">=7")/D14*100)) -> 33.333333 | O17: =IF(SUM(O12:O14)=0,"",IF(COUNTIF(O12:O14,">=7")=0,0,COUNTIF(O12:O14,">=7")/D14*100)) -> 33.333333 | P17: =IF(SUM(P12:P14)=0,"",IF(COUNTIF(P12:P14,">=7")=0,0,COUNTIF(P12:P14,">=7")/D14*100)) -> 66.666667 | Q17: =IF(SUM(Q12:Q14)=0,"",IF(COUNTIF(Q12:Q14,">=7")=0,0,COUNTIF(Q12:Q14,">=7")/D14*100)) -> 66.666667 | R17: =IF(SUM(R12:R14)=0,"",IF(COUNTIF(R12:R14,">=7")=0,0,COUNTIF(R12:R14,">=7")/D14*100)) -> 33.333333 | S17: =IF(SUM(S12:S14)=0,"",IF(COUNTIF(S12:S14,">=7")=0,0,COUNTIF(S12:S14,">=7")/D14*100)) -> 66.666667 | T17: =IF(SUM(T12:T14)=0,"",IF(COUNTIF(T12:T14,">=7")=0,0,COUNTIF(T12:T14,">=7")/D14*100)) -> 66.666667
E18: Абсолютна успішність по групі | F18: =IFERROR(AVERAGE(F16:T16),"") -> 82.222222
E19: Якісна успішність по групі | F19: =IFERROR(AVERAGE(F17:T17),"") -> 57.777778
E20: Кількість бюджетників | F20: =IF(COUNTIF(C12:C14,"=Б")=0,IF(COUNTIF(C12:C14,"=К")=0,"",0),COUNTIF(C12:C14,"=Б")) -> 3
E21: Кількість контрактників | F21: =IF(COUNTIF(C12:C14,"=К")=0,IF(COUNTIF(C12:C14,"=Б")=0,"",0),COUNTIF(C12:C14,"=К")) -> 0 | I21: Класний керівник | P21: Віра МЄШКОВА
E22: Кількість соціального контингенту | F22: 1
E23: Вийшли на стипендію | F23: 1 | I23: Завідувач відділення ПЗСО | P23: Маргарита БРІТІКОВА

Sheet Рейтингова 161
C3: ВІДОКРЕМЛЕНИЙ СТРУКТУРНИЙ ПІДРОЗДІЛ
C4: «ФАХОВИЙ КОЛЕДЖ НАФТОГАЗОВИХ ТЕХНОЛОГІЙ, ІНЖЕНЕРІЇ ТА ІНФРАСТРУКТУРИ СЕРВІСУ
C5: ОДЕСЬКОГО НАЦІОНАЛЬНОГО ТЕХНОЛОГІЧНОГО УНІВЕРСИТЕТУ»
C6: РЕЙТИНГОВА ВІДОМІСТЬ
C7: Успішності студентів спеціальності 161 «Хімічні технології»
C8: За ІI семестр 2022-2023 н.р.
C9: Група 22-1 курс І
C10: Б/К | D10: № п/п | E10: Прізвище, ім’я, по батькові | F10: Підсумкові оцінки дисциплін
F11: Астрономія Наговська Т.С. | G11: Біологія Богданенко О.В. | H11: Всесвітня історія Мельничук С.А. | I11: Географія Наговська Т.С. | J11: Зарубіжна література Пруднікова Я.П. | K11: ЗУ Зданевич В.Ф. | L11: Іноземна мова Кучер О.П. | M11: Інформатика Вівдіч М.І. | N11: Історія України Левчук Т.Г. | O11: Математика Ромчук В.В. | P11: Українська література Брітікова М.В. | Q11: Українська мова Брітікова М.В. | R11: Фізика Калюта Н.М. | S11: Фізична культура Кулатов В.М. | T11: Хімія Леонова Д.І. | U11: Середній бал | V11: Рейтинговий бал
C12: Б | D12: 1 | E12: Добровольский Олександр Олександрович | F12: 10 | G12: 8 | H12: 10 | I12: 8 | J12: 10 | K12: 8 | L12: 9 | M12: 10 | N12: 8 | O12: 7 | P12: 9 | Q12: 8 | R12: 8 | S12: 10 | T12: 11 | U12: =IF(COUNTIF(F12:T12,"=*")>0,"-",IF(COUNTIF(F12:T12,"<4")>0,"-",(IFERROR(AVERAGE(F12:T12),"")))) -> 8.9333333 | V12: =U12/12*90 -> 67
C13: Б | D13: 2 | E13: Сухом’ясов Олексій Валерійович | F13: 10 | G13: 7 | H13: 7 | I13: 7 | J13: 6 | K13: 11 | L13: 7 | M13: 8 | N13: 5 | O13: 4 | P13: 7 | Q13: 7 | R13: 5 | S13: 10 | T13: 7 | U13: =IF(COUNTIF(F13:T13,"=*")>0,"-",IF(COUNTIF(F13:T13,"<4")>0,"-",(IFERROR(AVERAGE(F13:T13),"")))) -> 7.2 | V13: =U13/12*90 -> 54
E14: Кількість бюджетників | F14: ='Зведена 161'!F20 -> 3
E15: Кількість контрактників | F15: ='Зведена 161'!F21 -> 0 | I15: Класний керівник | P15: Віра МЄШКОВА
E16: Кількість соціального контингенту | F16: ='Зведена 161'!F22 -> 1
E17: Вийшли на стипендію | F17: ='Зведена 161'!F23 -> 1 | I17: Завідувач відділення ПЗСО | P17: Маргарита БРІТІКОВА

Sheet Зведена 241
C3: ВІДОКРЕМЛЕНИЙ СТРУКТУРНИЙ ПІДРОЗДІЛ
C4: «ФАХОВИЙ КОЛЕДЖ НАФТОГАЗОВИХ ТЕХНОЛОГІЙ, ІНЖЕНЕРІЇ ТА ІНФРАСТРУКТУРИ СЕРВІСУ
C5: ОДЕСЬКОГО НАЦІОНАЛЬНОГО ТЕХНОЛОГІЧНОГО УНІВЕРСИТЕТУ»
C6: ЗВЕДЕНА ВІДОМІСТЬ
C7: Успішності студентів спеціальності 241 «Готельно-ресторанна справа»
C8: За ІI семестр 2022-2023 н.р.
C9: Група 22-1 курс І
C10: Б/К | D10: № п/п | E10: Прізвище, ім’я, по батькові | F10: Підсумкові оцінки дисциплін
F11: Астрономія Наговська Т.С. | G11: Біологія Богданенко О.В. | H11: Всесвітня історія Мельничук С.А. | I11: Географія Наговська Т.С. | J11: Зарубіжна література Пруднікова Я.П. | K11: ЗУ Зданевич В.Ф. | L11: Іноземна мова Кучер О.П. | M11: Інформатика Вівдіч М.І. | N11: Історія України Левчук Т.Г. | O11: Математика Ромчук В.В. | P11: Українська література Брітікова М.В. | Q11: Українська мова Брітікова М.В. | R11: Фізика Калюта Н.М. | S11: Фізична культура Кулатов В.М. | T11: Хімія Леонова Д.І. | U11: Середній бал
C12: К | D12: 1 | E12: Андрєєва Анна Сергіївна | F12: 4 | G12: 4 | H12: 6 | I12: 4 | J12: 4 | K12: н/а | L12: 4 | M12: 4 | N12: н/а | O12: 4 | P12: 6 | Q12: 5 | R12: н/а | S12: 4 | T12: 5 | U12: =IF(COUNTIF(F12:T12,"=*")>0,"-",IF(COUNTIF(F12:T12,"<4")>0,"-",(IFERROR(AVERAGE(F12:T12),"")))) -> -
C13: К | D13: 2 | E13: Журавльова Дар’я Олександрівна | F13: 8 | G13: 7 | H13: 7 | I13: 7 | J13: 4 | K13: н/а | L13: 4 | M13: 5 | N13: 5 | O13: 4 | P13: 8 | Q13: 5 | R13: н/а | S13: 8 | T13: 5 | U13: =IF(COUNTIF(F13:T13,"=*")>0,"-",IF(COUNTIF(F13:T13,"<4")>0,"-",(IFERROR(AVERAGE(F13:T13),"")))) -> -
E14: Середній бал успішності з дисципліни | F14: =IF(SUM(F12:F13)=0,"",SUM(F12:F13)/D13) -> 6 | G14: =IF(SUM(G12:G13)=0,"",SUM(G12:G13)/D13) -> 5.5 | H14: =IF(SUM(H12:H13)=0,"",SUM(H12:H13)/D13) -> 6.5 | I14: =IF(SUM(I12:I13)=0,"",SUM(I12:I13)/D13) -> 5.5 | J14: =IF(SUM(J12:J13)=0,"",SUM(J12:J13)/D13) -> 4 | K14: =IF(SUM(K12:K13)=0,"",SUM(K12:K13)/D13) | L14: =IF(SUM(L12:L13)=0,"",SUM(L12:L13)/D13) -> 4 | M14: =IF(SUM(M12:M13)=0,"",SUM(M12:M13)/D13) -> 4.5 | N14: =IF(SUM(N12:N13)=0,"",SUM(N12:N13)/D13) -> 2.5 | O14: =IF(SUM(O12:O13)=0,"",SUM(O12:O13)/D13) -> 4 | P14: =IF(SUM(P12:P13)=0,"",SUM(P12:P13)/D13) -> 7 | Q14: =IF(SUM(Q12:Q13)=0,"",SUM(Q12:Q13)/D13) -> 5 | R14: =IF(SUM(R12:R13)=0,"",SUM(R12:R13)/D13) | S14: =IF(SUM(S12:S13)=0,"",SUM(S12:S13)/D13) -> 6 | T14: =IF(SUM(T12:T13)=0,"",SUM(T12:T13)/D13) -> 5 | U14: =IFERROR(AVERAGE(F14:T14),"") -> 5.0384615
E15: Абсолютна успішність | F15: =IF(SUM(F12:F13)=0,"",IF(COUNTIF(F12:F13,">=4")=0,0,COUNTIF(F12:F13,">=4")/D13*100)) -> 100 | G15: =IF(SUM(G12:G13)=0,"",IF(COUNTIF(G12:G13,">=4")=0,0,COUNTIF(G12:G13,">=4")/D13*100)) -> 100 | H15: =IF(SUM(H12:H13)=0,"",IF(COUNTIF(H12:H13,">=4")=0,0,COUNTIF(H12:H13,">=4")/D13*100)) -> 100 | I15: =IF(SUM(I12:I13)=0,"",IF(COUNTIF(I12:I13,">=4")=0,0,COUNTIF(I12:I13,">=4")/D13*100)) -> 100 | J15: =IF(SUM(J12:J13)=0,"",IF(COUNTIF(J12:J13,">=4")=0,0,COUNTIF(J12:J13,">=4")/D13*100)) -> 100 | K15: =IF(SUM(K12:K13)=0,"",IF(COUNTIF(K12:K13,">=4")=0,0,COUNTIF(K12:K13,">=4")/D13*100)) | L15: =IF(SUM(L12:L13)=0,"",IF(COUNTIF(L12:L13,">=4")=0,0,COUNTIF(L12:L13,">=4")/D13*100)) -> 100 | M15: =IF(SUM(M12:M13)=0,"",IF(COUNTIF(M12:M13,">=4")=0,0,COUNTIF(M12:M13,">=4")/D13*100)) -> 100 | N15: =IF(SUM(N12:N13)=0,"",IF(COUNTIF(N12:N13,">=4")=0,0,COUNTIF(N12:N13,">=4")/D13*100)) -> 50 | O15: =IF(SUM(O12:O13)=0,"",IF(COUNTIF(O12:O13,">=4")=0,0,COUNTIF(O12:O13,">=4")/D13*100)) -> 100 | P15: =IF(SUM(P12:P13)=0,"",IF(COUNTIF(P12:P13,">=4")=0,0,COUNTIF(P12:P13,">=4")/D13*100)) -> 100 | Q15: =IF(SUM(Q12:Q13)=0,"",IF(COUNTIF(Q12:Q13,">=4")=0,0,COUNTIF(Q12:Q13,">=4")/D13*100)) -> 100 | R15: =IF(SUM(R12:R13)=0,"",IF(COUNTIF(R12:R13,">=4")=0,0,COUNTIF(R12:R13,">=4")/D13*100)) | S15: =IF(SUM(S12:S13)=0,"",IF(COUNTIF(S12:S13,">=4")=0,0,COUNTIF(S12:S13,">=4")/D13*100)) -> 100 | T15: =IF(SUM(T12:T13)=0,"",IF(COUNTIF(T12:T13,">=4")=0,0,COUNTIF(T12:T13,">=4")/D13*100)) -> 100
E16: Якісна успішність | F16: =IF(SUM(F12:F13)=0,"",IF(COUNTIF(F12:F13,">=7")=0,0,COUNTIF(F12:F13,">=7")/D13*100)) -> 50 | G16: =IF(SUM(G12:G13)=0,"",IF(COUNTIF(G12:G13,">=7")=0,0,COUNTIF(G12:G13,">=7")/D13*100)) -> 50 | H16: =IF(SUM(H12:H13)=0,"",IF(COUNTIF(H12:H13,">=7")=0,0,COUNTIF(H12:H13,">=7")/D13*100)) -> 50 | I16: =IF(SUM(I12:I13)=0,"",IF(COUNTIF(I12:I13,">=7")=0,0,COUNTIF(I12:I13,">=7")/D13*100)) -> 50 | J16: =IF(SUM(J12:J13)=0,"",IF(COUNTIF(J12:J13,">=7")=0,0,COUNTIF(J12:J13,">=7")/D13*100)) -> 0 | K16: =IF(SUM(K12:K13)=0,"",IF(COUNTIF(K12:K13,">=7")=0,0,COUNTIF(K12:K13,">=7")/D13*100)) | L16: =IF(SUM(L12:L13)=0,"",IF(COUNTIF(L12:L13,">=7")=0,0,COUNTIF(L12:L13,">=7")/D13*100)) -> 0 | M16: =IF(SUM(M12:M13)=0,"",IF(COUNTIF(M12:M13,">=7")=0,0,COUNTIF(M12:M13,">=7")/D13*100)) -> 0 | N16: =IF(SUM(N12:N13)=0,"",IF(COUNTIF(N12:N13,">=7")=0,0,COUNTIF(N12:N13,">=7")/D13*100)) -> 0 | O16: =IF(SUM(O12:O13)=0,"",IF(COUNTIF(O12:O13,">=7")=0,0,COUNTIF(O12:O13,">=7")/D13*100)) -> 0 | P16: =IF(SUM(P12:P13)=0,"",IF(COUNTIF(P12:P13,">=7")=0,0,COUNTIF(P12:P13,">=7")/D13*100)) -> 50 | Q16: =IF(SUM(Q12:Q13)=0,"",IF(COUNTIF(Q12:Q13,">=7")=0,0,COUNTIF(Q12:Q13,">=7")/D13*100)) -> 0 | R16: =IF(SUM(R12:R13)=0,"",IF(COUNTIF(R12:R13,">=7")=0,0,COUNTIF(R12:R13,">=7")/D13*100)) | S16: =IF(SUM(S12:S13)=0,"",IF(COUNTIF(S12:S13,">=7")=0,0,COUNTIF(S12:S13,">=7")/D13*100)) -> 50 | T16: =IF(SUM(T12:T13)=0,"",IF(COUNTIF(T12:T13,">=7")=0,0,COUNTIF(T12:T13,">=7")/D13*100)) -> 0
E17: Абсолютна успішність по групі | F17: =IFERROR(AVERAGE(F15:T15),"") -> 96.153846
E18: Якісна успішність по групі | F18: =IFERROR(AVERAGE(F16:T16),"") -> 23.076923
E19: Кількість бюджетників | F19: =IF(COUNTIF(C12:C13,"=Б")=0,IF(COUNTIF(C12:C13,"=К")=0,"",0),COUNTIF(C12:C13,"=Б")) -> 0
E20: Кількість контрактників | F20: =IF(COUNTIF(C12:C13,"=К")=0,IF(COUNTIF(C12:C13,"=Б")=0,"",0),COUNTIF(C12:C13,"=К")) -> 2 | I20: Класний керівник | P20: Віра МЄШКОВА
E21: Кількість соціального контингенту
E22: Вийшли на стипендію | I22: Завідувач відділення ПЗСО | P22: Маргарита БРІТІКОВА
