Workbook
Name A1048577: #REF!
Name Ф80: #REF!
Name A1048577: #REF!
Name Ф80: #REF!
Name A1048577: #REF!
Name Ф80: #REF!
Name A1048577: #REF!
Name Ф80: #REF!
Name A1048577: #REF!
Name Ф80: #REF!
Name A1048577: #REF!
Name Ф80: #REF!
Name A1048577: #REF!
Name Ф80: #REF!

Sheet 25-1
A1: S
D3: Міністерство освіти і науки України
D4: Відокремлений структурний підрозділ "Фаховий коледж нафтогазових технологій, інженерії та інфраструктури сервісу Одеського національного технологічного університету"
C5: ВІДОМІСТЬ ОБЛІКУ ГОДИН РОБОТИ ВИКЛАДАЧА
C7: за січень 2025 р.
C8: Спеціальнiсть 1 курс І група 25-1
C10: № | D10: Предмети | E10: Прізвище та ініціали викладача | F10: Числа місяця | Y10: Дано годин | Z10: Примітка
F11: 13 | G11: 14 | H11: 15 | I11: 16 | J11: 17 | K11: 18 | L11: 19 | M11: 20 | N11: 21 | O11: 22 | P11: 23 | Q11: 24 | R11: 25 | S11: 26 | T11: 27 | U11: 28 | V11: 29 | W11: 30 | X11: 31
C12: 1 | D12: Астрономія | E12: Наговська Т.С. | I12: 2 | P12: 2 | W12: 2 | Y12: =IF(SUM(F12:X12)=0,"Очікую",SUM(F12:X12))
C13: 2 | D13: Біологія | E13: Богданенко О.В. | G13: 2 | I13: 2 | P13: 2 | U13: 2 | W13: 2 | Y13: =IF(SUM(F13:X13)=0,"Очікую",SUM(F13:X13))
C14: 3 | D14: Всесвітня Історія | E14: Мельничук С.А. | I14: 2 | P14: 2 | W14: 2 | Y14: =IF(SUM(F14:X14)=0,"Очікую",SUM(F14:X14))
C15: 4 | D15: Географія | E15: Наговська Т.С. | J15: 2 | Q15: 2 | X15: 2 | Y15: =IF(SUM(F15:X15)=0,"Очікую",SUM(F15:X15))
C16: 5 | D16: Зарубіжна література | E16: Сербулова Ю.А. | O16: 2 | Y16: =IF(SUM(F16:X16)=0,"Очікую",SUM(F16:X16))
C17: 6 | D17: Захист України | E17: Лазар В.І. | H17: 2 | O17: 2 | Q17: 2 | V17: 2 | Y17: =IF(SUM(F17:X17)=0,"Очікую",SUM(F17:X17))
C18: 7 | D18: Іноземна мова | E18: Сербулова Ю.А. | M18: 2 | Y18: =IF(SUM(F18:X18)=0,"Очікую",SUM(F18:X18))
C19: 8 | D19: Інформатика | E19: Бєльдюгіна С.С. | J19: 2 | X19: 2 | Y19: =IF(SUM(F19:X19)=0,"Очікую",SUM(F19:X19))
C20: 9 | D20: Історія України | E20: Левчук Т.Г. | H20: 2 | O20: 2 | V20: 2 | Y20: =IF(SUM(F20:X20)=0,"Очікую",SUM(F20:X20))
C21: 10 | D21: Математика | E21: Бондаренко О.С. | F21: 2 | G21: 2 | N21: 4 | T21: 2 | U21: 2 | Y21: =IF(SUM(F21:X21)=0,"Очікую",SUM(F21:X21))
C22: 11 | D22: Українська література | E22: Антропова Л.І. | G22: 2 | N22: 2 | U22: 2 | Y22: =IF(SUM(F22:X22)=0,"Очікую",SUM(F22:X22))
C23: 12 | D23: Українська мова | E23: Антропова Л.І. | F23: 2 | M23: 2 | T23: 2 | Y23: =IF(SUM(F23:X23)=0,"Очікую",SUM(F23:X23))
C24: 13 | D24: Фізика | E24: Калюта Н.М. | G24: 2 | H24: 2 | N24: 2 | U24: 2 | Y24: =IF(SUM(F24:X24)=0,"Очікую",SUM(F24:X24))
C25: 14 | D25: Фізична культура | E25: Возіян О.Г. | H25: 2 | J25: 2 | O25: 2 | V25: 2 | X25: 2 | Y25: =IF(SUM(F25:X25)=0,"Очікую",SUM(F25:X25))
C26: 15 | D26: Хімія | E26: Сахно Н.О. | F26: 2 | M26: 2 | T26: 2 | V26: 2 | Y26: =IF(SUM(F26:X26)=0,"Очікую",SUM(F26:X26))
F27: =IF($Y27="Очікую","Оч",SUM(F12:F26)) | G27: =IF($Y27="Очікую","Оч",SUM(G12:G26)) | H27: =IF($Y27="Очікую","Оч",SUM(H12:H26)) | I27: =IF($Y27="Очікую","Оч",SUM(I12:I26)) | J27: =IF($Y27="Очікую","Оч",SUM(J12:J26)) | K27: =IF($Y27="Очікую","Оч",SUM(K12:K26)) | L27: =IF($Y27="Очікую","Оч",SUM(L12:L26)) | M27: =IF($Y27="Очікую","Оч",SUM(M12:M26)) | ... X27: =IF($Y27="Очікую","Оч",SUM(X12:X26)) | Y27: =IF(SUM(Y12:Y26)=0,"Очікую",SUM(Y12:Y26))
C30: Завідувач відділення ПЗСО ______________ Маргарита БРІТІКОВА

Sheet 25-2
A1: S
D3: Міністерство освіти і науки України
D4: Відокремлений структурний підрозділ "Фаховий коледж нафтогазових технологій, інженерії та інфраструктури сервісу Одеського національного технологічного університету"
C5: ВІДОМІСТЬ ОБЛІКУ ГОДИН РОБОТИ ВИКЛАДАЧА
C7: за січень 2025 р.
C8: Спеціальнiсть 1 курс І група 25-2
C10: № | D10: Предмети | E10: Прізвище та ініціали викладача | F10: Числа місяця | Y10: Дано годин | Z10: Примітка
F11: 13 | G11: 14 | H11: 15 | I11: 16 | J11: 17 | K11: 18 | L11: 19 | M11: 20 | N11: 21 | O11: 22 | P11: 23 | Q11: 24 | R11: 25 | S11: 26 | T11: 27 | U11: 28 | V11: 29 | W11: 30 | X11: 31
C12: 1 | D12: Астрономія | E12: Наговська Т.С. | H12: 2 | O12: 2 | V12: 2 | Y12: =IF(SUM(F12:X12)=0,"Очікую",SUM(F12:X12))
C13: 2 | D13: Біологія | E13: Богданенко О.В. | H13: 2 | N13: 2 | O13: 2 | V13: 2 | Y13: =IF(SUM(F13:X13)=0,"Очікую",SUM(F13:X13))
C14: 3 | D14: Всесвітня Історія | E14: Мельничук С.А. | J14: 2 | Q14: 2 | X14: 2 | Y14: =IF(SUM(F14:X14)=0,"Очікую",SUM(F14:X14))
C15: 4 | D15: Географія | E15: Наговська Т.С. | J15: 2 | Q15: 2 | X15: 2 | Y15: =IF(SUM(F15:X15)=0,"Очікую",SUM(F15:X15))
C16: 5 | D16: Зарубіжна література | E16: Сербулова Ю.А. | O16: 2 | Y16: =IF(SUM(F16:X16)=0,"Очікую",SUM(F16:X16))
C17: 6 | D17: Захист України | E17: Лазар В.І. | G17: 2 | I17: 2 | P17: 2 | U17: 2 | W17: 2 | Y17: =IF(SUM(F17:X17)=0,"Очікую",SUM(F17:X17))
C18: 7 | D18: Іноземна мова | E18: Сербулова Ю.А. | M18: 2 | Y18: =IF(SUM(F18:X18)=0,"Очікую",SUM(F18:X18))
C19: 8 | D19: Інформатика | E19: Бєльдюгіна С.С. | J19: 2 | X19: 2 | Y19: =IF(SUM(F19:X19)=0,"Очікую",SUM(F19:X19))
C20: 9 | D20: Історія України | E20: Левчук Т.Г. | H20: 2 | O20: 2 | V20: 2 | Y20: =IF(SUM(F20:X20)=0,"Очікую",SUM(F20:X20))
C21: 10 | D21: Математика | E21: Земляна Т.М. | F21: 2 | I21: 2 | J21: 2 | P21: 2 | T21: 2 | W21: 2 | X21: 2 | Y21: =IF(SUM(F21:X21)=0,"Очікую",SUM(F21:X21))
C22: 11 | D22: Українська література | E22: Юрченко О.Б. | G22: 2 | N22: 2 | U22: 2 | Y22: =IF(SUM(F22:X22)=0,"Очікую",SUM(F22:X22))
C23: 12 | D23: Українська мова | E23: Юрченко О.Б. | F23: 2 | M23: 2 | T23: 2 | Y23: =IF(SUM(F23:X23)=0,"Очікую",SUM(F23:X23))
C24: 13 | D24: Фізика | E24: Калюта Н.М. | G24: 2 | H24: 2 | N24: 2 | U24: 2 | Y24: =IF(SUM(F24:X24)=0,"Очікую",SUM(F24:X24))
C25: 14 | D25: Фізична культура | E25: Возіян О.Г. | F25: 2 | M25: 2 | Q25: 2 | T25: 2 | Y25: =IF(SUM(F25:X25)=0,"Очікую",SUM(F25:X25))
C26: 15 | D26: Хімія | E26: Сахно Н.О. | F26: 2 | M26: 2 | T26: 2 | V26: 2 | Y26: =IF(SUM(F26:X26)=0,"Очікую",SUM(F26:X26))
F27: =IF($Y27="Очікую","Оч",SUM(F12:F26)) | G27: =IF($Y27="Очікую","Оч",SUM(G12:G26)) | H27: =IF($Y27="Очікую","Оч",SUM(H12:H26)) | I27: =IF($Y27="Очікую","Оч",SUM(I12:I26)) | J27: =IF($Y27="Очікую","Оч",SUM(J12:J26)) | K27: =IF($Y27="Очікую","Оч",SUM(K12:K26)) | L27: =IF($Y27="Очікую","Оч",SUM(L12:L26)) | M27: =IF($Y27="Очікую","Оч",SUM(M12:M26)) | ... X27: =IF($Y27="Очікую","Оч",SUM(X12:X26)) | Y27: =IF(SUM(Y12:Y26)=0,"Очікую",SUM(Y12:Y26))
C30: Завідувач відділення ПЗСО ______________ Маргарита БРІТІКОВА

Sheet 25-3
A1: S
D3: Міністерство освіти і науки України
D4: Відокремлений структурний підрозділ "Фаховий коледж нафтогазових технологій, інженерії та інфраструктури сервісу Одеського національного технологічного університету"
C5: ВІДОМІСТЬ ОБЛІКУ ГОДИН РОБОТИ ВИКЛАДАЧА
C7: за січень 2025 р.
C8: Спеціальнiсть 1 курс І група 25-3
C10: № | D10: Предмети | E10: Прізвище та ініціали викладача | F10: Числа місяця | Y10: Дано годин | Z10: Примітка
F11: 13 | G11: 14 | H11: 15 | I11: 16 | J11: 17 | K11: 18 | L11: 19 | M11: 20 | N11: 21 | O11: 22 | P11: 23 | Q11: 24 | R11: 25 | S11: 26 | T11: 27 | U11: 28 | V11: 29 | W11: 30 | X11: 31
C12: 1 | D12: Астрономія | E12: Наговська Т.С. | F12: 2 | I12: 2 | P12: 2 | W12: 2 | Y12: =IF(SUM(F12:X12)=0,"Очікую",SUM(F12:X12))
C13: 2 | D13: Біологія | E13: Богданенко О.В. | G13: 2 | H13: 2 | N13: 2 | U13: 2 | V13: 2 | Y13: =IF(SUM(F13:X13)=0,"Очікую",SUM(F13:X13))
C14: 3 | D14: Всесвітня Історія | E14: Мельничук С.А. | J14: 2 | Q14: 2 | X14: 2 | Y14: =IF(SUM(F14:X14)=0,"Очікую",SUM(F14:X14))
C15: 4 | D15: Географія | E15: Наговська Т.С. | H15: 2 | O15: 2 | T15: 2 | V15: 2 | Y15: =IF(SUM(F15:X15)=0,"Очікую",SUM(F15:X15))
C16: 5 | D16: Зарубіжна література | E16: Сербулова Ю.А. | M16: 2 | Y16: =IF(SUM(F16:X16)=0,"Очікую",SUM(F16:X16))
C17: 6 | D17: Захист України | E17: Лазар В.І. | G17: 2 | I17: 2 | N17: 2 | U17: 2 | W17: 2 | Y17: =IF(SUM(F17:X17)=0,"Очікую",SUM(F17:X17))
C18: 7 | D18: Іноземна мова | E18: Нічик Н.О. | J18: 2 | Q18: 2 | X18: 2 | Y18: =IF(SUM(F18:X18)=0,"Очікую",SUM(F18:X18))
C19: 8 | D19: Інформатика | E19: Бєльдюгіна С.С. | Q19: 2 | Y19: =IF(SUM(F19:X19)=0,"Очікую",SUM(F19:X19))
C20: 9 | D20: Історія України | E20: Левчук Т.Г. | F20: 2 | M20: 2 | T20: 2 | Y20: =IF(SUM(F20:X20)=0,"Очікую",SUM(F20:X20))
C21: 10 | D21: Математика | E21: Ромчук В.В. | I21: 2 | P21: 4 | W21: 2 | Y21: =IF(SUM(F21:X21)=0,"Очікую",SUM(F21:X21))
C22: 11 | D22: Українська література | E22: Антропова Л.І. | G22: 2 | N22: 2 | U22: 2 | Y22: =IF(SUM(F22:X22)=0,"Очікую",SUM(F22:X22))
C23: 12 | D23: Українська мова | E23: Антропова Л.І. | F23: 2 | M23: 2 | T23: 2 | Y23: =IF(SUM(F23:X23)=0,"Очікую",SUM(F23:X23))
C24: 13 | D24: Фізика | E24: Калюта Н.М. | J24: 2 | Q24: 2 | X24: 2 | Y24: =IF(SUM(F24:X24)=0,"Очікую",SUM(F24:X24))
C25: 14 | D25: Фізична культура | E25: Галеніна І.С. | H25: 2 | I25: 2 | O25: 2 | V25: 2 | W25: 2 | Y25: =IF(SUM(F25:X25)=0,"Очікую",SUM(F25:X25))
C26: 15 | D26: Хімія | E26: Сахно Н.О. | F26: 2 | H26: 2 | M26: 2 | T26: 2 | Y26: =IF(SUM(F26:X26)=0,"Очікую",SUM(F26:X26))
F27: =IF($Y27="Очікую","Оч",SUM(F12:F26)) | G27: =IF($Y27="Очікую","Оч",SUM(G12:G26)) | H27: =IF($Y27="Очікую","Оч",SUM(H12:H26)) | I27: =IF($Y27="Очікую","Оч",SUM(I12:I26)) | J27: =IF($Y27="Очікую","Оч",SUM(J12:J26)) | K27: =IF($Y27="Очікую","Оч",SUM(K12:K26)) | L27: =IF($Y27="Очікую","Оч",SUM(L12:L26)) | M27: =IF($Y27="Очікую","Оч",SUM(M12:M26)) | ... X27: =IF($Y27="Очікую","Оч",SUM(X12:X26)) | Y27: =IF(SUM(Y12:Y26)=0,"Очікую",SUM(Y12:Y26))
C30: Завідувач відділення ПЗСО ______________ Маргарита БРІТІКОВА

Sheet 25-4
A1: S
D3: Міністерство освіти і науки України
D4: Відокремлений структурний підрозділ "Фаховий коледж нафтогазових технологій, інженерії та інфраструктури сервісу Одеського національного технологічного університету"
C5: ВІДОМІСТЬ ОБЛІКУ ГОДИН РОБОТИ ВИКЛАДАЧА
C7: за січень 2025 р.
C8: Спеціальнiсть 1 курс І група 25-4
C10: № | D10: Предмети | E10: Прізвище та ініціали викладача | F10: Числа місяця | Y10: Дано годин | Z10: Примітка
F11: 13 | G11: 14 | H11: 15 | I11: 16 | J11: 17 | K11: 18 | L11: 19 | M11: 20 | N11: 21 | O11: 22 | P11: 23 | Q11: 24 | R11: 25 | S11: 26 | T11: 27 | U11: 28 | V11: 29 | W11: 30 | X11: 31
C12: 1 | D12: Астрономія | E12: Наговська Т.С. | F12: 2 | M12: 2 | T12: 2 | Y12: =IF(SUM(F12:X12)=0,"Очікую",SUM(F12:X12))
C13: 2 | D13: Біологія | E13: Богданенко О.В. | H13: 2 | I13: 2 | O13: 2 | V13: 2 | W13: 2 | Y13: =IF(SUM(F13:X13)=0,"Очікую",SUM(F13:X13))
C14: 3 | D14: Всесвітня Історія | E14: Мельничук С.А. | J14: 2 | Q14: 2 | X14: 2 | Y14: =IF(SUM(F14:X14)=0,"Очікую",SUM(F14:X14))
C15: 4 | D15: Географія | E15: Наговська Т.С. | J15: 2 | Q15: 2 | X15: 2 | Y15: =IF(SUM(F15:X15)=0,"Очікую",SUM(F15:X15))
C16: 5 | D16: Зарубіжна література | E16: Сербулова Ю.А. | O16: 2 | Y16: =IF(SUM(F16:X16)=0,"Очікую",SUM(F16:X16))
C17: 6 | D17: Захист України | E17: Лазар В.І. | H17: 2 | O17: 2 | Q17: 2 | V17: 2 | Y17: =IF(SUM(F17:X17)=0,"Очікую",SUM(F17:X17))
C18: 7 | D18: Іноземна мова | E18: Нічик Н.О. | J18: 2 | Q18: 2 | X18: 2 | Y18: =IF(SUM(F18:X18)=0,"Очікую",SUM(F18:X18))
C19: 8 | D19: Інформатика | E19: Бєльдюгіна С.С. | J19: 2 | X19: 2 | Y19: =IF(SUM(F19:X19)=0,"Очікую",SUM(F19:X19))
C20: 9 | D20: Історія України | E20: Левчук Т.Г. | F20: 2 | M20: 2 | T20: 2 | Y20: =IF(SUM(F20:X20)=0,"Очікую",SUM(F20:X20))
C21: 10 | D21: Математика | E21: Ромчук В.В. | F21: 2 | I21: 2 | P21: 2 | T21: 2 | W21: 2 | Y21: =IF(SUM(F21:X21)=0,"Очікую",SUM(F21:X21))
C22: 11 | D22: Українська література | E22: Юрченко О.Б. | G22: 2 | N22: 2 | U22: 2 | Y22: =IF(SUM(F22:X22)=0,"Очікую",SUM(F22:X22))
C23: 12 | D23: Українська мова | E23: Юрченко О.Б. | F23: 2 | M23: 2 | T23: 2 | Y23: =IF(SUM(F23:X23)=0,"Очікую",SUM(F23:X23))
C24: 13 | D24: Фізика | E24: Калюта Н.М. | G24: 2 | H24: 2 | N24: 2 | U24: 2 | Y24: =IF(SUM(F24:X24)=0,"Очікую",SUM(F24:X24))
C25: 14 | D25: Фізична культура | E25: Галеніна І.С. | I25: 2 | M25: 2 | P25: 2 | W25: 2 | Y25: =IF(SUM(F25:X25)=0,"Очікую",SUM(F25:X25))
C26: 15 | D26: Хімія | E26: Сахно Н.О. | G26: 2 | N26: 2 | U26: 2 | V26: 2 | Y26: =IF(SUM(F26:X26)=0,"Очікую",SUM(F26:X26))
F27: =IF($Y27="Очікую","Оч",SUM(F12:F26)) | G27: =IF($Y27="Очікую","Оч",SUM(G12:G26)) | H27: =IF($Y27="Очікую","Оч",SUM(H12:H26)) | I27: =IF($Y27="Очікую","Оч",SUM(I12:I26)) | J27: =IF($Y27="Очікую","Оч",SUM(J12:J26)) | K27: =IF($Y27="Очікую","Оч",SUM(K12:K26)) | L27: =IF($Y27="Очікую","Оч",SUM(L12:L26)) | M27: =IF($Y27="Очікую","Оч",SUM(M12:M26)) | ... X27: =IF($Y27="Очікую","Оч",SUM(X12:X26)) | Y27: =IF(SUM(Y12:Y26)=0,"Очікую",SUM(Y12:Y26))
C30: Завідувач відділення ПЗСО ______________ Маргарита БРІТІКОВА

Sheet 25-5
A1: S
D3: Міністерство освіти і науки України
D4: Відокремлений структурний підрозділ "Фаховий коледж нафтогазових технологій, інженерії та інфраструктури сервісу Одеського національного технологічного університету"
C5: ВІДОМІСТЬ ОБЛІКУ ГОДИН РОБОТИ ВИКЛАДАЧА
C7: за січень 2025 р.
C8: Спеціальнiсть 1 курс І група 25-5
C10: № | D10: Предмети | E10: Прізвище та ініціали викладача | F10: Числа місяця | Y10: Дано годин | Z10: Примітка
F11: 13 | G11: 14 | H11: 15 | I11: 16 | J11: 17 | K11: 18 | L11: 19 | M11: 20 | N11: 21 | O11: 22 | P11: 23 | Q11: 24 | R11: 25 | S11: 26 | T11: 27 | U11: 28 | V11: 29 | W11: 30 | X11: 31
C12: 1 | D12: Астрономія | E12: Наговська Т.С. | F12: 2 | M12: 2 | T12: 2 | Y12: =IF(SUM(F12:X12)=0,"Очікую",SUM(F12:X12))
C13: 2 | D13: Біологія | E13: Богданенко О.В. | G13: 2 | N13: 2 | O13: 2 | U13: 2 | Y13: =IF(SUM(F13:X13)=0,"Очікую",SUM(F13:X13))
C14: 3 | D14: Всесвітня Історія | E14: Мельничук С.А. | I14: 2 | P14: 2 | W14: 2 | Y14: =IF(SUM(F14:X14)=0,"Очікую",SUM(F14:X14))
C15: 4 | D15: Географія | E15: Наговська Т.С. | F15: 2 | J15: 2 | Q15: 2 | X15: 2 | Y15: =IF(SUM(F15:X15)=0,"Очікую",SUM(F15:X15))
C16: 5 | D16: Зарубіжна література | E16: Сербулова Ю.А. | M16: 2 | Y16: =IF(SUM(F16:X16)=0,"Очікую",SUM(F16:X16))
C17: 6 | D17: Захист України | E17: Лазар В.І. | F17: 2 | J17: 2 | M17: 2 | T17: 2 | X17: 2 | Y17: =IF(SUM(F17:X17)=0,"Очікую",SUM(F17:X17))
C18: 7 | D18: Іноземна мова | E18: Нічик Н.О. | J18: 2 | Q18: 2 | X18: 2 | Y18: =IF(SUM(F18:X18)=0,"Очікую",SUM(F18:X18))
C19: 8 | D19: Інформатика | E19: Бєльдюгіна С.С. | Q19: 2 | Y19: =IF(SUM(F19:X19)=0,"Очікую",SUM(F19:X19))
C20: 9 | D20: Історія України | E20: Левчук Т.Г. | H20: 2 | O20: 2 | V20: 2 | Y20: =IF(SUM(F20:X20)=0,"Очікую",SUM(F20:X20))
C21: 10 | D21: Математика | E21: Земляна Т.М. | H21: 2 | I21: 2 | O21: 2 | T21: 2 | V21: 2 | W21: 2 | Y21: =IF(SUM(F21:X21)=0,"Очікую",SUM(F21:X21))
C22: 11 | D22: Українська література | E22: Антропова Л.І. | G22: 2 | N22: 2 | U22: 2 | Y22: =IF(SUM(F22:X22)=0,"Очікую",SUM(F22:X22))
C23: 12 | D23: Українська мова | E23: Антропова Л.І. | F23: 2 | M23: 2 | T23: 2 | Y23: =IF(SUM(F23:X23)=0,"Очікую",SUM(F23:X23))
C24: 13 | D24: Фізика | E24: Калюта Н.М. | J24: 2 | Q24: 2 | X24: 2 | Y24: =IF(SUM(F24:X24)=0,"Очікую",SUM(F24:X24))
C25: 14 | D25: Фізична культура | E25: Галеніна І.С. | H25: 2 | I25: 2 | P25: 2 | V25: 2 | W25: 2 | Y25: =IF(SUM(F25:X25)=0,"Очікую",SUM(F25:X25))
C26: 15 | D26: Хімія | E26: Сахно Н.О. | G26: 2 | N26: 2 | U26: 2 | Y26: =IF(SUM(F26:X26)=0,"Очікую",SUM(F26:X26))
F27: =IF($Y27="Очікую","Оч",SUM(F12:F26)) | G27: =IF($Y27="Очікую","Оч",SUM(G12:G26)) | H27: =IF($Y27="Очікую","Оч",SUM(H12:H26)) | I27: =IF($Y27="Очікую","Оч",SUM(I12:I26)) | J27: =IF($Y27="Очікую","Оч",SUM(J12:J26)) | K27: =IF($Y27="Очікую","Оч",SUM(K12:K26)) | L27: =IF($Y27="Очікую","Оч",SUM(L12:L26)) | M27: =IF($Y27="Очікую","Оч",SUM(M12:M26)) | ... X27: =IF($Y27="Очікую","Оч",SUM(X12:X26)) | Y27: =IF(SUM(Y12:Y26)=0,"Очікую",SUM(Y12:Y26))
C30: Завідувач відділення ПЗСО ______________ Маргарита БРІТІКОВА

Sheet Зведена
A1: S
C3: Міністерство освіти і науки України
C4: Відокремлений структурний підрозділ "Фаховий коледж нафтогазових технологій, інженерій та інфраструктури сервісу Одеського національного технологічного університету"
C6: ВІДОМІСТЬ ОБЛІКУ ГОДИН ВИКЛАДАЧА
C8: за січень 2025 р.
C9: № | D9: Прізвище викладача | E9: 25-1 | F9: 25-2 | G9: 25-3 | H9: 25-4 | I9: 25-5 | J9: Всього
C10: 1 | D10: Антропова Л.І. | E10: ='25-1'!$Y$22 + '25-1'!$Y$23 | G10: ='25-3'!$Y$22 + '25-3'!$Y$23 | I10: ='25-5'!$Y$22 + '25-5'!$Y$23 | J10: =IF(SUM(E10:I10)=0,"Очікую",SUM(E10:I10))
C11: 2 | D11: Бєльдюгіна С.С. | E11: ='25-1'!$Y$19 | F11: ='25-2'!$Y$19 | G11: ='25-3'!$Y$19 | H11: ='25-4'!$Y$19 | I11: ='25-5'!$Y$19 | J11: =IF(SUM(E11:I11)=0,"Очікую",SUM(E11:I11))
C12: 3 | D12: Богданенко О.В. | E12: ='25-1'!$Y$13 | F12: ='25-2'!$Y$13 | G12: ='25-3'!$Y$13 | H12: ='25-4'!$Y$13 | I12: ='25-5'!$Y$13 | J12: =IF(SUM(E12:I12)=0,"Очікую",SUM(E12:I12))
C13: 4 | D13: Бондаренко О.С. | E13: ='25-1'!$Y$21 | J13: =IF(SUM(E13:I13)=0,"Очікую",SUM(E13:I13))
C14: 5 | D14: Возіян О.Г. | E14: ='25-1'!$Y$25 | F14: ='25-2'!$Y$25 | J14: =IF(SUM(E14:I14)=0,"Очікую",SUM(E14:I14))
C15: 6 | D15: Галеніна І.С. | G15: ='25-3'!$Y$25 | H15: ='25-4'!$Y$25 | I15: ='25-5'!$Y$25 | J15: =IF(SUM(E15:I15)=0,"Очікую",SUM(E15:I15))
C16: 7 | D16: Земляна Т.М. | F16: ='25-2'!$Y$21 | I16: ='25-5'!$Y$21 | J16: =IF(SUM(E16:I16)=0,"Очікую",SUM(E16:I16))
C17: 8 | D17: Калюта Н.М. | E17: ='25-1'!$Y$24 | F17: ='25-2'!$Y$24 | G17: ='25-3'!$Y$24 | H17: ='25-4'!$Y$24 | I17: ='25-5'!$Y$24 | J17: =IF(SUM(E17:I17)=0,"Очікую",SUM(E17:I17))
C18: 9 | D18: Лазар В.І. | E18: ='25-1'!$Y$17 | F18: ='25-2'!$Y$17 | G18: ='25-3'!$Y$17 | H18: ='25-4'!$Y$17 | I18: ='25-5'!$Y$17 | J18: =IF(SUM(E18:I18)=0,"Очікую",SUM(E18:I18))
C19: 10 | D19: Левчук Т.Г. | E19: ='25-1'!$Y$20 | F19: ='25-2'!$Y$20 | G19: ='25-3'!$Y$20 | H19: ='25-4'!$Y$20 | I19: ='25-5'!$Y$20 | J19: =IF(SUM(E19:I19)=0,"Очікую",SUM(E19:I19))
C20: 11 | D20: Мельничук С.А. | E20: ='25-1'!$Y$14 | F20: ='25-2'!$Y$14 | G20: ='25-3'!$Y$14 | H20: ='25-4'!$Y$14 | I20: ='25-5'!$Y$14 | J20: =IF(SUM(E20:I20)=0,"Очікую",SUM(E20:I20))
C21: 12 | D21: Наговська Т.С. | E21: ='25-1'!$Y$12 + '25-1'!$Y$15 | F21: ='25-2'!$Y$12 + '25-2'!$Y$15 | G21: ='25-3'!$Y$12 + '25-3'!$Y$15 | H21: ='25-4'!$Y$12 + '25-4'!$Y$15 | I21: ='25-5'!$Y$12 + '25-5'!$Y$15 | J21: =IF(SUM(E21:I21)=0,"Очікую",SUM(E21:I21))
C22: 13 | D22: Нічик Н.О. | G22: ='25-3'!$Y$18 | H22: ='25-4'!$Y$18 | I22: ='25-5'!$Y$18 | J22: =IF(SUM(E22:I22)=0,"Очікую",SUM(E22:I22))
C23: 14 | D23: Ромчук В.В. | G23: ='25-3'!$Y$21 | H23: ='25-4'!$Y$21 | J23: =IF(SUM(E23:I23)=0,"Очікую",SUM(E23:I23))
C24: 15 | D24: Сахно Н.О. | E24: ='25-1'!$Y$26 | F24: ='25-2'!$Y$26 | G24: ='25-3'!$Y$26 | H24: ='25-4'!$Y$26 | I24: ='25-5'!$Y$26 | J24: =IF(SUM(E24:I24)=0,"Очікую",SUM(E24:I24))
C25: 16 | D25: Сербулова Ю.А. | E25: ='25-1'!$Y$16 + '25-1'!$Y$18 | F25: ='25-2'!$Y$16 + '25-2'!$Y$18 | G25: ='25-3'!$Y$16 | H25: ='25-4'!$Y$16 | I25: ='25-5'!$Y$16 | J25: =IF(SUM(E25:I25)=0,"Очікую",SUM(E25:I25))
C26: 17 | D26: Юрченко О.Б. | F26: ='25-2'!$Y$22 + '25-2'!$Y$23 | H26: ='25-4'!$Y$22 + '25-4'!$Y$23 | J26: =IF(SUM(E26:I26)=0,"Очікую",SUM(E26:I26))
E27: =IF(SUM(E10:E26)=0,"Очікую",SUM(E10:E26)) | F27: =IF(SUM(F10:F26)=0,"Очікую",SUM(F10:F26)) | G27: =IF(SUM(G10:G26)=0,"Очікую",SUM(G10:G26)) | H27: =IF(SUM(H10:H26)=0,"Очікую",SUM(H10:H26)) | I27: =IF(SUM(I10:I26)=0,"Очікую",SUM(I10:I26)) | J27: =IF(SUM(J10:J26)=0,"Очікую",SUM(J10:J26))
J28: Всього
C30: Завідувач відділення ПЗСО ______________ Маргарита БРІТІКОВА
