Workbook
Name A1048577: #REF!
Name Ф80: #REF!
Name A1048577: #REF!
Name Ф80: #REF!
Name A1048577: #REF!
Name Ф80: #REF!
Name A1048577: #REF!
Name Ф80: #REF!
Name A1048577: #REF!
Name Ф80: #REF!

Sheet Загальна
A1: S
C3: ЗАГАЛЬНА ВІДОМІСТЬ З УСІМА СПЕЦІАЛЬНОСТЯМИ. НЕ ДЛЯ ДРУКУ. ЗВІДСИ ОЦІНКИ АВТОМАТИЧНО ПЕРЕНОСЯТЬСЯ ДО ВІДОМОСТЕЙ. СТВОРЕНО ДЛЯ ЛЕГШОГО ЗАПОВНЕННЯ ОЦІНОК
C8: Б/К | D8: № п/п | E8: Прізвище, ім’я, по батькові | F8: Підсумкові оцінки дисциплін | U8: Середній бал
F9: Астрономія Мельничук С.А. | G9: Біологія Богданенко О.В. | H9: Всесвітня Історія Мельничук С.А. | I9: Географія Наговська Т.С. | J9: Зарубіжна література Бабенко Л. Е. | K9: Захист України Лазар В.І. | L9: Іноземна мова Нічик Н.О. | M9: Інформатика Андрльє І.О. | N9: Історія України Левчук Т.Г. | O9: Математика Бондаренко О.С. | P9: Українська література Антропова Л.І. | Q9: Українська мова Антропова Л.І. | R9: Фізика Калюта Н.М. | S9: Фізична культура Возіян О.Г. | T9: Хімія Сахно Н.О.
C10: К | D10: 1 | E10: Абаржі Юрій Петрович | U10: =IF(COUNTIF($F10:T10,"=*")>0,IF($C10="K","-"," - "),IF(COUNTIF($F10:T10,"<4")>0,IF($C10="K","-"," - "),(IFERROR(AVERAGE($F10:T10),"Очікую"))))
C11: Б | D11: 2 | E11: Бабков Дмитро Юрійович | U11: =IF(COUNTIF($F11:T11,"=*")>0,IF($C11="K","-"," - "),IF(COUNTIF($F11:T11,"<4")>0,IF($C11="K","-"," - "),(IFERROR(AVERAGE($F11:T11),"Очікую"))))
C12: К | D12: 3 | E12: Бахчиванжи Валентин Іванович | U12: =IF(COUNTIF($F12:T12,"=*")>0,IF($C12="K","-"," - "),IF(COUNTIF($F12:T12,"<4")>0,IF($C12="K","-"," - "),(IFERROR(AVERAGE($F12:T12),"Очікую"))))
C13: К | D13: 4 | E13: Бондаренко Костянтин Петрович | U13: =IF(COUNTIF($F13:T13,"=*")>0,IF($C13="K","-"," - "),IF(COUNTIF($F13:T13,"<4")>0,IF($C13="K","-"," - "),(IFERROR(AVERAGE($F13:T13),"Очікую"))))
C14: К | D14: 5 | E14: Верещагін Володимир Миколайович | U14: =IF(COUNTIF($F14:T14,"=*")>0,IF($C14="K","-"," - "),IF(COUNTIF($F14:T14,"<4")>0,IF($C14="K","-"," - "),(IFERROR(AVERAGE($F14:T14),"Очікую"))))
C15: Б | D15: 6 | E15: Гавалко Єва Володимирівна | U15: =IF(COUNTIF($F15:T15,"=*")>0,IF($C15="K","-"," - "),IF(COUNTIF($F15:T15,"<4")>0,IF($C15="K","-"," - "),(IFERROR(AVERAGE($F15:T15),"Очікую"))))
C16: К | D16: 7 | E16: Гайдаржи Ілля Іванович | U16: =IF(COUNTIF($F16:T16,"=*")>0,IF($C16="K","-"," - "),IF(COUNTIF($F16:T16,"<4")>0,IF($C16="K","-"," - "),(IFERROR(AVERAGE($F16:T16),"Очікую"))))
C17: Б | D17: 8 | E17: Гальперина Анастасія Олексіївна | U17: =IF(COUNTIF($F17:T17,"=*")>0,IF($C17="K","-"," - "),IF(COUNTIF($F17:T17,"<4")>0,IF($C17="K","-"," - "),(IFERROR(AVERAGE($F17:T17),"Очікую"))))
C18: К | D18: 9 | E18: Господінов Дмитро Володимирович | U18: =IF(COUNTIF($F18:T18,"=*")>0,IF($C18="K","-"," - "),IF(COUNTIF($F18:T18,"<4")>0,IF($C18="K","-"," - "),(IFERROR(AVERAGE($F18:T18),"Очікую"))))
C19: Б | D19: 10 | E19: Григорашенко Олександра Олексіївна | U19: =IF(COUNTIF($F19:T19,"=*")>0,IF($C19="K","-"," - "),IF(COUNTIF($F19:T19,"<4")>0,IF($C19="K","-"," - "),(IFERROR(AVERAGE($F19:T19),"Очікую"))))
C20: Б | D20: 11 | E20: Гроздя Роман Георгійович | U20: =IF(COUNTIF($F20:T20,"=*")>0,IF($C20="K","-"," - "),IF(COUNTIF($F20:T20,"<4")>0,IF($C20="K","-"," - "),(IFERROR(AVERAGE($F20:T20),"Очікую"))))
C21: Б | D21: 12 | E21: Дмитришина Поліна Дмитрівна | U21: =IF(COUNTIF($F21:T21,"=*")>0,IF($C21="K","-"," - "),IF(COUNTIF($F21:T21,"<4")>0,IF($C21="K","-"," - "),(IFERROR(AVERAGE($F21:T21),"Очікую"))))
... C44: Б | D44: 35 | E44: Шингілєвич Станіслав Віталійович | U44: =IF(COUNTIF($F44:T44,"=*")>0,IF($C44="K","-"," - "),IF(COUNTIF($F44:T44,"<4")>0,IF($C44="K","-"," - "),(IFERROR(AVERAGE($F44:T44),"Очікую"))))
E45: Середній бал успішності з дисципліни | F45: =IF(SUM(F$10:F44)=0,IF(COUNTA(F$10:F44)=0,"Очікую",0),SUM(F$10:F44)/$D44) | G45: =IF(SUM(G$10:G44)=0,IF(COUNTA(G$10:G44)=0,"Очікую",0),SUM(G$10:G44)/$D44) | H45: =IF(SUM(H$10:H44)=0,IF(COUNTA(H$10:H44)=0,"Очікую",0),SUM(H$10:H44)/$D44) | I45: =IF(SUM(I$10:I44)=0,IF(COUNTA(I$10:I44)=0,"Очікую",0),SUM(I$10:I44)/$D44) | J45: =IF(SUM(J$10:J44)=0,IF(COUNTA(J$10:J44)=0,"Очікую",0),SUM(J$10:J44)/$D44) | K45: =IF(SUM(K$10:K44)=0,IF(COUNTA(K$10:K44)=0,"Очікую",0),SUM(K$10:K44)/$D44) | L45: =IF(SUM(L$10:L44)=0,IF(COUNTA(L$10:L44)=0,"Очікую",0),SUM(L$10:L44)/$D44) | M45: =IF(SUM(M$10:M44)=0,IF(COUNTA(M$10:M44)=0,"Очікую",0),SUM(M$10:M44)/$D44) | ... T45: =IF(SUM(T$10:T44)=0,IF(COUNTA(T$10:T44)=0,"Очікую",0),SUM(T$10:T44)/$D44) | U45: =IFERROR(AVERAGE($F45:T45),"Очікую")
E46: Абсолютна успішність | F46: =IF(SUM(F$10:F44)=0,IF(COUNTA(F$10:F44)=0,"Очікую",0),IF(COUNTIF(F$10:F44,">=4")=0,0,COUNTIF(F$10:F44,">=4")/$D44*100)) | G46: =IF(SUM(G$10:G44)=0,IF(COUNTA(G$10:G44)=0,"Очікую",0),IF(COUNTIF(G$10:G44,">=4")=0,0,COUNTIF(G$10:G44,">=4")/$D44*100)) | H46: =IF(SUM(H$10:H44)=0,IF(COUNTA(H$10:H44)=0,"Очікую",0),IF(COUNTIF(H$10:H44,">=4")=0,0,COUNTIF(H$10:H44,">=4")/$D44*100)) | I46: =IF(SUM(I$10:I44)=0,IF(COUNTA(I$10:I44)=0,"Очікую",0),IF(COUNTIF(I$10:I44,">=4")=0,0,COUNTIF(I$10:I44,">=4")/$D44*100)) | J46: =IF(SUM(J$10:J44)=0,IF(COUNTA(J$10:J44)=0,"Очікую",0),IF(COUNTIF(J$10:J44,">=4")=0,0,COUNTIF(J$10:J44,">=4")/$D44*100)) | K46: =IF(SUM(K$10:K44)=0,IF(COUNTA(K$10:K44)=0,"Очікую",0),IF(COUNTIF(K$10:K44,">=4")=0,0,COUNTIF(K$10:K44,">=4")/$D44*100)) | L46: =IF(SUM(L$10:L44)=0,IF(COUNTA(L$10:L44)=0,"Очікую",0),IF(COUNTIF(L$10:L44,">=4")=0,0,COUNTIF(L$10:L44,">=4")/$D44*100)) | M46: =IF(SUM(M$10:M44)=0,IF(COUNTA(M$10:M44)=0,"Очікую",0),IF(COUNTIF(M$10:M44,">=4")=0,0,COUNTIF(M$10:M44,">=4")/$D44*100)) | ... T46: =IF(SUM(T$10:T44)=0,IF(COUNTA(T$10:T44)=0,"Очікую",0),IF(COUNTIF(T$10:T44,">=4")=0,0,COUNTIF(T$10:T44,">=4")/$D44*100))
E47: Якісна успішність | F47: =IF(SUM(F$10:F44)=0,IF(COUNTA(F$10:F44)=0,"Очікую",0),IF(COUNTIF(F$10:F44,">=7")=0,0,COUNTIF(F$10:F44,">=7")/$D44*100)) | G47: =IF(SUM(G$10:G44)=0,IF(COUNTA(G$10:G44)=0,"Очікую",0),IF(COUNTIF(G$10:G44,">=7")=0,0,COUNTIF(G$10:G44,">=7")/$D44*100)) | H47: =IF(SUM(H$10:H44)=0,IF(COUNTA(H$10:H44)=0,"Очікую",0),IF(COUNTIF(H$10:H44,">=7")=0,0,COUNTIF(H$10:H44,">=7")/$D44*100)) | I47: =IF(SUM(I$10:I44)=0,IF(COUNTA(I$10:I44)=0,"Очікую",0),IF(COUNTIF(I$10:I44,">=7")=0,0,COUNTIF(I$10:I44,">=7")/$D44*100)) | J47: =IF(SUM(J$10:J44)=0,IF(COUNTA(J$10:J44)=0,"Очікую",0),IF(COUNTIF(J$10:J44,">=7")=0,0,COUNTIF(J$10:J44,">=7")/$D44*100)) | K47: =IF(SUM(K$10:K44)=0,IF(COUNTA(K$10:K44)=0,"Очікую",0),IF(COUNTIF(K$10:K44,">=7")=0,0,COUNTIF(K$10:K44,">=7")/$D44*100)) | L47: =IF(SUM(L$10:L44)=0,IF(COUNTA(L$10:L44)=0,"Очікую",0),IF(COUNTIF(L$10:L44,">=7")=0,0,COUNTIF(L$10:L44,">=7")/$D44*100)) | M47: =IF(SUM(M$10:M44)=0,IF(COUNTA(M$10:M44)=0,"Очікую",0),IF(COUNTIF(M$10:M44,">=7")=0,0,COUNTIF(M$10:M44,">=7")/$D44*100)) | ... T47: =IF(SUM(T$10:T44)=0,IF(COUNTA(T$10:T44)=0,"Очікую",0),IF(COUNTIF(T$10:T44,">=7")=0,0,COUNTIF(T$10:T44,">=7")/$D44*100))
E48: Абсолютна успішність по групі | F48: =IFERROR(AVERAGE(F46:T46),"Очікую")
E49: Якісна успішність по групі | F49: =IFERROR(AVERAGE($F47:T47),"Очікую")
E50: Кількість бюджетників | F50: =IF(COUNTIF($C$10:$C44,"=B")=0,IF(COUNTIF($C$10:$C44,"=K")=0,"Очікую",0),COUNTIF($C$10:$C44,"=B"))
E51: Кількість контрактників | F51: =IF(COUNTIF($C$10:$C44,"=K")=0,IF(COUNTIF($C$10:$C44,"=B")=0,"Очікую",0),COUNTIF($C$10:$C44,"=K")) | H51: Класний керівник
E52: Кількість соціального контингенту
E53: Вийшли на стипендію | F53: =IF(F50="Очікую","Очікую",IF(F50-COUNTIF($U$10:$U44," - ")<ROUNDDOWN(F50*0.45,0),F50-COUNTIF($U$10:$U44," - "),ROUNDDOWN(F50*0.45,0))) | H53: Завідувач відділення ПЗСО | P53: Маргарита БРІТІКОВА

Sheet Зведена D7
A1: S
C3: ВІДОКРЕМЛЕНИЙ СТРУКТУРНИЙ ПІДРОЗДІЛ «ФАХОВИЙ КОЛЕДЖ НАФТОГАЗОВИХ ТЕХНОЛОГІЙ, ІНЖЕНЕРІЇ ТА ІНФРАСТРУКТУРИ СЕРВІСУ ОДЕСЬКОГО НАЦІОНАЛЬНОГО ТЕХНОЛОГІЧНОГО УНІВЕРСИТЕТУ»
C4: ЗВЕДЕНА ВІДОМІСТЬ
C5: Успішності студентів спеціальності D7 «Торгівля»
C6: За II семестр 2025-2026 н.р.
C7: Група 25-2 курс I
C8: Б/К | D8: № п/п | E8: Прізвище, ім’я, по батькові | F8: Підсумкові оцінки дисциплін | U8: Середній бал
F9: ='Загальна'!F9 | G9: ='Загальна'!G9 | H9: ='Загальна'!H9 | I9: ='Загальна'!I9 | J9: ='Загальна'!J9 | K9: ='Загальна'!K9 | L9: ='Загальна'!L9 | M9: ='Загальна'!M9 | ... T9: ='Загальна'!T9
C10: ='Загальна'!C11 | D10: 1 | E10: ='Загальна'!E11 | F10: ='Загальна'!F11 | G10: ='Загальна'!G11 | H10: ='Загальна'!H11 | I10: ='Загальна'!I11 | J10: ='Загальна'!J11 | K10: ='Загальна'!K11 | L10: ='Загальна'!L11 | ... T10: ='Загальна'!T11 | U10: =IF(COUNTIF($F10:T10,"=*")>0,IF($C10="K","-"," - "),IF(COUNTIF($F10:T10,"<4")>0,IF(C10="K","-"," - "),(IFERROR(AVERAGE($F10:T10),"Очікую"))))
C11: ='Загальна'!C17 | D11: 2 | E11: ='Загальна'!E17 | F11: ='Загальна'!F17 | G11: ='Загальна'!G17 | H11: ='Загальна'!H17 | I11: ='Загальна'!I17 | J11: ='Загальна'!J17 | K11: ='Загальна'!K17 | L11: ='Загальна'!L17 | ... T11: ='Загальна'!T17 | U11: =IF(COUNTIF($F11:T11,"=*")>0,IF($C11="K","-"," - "),IF(COUNTIF($F11:T11,"<4")>0,IF(C11="K","-"," - "),(IFERROR(AVERAGE($F11:T11),"Очікую"))))
C12: ='Загальна'!C19 | D12: 3 | E12: ='Загальна'!E19 | F12: ='Загальна'!F19 | G12: ='Загальна'!G19 | H12: ='Загальна'!H19 | I12: ='Загальна'!I19 | J12: ='Загальна'!J19 | K12: ='Загальна'!K19 | L12: ='Загальна'!L19 | ... T12: ='Загальна'!T19 | U12: =IF(COUNTIF($F12:T12,"=*")>0,IF($C12="K","-"," - "),IF(COUNTIF($F12:T12,"<4")>0,IF(C12="K","-"," - "),(IFERROR(AVERAGE($F12:T12),"Очікую"))))
C13: ='Загальна'!C21 | D13: 4 | E13: ='Загальна'!E21 | F13: ='Загальна'!F21 | G13: ='Загальна'!G21 | H13: ='Загальна'!H21 | I13: ='Загальна'!I21 | J13: ='Загальна'!J21 | K13: ='Загальна'!K21 | L13: ='Загальна'!L21 | ... T13: ='Загальна'!T21 | U13: =IF(COUNTIF($F13:T13,"=*")>0,IF($C13="K","-"," - "),IF(COUNTIF($F13:T13,"<4")>0,IF(C13="K","-"," - "),(IFERROR(AVERAGE($F13:T13),"Очікую"))))
C14: ='Загальна'!C22 | D14: 5 | E14: ='Загальна'!E22 | F14: ='Загальна'!F22 | G14: ='Загальна'!G22 | H14: ='Загальна'!H22 | I14: ='Загальна'!I22 | J14: ='Загальна'!J22 | K14: ='Загальна'!K22 | L14: ='Загальна'!L22 | ... T14: ='Загальна'!T22 | U14: =IF(COUNTIF($F14:T14,"=*")>0,IF($C14="K","-"," - "),IF(COUNTIF($F14:T14,"<4")>0,IF(C14="K","-"," - "),(IFERROR(AVERAGE($F14:T14),"Очікую"))))
C15: ='Загальна'!C25 | D15: 6 | E15: ='Загальна'!E25 | F15: ='Загальна'!F25 | G15: ='Загальна'!G25 | H15: ='Загальна'!H25 | I15: ='Загальна'!I25 | J15: ='Загальна'!J25 | K15: ='Загальна'!K25 | L15: ='Загальна'!L25 | ... T15: ='Загальна'!T25 | U15: =IF(COUNTIF($F15:T15,"=*")>0,IF($C15="K","-"," - "),IF(COUNTIF($F15:T15,"<4")>0,IF(C15="K","-"," - "),(IFERROR(AVERAGE($F15:T15),"Очікую"))))
C16: ='Загальна'!C26 | D16: 7 | E16: ='Загальна'!E26 | F16: ='Загальна'!F26 | G16: ='Загальна'!G26 | H16: ='Загальна'!H26 | I16: ='Загальна'!I26 | J16: ='Загальна'!J26 | K16: ='Загальна'!K26 | L16: ='Загальна'!L26 | ... T16: ='Загальна'!T26 | U16: =IF(COUNTIF($F16:T16,"=*")>0,IF($C16="K","-"," - "),IF(COUNTIF($F16:T16,"<4")>0,IF(C16="K","-"," - "),(IFERROR(AVERAGE($F16:T16),"Очікую"))))
C17: ='Загальна'!C32 | D17: 8 | E17: ='Загальна'!E32 | F17: ='Загальна'!F32 | G17: ='Загальна'!G32 | H17: ='Загальна'!H32 | I17: ='Загальна'!I32 | J17: ='Загальна'!J32 | K17: ='Загальна'!K32 | L17: ='Загальна'!L32 | ... T17: ='Загальна'!T32 | U17: =IF(COUNTIF($F17:T17,"=*")>0,IF($C17="K","-"," - "),IF(COUNTIF($F17:T17,"<4")>0,IF(C17="K","-"," - "),(IFERROR(AVERAGE($F17:T17),"Очікую"))))
C18: ='Загальна'!C33 | D18: 9 | E18: ='Загальна'!E33 | F18: ='Загальна'!F33 | G18: ='Загальна'!G33 | H18: ='Загальна'!H33 | I18: ='Загальна'!I33 | J18: ='Загальна'!J33 | K18: ='Загальна'!K33 | L18: ='Загальна'!L33 | ... T18: ='Загальна'!T33 | U18: =IF(COUNTIF($F18:T18,"=*")>0,IF($C18="K","-"," - "),IF(COUNTIF($F18:T18,"<4")>0,IF(C18="K","-"," - "),(IFERROR(AVERAGE($F18:T18),"Очікую"))))
C19: ='Загальна'!C37 | D19: 10 | E19: ='Загальна'!E37 | F19: ='Загальна'!F37 | G19: ='Загальна'!G37 | H19: ='Загальна'!H37 | I19: ='Загальна'!I37 | J19: ='Загальна'!J37 | K19: ='Загальна'!K37 | L19: ='Загальна'!L37 | ... T19: ='Загальна'!T37 | U19: =IF(COUNTIF($F19:T19,"=*")>0,IF($C19="K","-"," - "),IF(COUNTIF($F19:T19,"<4")>0,IF(C19="K","-"," - "),(IFERROR(AVERAGE($F19:T19),"Очікую"))))
C20: ='Загальна'!C38 | D20: 11 | E20: ='Загальна'!E38 | F20: ='Загальна'!F38 | G20: ='Загальна'!G38 | H20: ='Загальна'!H38 | I20: ='Загальна'!I38 | J20: ='Загальна'!J38 | K20: ='Загальна'!K38 | L20: ='Загальна'!L38 | ... T20: ='Загальна'!T38 | U20: =IF(COUNTIF($F20:T20,"=*")>0,IF($C20="K","-"," - "),IF(COUNTIF($F20:T20,"<4")>0,IF(C20="K","-"," - "),(IFERROR(AVERAGE($F20:T20),"Очікую"))))
C21: ='Загальна'!C41 | D21: 12 | E21: ='Загальна'!E41 | F21: ='Загальна'!F41 | G21: ='Загальна'!G41 | H21: ='Загальна'!H41 | I21: ='Загальна'!I41 | J21: ='Загальна'!J41 | K21: ='Загальна'!K41 | L21: ='Загальна'!L41 | ... T21: ='Загальна'!T41 | U21: =IF(COUNTIF($F21:T21,"=*")>0,IF($C21="K","-"," - "),IF(COUNTIF($F21:T21,"<4")>0,IF(C21="K","-"," - "),(IFERROR(AVERAGE($F21:T21),"Очікую"))))
C22: ='Загальна'!C42 | D22: 13 | E22: ='Загальна'!E42 | F22: ='Загальна'!F42 | G22: ='Загальна'!G42 | H22: ='Загальна'!H42 | I22: ='Загальна'!I42 | J22: ='Загальна'!J42 | K22: ='Загальна'!K42 | L22: ='Загальна'!L42 | ... T22: ='Загальна'!T42 | U22: =IF(COUNTIF($F22:T22,"=*")>0,IF($C22="K","-"," - "),IF(COUNTIF($F22:T22,"<4")>0,IF(C22="K","-"," - "),(IFERROR(AVERAGE($F22:T22),"Очікую"))))
C23: ='Загальна'!C43 | D23: 14 | E23: ='Загальна'!E43 | F23: ='Загальна'!F43 | G23: ='Загальна'!G43 | H23: ='Загальна'!H43 | I23: ='Загальна'!I43 | J23: ='Загальна'!J43 | K23: ='Загальна'!K43 | L23: ='Загальна'!L43 | ... T23: ='Загальна'!T43 | U23: =IF(COUNTIF($F23:T23,"=*")>0,IF($C23="K","-"," - "),IF(COUNTIF($F23:T23,"<4")>0,IF(C23="K","-"," - "),(IFERROR(AVERAGE($F23:T23),"Очікую"))))
C24: ='Загальна'!C44 | D24: 15 | E24: ='Загальна'!E44 | F24: ='Загальна'!F44 | G24: ='Загальна'!G44 | H24: ='Загальна'!H44 | I24: ='Загальна'!I44 | J24: ='Загальна'!J44 | K24: ='Загальна'!K44 | L24: ='Загальна'!L44 | ... T24: ='Загальна'!T44 | U24: =IF(COUNTIF($F24:T24,"=*")>0,IF($C24="K","-"," - "),IF(COUNTIF($F24:T24,"<4")>0,IF(C24="K","-"," - "),(IFERROR(AVERAGE($F24:T24),"Очікую"))))
E25: Середній бал успішності з дисципліни | F25: =IF(SUM(F$10:F24)=0,IF(COUNTA(F$10:F24)=0,"Очікую",0),SUM(F$10:F24)/$D24) | G25: =IF(SUM(G$10:G24)=0,IF(COUNTA(G$10:G24)=0,"Очікую",0),SUM(G$10:G24)/$D24) | H25: =IF(SUM(H$10:H24)=0,IF(COUNTA(H$10:H24)=0,"Очікую",0),SUM(H$10:H24)/$D24) | I25: =IF(SUM(I$10:I24)=0,IF(COUNTA(I$10:I24)=0,"Очікую",0),SUM(I$10:I24)/$D24) | J25: =IF(SUM(J$10:J24)=0,IF(COUNTA(J$10:J24)=0,"Очікую",0),SUM(J$10:J24)/$D24) | K25: =IF(SUM(K$10:K24)=0,IF(COUNTA(K$10:K24)=0,"Очікую",0),SUM(K$10:K24)/$D24) | L25: =IF(SUM(L$10:L24)=0,IF(COUNTA(L$10:L24)=0,"Очікую",0),SUM(L$10:L24)/$D24) | M25: =IF(SUM(M$10:M24)=0,IF(COUNTA(M$10:M24)=0,"Очікую",0),SUM(M$10:M24)/$D24) | ... T25: =IF(SUM(T$10:T24)=0,IF(COUNTA(T$10:T24)=0,"Очікую",0),SUM(T$10:T24)/$D24) | U25: =IFERROR(AVERAGE($F25:T25),"Очікую")
E26: Абсолютна успішність | F26: =IF(SUM(F$10:F24)=0,IF(COUNTA(F$10:F24)=0,"Очікую",0),IF(COUNTIF(F$10:F24,">=4")=0,0,COUNTIF(F$10:F24,">=4")/$D24*100)) | G26: =IF(SUM(G$10:G24)=0,IF(COUNTA(G$10:G24)=0,"Очікую",0),IF(COUNTIF(G$10:G24,">=4")=0,0,COUNTIF(G$10:G24,">=4")/$D24*100)) | H26: =IF(SUM(H$10:H24)=0,IF(COUNTA(H$10:H24)=0,"Очікую",0),IF(COUNTIF(H$10:H24,">=4")=0,0,COUNTIF(H$10:H24,">=4")/$D24*100)) | I26: =IF(SUM(I$10:I24)=0,IF(COUNTA(I$10:I24)=0,"Очікую",0),IF(COUNTIF(I$10:I24,">=4")=0,0,COUNTIF(I$10:I24,">=4")/$D24*100)) | J26: =IF(SUM(J$10:J24)=0,IF(COUNTA(J$10:J24)=0,"Очікую",0),IF(COUNTIF(J$10:J24,">=4")=0,0,COUNTIF(J$10:J24,">=4")/$D24*100)) | K26: =IF(SUM(K$10:K24)=0,IF(COUNTA(K$10:K24)=0,"Очікую",0),IF(COUNTIF(K$10:K24,">=4")=0,0,COUNTIF(K$10:K24,">=4")/$D24*100)) | L26: =IF(SUM(L$10:L24)=0,IF(COUNTA(L$10:L24)=0,"Очікую",0),IF(COUNTIF(L$10:L24,">=4")=0,0,COUNTIF(L$10:L24,">=4")/$D24*100)) | M26: =IF(SUM(M$10:M24)=0,IF(COUNTA(M$10:M24)=0,"Очікую",0),IF(COUNTIF(M$10:M24,">=4")=0,0,COUNTIF(M$10:M24,">=4")/$D24*100)) | ... T26: =IF(SUM(T$10:T24)=0,IF(COUNTA(T$10:T24)=0,"Очікую",0),IF(COUNTIF(T$10:T24,">=4")=0,0,COUNTIF(T$10:T24,">=4")/$D24*100))
E27: Якісна успішність | F27: =IF(SUM(F$10:F24)=0,IF(COUNTA(F$10:F24)=0,"Очікую",0),IF(COUNTIF(F$10:F24,">=7")=0,0,COUNTIF(F$10:F24,">=7")/$D24*100)) | G27: =IF(SUM(G$10:G24)=0,IF(COUNTA(G$10:G24)=0,"Очікую",0),IF(COUNTIF(G$10:G24,">=7")=0,0,COUNTIF(G$10:G24,">=7")/$D24*100)) | H27: =IF(SUM(H$10:H24)=0,IF(COUNTA(H$10:H24)=0,"Очікую",0),IF(COUNTIF(H$10:H24,">=7")=0,0,COUNTIF(H$10:H24,">=7")/$D24*100)) | I27: =IF(SUM(I$10:I24)=0,IF(COUNTA(I$10:I24)=0,"Очікую",0),IF(COUNTIF(I$10:I24,">=7")=0,0,COUNTIF(I$10:I24,">=7")/$D24*100)) | J27: =IF(SUM(J$10:J24)=0,IF(COUNTA(J$10:J24)=0,"Очікую",0),IF(COUNTIF(J$10:J24,">=7")=0,0,COUNTIF(J$10:J24,">=7")/$D24*100)) | K27: =IF(SUM(K$10:K24)=0,IF(COUNTA(K$10:K24)=0,"Очікую",0),IF(COUNTIF(K$10:K24,">=7")=0,0,COUNTIF(K$10:K24,">=7")/$D24*100)) | L27: =IF(SUM(L$10:L24)=0,IF(COUNTA(L$10:L24)=0,"Очікую",0),IF(COUNTIF(L$10:L24,">=7")=0,0,COUNTIF(L$10:L24,">=7")/$D24*100)) | M27: =IF(SUM(M$10:M24)=0,IF(COUNTA(M$10:M24)=0,"Очікую",0),IF(COUNTIF(M$10:M24,">=7")=0,0,COUNTIF(M$10:M24,">=7")/$D24*100)) | ... T27: =IF(SUM(T$10:T24)=0,IF(COUNTA(T$10:T24)=0,"Очікую",0),IF(COUNTIF(T$10:T24,">=7")=0,0,COUNTIF(T$10:T24,">=7")/$D24*100))
E28: Абсолютна успішність по групі | F28: =IFERROR(AVERAGE(F26:T26),"Очікую")
E29: Якісна успішність по групі | F29: =IFERROR(AVERAGE($F27:T27),"Очікую")
E30: Кількість бюджетників | F30: =IF(COUNTIF($C$10:$C24,"=B")=0,IF(COUNTIF($C$10:$C24,"=K")=0,"Очікую",0),COUNTIF($C$10:$C24,"=B"))
E31: Кількість контрактників | F31: =IF(COUNTIF($C$10:$C24,"=K")=0,IF(COUNTIF($C$10:$C24,"=B")=0,"Очікую",0),COUNTIF($C$10:$C24,"=K")) | H31: Класний керівник | P31: ='Загальна'!P51
E32: Кількість соціального контингенту
E33: Вийшли на стипендію | F33: =IF(F30="Очікую","Очікую",IF(F30-COUNTIF($U$10:$U24," - ")<ROUNDDOWN(F30*0.45,0),F30-COUNTIF($U$10:$U24," - "),ROUNDDOWN(F30*0.45,0))) | H33: Завідувач відділення ПЗСО | P33: Маргарита БРІТІКОВА

Sheet Зведена G1
A1: S
C3: ВІДОКРЕМЛЕНИЙ СТРУКТУРНИЙ ПІДРОЗДІЛ «ФАХОВИЙ КОЛЕДЖ НАФТОГАЗОВИХ ТЕХНОЛОГІЙ, ІНЖЕНЕРІЇ ТА ІНФРАСТРУКТУРИ СЕРВІСУ ОДЕСЬКОГО НАЦІОНАЛЬНОГО ТЕХНОЛОГІЧНОГО УНІВЕРСИТЕТУ»
C4: ЗВЕДЕНА ВІДОМІСТЬ
C5: Успішності студентів спеціальності G1 «Хімічні технології та інженерія»
C6: За II семестр 2025-2026 н.р.
C7: Група 25-2 курс I
C8: Б/К | D8: № п/п | E8: Прізвище, ім’я, по батькові | F8: Підсумкові оцінки дисциплін | U8: Середній бал
F9: ='Загальна'!F9 | G9: ='Загальна'!G9 | H9: ='Загальна'!H9 | I9: ='Загальна'!I9 | J9: ='Загальна'!J9 | K9: ='Загальна'!K9 | L9: ='Загальна'!L9 | M9: ='Загальна'!M9 | ... T9: ='Загальна'!T9
C10: ='Загальна'!C12 | D10: 1 | E10: ='Загальна'!E12 | F10: ='Загальна'!F12 | G10: ='Загальна'!G12 | H10: ='Загальна'!H12 | I10: ='Загальна'!I12 | J10: ='Загальна'!J12 | K10: ='Загальна'!K12 | L10: ='Загальна'!L12 | ... T10: ='Загальна'!T12 | U10: =IF(COUNTIF($F10:T10,"=*")>0,IF($C10="K","-"," - "),IF(COUNTIF($F10:T10,"<4")>0,IF(C10="K","-"," - "),(IFERROR(AVERAGE($F10:T10),"Очікую"))))
C11: ='Загальна'!C14 | D11: 2 | E11: ='Загальна'!E14 | F11: ='Загальна'!F14 | G11: ='Загальна'!G14 | H11: ='Загальна'!H14 | I11: ='Загальна'!I14 | J11: ='Загальна'!J14 | K11: ='Загальна'!K14 | L11: ='Загальна'!L14 | ... T11: ='Загальна'!T14 | U11: =IF(COUNTIF($F11:T11,"=*")>0,IF($C11="K","-"," - "),IF(COUNTIF($F11:T11,"<4")>0,IF(C11="K","-"," - "),(IFERROR(AVERAGE($F11:T11),"Очікую"))))
C12: ='Загальна'!C27 | D12: 3 | E12: ='Загальна'!E27 | F12: ='Загальна'!F27 | G12: ='Загальна'!G27 | H12: ='Загальна'!H27 | I12: ='Загальна'!I27 | J12: ='Загальна'!J27 | K12: ='Загальна'!K27 | L12: ='Загальна'!L27 | ... T12: ='Загальна'!T27 | U12: =IF(COUNTIF($F12:T12,"=*")>0,IF($C12="K","-"," - "),IF(COUNTIF($F12:T12,"<4")>0,IF(C12="K","-"," - "),(IFERROR(AVERAGE($F12:T12),"Очікую"))))
C13: ='Загальна'!C29 | D13: 4 | E13: ='Загальна'!E29 | F13: ='Загальна'!F29 | G13: ='Загальна'!G29 | H13: ='Загальна'!H29 | I13: ='Загальна'!I29 | J13: ='Загальна'!J29 | K13: ='Загальна'!K29 | L13: ='Загальна'!L29 | ... T13: ='Загальна'!T29 | U13: =IF(COUNTIF($F13:T13,"=*")>0,IF($C13="K","-"," - "),IF(COUNTIF($F13:T13,"<4")>0,IF(C13="K","-"," - "),(IFERROR(AVERAGE($F13:T13),"Очікую"))))
E14: Середній бал успішності з дисципліни | F14: =IF(SUM(F$10:F13)=0,IF(COUNTA(F$10:F13)=0,"Очікую",0),SUM(F$10:F13)/$D13) | G14: =IF(SUM(G$10:G13)=0,IF(COUNTA(G$10:G13)=0,"Очікую",0),SUM(G$10:G13)/$D13) | H14: =IF(SUM(H$10:H13)=0,IF(COUNTA(H$10:H13)=0,"Очікую",0),SUM(H$10:H13)/$D13) | I14: =IF(SUM(I$10:I13)=0,IF(COUNTA(I$10:I13)=0,"Очікую",0),SUM(I$10:I13)/$D13) | J14: =IF(SUM(J$10:J13)=0,IF(COUNTA(J$10:J13)=0,"Очікую",0),SUM(J$10:J13)/$D13) | K14: =IF(SUM(K$10:K13)=0,IF(COUNTA(K$10:K13)=0,"Очікую",0),SUM(K$10:K13)/$D13) | L14: =IF(SUM(L$10:L13)=0,IF(COUNTA(L$10:L13)=0,"Очікую",0),SUM(L$10:L13)/$D13) | M14: =IF(SUM(M$10:M13)=0,IF(COUNTA(M$10:M13)=0,"Очікую",0),SUM(M$10:M13)/$D13) | ... T14: =IF(SUM(T$10:T13)=0,IF(COUNTA(T$10:T13)=0,"Очікую",0),SUM(T$10:T13)/$D13) | U14: =IFERROR(AVERAGE($F14:T14),"Очікую")
E15: Абсолютна успішність | F15: =IF(SUM(F$10:F13)=0,IF(COUNTA(F$10:F13)=0,"Очікую",0),IF(COUNTIF(F$10:F13,">=4")=0,0,COUNTIF(F$10:F13,">=4")/$D13*100)) | G15: =IF(SUM(G$10:G13)=0,IF(COUNTA(G$10:G13)=0,"Очікую",0),IF(COUNTIF(G$10:G13,">=4")=0,0,COUNTIF(G$10:G13,">=4")/$D13*100)) | H15: =IF(SUM(H$10:H13)=0,IF(COUNTA(H$10:H13)=0,"Очікую",0),IF(COUNTIF(H$10:H13,">=4")=0,0,COUNTIF(H$10:H13,">=4")/$D13*100)) | I15: =IF(SUM(I$10:I13)=0,IF(COUNTA(I$10:I13)=0,"Очікую",0),IF(COUNTIF(I$10:I13,">=4")=0,0,COUNTIF(I$10:I13,">=4")/$D13*100)) | J15: =IF(SUM(J$10:J13)=0,IF(COUNTA(J$10:J13)=0,"Очікую",0),IF(COUNTIF(J$10:J13,">=4")=0,0,COUNTIF(J$10:J13,">=4")/$D13*100)) | K15: =IF(SUM(K$10:K13)=0,IF(COUNTA(K$10:K13)=0,"Очікую",0),IF(COUNTIF(K$10:K13,">=4")=0,0,COUNTIF(K$10:K13,">=4")/$D13*100)) | L15: =IF(SUM(L$10:L13)=0,IF(COUNTA(L$10:L13)=0,"Очікую",0),IF(COUNTIF(L$10:L13,">=4")=0,0,COUNTIF(L$10:L13,">=4")/$D13*100)) | M15: =IF(SUM(M$10:M13)=0,IF(COUNTA(M$10:M13)=0,"Очікую",0),IF(COUNTIF(M$10:M13,">=4")=0,0,COUNTIF(M$10:M13,">=4")/$D13*100)) | ... T15: =IF(SUM(T$10:T13)=0,IF(COUNTA(T$10:T13)=0,"Очікую",0),IF(COUNTIF(T$10:T13,">=4")=0,0,COUNTIF(T$10:T13,">=4")/$D13*100))
E16: Якісна успішність | F16: =IF(SUM(F$10:F13)=0,IF(COUNTA(F$10:F13)=0,"Очікую",0),IF(COUNTIF(F$10:F13,">=7")=0,0,COUNTIF(F$10:F13,">=7")/$D13*100)) | G16: =IF(SUM(G$10:G13)=0,IF(COUNTA(G$10:G13)=0,"Очікую",0),IF(COUNTIF(G$10:G13,">=7")=0,0,COUNTIF(G$10:G13,">=7")/$D13*100)) | H16: =IF(SUM(H$10:H13)=0,IF(COUNTA(H$10:H13)=0,"Очікую",0),IF(COUNTIF(H$10:H13,">=7")=0,0,COUNTIF(H$10:H13,">=7")/$D13*100)) | I16: =IF(SUM(I$10:I13)=0,IF(COUNTA(I$10:I13)=0,"Очікую",0),IF(COUNTIF(I$10:I13,">=7")=0,0,COUNTIF(I$10:I13,">=7")/$D13*100)) | J16: =IF(SUM(J$10:J13)=0,IF(COUNTA(J$10:J13)=0,"Очікую",0),IF(COUNTIF(J$10:J13,">=7")=0,0,COUNTIF(J$10:J13,">=7")/$D13*100)) | K16: =IF(SUM(K$10:K13)=0,IF(COUNTA(K$10:K13)=0,"Очікую",0),IF(COUNTIF(K$10:K13,">=7")=0,0,COUNTIF(K$10:K13,">=7")/$D13*100)) | L16: =IF(SUM(L$10:L13)=0,IF(COUNTA(L$10:L13)=0,"Очікую",0),IF(COUNTIF(L$10:L13,">=7")=0,0,COUNTIF(L$10:L13,">=7")/$D13*100)) | M16: =IF(SUM(M$10:M13)=0,IF(COUNTA(M$10:M13)=0,"Очікую",0),IF(COUNTIF(M$10:M13,">=7")=0,0,COUNTIF(M$10:M13,">=7")/$D13*100)) | ... T16: =IF(SUM(T$10:T13)=0,IF(COUNTA(T$10:T13)=0,"Очікую",0),IF(COUNTIF(T$10:T13,">=7")=0,0,COUNTIF(T$10:T13,">=7")/$D13*100))
E17: Абсолютна успішність по групі | F17: =IFERROR(AVERAGE(F15:T15),"Очікую")
E18: Якісна успішність по групі | F18: =IFERROR(AVERAGE($F16:T16),"Очікую")
E19: Кількість бюджетників | F19: =IF(COUNTIF($C$10:$C13,"=B")=0,IF(COUNTIF($C$10:$C13,"=K")=0,"Очікую",0),COUNTIF($C$10:$C13,"=B"))
E20: Кількість контрактників | F20: =IF(COUNTIF($C$10:$C13,"=K")=0,IF(COUNTIF($C$10:$C13,"=B")=0,"Очікую",0),COUNTIF($C$10:$C13,"=K")) | H20: Класний керівник | P20: ='Загальна'!P51
E21: Кількість соціального контингенту
E22: Вийшли на стипендію | F22: =IF(F19="Очікую","Очікую",IF(F19-COUNTIF($U$10:$U13," - ")<ROUNDDOWN(F19*0.45,0),F19-COUNTIF($U$10:$U13," - "),ROUNDDOWN(F19*0.45,0))) | H22: Завідувач відділення ПЗСО | P22: Маргарита БРІТІКОВА

Sheet Зведена G16
A1: S
C3: ВІДОКРЕМЛЕНИЙ СТРУКТУРНИЙ ПІДРОЗДІЛ «ФАХОВИЙ КОЛЕДЖ НАФТОГАЗОВИХ ТЕХНОЛОГІЙ, ІНЖЕНЕРІЇ ТА ІНФРАСТРУКТУРИ СЕРВІСУ ОДЕСЬКОГО НАЦІОНАЛЬНОГО ТЕХНОЛОГІЧНОГО УНІВЕРСИТЕТУ»
C4: ЗВЕДЕНА ВІДОМІСТЬ
C5: Успішності студентів спеціальності G16 «Гірництво та нафтогазові технології»
C6: За II семестр 2025-2026 н.р.
C7: Група 25-2 курс I
C8: Б/К | D8: № п/п | E8: Прізвище, ім’я, по батькові | F8: Підсумкові оцінки дисциплін | U8: Середній бал
F9: ='Загальна'!F9 | G9: ='Загальна'!G9 | H9: ='Загальна'!H9 | I9: ='Загальна'!I9 | J9: ='Загальна'!J9 | K9: ='Загальна'!K9 | L9: ='Загальна'!L9 | M9: ='Загальна'!M9 | ... T9: ='Загальна'!T9
C10: ='Загальна'!C10 | D10: 1 | E10: ='Загальна'!E10 | F10: ='Загальна'!F10 | G10: ='Загальна'!G10 | H10: ='Загальна'!H10 | I10: ='Загальна'!I10 | J10: ='Загальна'!J10 | K10: ='Загальна'!K10 | L10: ='Загальна'!L10 | ... T10: ='Загальна'!T10 | U10: =IF(COUNTIF($F10:T10,"=*")>0,IF($C10="K","-"," - "),IF(COUNTIF($F10:T10,"<4")>0,IF(C10="K","-"," - "),(IFERROR(AVERAGE($F10:T10),"Очікую"))))
C11: ='Загальна'!C13 | D11: 2 | E11: ='Загальна'!E13 | F11: ='Загальна'!F13 | G11: ='Загальна'!G13 | H11: ='Загальна'!H13 | I11: ='Загальна'!I13 | J11: ='Загальна'!J13 | K11: ='Загальна'!K13 | L11: ='Загальна'!L13 | ... T11: ='Загальна'!T13 | U11: =IF(COUNTIF($F11:T11,"=*")>0,IF($C11="K","-"," - "),IF(COUNTIF($F11:T11,"<4")>0,IF(C11="K","-"," - "),(IFERROR(AVERAGE($F11:T11),"Очікую"))))
C12: ='Загальна'!C15 | D12: 3 | E12: ='Загальна'!E15 | F12: ='Загальна'!F15 | G12: ='Загальна'!G15 | H12: ='Загальна'!H15 | I12: ='Загальна'!I15 | J12: ='Загальна'!J15 | K12: ='Загальна'!K15 | L12: ='Загальна'!L15 | ... T12: ='Загальна'!T15 | U12: =IF(COUNTIF($F12:T12,"=*")>0,IF($C12="K","-"," - "),IF(COUNTIF($F12:T12,"<4")>0,IF(C12="K","-"," - "),(IFERROR(AVERAGE($F12:T12),"Очікую"))))
C13: ='Загальна'!C16 | D13: 4 | E13: ='Загальна'!E16 | F13: ='Загальна'!F16 | G13: ='Загальна'!G16 | H13: ='Загальна'!H16 | I13: ='Загальна'!I16 | J13: ='Загальна'!J16 | K13: ='Загальна'!K16 | L13: ='Загальна'!L16 | ... T13: ='Загальна'!T16 | U13: =IF(COUNTIF($F13:T13,"=*")>0,IF($C13="K","-"," - "),IF(COUNTIF($F13:T13,"<4")>0,IF(C13="K","-"," - "),(IFERROR(AVERAGE($F13:T13),"Очікую"))))
C14: ='Загальна'!C18 | D14: 5 | E14: ='Загальна'!E18 | F14: ='Загальна'!F18 | G14: ='Загальна'!G18 | H14: ='Загальна'!H18 | I14: ='Загальна'!I18 | J14: ='Загальна'!J18 | K14: ='Загальна'!K18 | L14: ='Загальна'!L18 | ... T14: ='Загальна'!T18 | U14: =IF(COUNTIF($F14:T14,"=*")>0,IF($C14="K","-"," - "),IF(COUNTIF($F14:T14,"<4")>0,IF(C14="K","-"," - "),(IFERROR(AVERAGE($F14:T14),"Очікую"))))
C15: ='Загальна'!C20 | D15: 6 | E15: ='Загальна'!E20 | F15: ='Загальна'!F20 | G15: ='Загальна'!G20 | H15: ='Загальна'!H20 | I15: ='Загальна'!I20 | J15: ='Загальна'!J20 | K15: ='Загальна'!K20 | L15: ='Загальна'!L20 | ... T15: ='Загальна'!T20 | U15: =IF(COUNTIF($F15:T15,"=*")>0,IF($C15="K","-"," - "),IF(COUNTIF($F15:T15,"<4")>0,IF(C15="K","-"," - "),(IFERROR(AVERAGE($F15:T15),"Очікую"))))
C16: ='Загальна'!C23 | D16: 7 | E16: ='Загальна'!E23 | F16: ='Загальна'!F23 | G16: ='Загальна'!G23 | H16: ='Загальна'!H23 | I16: ='Загальна'!I23 | J16: ='Загальна'!J23 | K16: ='Загальна'!K23 | L16: ='Загальна'!L23 | ... T16: ='Загальна'!T23 | U16: =IF(COUNTIF($F16:T16,"=*")>0,IF($C16="K","-"," - "),IF(COUNTIF($F16:T16,"<4")>0,IF(C16="K","-"," - "),(IFERROR(AVERAGE($F16:T16),"Очікую"))))
C17: ='Загальна'!C24 | D17: 8 | E17: ='Загальна'!E24 | F17: ='Загальна'!F24 | G17: ='Загальна'!G24 | H17: ='Загальна'!H24 | I17: ='Загальна'!I24 | J17: ='Загальна'!J24 | K17: ='Загальна'!K24 | L17: ='Загальна'!L24 | ... T17: ='Загальна'!T24 | U17: =IF(COUNTIF($F17:T17,"=*")>0,IF($C17="K","-"," - "),IF(COUNTIF($F17:T17,"<4")>0,IF(C17="K","-"," - "),(IFERROR(AVERAGE($F17:T17),"Очікую"))))
C18: ='Загальна'!C28 | D18: 9 | E18: ='Загальна'!E28 | F18: ='Загальна'!F28 | G18: ='Загальна'!G28 | H18: ='Загальна'!H28 | I18: ='Загальна'!I28 | J18: ='Загальна'!J28 | K18: ='Загальна'!K28 | L18: ='Загальна'!L28 | ... T18: ='Загальна'!T28 | U18: =IF(COUNTIF($F18:T18,"=*")>0,IF($C18="K","-"," - "),IF(COUNTIF($F18:T18,"<4")>0,IF(C18="K","-"," - "),(IFERROR(AVERAGE($F18:T18),"Очікую"))))
C19: ='Загальна'!C30 | D19: 10 | E19: ='Загальна'!E30 | F19: ='Загальна'!F30 | G19: ='Загальна'!G30 | H19: ='Загальна'!H30 | I19: ='Загальна'!I30 | J19: ='Загальна'!J30 | K19: ='Загальна'!K30 | L19: ='Загальна'!L30 | ... T19: ='Загальна'!T30 | U19: =IF(COUNTIF($F19:T19,"=*")>0,IF($C19="K","-"," - "),IF(COUNTIF($F19:T19,"<4")>0,IF(C19="K","-"," - "),(IFERROR(AVERAGE($F19:T19),"Очікую"))))
C20: ='Загальна'!C31 | D20: 11 | E20: ='Загальна'!E31 | F20: ='Загальна'!F31 | G20: ='Загальна'!G31 | H20: ='Загальна'!H31 | I20: ='Загальна'!I31 | J20: ='Загальна'!J31 | K20: ='Загальна'!K31 | L20: ='Загальна'!L31 | ... T20: ='Загальна'!T31 | U20: =IF(COUNTIF($F20:T20,"=*")>0,IF($C20="K","-"," - "),IF(COUNTIF($F20:T20,"<4")>0,IF(C20="K","-"," - "),(IFERROR(AVERAGE($F20:T20),"Очікую"))))
C21: ='Загальна'!C34 | D21: 12 | E21: ='Загальна'!E34 | F21: ='Загальна'!F34 | G21: ='Загальна'!G34 | H21: ='Загальна'!H34 | I21: ='Загальна'!I34 | J21: ='Загальна'!J34 | K21: ='Загальна'!K34 | L21: ='Загальна'!L34 | ... T21: ='Загальна'!T34 | U21: =IF(COUNTIF($F21:T21,"=*")>0,IF($C21="K","-"," - "),IF(COUNTIF($F21:T21,"<4")>0,IF(C21="K","-"," - "),(IFERROR(AVERAGE($F21:T21),"Очікую"))))
C22: ='Загальна'!C35 | D22: 13 | E22: ='Загальна'!E35 | F22: ='Загальна'!F35 | G22: ='Загальна'!G35 | H22: ='Загальна'!H35 | I22: ='Загальна'!I35 | J22: ='Загальна'!J35 | K22: ='Загальна'!K35 | L22: ='Загальна'!L35 | ... T22: ='Загальна'!T35 | U22: =IF(COUNTIF($F22:T22,"=*")>0,IF($C22="K","-"," - "),IF(COUNTIF($F22:T22,"<4")>0,IF(C22="K","-"," - "),(IFERROR(AVERAGE($F22:T22),"Очікую"))))
C23: ='Загальна'!C36 | D23: 14 | E23: ='Загальна'!E36 | F23: ='Загальна'!F36 | G23: ='Загальна'!G36 | H23: ='Загальна'!H36 | I23: ='Загальна'!I36 | J23: ='Загальна'!J36 | K23: ='Загальна'!K36 | L23: ='Загальна'!L36 | ... T23: ='Загальна'!T36 | U23: =IF(COUNTIF($F23:T23,"=*")>0,IF($C23="K","-"," - "),IF(COUNTIF($F23:T23,"<4")>0,IF(C23="K","-"," - "),(IFERROR(AVERAGE($F23:T23),"Очікую"))))
C24: ='Загальна'!C39 | D24: 15 | E24: ='Загальна'!E39 | F24: ='Загальна'!F39 | G24: ='Загальна'!G39 | H24: ='Загальна'!H39 | I24: ='Загальна'!I39 | J24: ='Загальна'!J39 | K24: ='Загальна'!K39 | L24: ='Загальна'!L39 | ... T24: ='Загальна'!T39 | U24: =IF(COUNTIF($F24:T24,"=*")>0,IF($C24="K","-"," - "),IF(COUNTIF($F24:T24,"<4")>0,IF(C24="K","-"," - "),(IFERROR(AVERAGE($F24:T24),"Очікую"))))
C25: ='Загальна'!C40 | D25: 16 | E25: ='Загальна'!E40 | F25: ='Загальна'!F40 | G25: ='Загальна'!G40 | H25: ='Загальна'!H40 | I25: ='Загальна'!I40 | J25: ='Загальна'!J40 | K25: ='Загальна'!K40 | L25: ='Загальна'!L40 | ... T25: ='Загальна'!T40 | U25: =IF(COUNTIF($F25:T25,"=*")>0,IF($C25="K","-"," - "),IF(COUNTIF($F25:T25,"<4")>0,IF(C25="K","-"," - "),(IFERROR(AVERAGE($F25:T25),"Очікую"))))
E26: Середній бал успішності з дисципліни | F26: =IF(SUM(F$10:F25)=0,IF(COUNTA(F$10:F25)=0,"Очікую",0),SUM(F$10:F25)/$D25) | G26: =IF(SUM(G$10:G25)=0,IF(COUNTA(G$10:G25)=0,"Очікую",0),SUM(G$10:G25)/$D25) | H26: =IF(SUM(H$10:H25)=0,IF(COUNTA(H$10:H25)=0,"Очікую",0),SUM(H$10:H25)/$D25) | I26: =IF(SUM(I$10:I25)=0,IF(COUNTA(I$10:I25)=0,"Очікую",0),SUM(I$10:I25)/$D25) | J26: =IF(SUM(J$10:J25)=0,IF(COUNTA(J$10:J25)=0,"Очікую",0),SUM(J$10:J25)/$D25) | K26: =IF(SUM(K$10:K25)=0,IF(COUNTA(K$10:K25)=0,"Очікую",0),SUM(K$10:K25)/$D25) | L26: =IF(SUM(L$10:L25)=0,IF(COUNTA(L$10:L25)=0,"Очікую",0),SUM(L$10:L25)/$D25) | M26: =IF(SUM(M$10:M25)=0,IF(COUNTA(M$10:M25)=0,"Очікую",0),SUM(M$10:M25)/$D25) | ... T26: =IF(SUM(T$10:T25)=0,IF(COUNTA(T$10:T25)=0,"Очікую",0),SUM(T$10:T25)/$D25) | U26: =IFERROR(AVERAGE($F26:T26),"Очікую")
E27: Абсолютна успішність | F27: =IF(SUM(F$10:F25)=0,IF(COUNTA(F$10:F25)=0,"Очікую",0),IF(COUNTIF(F$10:F25,">=4")=0,0,COUNTIF(F$10:F25,">=4")/$D25*100)) | G27: =IF(SUM(G$10:G25)=0,IF(COUNTA(G$10:G25)=0,"Очікую",0),IF(COUNTIF(G$10:G25,">=4")=0,0,COUNTIF(G$10:G25,">=4")/$D25*100)) | H27: =IF(SUM(H$10:H25)=0,IF(COUNTA(H$10:H25)=0,"Очікую",0),IF(COUNTIF(H$10:H25,">=4")=0,0,COUNTIF(H$10:H25,">=4")/$D25*100)) | I27: =IF(SUM(I$10:I25)=0,IF(COUNTA(I$10:I25)=0,"Очікую",0),IF(COUNTIF(I$10:I25,">=4")=0,0,COUNTIF(I$10:I25,">=4")/$D25*100)) | J27: =IF(SUM(J$10:J25)=0,IF(COUNTA(J$10:J25)=0,"Очікую",0),IF(COUNTIF(J$10:J25,">=4")=0,0,COUNTIF(J$10:J25,">=4")/$D25*100)) | K27: =IF(SUM(K$10:K25)=0,IF(COUNTA(K$10:K25)=0,"Очікую",0),IF(COUNTIF(K$10:K25,">=4")=0,0,COUNTIF(K$10:K25,">=4")/$D25*100)) | L27: =IF(SUM(L$10:L25)=0,IF(COUNTA(L$10:L25)=0,"Очікую",0),IF(COUNTIF(L$10:L25,">=4")=0,0,COUNTIF(L$10:L25,">=4")/$D25*100)) | M27: =IF(SUM(M$10:M25)=0,IF(COUNTA(M$10:M25)=0,"Очікую",0),IF(COUNTIF(M$10:M25,">=4")=0,0,COUNTIF(M$10:M25,">=4")/$D25*100)) | ... T27: =IF(SUM(T$10:T25)=0,IF(COUNTA(T$10:T25)=0,"Очікую",0),IF(COUNTIF(T$10:T25,">=4")=0,0,COUNTIF(T$10:T25,">=4")/$D25*100))
E28: Якісна успішність | F28: =IF(SUM(F$10:F25)=0,IF(COUNTA(F$10:F25)=0,"Очікую",0),IF(COUNTIF(F$10:F25,">=7")=0,0,COUNTIF(F$10:F25,">=7")/$D25*100)) | G28: =IF(SUM(G$10:G25)=0,IF(COUNTA(G$10:G25)=0,"Очікую",0),IF(COUNTIF(G$10:G25,">=7")=0,0,COUNTIF(G$10:G25,">=7")/$D25*100)) | H28: =IF(SUM(H$10:H25)=0,IF(COUNTA(H$10:H25)=0,"Очікую",0),IF(COUNTIF(H$10:H25,">=7")=0,0,COUNTIF(H$10:H25,">=7")/$D25*100)) | I28: =IF(SUM(I$10:I25)=0,IF(COUNTA(I$10:I25)=0,"Очікую",0),IF(COUNTIF(I$10:I25,">=7")=0,0,COUNTIF(I$10:I25,">=7")/$D25*100)) | J28: =IF(SUM(J$10:J25)=0,IF(COUNTA(J$10:J25)=0,"Очікую",0),IF(COUNTIF(J$10:J25,">=7")=0,0,COUNTIF(J$10:J25,">=7")/$D25*100)) | K28: =IF(SUM(K$10:K25)=0,IF(COUNTA(K$10:K25)=0,"Очікую",0),IF(COUNTIF(K$10:K25,">=7")=0,0,COUNTIF(K$10:K25,">=7")/$D25*100)) | L28: =IF(SUM(L$10:L25)=0,IF(COUNTA(L$10:L25)=0,"Очікую",0),IF(COUNTIF(L$10:L25,">=7")=0,0,COUNTIF(L$10:L25,">=7")/$D25*100)) | M28: =IF(SUM(M$10:M25)=0,IF(COUNTA(M$10:M25)=0,"Очікую",0),IF(COUNTIF(M$10:M25,">=7")=0,0,COUNTIF(M$10:M25,">=7")/$D25*100)) | ... T28: =IF(SUM(T$10:T25)=0,IF(COUNTA(T$10:T25)=0,"Очікую",0),IF(COUNTIF(T$10:T25,">=7")=0,0,COUNTIF(T$10:T25,">=7")/$D25*100))
E29: Абсолютна успішність по групі | F29: =IFERROR(AVERAGE(F27:T27),"Очікую")
E30: Якісна успішність по групі | F30: =IFERROR(AVERAGE($F28:T28),"Очікую")
E31: Кількість бюджетників | F31: =IF(COUNTIF($C$10:$C25,"=B")=0,IF(COUNTIF($C$10:$C25,"=K")=0,"Очікую",0),COUNTIF($C$10:$C25,"=B"))
E32: Кількість контрактників | F32: =IF(COUNTIF($C$10:$C25,"=K")=0,IF(COUNTIF($C$10:$C25,"=B")=0,"Очікую",0),COUNTIF($C$10:$C25,"=K")) | H32: Класний керівник | P32: ='Загальна'!P51
E33: Кількість соціального контингенту
E34: Вийшли на стипендію | F34: =IF(F31="Очікую","Очікую",IF(F31-COUNTIF($U$10:$U25," - ")<ROUNDDOWN(F31*0.45,0),F31-COUNTIF($U$10:$U25," - "),ROUNDDOWN(F31*0.45,0))) | H34: Завідувач відділення ПЗСО | P34: Маргарита БРІТІКОВА
