Workbook
Name A1048577: #REF!
Name Ф80: #REF!
Name A1048577: #REF!
Name Ф80: #REF!
Name A1048577: #REF!
Name Ф80: #REF!
Name A1048577: #REF!
Name Ф80: #REF!
Name A1048577: #REF!
Name Ф80: #REF!

Sheet Загальна
A1: S
C3: ЗАГАЛЬНА ВІДОМІСТЬ З УСІМА СПЕЦІАЛЬНОСТЯМИ. НЕ ДЛЯ ДРУКУ. ЗВІДСИ ОЦІНКИ АВТОМАТИЧНО ПЕРЕНОСЯТЬСЯ ДО ВІДОМОСТЕЙ. СТВОРЕНО ДЛЯ ЛЕГШОГО ЗАПОВНЕННЯ ОЦІНОК
C8: Б/К | D8: № п/п | E8: Прізвище, ім’я, по батькові | F8: Підсумкові оцінки дисциплін | T8: Середній бал
F9: Біологія Богданенко О.В. | G9: Всесвітня Історія Мельничук С.А. | H9: Географія Наговська Т.С. | I9: Зарубіжна література Бабенко Л. Е. | J9: Захист України Лазар В.І. | K9: Іноземна мова Нічик Н.О. | L9: Інформатика Андрльє І.О. | M9: Історія України Левчук Т.Г. | N9: Математика Земляна Т.М. | O9: Українська література Юрченко О.Б. | P9: Українська мова Юрченко О.Б. | Q9: Фізика Калюта Н.М. | R9: Фізична культура Галеніна І.С. | S9: Хімія Пономарьов К.М.
C10: Б | D10: 1 | E10: Багнич Агата Валеріївна | T10: =IF(COUNTIF($F10:S10,"=*")>0,IF($C10="K","-"," - "),IF(COUNTIF($F10:S10,"<4")>0,IF($C10="K","-"," - "),(IFERROR(AVERAGE($F10:S10),"Очікую"))))
C11: К | D11: 2 | E11: Балабан Єлизавета Олексіївна | T11: =IF(COUNTIF($F11:S11,"=*")>0,IF($C11="K","-"," - "),IF(COUNTIF($F11:S11,"<4")>0,IF($C11="K","-"," - "),(IFERROR(AVERAGE($F11:S11),"Очікую"))))
C12: К | D12: 3 | E12: Басов Костянтин Юрійович | T12: =IF(COUNTIF($F12:S12,"=*")>0,IF($C12="K","-"," - "),IF(COUNTIF($F12:S12,"<4")>0,IF($C12="K","-"," - "),(IFERROR(AVERAGE($F12:S12),"Очікую"))))
C13: Б | D13: 4 | E13: Білик Катерина Андріївна | T13: =IF(COUNTIF($F13:S13,"=*")>0,IF($C13="K","-"," - "),IF(COUNTIF($F13:S13,"<4")>0,IF($C13="K","-"," - "),(IFERROR(AVERAGE($F13:S13),"Очікую"))))
C14: К | D14: 5 | E14: Бойко Станіслав Володимирович | T14: =IF(COUNTIF($F14:S14,"=*")>0,IF($C14="K","-"," - "),IF(COUNTIF($F14:S14,"<4")>0,IF($C14="K","-"," - "),(IFERROR(AVERAGE($F14:S14),"Очікую"))))
C15: К | D15: 6 | E15: Бондаренко Олександр Вікторович | T15: =IF(COUNTIF($F15:S15,"=*")>0,IF($C15="K","-"," - "),IF(COUNTIF($F15:S15,"<4")>0,IF($C15="K","-"," - "),(IFERROR(AVERAGE($F15:S15),"Очікую"))))
C16: К | D16: 7 | E16: Вілейко Вікторія Віленівна | T16: =IF(COUNTIF($F16:S16,"=*")>0,IF($C16="K","-"," - "),IF(COUNTIF($F16:S16,"<4")>0,IF($C16="K","-"," - "),(IFERROR(AVERAGE($F16:S16),"Очікую"))))
C17: К | D17: 8 | E17: Голуб Вероніка Русланівна | T17: =IF(COUNTIF($F17:S17,"=*")>0,IF($C17="K","-"," - "),IF(COUNTIF($F17:S17,"<4")>0,IF($C17="K","-"," - "),(IFERROR(AVERAGE($F17:S17),"Очікую"))))
C18: Б | D18: 9 | E18: Гроза Вікторія Сергіївна | T18: =IF(COUNTIF($F18:S18,"=*")>0,IF($C18="K","-"," - "),IF(COUNTIF($F18:S18,"<4")>0,IF($C18="K","-"," - "),(IFERROR(AVERAGE($F18:S18),"Очікую"))))
C19: К | D19: 10 | E19: Гуділіна Олександра Олександрівна | T19: =IF(COUNTIF($F19:S19,"=*")>0,IF($C19="K","-"," - "),IF(COUNTIF($F19:S19,"<4")>0,IF($C19="K","-"," - "),(IFERROR(AVERAGE($F19:S19),"Очікую"))))
C20: Б | D20: 11 | E20: Денисенко Ярослав Денисович | T20: =IF(COUNTIF($F20:S20,"=*")>0,IF($C20="K","-"," - "),IF(COUNTIF($F20:S20,"<4")>0,IF($C20="K","-"," - "),(IFERROR(AVERAGE($F20:S20),"Очікую"))))
C21: К | D21: 12 | E21: Змашко Дар`я Сергіївна | T21: =IF(COUNTIF($F21:S21,"=*")>0,IF($C21="K","-"," - "),IF(COUNTIF($F21:S21,"<4")>0,IF($C21="K","-"," - "),(IFERROR(AVERAGE($F21:S21),"Очікую"))))
... C40: Б | D40: 31 | E40: Яковенко Крістіна Іванівна | T40: =IF(COUNTIF($F40:S40,"=*")>0,IF($C40="K","-"," - "),IF(COUNTIF($F40:S40,"<4")>0,IF($C40="K","-"," - "),(IFERROR(AVERAGE($F40:S40),"Очікую"))))
E41: Середній бал успішності з дисципліни | F41: =IF(SUM(F$10:F40)=0,IF(COUNTA(F$10:F40)=0,"Очікую",0),SUM(F$10:F40)/$D40) | G41: =IF(SUM(G$10:G40)=0,IF(COUNTA(G$10:G40)=0,"Очікую",0),SUM(G$10:G40)/$D40) | H41: =IF(SUM(H$10:H40)=0,IF(COUNTA(H$10:H40)=0,"Очікую",0),SUM(H$10:H40)/$D40) | I41: =IF(SUM(I$10:I40)=0,IF(COUNTA(I$10:I40)=0,"Очікую",0),SUM(I$10:I40)/$D40) | J41: =IF(SUM(J$10:J40)=0,IF(COUNTA(J$10:J40)=0,"Очікую",0),SUM(J$10:J40)/$D40) | K41: =IF(SUM(K$10:K40)=0,IF(COUNTA(K$10:K40)=0,"Очікую",0),SUM(K$10:K40)/$D40) | L41: =IF(SUM(L$10:L40)=0,IF(COUNTA(L$10:L40)=0,"Очікую",0),SUM(L$10:L40)/$D40) | M41: =IF(SUM(M$10:M40)=0,IF(COUNTA(M$10:M40)=0,"Очікую",0),SUM(M$10:M40)/$D40) | ... S41: =IF(SUM(S$10:S40)=0,IF(COUNTA(S$10:S40)=0,"Очікую",0),SUM(S$10:S40)/$D40) | T41: =IFERROR(AVERAGE($F41:S41),"Очікую")
E42: Абсолютна успішність | F42: =IF(SUM(F$10:F40)=0,IF(COUNTA(F$10:F40)=0,"Очікую",0),IF(COUNTIF(F$10:F40,">=4")=0,0,COUNTIF(F$10:F40,">=4")/$D40*100)) | G42: =IF(SUM(G$10:G40)=0,IF(COUNTA(G$10:G40)=0,"Очікую",0),IF(COUNTIF(G$10:G40,">=4")=0,0,COUNTIF(G$10:G40,">=4")/$D40*100)) | H42: =IF(SUM(H$10:H40)=0,IF(COUNTA(H$10:H40)=0,"Очікую",0),IF(COUNTIF(H$10:H40,">=4")=0,0,COUNTIF(H$10:H40,">=4")/$D40*100)) | I42: =IF(SUM(I$10:I40)=0,IF(COUNTA(I$10:I40)=0,"Очікую",0),IF(COUNTIF(I$10:I40,">=4")=0,0,COUNTIF(I$10:I40,">=4")/$D40*100)) | J42: =IF(SUM(J$10:J40)=0,IF(COUNTA(J$10:J40)=0,"Очікую",0),IF(COUNTIF(J$10:J40,">=4")=0,0,COUNTIF(J$10:J40,">=4")/$D40*100)) | K42: =IF(SUM(K$10:K40)=0,IF(COUNTA(K$10:K40)=0,"Очікую",0),IF(COUNTIF(K$10:K40,">=4")=0,0,COUNTIF(K$10:K40,">=4")/$D40*100)) | L42: =IF(SUM(L$10:L40)=0,IF(COUNTA(L$10:L40)=0,"Очікую",0),IF(COUNTIF(L$10:L40,">=4")=0,0,COUNTIF(L$10:L40,">=4")/$D40*100)) | M42: =IF(SUM(M$10:M40)=0,IF(COUNTA(M$10:M40)=0,"Очікую",0),IF(COUNTIF(M$10:M40,">=4")=0,0,COUNTIF(M$10:M40,">=4")/$D40*100)) | ... S42: =IF(SUM(S$10:S40)=0,IF(COUNTA(S$10:S40)=0,"Очікую",0),IF(COUNTIF(S$10:S40,">=4")=0,0,COUNTIF(S$10:S40,">=4")/$D40*100))
E43: Якісна успішність | F43: =IF(SUM(F$10:F40)=0,IF(COUNTA(F$10:F40)=0,"Очікую",0),IF(COUNTIF(F$10:F40,">=7")=0,0,COUNTIF(F$10:F40,">=7")/$D40*100)) | G43: =IF(SUM(G$10:G40)=0,IF(COUNTA(G$10:G40)=0,"Очікую",0),IF(COUNTIF(G$10:G40,">=7")=0,0,COUNTIF(G$10:G40,">=7")/$D40*100)) | H43: =IF(SUM(H$10:H40)=0,IF(COUNTA(H$10:H40)=0,"Очікую",0),IF(COUNTIF(H$10:H40,">=7")=0,0,COUNTIF(H$10:H40,">=7")/$D40*100)) | I43: =IF(SUM(I$10:I40)=0,IF(COUNTA(I$10:I40)=0,"Очікую",0),IF(COUNTIF(I$10:I40,">=7")=0,0,COUNTIF(I$10:I40,">=7")/$D40*100)) | J43: =IF(SUM(J$10:J40)=0,IF(COUNTA(J$10:J40)=0,"Очікую",0),IF(COUNTIF(J$10:J40,">=7")=0,0,COUNTIF(J$10:J40,">=7")/$D40*100)) | K43: =IF(SUM(K$10:K40)=0,IF(COUNTA(K$10:K40)=0,"Очікую",0),IF(COUNTIF(K$10:K40,">=7")=0,0,COUNTIF(K$10:K40,">=7")/$D40*100)) | L43: =IF(SUM(L$10:L40)=0,IF(COUNTA(L$10:L40)=0,"Очікую",0),IF(COUNTIF(L$10:L40,">=7")=0,0,COUNTIF(L$10:L40,">=7")/$D40*100)) | M43: =IF(SUM(M$10:M40)=0,IF(COUNTA(M$10:M40)=0,"Очікую",0),IF(COUNTIF(M$10:M40,">=7")=0,0,COUNTIF(M$10:M40,">=7")/$D40*100)) | ... S43: =IF(SUM(S$10:S40)=0,IF(COUNTA(S$10:S40)=0,"Очікую",0),IF(COUNTIF(S$10:S40,">=7")=0,0,COUNTIF(S$10:S40,">=7")/$D40*100))
E44: Абсолютна успішність по групі | F44: =IFERROR(AVERAGE(F42:S42),"Очікую")
E45: Якісна успішність по групі | F45: =IFERROR(AVERAGE($F43:S43),"Очікую")
E46: Кількість бюджетників | F46: =IF(COUNTIF($C$10:$C40,"=B")=0,IF(COUNTIF($C$10:$C40,"=K")=0,"Очікую",0),COUNTIF($C$10:$C40,"=B"))
E47: Кількість контрактників | F47: =IF(COUNTIF($C$10:$C40,"=K")=0,IF(COUNTIF($C$10:$C40,"=B")=0,"Очікую",0),COUNTIF($C$10:$C40,"=K")) | H47: Класний керівник
E48: Кількість соціального контингенту
E49: Вийшли на стипендію | F49: =IF(F46="Очікую","Очікую",IF(F46-COUNTIF($T$10:$T40," - ")<ROUNDDOWN(F46*0.4,0),F46-COUNTIF($T$10:$T40," - "),ROUNDDOWN(F46*0.4,0))) | H49: Завідувач відділення ПЗСО | P49: Margarita BRITIKOVA

Sheet Зведена G13
A1: S
C3: ВІДОКРЕМЛЕНИЙ СТРУКТУРНИЙ ПІДРОЗДІЛ «ФАХОВИЙ КОЛЕДЖ НАФТОГАЗОВИХ ТЕХНОЛОГІЙ, ІНЖЕНЕРІЇ ТА ІНФРАСТРУКТУРИ СЕРВІСУ ОДЕСЬКОГО НАЦІОНАЛЬНОГО ТЕХНОЛОГІЧНОГО УНІВЕРСИТЕТУ»
C4: ЗВЕДЕНА ВІДОМІСТЬ
C5: Успішності студентів спеціальності G13 ««Харчові технології»»
C6: За рік 2025-2026 н.р.
C7: Група 25-5 курс I
C8: Б/К | D8: № п/п | E8: Прізвище, ім’я, по батькові | F8: Підсумкові оцінки дисциплін | T8: Середній бал
F9: ='Загальна'!F9 | G9: ='Загальна'!G9 | H9: ='Загальна'!H9 | I9: ='Загальна'!I9 | J9: ='Загальна'!J9 | K9: ='Загальна'!K9 | L9: ='Загальна'!L9 | M9: ='Загальна'!M9 | ... S9: ='Загальна'!S9
C10: ='Загальна'!C13 | D10: 1 | E10: ='Загальна'!E13 | F10: ='Загальна'!F13 | G10: ='Загальна'!G13 | H10: ='Загальна'!H13 | I10: ='Загальна'!I13 | J10: ='Загальна'!J13 | K10: ='Загальна'!K13 | L10: ='Загальна'!L13 | ... S10: ='Загальна'!S13 | T10: =IF(COUNTIF($F10:S10,"=*")>0,IF($C10="K","-"," - "),IF(COUNTIF($F10:S10,"<4")>0,IF(C10="K","-"," - "),(IFERROR(AVERAGE($F10:S10),"Очікую"))))
C11: ='Загальна'!C15 | D11: 2 | E11: ='Загальна'!E15 | F11: ='Загальна'!F15 | G11: ='Загальна'!G15 | H11: ='Загальна'!H15 | I11: ='Загальна'!I15 | J11: ='Загальна'!J15 | K11: ='Загальна'!K15 | L11: ='Загальна'!L15 | ... S11: ='Загальна'!S15 | T11: =IF(COUNTIF($F11:S11,"=*")>0,IF($C11="K","-"," - "),IF(COUNTIF($F11:S11,"<4")>0,IF(C11="K","-"," - "),(IFERROR(AVERAGE($F11:S11),"Очікую"))))
C12: ='Загальна'!C17 | D12: 3 | E12: ='Загальна'!E17 | F12: ='Загальна'!F17 | G12: ='Загальна'!G17 | H12: ='Загальна'!H17 | I12: ='Загальна'!I17 | J12: ='Загальна'!J17 | K12: ='Загальна'!K17 | L12: ='Загальна'!L17 | ... S12: ='Загальна'!S17 | T12: =IF(COUNTIF($F12:S12,"=*")>0,IF($C12="K","-"," - "),IF(COUNTIF($F12:S12,"<4")>0,IF(C12="K","-"," - "),(IFERROR(AVERAGE($F12:S12),"Очікую"))))
C13: ='Загальна'!C18 | D13: 4 | E13: ='Загальна'!E18 | F13: ='Загальна'!F18 | G13: ='Загальна'!G18 | H13: ='Загальна'!H18 | I13: ='Загальна'!I18 | J13: ='Загальна'!J18 | K13: ='Загальна'!K18 | L13: ='Загальна'!L18 | ... S13: ='Загальна'!S18 | T13: =IF(COUNTIF($F13:S13,"=*")>0,IF($C13="K","-"," - "),IF(COUNTIF($F13:S13,"<4")>0,IF(C13="K","-"," - "),(IFERROR(AVERAGE($F13:S13),"Очікую"))))
C14: ='Загальна'!C20 | D14: 5 | E14: ='Загальна'!E20 | F14: ='Загальна'!F20 | G14: ='Загальна'!G20 | H14: ='Загальна'!H20 | I14: ='Загальна'!I20 | J14: ='Загальна'!J20 | K14: ='Загальна'!K20 | L14: ='Загальна'!L20 | ... S14: ='Загальна'!S20 | T14: =IF(COUNTIF($F14:S14,"=*")>0,IF($C14="K","-"," - "),IF(COUNTIF($F14:S14,"<4")>0,IF(C14="K","-"," - "),(IFERROR(AVERAGE($F14:S14),"Очікую"))))
C15: ='Загальна'!C23 | D15: 6 | E15: ='Загальна'!E23 | F15: ='Загальна'!F23 | G15: ='Загальна'!G23 | H15: ='Загальна'!H23 | I15: ='Загальна'!I23 | J15: ='Загальна'!J23 | K15: ='Загальна'!K23 | L15: ='Загальна'!L23 | ... S15: ='Загальна'!S23 | T15: =IF(COUNTIF($F15:S15,"=*")>0,IF($C15="K","-"," - "),IF(COUNTIF($F15:S15,"<4")>0,IF(C15="K","-"," - "),(IFERROR(AVERAGE($F15:S15),"Очікую"))))
C16: ='Загальна'!C25 | D16: 7 | E16: ='Загальна'!E25 | F16: ='Загальна'!F25 | G16: ='Загальна'!G25 | H16: ='Загальна'!H25 | I16: ='Загальна'!I25 | J16: ='Загальна'!J25 | K16: ='Загальна'!K25 | L16: ='Загальна'!L25 | ... S16: ='Загальна'!S25 | T16: =IF(COUNTIF($F16:S16,"=*")>0,IF($C16="K","-"," - "),IF(COUNTIF($F16:S16,"<4")>0,IF(C16="K","-"," - "),(IFERROR(AVERAGE($F16:S16),"Очікую"))))
C17: ='Загальна'!C26 | D17: 8 | E17: ='Загальна'!E26 | F17: ='Загальна'!F26 | G17: ='Загальна'!G26 | H17: ='Загальна'!H26 | I17: ='Загальна'!I26 | J17: ='Загальна'!J26 | K17: ='Загальна'!K26 | L17: ='Загальна'!L26 | ... S17: ='Загальна'!S26 | T17: =IF(COUNTIF($F17:S17,"=*")>0,IF($C17="K","-"," - "),IF(COUNTIF($F17:S17,"<4")>0,IF(C17="K","-"," - "),(IFERROR(AVERAGE($F17:S17),"Очікую"))))
C18: ='Загальна'!C27 | D18: 9 | E18: ='Загальна'!E27 | F18: ='Загальна'!F27 | G18: ='Загальна'!G27 | H18: ='Загальна'!H27 | I18: ='Загальна'!I27 | J18: ='Загальна'!J27 | K18: ='Загальна'!K27 | L18: ='Загальна'!L27 | ... S18: ='Загальна'!S27 | T18: =IF(COUNTIF($F18:S18,"=*")>0,IF($C18="K","-"," - "),IF(COUNTIF($F18:S18,"<4")>0,IF(C18="K","-"," - "),(IFERROR(AVERAGE($F18:S18),"Очікую"))))
C19: ='Загальна'!C28 | D19: 10 | E19: ='Загальна'!E28 | F19: ='Загальна'!F28 | G19: ='Загальна'!G28 | H19: ='Загальна'!H28 | I19: ='Загальна'!I28 | J19: ='Загальна'!J28 | K19: ='Загальна'!K28 | L19: ='Загальна'!L28 | ... S19: ='Загальна'!S28 | T19: =IF(COUNTIF($F19:S19,"=*")>0,IF($C19="K","-"," - "),IF(COUNTIF($F19:S19,"<4")>0,IF(C19="K","-"," - "),(IFERROR(AVERAGE($F19:S19),"Очікую"))))
C20: ='Загальна'!C29 | D20: 11 | E20: ='Загальна'!E29 | F20: ='Загальна'!F29 | G20: ='Загальна'!G29 | H20: ='Загальна'!H29 | I20: ='Загальна'!I29 | J20: ='Загальна'!J29 | K20: ='Загальна'!K29 | L20: ='Загальна'!L29 | ... S20: ='Загальна'!S29 | T20: =IF(COUNTIF($F20:S20,"=*")>0,IF($C20="K","-"," - "),IF(COUNTIF($F20:S20,"<4")>0,IF(C20="K","-"," - "),(IFERROR(AVERAGE($F20:S20),"Очікую"))))
C21: ='Загальна'!C30 | D21: 12 | E21: ='Загальна'!E30 | F21: ='Загальна'!F30 | G21: ='Загальна'!G30 | H21: ='Загальна'!H30 | I21: ='Загальна'!I30 | J21: ='Загальна'!J30 | K21: ='Загальна'!K30 | L21: ='Загальна'!L30 | ... S21: ='Загальна'!S30 | T21: =IF(COUNTIF($F21:S21,"=*")>0,IF($C21="K","-"," - "),IF(COUNTIF($F21:S21,"<4")>0,IF(C21="K","-"," - "),(IFERROR(AVERAGE($F21:S21),"Очікую"))))
C22: ='Загальна'!C33 | D22: 13 | E22: ='Загальна'!E33 | F22: ='Загальна'!F33 | G22: ='Загальна'!G33 | H22: ='Загальна'!H33 | I22: ='Загальна'!I33 | J22: ='Загальна'!J33 | K22: ='Загальна'!K33 | L22: ='Загальна'!L33 | ... S22: ='Загальна'!S33 | T22: =IF(COUNTIF($F22:S22,"=*")>0,IF($C22="K","-"," - "),IF(COUNTIF($F22:S22,"<4")>0,IF(C22="K","-"," - "),(IFERROR(AVERAGE($F22:S22),"Очікую"))))
E23: Середній бал успішності з дисципліни | F23: =IF(SUM(F$10:F22)=0,IF(COUNTA(F$10:F22)=0,"Очікую",0),SUM(F$10:F22)/$D22) | G23: =IF(SUM(G$10:G22)=0,IF(COUNTA(G$10:G22)=0,"Очікую",0),SUM(G$10:G22)/$D22) | H23: =IF(SUM(H$10:H22)=0,IF(COUNTA(H$10:H22)=0,"Очікую",0),SUM(H$10:H22)/$D22) | I23: =IF(SUM(I$10:I22)=0,IF(COUNTA(I$10:I22)=0,"Очікую",0),SUM(I$10:I22)/$D22) | J23: =IF(SUM(J$10:J22)=0,IF(COUNTA(J$10:J22)=0,"Очікую",0),SUM(J$10:J22)/$D22) | K23: =IF(SUM(K$10:K22)=0,IF(COUNTA(K$10:K22)=0,"Очікую",0),SUM(K$10:K22)/$D22) | L23: =IF(SUM(L$10:L22)=0,IF(COUNTA(L$10:L22)=0,"Очікую",0),SUM(L$10:L22)/$D22) | M23: =IF(SUM(M$10:M22)=0,IF(COUNTA(M$10:M22)=0,"Очікую",0),SUM(M$10:M22)/$D22) | ... S23: =IF(SUM(S$10:S22)=0,IF(COUNTA(S$10:S22)=0,"Очікую",0),SUM(S$10:S22)/$D22) | T23: =IFERROR(AVERAGE($F23:S23),"Очікую")
E24: Абсолютна успішність | F24: =IF(SUM(F$10:F22)=0,IF(COUNTA(F$10:F22)=0,"Очікую",0),IF(COUNTIF(F$10:F22,">=4")=0,0,COUNTIF(F$10:F22,">=4")/$D22*100)) | G24: =IF(SUM(G$10:G22)=0,IF(COUNTA(G$10:G22)=0,"Очікую",0),IF(COUNTIF(G$10:G22,">=4")=0,0,COUNTIF(G$10:G22,">=4")/$D22*100)) | H24: =IF(SUM(H$10:H22)=0,IF(COUNTA(H$10:H22)=0,"Очікую",0),IF(COUNTIF(H$10:H22,">=4")=0,0,COUNTIF(H$10:H22,">=4")/$D22*100)) | I24: =IF(SUM(I$10:I22)=0,IF(COUNTA(I$10:I22)=0,"Очікую",0),IF(COUNTIF(I$10:I22,">=4")=0,0,COUNTIF(I$10:I22,">=4")/$D22*100)) | J24: =IF(SUM(J$10:J22)=0,IF(COUNTA(J$10:J22)=0,"Очікую",0),IF(COUNTIF(J$10:J22,">=4")=0,0,COUNTIF(J$10:J22,">=4")/$D22*100)) | K24: =IF(SUM(K$10:K22)=0,IF(COUNTA(K$10:K22)=0,"Очікую",0),IF(COUNTIF(K$10:K22,">=4")=0,0,COUNTIF(K$10:K22,">=4")/$D22*100)) | L24: =IF(SUM(L$10:L22)=0,IF(COUNTA(L$10:L22)=0,"Очікую",0),IF(COUNTIF(L$10:L22,">=4")=0,0,COUNTIF(L$10:L22,">=4")/$D22*100)) | M24: =IF(SUM(M$10:M22)=0,IF(COUNTA(M$10:M22)=0,"Очікую",0),IF(COUNTIF(M$10:M22,">=4")=0,0,COUNTIF(M$10:M22,">=4")/$D22*100)) | ... S24: =IF(SUM(S$10:S22)=0,IF(COUNTA(S$10:S22)=0,"Очікую",0),IF(COUNTIF(S$10:S22,">=4")=0,0,COUNTIF(S$10:S22,">=4")/$D22*100))
E25: Якісна успішність | F25: =IF(SUM(F$10:F22)=0,IF(COUNTA(F$10:F22)=0,"Очікую",0),IF(COUNTIF(F$10:F22,">=7")=0,0,COUNTIF(F$10:F22,">=7")/$D22*100)) | G25: =IF(SUM(G$10:G22)=0,IF(COUNTA(G$10:G22)=0,"Очікую",0),IF(COUNTIF(G$10:G22,">=7")=0,0,COUNTIF(G$10:G22,">=7")/$D22*100)) | H25: =IF(SUM(H$10:H22)=0,IF(COUNTA(H$10:H22)=0,"Очікую",0),IF(COUNTIF(H$10:H22,">=7")=0,0,COUNTIF(H$10:H22,">=7")/$D22*100)) | I25: =IF(SUM(I$10:I22)=0,IF(COUNTA(I$10:I22)=0,"Очікую",0),IF(COUNTIF(I$10:I22,">=7")=0,0,COUNTIF(I$10:I22,">=7")/$D22*100)) | J25: =IF(SUM(J$10:J22)=0,IF(COUNTA(J$10:J22)=0,"Очікую",0),IF(COUNTIF(J$10:J22,">=7")=0,0,COUNTIF(J$10:J22,">=7")/$D22*100)) | K25: =IF(SUM(K$10:K22)=0,IF(COUNTA(K$10:K22)=0,"Очікую",0),IF(COUNTIF(K$10:K22,">=7")=0,0,COUNTIF(K$10:K22,">=7")/$D22*100)) | L25: =IF(SUM(L$10:L22)=0,IF(COUNTA(L$10:L22)=0,"Очікую",0),IF(COUNTIF(L$10:L22,">=7")=0,0,COUNTIF(L$10:L22,">=7")/$D22*100)) | M25: =IF(SUM(M$10:M22)=0,IF(COUNTA(M$10:M22)=0,"Очікую",0),IF(COUNTIF(M$10:M22,">=7")=0,0,COUNTIF(M$10:M22,">=7")/$D22*100)) | ... S25: =IF(SUM(S$10:S22)=0,IF(COUNTA(S$10:S22)=0,"Очікую",0),IF(COUNTIF(S$10:S22,">=7")=0,0,COUNTIF(S$10:S22,">=7")/$D22*100))
E26: Абсолютна успішність по групі | F26: =IFERROR(AVERAGE(F24:S24),"Очікую")
E27: Якісна успішність по групі | F27: =IFERROR(AVERAGE($F25:S25),"Очікую")
E28: Кількість бюджетників | F28: =IF(COUNTIF($C$10:$C22,"=B")=0,IF(COUNTIF($C$10:$C22,"=K")=0,"Очікую",0),COUNTIF($C$10:$C22,"=B"))
E29: Кількість контрактників | F29: =IF(COUNTIF($C$10:$C22,"=K")=0,IF(COUNTIF($C$10:$C22,"=B")=0,"Очікую",0),COUNTIF($C$10:$C22,"=K")) | H29: Класний керівник | P29: ='Загальна'!P47
E30: Кількість соціального контингенту
E31: Вийшли на стипендію | F31: =IF(F28="Очікую","Очікую",IF(F28-COUNTIF($T$10:$T22," - ")<ROUNDDOWN(F28*0.4,0),F28-COUNTIF($T$10:$T22," - "),ROUNDDOWN(F28*0.4,0))) | H31: Завідувач відділення ПЗСО | P31: Margarita BRITIKOVA

Sheet Зведена J2
A1: S
C3: ВІДОКРЕМЛЕНИЙ СТРУКТУРНИЙ ПІДРОЗДІЛ «ФАХОВИЙ КОЛЕДЖ НАФТОГАЗОВИХ ТЕХНОЛОГІЙ, ІНЖЕНЕРІЇ ТА ІНФРАСТРУКТУРИ СЕРВІСУ ОДЕСЬКОГО НАЦІОНАЛЬНОГО ТЕХНОЛОГІЧНОГО УНІВЕРСИТЕТУ»
C4: ЗВЕДЕНА ВІДОМІСТЬ
C5: Успішності студентів спеціальності J2 ««Готельно-ресторанна справа та кейтеринг»»
C6: За рік 2025-2026 н.р.
C7: Група 25-5 курс I
C8: Б/К | D8: № п/п | E8: Прізвище, ім’я, по батькові | F8: Підсумкові оцінки дисциплін | T8: Середній бал
F9: ='Загальна'!F9 | G9: ='Загальна'!G9 | H9: ='Загальна'!H9 | I9: ='Загальна'!I9 | J9: ='Загальна'!J9 | K9: ='Загальна'!K9 | L9: ='Загальна'!L9 | M9: ='Загальна'!M9 | ... S9: ='Загальна'!S9
C10: ='Загальна'!C24 | D10: 1 | E10: ='Загальна'!E24 | F10: ='Загальна'!F24 | G10: ='Загальна'!G24 | H10: ='Загальна'!H24 | I10: ='Загальна'!I24 | J10: ='Загальна'!J24 | K10: ='Загальна'!K24 | L10: ='Загальна'!L24 | ... S10: ='Загальна'!S24 | T10: =IF(COUNTIF($F10:S10,"=*")>0,IF($C10="K","-"," - "),IF(COUNTIF($F10:S10,"<4")>0,IF(C10="K","-"," - "),(IFERROR(AVERAGE($F10:S10),"Очікую"))))
C11: ='Загальна'!C37 | D11: 2 | E11: ='Загальна'!E37 | F11: ='Загальна'!F37 | G11: ='Загальна'!G37 | H11: ='Загальна'!H37 | I11: ='Загальна'!I37 | J11: ='Загальна'!J37 | K11: ='Загальна'!K37 | L11: ='Загальна'!L37 | ... S11: ='Загальна'!S37 | T11: =IF(COUNTIF($F11:S11,"=*")>0,IF($C11="K","-"," - "),IF(COUNTIF($F11:S11,"<4")>0,IF(C11="K","-"," - "),(IFERROR(AVERAGE($F11:S11),"Очікую"))))
C12: ='Загальна'!C40 | D12: 3 | E12: ='Загальна'!E40 | F12: ='Загальна'!F40 | G12: ='Загальна'!G40 | H12: ='Загальна'!H40 | I12: ='Загальна'!I40 | J12: ='Загальна'!J40 | K12: ='Загальна'!K40 | L12: ='Загальна'!L40 | ... S12: ='Загальна'!S40 | T12: =IF(COUNTIF($F12:S12,"=*")>0,IF($C12="K","-"," - "),IF(COUNTIF($F12:S12,"<4")>0,IF(C12="K","-"," - "),(IFERROR(AVERAGE($F12:S12),"Очікую"))))
C13: ='Загальна'!C10 | D13: 4 | E13: ='Загальна'!E10 | F13: ='Загальна'!F10 | G13: ='Загальна'!G10 | H13: ='Загальна'!H10 | I13: ='Загальна'!I10 | J13: ='Загальна'!J10 | K13: ='Загальна'!K10 | L13: ='Загальна'!L10 | ... S13: ='Загальна'!S10 | T13: =IF(COUNTIF($F13:S13,"=*")>0,IF($C13="K","-"," - "),IF(COUNTIF($F13:S13,"<4")>0,IF(C13="K","-"," - "),(IFERROR(AVERAGE($F13:S13),"Очікую"))))
C14: ='Загальна'!C11 | D14: 5 | E14: ='Загальна'!E11 | F14: ='Загальна'!F11 | G14: ='Загальна'!G11 | H14: ='Загальна'!H11 | I14: ='Загальна'!I11 | J14: ='Загальна'!J11 | K14: ='Загальна'!K11 | L14: ='Загальна'!L11 | ... S14: ='Загальна'!S11 | T14: =IF(COUNTIF($F14:S14,"=*")>0,IF($C14="K","-"," - "),IF(COUNTIF($F14:S14,"<4")>0,IF(C14="K","-"," - "),(IFERROR(AVERAGE($F14:S14),"Очікую"))))
C15: ='Загальна'!C12 | D15: 6 | E15: ='Загальна'!E12 | F15: ='Загальна'!F12 | G15: ='Загальна'!G12 | H15: ='Загальна'!H12 | I15: ='Загальна'!I12 | J15: ='Загальна'!J12 | K15: ='Загальна'!K12 | L15: ='Загальна'!L12 | ... S15: ='Загальна'!S12 | T15: =IF(COUNTIF($F15:S15,"=*")>0,IF($C15="K","-"," - "),IF(COUNTIF($F15:S15,"<4")>0,IF(C15="K","-"," - "),(IFERROR(AVERAGE($F15:S15),"Очікую"))))
C16: ='Загальна'!C14 | D16: 7 | E16: ='Загальна'!E14 | F16: ='Загальна'!F14 | G16: ='Загальна'!G14 | H16: ='Загальна'!H14 | I16: ='Загальна'!I14 | J16: ='Загальна'!J14 | K16: ='Загальна'!K14 | L16: ='Загальна'!L14 | ... S16: ='Загальна'!S14 | T16: =IF(COUNTIF($F16:S16,"=*")>0,IF($C16="K","-"," - "),IF(COUNTIF($F16:S16,"<4")>0,IF(C16="K","-"," - "),(IFERROR(AVERAGE($F16:S16),"Очікую"))))
C17: ='Загальна'!C21 | D17: 8 | E17: ='Загальна'!E21 | F17: ='Загальна'!F21 | G17: ='Загальна'!G21 | H17: ='Загальна'!H21 | I17: ='Загальна'!I21 | J17: ='Загальна'!J21 | K17: ='Загальна'!K21 | L17: ='Загальна'!L21 | ... S17: ='Загальна'!S21 | T17: =IF(COUNTIF($F17:S17,"=*")>0,IF($C17="K","-"," - "),IF(COUNTIF($F17:S17,"<4")>0,IF(C17="K","-"," - "),(IFERROR(AVERAGE($F17:S17),"Очікую"))))
C18: ='Загальна'!C22 | D18: 9 | E18: ='Загальна'!E22 | F18: ='Загальна'!F22 | G18: ='Загальна'!G22 | H18: ='Загальна'!H22 | I18: ='Загальна'!I22 | J18: ='Загальна'!J22 | K18: ='Загальна'!K22 | L18: ='Загальна'!L22 | ... S18: ='Загальна'!S22 | T18: =IF(COUNTIF($F18:S18,"=*")>0,IF($C18="K","-"," - "),IF(COUNTIF($F18:S18,"<4")>0,IF(C18="K","-"," - "),(IFERROR(AVERAGE($F18:S18),"Очікую"))))
C19: ='Загальна'!C31 | D19: 10 | E19: ='Загальна'!E31 | F19: ='Загальна'!F31 | G19: ='Загальна'!G31 | H19: ='Загальна'!H31 | I19: ='Загальна'!I31 | J19: ='Загальна'!J31 | K19: ='Загальна'!K31 | L19: ='Загальна'!L31 | ... S19: ='Загальна'!S31 | T19: =IF(COUNTIF($F19:S19,"=*")>0,IF($C19="K","-"," - "),IF(COUNTIF($F19:S19,"<4")>0,IF(C19="K","-"," - "),(IFERROR(AVERAGE($F19:S19),"Очікую"))))
C20: ='Загальна'!C32 | D20: 11 | E20: ='Загальна'!E32 | F20: ='Загальна'!F32 | G20: ='Загальна'!G32 | H20: ='Загальна'!H32 | I20: ='Загальна'!I32 | J20: ='Загальна'!J32 | K20: ='Загальна'!K32 | L20: ='Загальна'!L32 | ... S20: ='Загальна'!S32 | T20: =IF(COUNTIF($F20:S20,"=*")>0,IF($C20="K","-"," - "),IF(COUNTIF($F20:S20,"<4")>0,IF(C20="K","-"," - "),(IFERROR(AVERAGE($F20:S20),"Очікую"))))
C21: ='Загальна'!C36 | D21: 12 | E21: ='Загальна'!E36 | F21: ='Загальна'!F36 | G21: ='Загальна'!G36 | H21: ='Загальна'!H36 | I21: ='Загальна'!I36 | J21: ='Загальна'!J36 | K21: ='Загальна'!K36 | L21: ='Загальна'!L36 | ... S21: ='Загальна'!S36 | T21: =IF(COUNTIF($F21:S21,"=*")>0,IF($C21="K","-"," - "),IF(COUNTIF($F21:S21,"<4")>0,IF(C21="K","-"," - "),(IFERROR(AVERAGE($F21:S21),"Очікую"))))
C22: ='Загальна'!C38 | D22: 13 | E22: ='Загальна'!E38 | F22: ='Загальна'!F38 | G22: ='Загальна'!G38 | H22: ='Загальна'!H38 | I22: ='Загальна'!I38 | J22: ='Загальна'!J38 | K22: ='Загальна'!K38 | L22: ='Загальна'!L38 | ... S22: ='Загальна'!S38 | T22: =IF(COUNTIF($F22:S22,"=*")>0,IF($C22="K","-"," - "),IF(COUNTIF($F22:S22,"<4")>0,IF(C22="K","-"," - "),(IFERROR(AVERAGE($F22:S22),"Очікую"))))
E23: Середній бал успішності з дисципліни | F23: =IF(SUM(F$10:F22)=0,IF(COUNTA(F$10:F22)=0,"Очікую",0),SUM(F$10:F22)/$D22) | G23: =IF(SUM(G$10:G22)=0,IF(COUNTA(G$10:G22)=0,"Очікую",0),SUM(G$10:G22)/$D22) | H23: =IF(SUM(H$10:H22)=0,IF(COUNTA(H$10:H22)=0,"Очікую",0),SUM(H$10:H22)/$D22) | I23: =IF(SUM(I$10:I22)=0,IF(COUNTA(I$10:I22)=0,"Очікую",0),SUM(I$10:I22)/$D22) | J23: =IF(SUM(J$10:J22)=0,IF(COUNTA(J$10:J22)=0,"Очікую",0),SUM(J$10:J22)/$D22) | K23: =IF(SUM(K$10:K22)=0,IF(COUNTA(K$10:K22)=0,"Очікую",0),SUM(K$10:K22)/$D22) | L23: =IF(SUM(L$10:L22)=0,IF(COUNTA(L$10:L22)=0,"Очікую",0),SUM(L$10:L22)/$D22) | M23: =IF(SUM(M$10:M22)=0,IF(COUNTA(M$10:M22)=0,"Очікую",0),SUM(M$10:M22)/$D22) | ... S23: =IF(SUM(S$10:S22)=0,IF(COUNTA(S$10:S22)=0,"Очікую",0),SUM(S$10:S22)/$D22) | T23: =IFERROR(AVERAGE($F23:S23),"Очікую")
E24: Абсолютна успішність | F24: =IF(SUM(F$10:F22)=0,IF(COUNTA(F$10:F22)=0,"Очікую",0),IF(COUNTIF(F$10:F22,">=4")=0,0,COUNTIF(F$10:F22,">=4")/$D22*100)) | G24: =IF(SUM(G$10:G22)=0,IF(COUNTA(G$10:G22)=0,"Очікую",0),IF(COUNTIF(G$10:G22,">=4")=0,0,COUNTIF(G$10:G22,">=4")/$D22*100)) | H24: =IF(SUM(H$10:H22)=0,IF(COUNTA(H$10:H22)=0,"Очікую",0),IF(COUNTIF(H$10:H22,">=4")=0,0,COUNTIF(H$10:H22,">=4")/$D22*100)) | I24: =IF(SUM(I$10:I22)=0,IF(COUNTA(I$10:I22)=0,"Очікую",0),IF(COUNTIF(I$10:I22,">=4")=0,0,COUNTIF(I$10:I22,">=4")/$D22*100)) | J24: =IF(SUM(J$10:J22)=0,IF(COUNTA(J$10:J22)=0,"Очікую",0),IF(COUNTIF(J$10:J22,">=4")=0,0,COUNTIF(J$10:J22,">=4")/$D22*100)) | K24: =IF(SUM(K$10:K22)=0,IF(COUNTA(K$10:K22)=0,"Очікую",0),IF(COUNTIF(K$10:K22,">=4")=0,0,COUNTIF(K$10:K22,">=4")/$D22*100)) | L24: =IF(SUM(L$10:L22)=0,IF(COUNTA(L$10:L22)=0,"Очікую",0),IF(COUNTIF(L$10:L22,">=4")=0,0,COUNTIF(L$10:L22,">=4")/$D22*100)) | M24: =IF(SUM(M$10:M22)=0,IF(COUNTA(M$10:M22)=0,"Очікую",0),IF(COUNTIF(M$10:M22,">=4")=0,0,COUNTIF(M$10:M22,">=4")/$D22*100)) | ... S24: =IF(SUM(S$10:S22)=0,IF(COUNTA(S$10:S22)=0,"Очікую",0),IF(COUNTIF(S$10:S22,">=4")=0,0,COUNTIF(S$10:S22,">=4")/$D22*100))
E25: Якісна успішність | F25: =IF(SUM(F$10:F22)=0,IF(COUNTA(F$10:F22)=0,"Очікую",0),IF(COUNTIF(F$10:F22,">=7")=0,0,COUNTIF(F$10:F22,">=7")/$D22*100)) | G25: =IF(SUM(G$10:G22)=0,IF(COUNTA(G$10:G22)=0,"Очікую",0),IF(COUNTIF(G$10:G22,">=7")=0,0,COUNTIF(G$10:G22,">=7")/$D22*100)) | H25: =IF(SUM(H$10:H22)=0,IF(COUNTA(H$10:H22)=0,"Очікую",0),IF(COUNTIF(H$10:H22,">=7")=0,0,COUNTIF(H$10:H22,">=7")/$D22*100)) | I25: =IF(SUM(I$10:I22)=0,IF(COUNTA(I$10:I22)=0,"Очікую",0),IF(COUNTIF(I$10:I22,">=7")=0,0,COUNTIF(I$10:I22,">=7")/$D22*100)) | J25: =IF(SUM(J$10:J22)=0,IF(COUNTA(J$10:J22)=0,"Очікую",0),IF(COUNTIF(J$10:J22,">=7")=0,0,COUNTIF(J$10:J22,">=7")/$D22*100)) | K25: =IF(SUM(K$10:K22)=0,IF(COUNTA(K$10:K22)=0,"Очікую",0),IF(COUNTIF(K$10:K22,">=7")=0,0,COUNTIF(K$10:K22,">=7")/$D22*100)) | L25: =IF(SUM(L$10:L22)=0,IF(COUNTA(L$10:L22)=0,"Очікую",0),IF(COUNTIF(L$10:L22,">=7")=0,0,COUNTIF(L$10:L22,">=7")/$D22*100)) | M25: =IF(SUM(M$10:M22)=0,IF(COUNTA(M$10:M22)=0,"Очікую",0),IF(COUNTIF(M$10:M22,">=7")=0,0,COUNTIF(M$10:M22,">=7")/$D22*100)) | ... S25: =IF(SUM(S$10:S22)=0,IF(COUNTA(S$10:S22)=0,"Очікую",0),IF(COUNTIF(S$10:S22,">=7")=0,0,COUNTIF(S$10:S22,">=7")/$D22*100))
E26: Абсолютна успішність по групі | F26: =IFERROR(AVERAGE(F24:S24),"Очікую")
E27: Якісна успішність по групі | F27: =IFERROR(AVERAGE($F25:S25),"Очікую")
E28: Кількість бюджетників | F28: =IF(COUNTIF($C$10:$C22,"=B")=0,IF(COUNTIF($C$10:$C22,"=K")=0,"Очікую",0),COUNTIF($C$10:$C22,"=B"))
E29: Кількість контрактників | F29: =IF(COUNTIF($C$10:$C22,"=K")=0,IF(COUNTIF($C$10:$C22,"=B")=0,"Очікую",0),COUNTIF($C$10:$C22,"=K")) | H29: Класний керівник | P29: ='Загальна'!P47
E30: Кількість соціального контингенту
E31: Вийшли на стипендію | F31: =IF(F28="Очікую","Очікую",IF(F28-COUNTIF($T$10:$T22," - ")<ROUNDDOWN(F28*0.4,0),F28-COUNTIF($T$10:$T22," - "),ROUNDDOWN(F28*0.4,0))) | H31: Завідувач відділення ПЗСО | P31: Margarita BRITIKOVA

Sheet Зведена J3
A1: S
C3: ВІДОКРЕМЛЕНИЙ СТРУКТУРНИЙ ПІДРОЗДІЛ «ФАХОВИЙ КОЛЕДЖ НАФТОГАЗОВИХ ТЕХНОЛОГІЙ, ІНЖЕНЕРІЇ ТА ІНФРАСТРУКТУРИ СЕРВІСУ ОДЕСЬКОГО НАЦІОНАЛЬНОГО ТЕХНОЛОГІЧНОГО УНІВЕРСИТЕТУ»
C4: ЗВЕДЕНА ВІДОМІСТЬ
C5: Успішності студентів спеціальності J3 ««Туризм та рекреація»»
C6: За рік 2025-2026 н.р.
C7: Група 25-5 курс I
C8: Б/К | D8: № п/п | E8: Прізвище, ім’я, по батькові | F8: Підсумкові оцінки дисциплін | T8: Середній бал
F9: ='Загальна'!F9 | G9: ='Загальна'!G9 | H9: ='Загальна'!H9 | I9: ='Загальна'!I9 | J9: ='Загальна'!J9 | K9: ='Загальна'!K9 | L9: ='Загальна'!L9 | M9: ='Загальна'!M9 | ... S9: ='Загальна'!S9
C10: ='Загальна'!C16 | D10: 1 | E10: ='Загальна'!E16 | F10: ='Загальна'!F16 | G10: ='Загальна'!G16 | H10: ='Загальна'!H16 | I10: ='Загальна'!I16 | J10: ='Загальна'!J16 | K10: ='Загальна'!K16 | L10: ='Загальна'!L16 | ... S10: ='Загальна'!S16 | T10: =IF(COUNTIF($F10:S10,"=*")>0,IF($C10="K","-"," - "),IF(COUNTIF($F10:S10,"<4")>0,IF(C10="K","-"," - "),(IFERROR(AVERAGE($F10:S10),"Очікую"))))
C11: ='Загальна'!C19 | D11: 2 | E11: ='Загальна'!E19 | F11: ='Загальна'!F19 | G11: ='Загальна'!G19 | H11: ='Загальна'!H19 | I11: ='Загальна'!I19 | J11: ='Загальна'!J19 | K11: ='Загальна'!K19 | L11: ='Загальна'!L19 | ... S11: ='Загальна'!S19 | T11: =IF(COUNTIF($F11:S11,"=*")>0,IF($C11="K","-"," - "),IF(COUNTIF($F11:S11,"<4")>0,IF(C11="K","-"," - "),(IFERROR(AVERAGE($F11:S11),"Очікую"))))
C12: ='Загальна'!C34 | D12: 3 | E12: ='Загальна'!E34 | F12: ='Загальна'!F34 | G12: ='Загальна'!G34 | H12: ='Загальна'!H34 | I12: ='Загальна'!I34 | J12: ='Загальна'!J34 | K12: ='Загальна'!K34 | L12: ='Загальна'!L34 | ... S12: ='Загальна'!S34 | T12: =IF(COUNTIF($F12:S12,"=*")>0,IF($C12="K","-"," - "),IF(COUNTIF($F12:S12,"<4")>0,IF(C12="K","-"," - "),(IFERROR(AVERAGE($F12:S12),"Очікую"))))
C13: ='Загальна'!C35 | D13: 4 | E13: ='Загальна'!E35 | F13: ='Загальна'!F35 | G13: ='Загальна'!G35 | H13: ='Загальна'!H35 | I13: ='Загальна'!I35 | J13: ='Загальна'!J35 | K13: ='Загальна'!K35 | L13: ='Загальна'!L35 | ... S13: ='Загальна'!S35 | T13: =IF(COUNTIF($F13:S13,"=*")>0,IF($C13="K","-"," - "),IF(COUNTIF($F13:S13,"<4")>0,IF(C13="K","-"," - "),(IFERROR(AVERAGE($F13:S13),"Очікую"))))
C14: ='Загальна'!C39 | D14: 5 | E14: ='Загальна'!E39 | F14: ='Загальна'!F39 | G14: ='Загальна'!G39 | H14: ='Загальна'!H39 | I14: ='Загальна'!I39 | J14: ='Загальна'!J39 | K14: ='Загальна'!K39 | L14: ='Загальна'!L39 | ... S14: ='Загальна'!S39 | T14: =IF(COUNTIF($F14:S14,"=*")>0,IF($C14="K","-"," - "),IF(COUNTIF($F14:S14,"<4")>0,IF(C14="K","-"," - "),(IFERROR(AVERAGE($F14:S14),"Очікую"))))
E15: Середній бал успішності з дисципліни | F15: =IF(SUM(F$10:F14)=0,IF(COUNTA(F$10:F14)=0,"Очікую",0),SUM(F$10:F14)/$D14) | G15: =IF(SUM(G$10:G14)=0,IF(COUNTA(G$10:G14)=0,"Очікую",0),SUM(G$10:G14)/$D14) | H15: =IF(SUM(H$10:H14)=0,IF(COUNTA(H$10:H14)=0,"Очікую",0),SUM(H$10:H14)/$D14) | I15: =IF(SUM(I$10:I14)=0,IF(COUNTA(I$10:I14)=0,"Очікую",0),SUM(I$10:I14)/$D14) | J15: =IF(SUM(J$10:J14)=0,IF(COUNTA(J$10:J14)=0,"Очікую",0),SUM(J$10:J14)/$D14) | K15: =IF(SUM(K$10:K14)=0,IF(COUNTA(K$10:K14)=0,"Очікую",0),SUM(K$10:K14)/$D14) | L15: =IF(SUM(L$10:L14)=0,IF(COUNTA(L$10:L14)=0,"Очікую",0),SUM(L$10:L14)/$D14) | M15: =IF(SUM(M$10:M14)=0,IF(COUNTA(M$10:M14)=0,"Очікую",0),SUM(M$10:M14)/$D14) | ... S15: =IF(SUM(S$10:S14)=0,IF(COUNTA(S$10:S14)=0,"Очікую",0),SUM(S$10:S14)/$D14) | T15: =IFERROR(AVERAGE($F15:S15),"Очікую")
E16: Абсолютна успішність | F16: =IF(SUM(F$10:F14)=0,IF(COUNTA(F$10:F14)=0,"Очікую",0),IF(COUNTIF(F$10:F14,">=4")=0,0,COUNTIF(F$10:F14,">=4")/$D14*100)) | G16: =IF(SUM(G$10:G14)=0,IF(COUNTA(G$10:G14)=0,"Очікую",0),IF(COUNTIF(G$10:G14,">=4")=0,0,COUNTIF(G$10:G14,">=4")/$D14*100)) | H16: =IF(SUM(H$10:H14)=0,IF(COUNTA(H$10:H14)=0,"Очікую",0),IF(COUNTIF(H$10:H14,">=4")=0,0,COUNTIF(H$10:H14,">=4")/$D14*100)) | I16: =IF(SUM(I$10:I14)=0,IF(COUNTA(I$10:I14)=0,"Очікую",0),IF(COUNTIF(I$10:I14,">=4")=0,0,COUNTIF(I$10:I14,">=4")/$D14*100)) | J16: =IF(SUM(J$10:J14)=0,IF(COUNTA(J$10:J14)=0,"Очікую",0),IF(COUNTIF(J$10:J14,">=4")=0,0,COUNTIF(J$10:J14,">=4")/$D14*100)) | K16: =IF(SUM(K$10:K14)=0,IF(COUNTA(K$10:K14)=0,"Очікую",0),IF(COUNTIF(K$10:K14,">=4")=0,0,COUNTIF(K$10:K14,">=4")/$D14*100)) | L16: =IF(SUM(L$10:L14)=0,IF(COUNTA(L$10:L14)=0,"Очікую",0),IF(COUNTIF(L$10:L14,">=4")=0,0,COUNTIF(L$10:L14,">=4")/$D14*100)) | M16: =IF(SUM(M$10:M14)=0,IF(COUNTA(M$10:M14)=0,"Очікую",0),IF(COUNTIF(M$10:M14,">=4")=0,0,COUNTIF(M$10:M14,">=4")/$D14*100)) | ... S16: =IF(SUM(S$10:S14)=0,IF(COUNTA(S$10:S14)=0,"Очікую",0),IF(COUNTIF(S$10:S14,">=4")=0,0,COUNTIF(S$10:S14,">=4")/$D14*100))
E17: Якісна успішність | F17: =IF(SUM(F$10:F14)=0,IF(COUNTA(F$10:F14)=0,"Очікую",0),IF(COUNTIF(F$10:F14,">=7")=0,0,COUNTIF(F$10:F14,">=7")/$D14*100)) | G17: =IF(SUM(G$10:G14)=0,IF(COUNTA(G$10:G14)=0,"Очікую",0),IF(COUNTIF(G$10:G14,">=7")=0,0,COUNTIF(G$10:G14,">=7")/$D14*100)) | H17: =IF(SUM(H$10:H14)=0,IF(COUNTA(H$10:H14)=0,"Очікую",0),IF(COUNTIF(H$10:H14,">=7")=0,0,COUNTIF(H$10:H14,">=7")/$D14*100)) | I17: =IF(SUM(I$10:I14)=0,IF(COUNTA(I$10:I14)=0,"Очікую",0),IF(COUNTIF(I$10:I14,">=7")=0,0,COUNTIF(I$10:I14,">=7")/$D14*100)) | J17: =IF(SUM(J$10:J14)=0,IF(COUNTA(J$10:J14)=0,"Очікую",0),IF(COUNTIF(J$10:J14,">=7")=0,0,COUNTIF(J$10:J14,">=7")/$D14*100)) | K17: =IF(SUM(K$10:K14)=0,IF(COUNTA(K$10:K14)=0,"Очікую",0),IF(COUNTIF(K$10:K14,">=7")=0,0,COUNTIF(K$10:K14,">=7")/$D14*100)) | L17: =IF(SUM(L$10:L14)=0,IF(COUNTA(L$10:L14)=0,"Очікую",0),IF(COUNTIF(L$10:L14,">=7")=0,0,COUNTIF(L$10:L14,">=7")/$D14*100)) | M17: =IF(SUM(M$10:M14)=0,IF(COUNTA(M$10:M14)=0,"Очікую",0),IF(COUNTIF(M$10:M14,">=7")=0,0,COUNTIF(M$10:M14,">=7")/$D14*100)) | ... S17: =IF(SUM(S$10:S14)=0,IF(COUNTA(S$10:S14)=0,"Очікую",0),IF(COUNTIF(S$10:S14,">=7")=0,0,COUNTIF(S$10:S14,">=7")/$D14*100))
E18: Абсолютна успішність по групі | F18: =IFERROR(AVERAGE(F16:S16),"Очікую")
E19: Якісна успішність по групі | F19: =IFERROR(AVERAGE($F17:S17),"Очікую")
E20: Кількість бюджетників | F20: =IF(COUNTIF($C$10:$C14,"=B")=0,IF(COUNTIF($C$10:$C14,"=K")=0,"Очікую",0),COUNTIF($C$10:$C14,"=B"))
E21: Кількість контрактників | F21: =IF(COUNTIF($C$10:$C14,"=K")=0,IF(COUNTIF($C$10:$C14,"=B")=0,"Очікую",0),COUNTIF($C$10:$C14,"=K")) | H21: Класний керівник | P21: ='Загальна'!P47
E22: Кількість соціального контингенту
E23: Вийшли на стипендію | F23: =IF(F20="Очікую","Очікую",IF(F20-COUNTIF($T$10:$T14," - ")<ROUNDDOWN(F20*0.4,0),F20-COUNTIF($T$10:$T14," - "),ROUNDDOWN(F20*0.4,0))) | H23: Завідувач відділення ПЗСО | P23: Margarita BRITIKOVA
