Workbook
Name A1048577: #REF!
Name Ф80: #REF!
Name A1048577: #REF!
Name Ф80: #REF!
Name A1048577: #REF!
Name Ф80: #REF!
Name A1048577: #REF!
Name Ф80: #REF!
Name A1048577: #REF!
Name Ф80: #REF!

Sheet Загальна
A1: S
C3: ЗАГАЛЬНА ВІДОМІСТЬ З УСІМА СПЕЦІАЛЬНОСТЯМИ. НЕ ДЛЯ ДРУКУ. ЗВІДСИ ОЦІНКИ АВТОМАТИЧНО ПЕРЕНОСЯТЬСЯ ДО ВІДОМОСТЕЙ. СТВОРЕНО ДЛЯ ЛЕГШОГО ЗАПОВНЕННЯ ОЦІНОК
C8: Б/К | D8: № п/п | E8: Прізвище, ім’я, по батькові | F8: Підсумкові оцінки дисциплін | T8: Середній бал
F9: Біологія Богданенко О.В. | G9: Всесвітня Історія Мельничук С.А. | H9: Географія Наговська Т.С. | I9: Зарубіжна література Бабенко Л. Е. | J9: Захист України Лазар В.І. | K9: Іноземна мова Нічик Н.О. | L9: Інформатика Андрльє І.О. | M9: Історія України Левчук Т.Г. | N9: Математика Земляна Т.М. | O9: Українська література Юрченко О.Б. | P9: Українська мова Юрченко О.Б. | Q9: Фізика Калюта Н.М. | R9: Фізична культура Галеніна І.С. | S9: Хімія Пономарьов К.М.
C10: Б | D10: 1 | E10: Багнич Агата Валеріївна | T10: =IF(COUNTIF($F10:S10,"=*")>0,IF($C10="K","-"," - "),IF(COUNTIF($F10:S10,"<4")>0,IF($C10="K","-"," - "),(IFERROR(AVERAGE($F10:S10),"Waiting"))))
C11: К | D11: 2 | E11: Балабан Єлизавета Олексіївна | T11: =IF(COUNTIF($F11:S11,"=*")>0,IF($C11="K","-"," - "),IF(COUNTIF($F11:S11,"<4")>0,IF($C11="K","-"," - "),(IFERROR(AVERAGE($F11:S11),"Waiting"))))
C12: К | D12: 3 | E12: Басов Костянтин Юрійович | T12: =IF(COUNTIF($F12:S12,"=*")>0,IF($C12="K","-"," - "),IF(COUNTIF($F12:S12,"<4")>0,IF($C12="K","-"," - "),(IFERROR(AVERAGE($F12:S12),"Waiting"))))
C13: Б | D13: 4 | E13: Білик Катерина Андріївна | T13: =IF(COUNTIF($F13:S13,"=*")>0,IF($C13="K","-"," - "),IF(COUNTIF($F13:S13,"<4")>0,IF($C13="K","-"," - "),(IFERROR(AVERAGE($F13:S13),"Waiting"))))
C14: К | D14: 5 | E14: Бойко Станіслав Володимирович | T14: =IF(COUNTIF($F14:S14,"=*")>0,IF($C14="K","-"," - "),IF(COUNTIF($F14:S14,"<4")>0,IF($C14="K","-"," - "),(IFERROR(AVERAGE($F14:S14),"Waiting"))))
C15: К | D15: 6 | E15: Бондаренко Олександр Вікторович | T15: =IF(COUNTIF($F15:S15,"=*")>0,IF($C15="K","-"," - "),IF(COUNTIF($F15:S15,"<4")>0,IF($C15="K","-"," - "),(IFERROR(AVERAGE($F15:S15),"Waiting"))))
C16: К | D16: 7 | E16: Вілейко Вікторія Віленівна | T16: =IF(COUNTIF($F16:S16,"=*")>0,IF($C16="K","-"," - "),IF(COUNTIF($F16:S16,"<4")>0,IF($C16="K","-"," - "),(IFERROR(AVERAGE($F16:S16),"Waiting"))))
C17: К | D17: 8 | E17: Голуб Вероніка Русланівна | T17: =IF(COUNTIF($F17:S17,"=*")>0,IF($C17="K","-"," - "),IF(COUNTIF($F17:S17,"<4")>0,IF($C17="K","-"," - "),(IFERROR(AVERAGE($F17:S17),"Waiting"))))
C18: Б | D18: 9 | E18: Гроза Вікторія Сергіївна | T18: =IF(COUNTIF($F18:S18,"=*")>0,IF($C18="K","-"," - "),IF(COUNTIF($F18:S18,"<4")>0,IF($C18="K","-"," - "),(IFERROR(AVERAGE($F18:S18),"Waiting"))))
C19: К | D19: 10 | E19: Гуділіна Олександра Олександрівна | T19: =IF(COUNTIF($F19:S19,"=*")>0,IF($C19="K","-"," - "),IF(COUNTIF($F19:S19,"<4")>0,IF($C19="K","-"," - "),(IFERROR(AVERAGE($F19:S19),"Waiting"))))
C20: Б | D20: 11 | E20: Денисенко Ярослав Денисович | T20: =IF(COUNTIF($F20:S20,"=*")>0,IF($C20="K","-"," - "),IF(COUNTIF($F20:S20,"<4")>0,IF($C20="K","-"," - "),(IFERROR(AVERAGE($F20:S20),"Waiting"))))
C21: К | D21: 12 | E21: Змашко Дар`я Сергіївна | T21: =IF(COUNTIF($F21:S21,"=*")>0,IF($C21="K","-"," - "),IF(COUNTIF($F21:S21,"<4")>0,IF($C21="K","-"," - "),(IFERROR(AVERAGE($F21:S21),"Waiting"))))
... C40: Б | D40: 31 | E40: Яковенко Крістіна Іванівна | T40: =IF(COUNTIF($F40:S40,"=*")>0,IF($C40="K","-"," - "),IF(COUNTIF($F40:S40,"<4")>0,IF($C40="K","-"," - "),(IFERROR(AVERAGE($F40:S40),"Waiting"))))
E41: Середній бал успішності з дисципліни | F41: =IF(SUM(F$10:F40)=0,IF(COUNTA(F$10:F40)=0,"Waiting",0),SUM(F$10:F40)/$D40) | G41: =IF(SUM(G$10:G40)=0,IF(COUNTA(G$10:G40)=0,"Waiting",0),SUM(G$10:G40)/$D40) | H41: =IF(SUM(H$10:H40)=0,IF(COUNTA(H$10:H40)=0,"Waiting",0),SUM(H$10:H40)/$D40) | I41: =IF(SUM(I$10:I40)=0,IF(COUNTA(I$10:I40)=0,"Waiting",0),SUM(I$10:I40)/$D40) | J41: =IF(SUM(J$10:J40)=0,IF(COUNTA(J$10:J40)=0,"Waiting",0),SUM(J$10:J40)/$D40) | K41: =IF(SUM(K$10:K40)=0,IF(COUNTA(K$10:K40)=0,"Waiting",0),SUM(K$10:K40)/$D40) | L41: =IF(SUM(L$10:L40)=0,IF(COUNTA(L$10:L40)=0,"Waiting",0),SUM(L$10:L40)/$D40) | M41: =IF(SUM(M$10:M40)=0,IF(COUNTA(M$10:M40)=0,"Waiting",0),SUM(M$10:M40)/$D40) | ... S41: =IF(SUM(S$10:S40)=0,IF(COUNTA(S$10:S40)=0,"Waiting",0),SUM(S$10:S40)/$D40) | T41: =IFERROR(AVERAGE($F41:S41),"Waiting")
E42: Абсолютна успішність | F42: =IF(SUM(F$10:F40)=0,IF(COUNTA(F$10:F40)=0,"Waiting",0),IF(COUNTIF(F$10:F40,">=4")=0,0,COUNTIF(F$10:F40,">=4")/$D40*100)) | G42: =IF(SUM(G$10:G40)=0,IF(COUNTA(G$10:G40)=0,"Waiting",0),IF(COUNTIF(G$10:G40,">=4")=0,0,COUNTIF(G$10:G40,">=4")/$D40*100)) | H42: =IF(SUM(H$10:H40)=0,IF(COUNTA(H$10:H40)=0,"Waiting",0),IF(COUNTIF(H$10:H40,">=4")=0,0,COUNTIF(H$10:H40,">=4")/$D40*100)) | I42: =IF(SUM(I$10:I40)=0,IF(COUNTA(I$10:I40)=0,"Waiting",0),IF(COUNTIF(I$10:I40,">=4")=0,0,COUNTIF(I$10:I40,">=4")/$D40*100)) | J42: =IF(SUM(J$10:J40)=0,IF(COUNTA(J$10:J40)=0,"Waiting",0),IF(COUNTIF(J$10:J40,">=4")=0,0,COUNTIF(J$10:J40,">=4")/$D40*100)) | K42: =IF(SUM(K$10:K40)=0,IF(COUNTA(K$10:K40)=0,"Waiting",0),IF(COUNTIF(K$10:K40,">=4")=0,0,COUNTIF(K$10:K40,">=4")/$D40*100)) | L42: =IF(SUM(L$10:L40)=0,IF(COUNTA(L$10:L40)=0,"Waiting",0),IF(COUNTIF(L$10:L40,">=4")=0,0,COUNTIF(L$10:L40,">=4")/$D40*100)) | M42: =IF(SUM(M$10:M40)=0,IF(COUNTA(M$10:M40)=0,"Waiting",0),IF(COUNTIF(M$10:M40,">=4")=0,0,COUNTIF(M$10:M40,">=4")/$D40*100)) | ... S42: =IF(SUM(S$10:S40)=0,IF(COUNTA(S$10:S40)=0,"Waiting",0),IF(COUNTIF(S$10:S40,">=4")=0,0,COUNTIF(S$10:S40,">=4")/$D40*100))
E43: Якісна успішність | F43: =IF(SUM(F$10:F40)=0,IF(COUNTA(F$10:F40)=0,"Waiting",0),IF(COUNTIF(F$10:F40,">=7")=0,0,COUNTIF(F$10:F40,">=7")/$D40*100)) | G43: =IF(SUM(G$10:G40)=0,IF(COUNTA(G$10:G40)=0,"Waiting",0),IF(COUNTIF(G$10:G40,">=7")=0,0,COUNTIF(G$10:G40,">=7")/$D40*100)) | H43: =IF(SUM(H$10:H40)=0,IF(COUNTA(H$10:H40)=0,"Waiting",0),IF(COUNTIF(H$10:H40,">=7")=0,0,COUNTIF(H$10:H40,">=7")/$D40*100)) | I43: =IF(SUM(I$10:I40)=0,IF(COUNTA(I$10:I40)=0,"Waiting",0),IF(COUNTIF(I$10:I40,">=7")=0,0,COUNTIF(I$10:I40,">=7")/$D40*100)) | J43: =IF(SUM(J$10:J40)=0,IF(COUNTA(J$10:J40)=0,"Waiting",0),IF(COUNTIF(J$10:J40,">=7")=0,0,COUNTIF(J$10:J40,">=7")/$D40*100)) | K43: =IF(SUM(K$10:K40)=0,IF(COUNTA(K$10:K40)=0,"Waiting",0),IF(COUNTIF(K$10:K40,">=7")=0,0,COUNTIF(K$10:K40,">=7")/$D40*100)) | L43: =IF(SUM(L$10:L40)=0,IF(COUNTA(L$10:L40)=0,"Waiting",0),IF(COUNTIF(L$10:L40,">=7")=0,0,COUNTIF(L$10:L40,">=7")/$D40*100)) | M43: =IF(SUM(M$10:M40)=0,IF(COUNTA(M$10:M40)=0,"Waiting",0),IF(COUNTIF(M$10:M40,">=7")=0,0,COUNTIF(M$10:M40,">=7")/$D40*100)) | ... S43: =IF(SUM(S$10:S40)=0,IF(COUNTA(S$10:S40)=0,"Waiting",0),IF(COUNTIF(S$10:S40,">=7")=0,0,COUNTIF(S$10:S40,">=7")/$D40*100))
E44: Абсолютна успішність по групі | F44: =IFERROR(AVERAGE(F42:S42),"Waiting")
E45: Якісна успішність по групі | F45: =IFERROR(AVERAGE($F43:S43),"Waiting")
E46: Кількість бюджетників | F46: =IF(COUNTIF($C$10:$C40,"=B")=0,IF(COUNTIF($C$10:$C40,"=K")=0,"Waiting",0),COUNTIF($C$10:$C40,"=B"))
E47: Кількість контрактників | F47: =IF(COUNTIF($C$10:$C40,"=K")=0,IF(COUNTIF($C$10:$C40,"=B")=0,"Waiting",0),COUNTIF($C$10:$C40,"=K")) | H47: Класний керівник
E48: Кількість соціального контингенту
E49: Вийшли на стипендію | F49: =IF(F46="Waiting","Waiting",IF(F46-COUNTIF($T$10:$T40," - ")<ROUNDDOWN(F46*0.4,0),F46-COUNTIF($T$10:$T40," - "),ROUNDDOWN(F46*0.4,0))) | H49: Завідувач відділення ПЗСО | P49: Margarita BRITIKOVA

Sheet Зведена G13
A1: S
C3: ВІДОКРЕМЛЕНИЙ СТРУКТУРНИЙ ПІДРОЗДІЛ «ФАХОВИЙ КОЛЕДЖ НАФТОГАЗОВИХ ТЕХНОЛОГІЙ, ІНЖЕНЕРІЇ ТА ІНФРАСТРУКТУРИ СЕРВІСУ ОДЕСЬКОГО НАЦІОНАЛЬНОГО ТЕХНОЛОГІЧНОГО УНІВЕРСИТЕТУ»
C4: ЗВЕДЕНА ВІДОМІСТЬ
C5: Успішності студентів спеціальності G13 ««Харчові технології»»
C6: За II семестр 2025-2026 н.р.
C7: Група 25-5 курс I
C8: Б/К | D8: № п/п | E8: Прізвище, ім’я, по батькові | F8: Підсумкові оцінки дисциплін | T8: Середній бал
F9: ='General'!F9 | G9: ='General'!G9 | H9: ='General'!H9 | I9: ='General'!I9 | J9: ='General'!J9 | K9: ='General'!K9 | L9: ='General'!L9 | M9: ='General'!M9 | ... S9: ='General'!S9
C10: ='General'!C13 | D10: 1 | E10: ='General'!E13 | F10: ='General'!F13 | G10: ='General'!G13 | H10: ='General'!H13 | I10: ='General'!I13 | J10: ='General'!J13 | K10: ='General'!K13 | L10: ='General'!L13 | ... S10: ='General'!S13 | T10: =IF(COUNTIF($F10:S10,"=*")>0,IF($C10="K","-"," - "),IF(COUNTIF($F10:S10,"<4")>0,IF(C10="K","-"," - "),(IFERROR(AVERAGE($F10:S10),"Waiting"))))
C11: ='General'!C15 | D11: 2 | E11: ='General'!E15 | F11: ='General'!F15 | G11: ='General'!G15 | H11: ='General'!H15 | I11: ='General'!I15 | J11: ='General'!J15 | K11: ='General'!K15 | L11: ='General'!L15 | ... S11: ='General'!S15 | T11: =IF(COUNTIF($F11:S11,"=*")>0,IF($C11="K","-"," - "),IF(COUNTIF($F11:S11,"<4")>0,IF(C11="K","-"," - "),(IFERROR(AVERAGE($F11:S11),"Waiting"))))
C12: ='General'!C17 | D12: 3 | E12: ='General'!E17 | F12: ='General'!F17 | G12: ='General'!G17 | H12: ='General'!H17 | I12: ='General'!I17 | J12: ='General'!J17 | K12: ='General'!K17 | L12: ='General'!L17 | ... S12: ='General'!S17 | T12: =IF(COUNTIF($F12:S12,"=*")>0,IF($C12="K","-"," - "),IF(COUNTIF($F12:S12,"<4")>0,IF(C12="K","-"," - "),(IFERROR(AVERAGE($F12:S12),"Waiting"))))
C13: ='General'!C18 | D13: 4 | E13: ='General'!E18 | F13: ='General'!F18 | G13: ='General'!G18 | H13: ='General'!H18 | I13: ='General'!I18 | J13: ='General'!J18 | K13: ='General'!K18 | L13: ='General'!L18 | ... S13: ='General'!S18 | T13: =IF(COUNTIF($F13:S13,"=*")>0,IF($C13="K","-"," - "),IF(COUNTIF($F13:S13,"<4")>0,IF(C13="K","-"," - "),(IFERROR(AVERAGE($F13:S13),"Waiting"))))
C14: ='General'!C20 | D14: 5 | E14: ='General'!E20 | F14: ='General'!F20 | G14: ='General'!G20 | H14: ='General'!H20 | I14: ='General'!I20 | J14: ='General'!J20 | K14: ='General'!K20 | L14: ='General'!L20 | ... S14: ='General'!S20 | T14: =IF(COUNTIF($F14:S14,"=*")>0,IF($C14="K","-"," - "),IF(COUNTIF($F14:S14,"<4")>0,IF(C14="K","-"," - "),(IFERROR(AVERAGE($F14:S14),"Waiting"))))
C15: ='General'!C23 | D15: 6 | E15: ='General'!E23 | F15: ='General'!F23 | G15: ='General'!G23 | H15: ='General'!H23 | I15: ='General'!I23 | J15: ='General'!J23 | K15: ='General'!K23 | L15: ='General'!L23 | ... S15: ='General'!S23 | T15: =IF(COUNTIF($F15:S15,"=*")>0,IF($C15="K","-"," - "),IF(COUNTIF($F15:S15,"<4")>0,IF(C15="K","-"," - "),(IFERROR(AVERAGE($F15:S15),"Waiting"))))
C16: ='General'!C25 | D16: 7 | E16: ='General'!E25 | F16: ='General'!F25 | G16: ='General'!G25 | H16: ='General'!H25 | I16: ='General'!I25 | J16: ='General'!J25 | K16: ='General'!K25 | L16: ='General'!L25 | ... S16: ='General'!S25 | T16: =IF(COUNTIF($F16:S16,"=*")>0,IF($C16="K","-"," - "),IF(COUNTIF($F16:S16,"<4")>0,IF(C16="K","-"," - "),(IFERROR(AVERAGE($F16:S16),"Waiting"))))
C17: ='General'!C26 | D17: 8 | E17: ='General'!E26 | F17: ='General'!F26 | G17: ='General'!G26 | H17: ='General'!H26 | I17: ='General'!I26 | J17: ='General'!J26 | K17: ='General'!K26 | L17: ='General'!L26 | ... S17: ='General'!S26 | T17: =IF(COUNTIF($F17:S17,"=*")>0,IF($C17="K","-"," - "),IF(COUNTIF($F17:S17,"<4")>0,IF(C17="K","-"," - "),(IFERROR(AVERAGE($F17:S17),"Waiting"))))
C18: ='General'!C27 | D18: 9 | E18: ='General'!E27 | F18: ='General'!F27 | G18: ='General'!G27 | H18: ='General'!H27 | I18: ='General'!I27 | J18: ='General'!J27 | K18: ='General'!K27 | L18: ='General'!L27 | ... S18: ='General'!S27 | T18: =IF(COUNTIF($F18:S18,"=*")>0,IF($C18="K","-"," - "),IF(COUNTIF($F18:S18,"<4")>0,IF(C18="K","-"," - "),(IFERROR(AVERAGE($F18:S18),"Waiting"))))
C19: ='General'!C28 | D19: 10 | E19: ='General'!E28 | F19: ='General'!F28 | G19: ='General'!G28 | H19: ='General'!H28 | I19: ='General'!I28 | J19: ='General'!J28 | K19: ='General'!K28 | L19: ='General'!L28 | ... S19: ='General'!S28 | T19: =IF(COUNTIF($F19:S19,"=*")>0,IF($C19="K","-"," - "),IF(COUNTIF($F19:S19,"<4")>0,IF(C19="K","-"," - "),(IFERROR(AVERAGE($F19:S19),"Waiting"))))
C20: ='General'!C29 | D20: 11 | E20: ='General'!E29 | F20: ='General'!F29 | G20: ='General'!G29 | H20: ='General'!H29 | I20: ='General'!I29 | J20: ='General'!J29 | K20: ='General'!K29 | L20: ='General'!L29 | ... S20: ='General'!S29 | T20: =IF(COUNTIF($F20:S20,"=*")>0,IF($C20="K","-"," - "),IF(COUNTIF($F20:S20,"<4")>0,IF(C20="K","-"," - "),(IFERROR(AVERAGE($F20:S20),"Waiting"))))
C21: ='General'!C30 | D21: 12 | E21: ='General'!E30 | F21: ='General'!F30 | G21: ='General'!G30 | H21: ='General'!H30 | I21: ='General'!I30 | J21: ='General'!J30 | K21: ='General'!K30 | L21: ='General'!L30 | ... S21: ='General'!S30 | T21: =IF(COUNTIF($F21:S21,"=*")>0,IF($C21="K","-"," - "),IF(COUNTIF($F21:S21,"<4")>0,IF(C21="K","-"," - "),(IFERROR(AVERAGE($F21:S21),"Waiting"))))
C22: ='General'!C33 | D22: 13 | E22: ='General'!E33 | F22: ='General'!F33 | G22: ='General'!G33 | H22: ='General'!H33 | I22: ='General'!I33 | J22: ='General'!J33 | K22: ='General'!K33 | L22: ='General'!L33 | ... S22: ='General'!S33 | T22: =IF(COUNTIF($F22:S22,"=*")>0,IF($C22="K","-"," - "),IF(COUNTIF($F22:S22,"<4")>0,IF(C22="K","-"," - "),(IFERROR(AVERAGE($F22:S22),"Waiting"))))
E23: Середній бал успішності з дисципліни | F23: =IF(SUM(F$10:F22)=0,IF(COUNTA(F$10:F22)=0,"Waiting",0),SUM(F$10:F22)/$D22) | G23: =IF(SUM(G$10:G22)=0,IF(COUNTA(G$10:G22)=0,"Waiting",0),SUM(G$10:G22)/$D22) | H23: =IF(SUM(H$10:H22)=0,IF(COUNTA(H$10:H22)=0,"Waiting",0),SUM(H$10:H22)/$D22) | I23: =IF(SUM(I$10:I22)=0,IF(COUNTA(I$10:I22)=0,"Waiting",0),SUM(I$10:I22)/$D22) | J23: =IF(SUM(J$10:J22)=0,IF(COUNTA(J$10:J22)=0,"Waiting",0),SUM(J$10:J22)/$D22) | K23: =IF(SUM(K$10:K22)=0,IF(COUNTA(K$10:K22)=0,"Waiting",0),SUM(K$10:K22)/$D22) | L23: =IF(SUM(L$10:L22)=0,IF(COUNTA(L$10:L22)=0,"Waiting",0),SUM(L$10:L22)/$D22) | M23: =IF(SUM(M$10:M22)=0,IF(COUNTA(M$10:M22)=0,"Waiting",0),SUM(M$10:M22)/$D22) | ... S23: =IF(SUM(S$10:S22)=0,IF(COUNTA(S$10:S22)=0,"Waiting",0),SUM(S$10:S22)/$D22) | T23: =IFERROR(AVERAGE($F23:S23),"Waiting")
E24: Абсолютна успішність | F24: =IF(SUM(F$10:F22)=0,IF(COUNTA(F$10:F22)=0,"Waiting",0),IF(COUNTIF(F$10:F22,">=4")=0,0,COUNTIF(F$10:F22,">=4")/$D22*100)) | G24: =IF(SUM(G$10:G22)=0,IF(COUNTA(G$10:G22)=0,"Waiting",0),IF(COUNTIF(G$10:G22,">=4")=0,0,COUNTIF(G$10:G22,">=4")/$D22*100)) | H24: =IF(SUM(H$10:H22)=0,IF(COUNTA(H$10:H22)=0,"Waiting",0),IF(COUNTIF(H$10:H22,">=4")=0,0,COUNTIF(H$10:H22,">=4")/$D22*100)) | I24: =IF(SUM(I$10:I22)=0,IF(COUNTA(I$10:I22)=0,"Waiting",0),IF(COUNTIF(I$10:I22,">=4")=0,0,COUNTIF(I$10:I22,">=4")/$D22*100)) | J24: =IF(SUM(J$10:J22)=0,IF(COUNTA(J$10:J22)=0,"Waiting",0),IF(COUNTIF(J$10:J22,">=4")=0,0,COUNTIF(J$10:J22,">=4")/$D22*100)) | K24: =IF(SUM(K$10:K22)=0,IF(COUNTA(K$10:K22)=0,"Waiting",0),IF(COUNTIF(K$10:K22,">=4")=0,0,COUNTIF(K$10:K22,">=4")/$D22*100)) | L24: =IF(SUM(L$10:L22)=0,IF(COUNTA(L$10:L22)=0,"Waiting",0),IF(COUNTIF(L$10:L22,">=4")=0,0,COUNTIF(L$10:L22,">=4")/$D22*100)) | M24: =IF(SUM(M$10:M22)=0,IF(COUNTA(M$10:M22)=0,"Waiting",0),IF(COUNTIF(M$10:M22,">=4")=0,0,COUNTIF(M$10:M22,">=4")/$D22*100)) | ... S24: =IF(SUM(S$10:S22)=0,IF(COUNTA(S$10:S22)=0,"Waiting",0),IF(COUNTIF(S$10:S22,">=4")=0,0,COUNTIF(S$10:S22,">=4")/$D22*100))
E25: Якісна успішність | F25: =IF(SUM(F$10:F22)=0,IF(COUNTA(F$10:F22)=0,"Waiting",0),IF(COUNTIF(F$10:F22,">=7")=0,0,COUNTIF(F$10:F22,">=7")/$D22*100)) | G25: =IF(SUM(G$10:G22)=0,IF(COUNTA(G$10:G22)=0,"Waiting",0),IF(COUNTIF(G$10:G22,">=7")=0,0,COUNTIF(G$10:G22,">=7")/$D22*100)) | H25: =IF(SUM(H$10:H22)=0,IF(COUNTA(H$10:H22)=0,"Waiting",0),IF(COUNTIF(H$10:H22,">=7")=0,0,COUNTIF(H$10:H22,">=7")/$D22*100)) | I25: =IF(SUM(I$10:I22)=0,IF(COUNTA(I$10:I22)=0,"Waiting",0),IF(COUNTIF(I$10:I22,">=7")=0,0,COUNTIF(I$10:I22,">=7")/$D22*100)) | J25: =IF(SUM(J$10:J22)=0,IF(COUNTA(J$10:J22)=0,"Waiting",0),IF(COUNTIF(J$10:J22,">=7")=0,0,COUNTIF(J$10:J22,">=7")/$D22*100)) | K25: =IF(SUM(K$10:K22)=0,IF(COUNTA(K$10:K22)=0,"Waiting",0),IF(COUNTIF(K$10:K22,">=7")=0,0,COUNTIF(K$10:K22,">=7")/$D22*100)) | L25: =IF(SUM(L$10:L22)=0,IF(COUNTA(L$10:L22)=0,"Waiting",0),IF(COUNTIF(L$10:L22,">=7")=0,0,COUNTIF(L$10:L22,">=7")/$D22*100)) | M25: =IF(SUM(M$10:M22)=0,IF(COUNTA(M$10:M22)=0,"Waiting",0),IF(COUNTIF(M$10:M22,">=7")=0,0,COUNTIF(M$10:M22,">=7")/$D22*100)) | ... S25: =IF(SUM(S$10:S22)=0,IF(COUNTA(S$10:S22)=0,"Waiting",0),IF(COUNTIF(S$10:S22,">=7")=0,0,COUNTIF(S$10:S22,">=7")/$D22*100))
E26: Абсолютна успішність по групі | F26: =IFERROR(AVERAGE(F24:S24),"Waiting")
E27: Якісна успішність по групі | F27: =IFERROR(AVERAGE($F25:S25),"Waiting")
E28: Кількість бюджетників | F28: =IF(COUNTIF($C$10:$C22,"=B")=0,IF(COUNTIF($C$10:$C22,"=K")=0,"Waiting",0),COUNTIF($C$10:$C22,"=B"))
E29: Кількість контрактників | F29: =IF(COUNTIF($C$10:$C22,"=K")=0,IF(COUNTIF($C$10:$C22,"=B")=0,"Waiting",0),COUNTIF($C$10:$C22,"=K")) | H29: Класний керівник | P29: ='General'!P47
E30: Кількість соціального контингенту
E31: Вийшли на стипендію | F31: =IF(F28="Waiting","Waiting",IF(F28-COUNTIF($T$10:$T22," - ")<ROUNDDOWN(F28*0.4,0),F28-COUNTIF($T$10:$T22," - "),ROUNDDOWN(F28*0.4,0))) | H31: Завідувач відділення ПЗСО | P31: Margarita BRITIKOVA

Sheet Зведена J2
A1: S
C3: ВІДОКРЕМЛЕНИЙ СТРУКТУРНИЙ ПІДРОЗДІЛ «ФАХОВИЙ КОЛЕДЖ НАФТОГАЗОВИХ ТЕХНОЛОГІЙ, ІНЖЕНЕРІЇ ТА ІНФРАСТРУКТУРИ СЕРВІСУ ОДЕСЬКОГО НАЦІОНАЛЬНОГО ТЕХНОЛОГІЧНОГО УНІВЕРСИТЕТУ»
C4: ЗВЕДЕНА ВІДОМІСТЬ
C5: Успішності студентів спеціальності J2 ««Готельно-ресторанна справа та кейтеринг»»
C6: За II семестр 2025-2026 н.р.
C7: Група 25-5 курс I
C8: Б/К | D8: № п/п | E8: Прізвище, ім’я, по батькові | F8: Підсумкові оцінки дисциплін | T8: Середній бал
F9: ='General'!F9 | G9: ='General'!G9 | H9: ='General'!H9 | I9: ='General'!I9 | J9: ='General'!J9 | K9: ='General'!K9 | L9: ='General'!L9 | M9: ='General'!M9 | ... S9: ='General'!S9
C10: ='General'!C24 | D10: 1 | E10: ='General'!E24 | F10: ='General'!F24 | G10: ='General'!G24 | H10: ='General'!H24 | I10: ='General'!I24 | J10: ='General'!J24 | K10: ='General'!K24 | L10: ='General'!L24 | ... S10: ='General'!S24 | T10: =IF(COUNTIF($F10:S10,"=*")>0,IF($C10="K","-"," - "),IF(COUNTIF($F10:S10,"<4")>0,IF(C10="K","-"," - "),(IFERROR(AVERAGE($F10:S10),"Waiting"))))
C11: ='General'!C37 | D11: 2 | E11: ='General'!E37 | F11: ='General'!F37 | G11: ='General'!G37 | H11: ='General'!H37 | I11: ='General'!I37 | J11: ='General'!J37 | K11: ='General'!K37 | L11: ='General'!L37 | ... S11: ='General'!S37 | T11: =IF(COUNTIF($F11:S11,"=*")>0,IF($C11="K","-"," - "),IF(COUNTIF($F11:S11,"<4")>0,IF(C11="K","-"," - "),(IFERROR(AVERAGE($F11:S11),"Waiting"))))
C12: ='General'!C40 | D12: 3 | E12: ='General'!E40 | F12: ='General'!F40 | G12: ='General'!G40 | H12: ='General'!H40 | I12: ='General'!I40 | J12: ='General'!J40 | K12: ='General'!K40 | L12: ='General'!L40 | ... S12: ='General'!S40 | T12: =IF(COUNTIF($F12:S12,"=*")>0,IF($C12="K","-"," - "),IF(COUNTIF($F12:S12,"<4")>0,IF(C12="K","-"," - "),(IFERROR(AVERAGE($F12:S12),"Waiting"))))
C13: ='General'!C10 | D13: 4 | E13: ='General'!E10 | F13: ='General'!F10 | G13: ='General'!G10 | H13: ='General'!H10 | I13: ='General'!I10 | J13: ='General'!J10 | K13: ='General'!K10 | L13: ='General'!L10 | ... S13: ='General'!S10 | T13: =IF(COUNTIF($F13:S13,"=*")>0,IF($C13="K","-"," - "),IF(COUNTIF($F13:S13,"<4")>0,IF(C13="K","-"," - "),(IFERROR(AVERAGE($F13:S13),"Waiting"))))
C14: ='General'!C11 | D14: 5 | E14: ='General'!E11 | F14: ='General'!F11 | G14: ='General'!G11 | H14: ='General'!H11 | I14: ='General'!I11 | J14: ='General'!J11 | K14: ='General'!K11 | L14: ='General'!L11 | ... S14: ='General'!S11 | T14: =IF(COUNTIF($F14:S14,"=*")>0,IF($C14="K","-"," - "),IF(COUNTIF($F14:S14,"<4")>0,IF(C14="K","-"," - "),(IFERROR(AVERAGE($F14:S14),"Waiting"))))
C15: ='General'!C12 | D15: 6 | E15: ='General'!E12 | F15: ='General'!F12 | G15: ='General'!G12 | H15: ='General'!H12 | I15: ='General'!I12 | J15: ='General'!J12 | K15: ='General'!K12 | L15: ='General'!L12 | ... S15: ='General'!S12 | T15: =IF(COUNTIF($F15:S15,"=*")>0,IF($C15="K","-"," - "),IF(COUNTIF($F15:S15,"<4")>0,IF(C15="K","-"," - "),(IFERROR(AVERAGE($F15:S15),"Waiting"))))
C16: ='General'!C14 | D16: 7 | E16: ='General'!E14 | F16: ='General'!F14 | G16: ='General'!G14 | H16: ='General'!H14 | I16: ='General'!I14 | J16: ='General'!J14 | K16: ='General'!K14 | L16: ='General'!L14 | ... S16: ='General'!S14 | T16: =IF(COUNTIF($F16:S16,"=*")>0,IF($C16="K","-"," - "),IF(COUNTIF($F16:S16,"<4")>0,IF(C16="K","-"," - "),(IFERROR(AVERAGE($F16:S16),"Waiting"))))
C17: ='General'!C21 | D17: 8 | E17: ='General'!E21 | F17: ='General'!F21 | G17: ='General'!G21 | H17: ='General'!H21 | I17: ='General'!I21 | J17: ='General'!J21 | K17: ='General'!K21 | L17: ='General'!L21 | ... S17: ='General'!S21 | T17: =IF(COUNTIF($F17:S17,"=*")>0,IF($C17="K","-"," - "),IF(COUNTIF($F17:S17,"<4")>0,IF(C17="K","-"," - "),(IFERROR(AVERAGE($F17:S17),"Waiting"))))
C18: ='General'!C22 | D18: 9 | E18: ='General'!E22 | F18: ='General'!F22 | G18: ='General'!G22 | H18: ='General'!H22 | I18: ='General'!I22 | J18: ='General'!J22 | K18: ='General'!K22 | L18: ='General'!L22 | ... S18: ='General'!S22 | T18: =IF(COUNTIF($F18:S18,"=*")>0,IF($C18="K","-"," - "),IF(COUNTIF($F18:S18,"<4")>0,IF(C18="K","-"," - "),(IFERROR(AVERAGE($F18:S18),"Waiting"))))
C19: ='General'!C31 | D19: 10 | E19: ='General'!E31 | F19: ='General'!F31 | G19: ='General'!G31 | H19: ='General'!H31 | I19: ='General'!I31 | J19: ='General'!J31 | K19: ='General'!K31 | L19: ='General'!L31 | ... S19: ='General'!S31 | T19: =IF(COUNTIF($F19:S19,"=*")>0,IF($C19="K","-"," - "),IF(COUNTIF($F19:S19,"<4")>0,IF(C19="K","-"," - "),(IFERROR(AVERAGE($F19:S19),"Waiting"))))
C20: ='General'!C32 | D20: 11 | E20: ='General'!E32 | F20: ='General'!F32 | G20: ='General'!G32 | H20: ='General'!H32 | I20: ='General'!I32 | J20: ='General'!J32 | K20: ='General'!K32 | L20: ='General'!L32 | ... S20: ='General'!S32 | T20: =IF(COUNTIF($F20:S20,"=*")>0,IF($C20="K","-"," - "),IF(COUNTIF($F20:S20,"<4")>0,IF(C20="K","-"," - "),(IFERROR(AVERAGE($F20:S20),"Waiting"))))
C21: ='General'!C36 | D21: 12 | E21: ='General'!E36 | F21: ='General'!F36 | G21: ='General'!G36 | H21: ='General'!H36 | I21: ='General'!I36 | J21: ='General'!J36 | K21: ='General'!K36 | L21: ='General'!L36 | ... S21: ='General'!S36 | T21: =IF(COUNTIF($F21:S21,"=*")>0,IF($C21="K","-"," - "),IF(COUNTIF($F21:S21,"<4")>0,IF(C21="K","-"," - "),(IFERROR(AVERAGE($F21:S21),"Waiting"))))
C22: ='General'!C38 | D22: 13 | E22: ='General'!E38 | F22: ='General'!F38 | G22: ='General'!G38 | H22: ='General'!H38 | I22: ='General'!I38 | J22: ='General'!J38 | K22: ='General'!K38 | L22: ='General'!L38 | ... S22: ='General'!S38 | T22: =IF(COUNTIF($F22:S22,"=*")>0,IF($C22="K","-"," - "),IF(COUNTIF($F22:S22,"<4")>0,IF(C22="K","-"," - "),(IFERROR(AVERAGE($F22:S22),"Waiting"))))
E23: Середній бал успішності з дисципліни | F23: =IF(SUM(F$10:F22)=0,IF(COUNTA(F$10:F22)=0,"Waiting",0),SUM(F$10:F22)/$D22) | G23: =IF(SUM(G$10:G22)=0,IF(COUNTA(G$10:G22)=0,"Waiting",0),SUM(G$10:G22)/$D22) | H23: =IF(SUM(H$10:H22)=0,IF(COUNTA(H$10:H22)=0,"Waiting",0),SUM(H$10:H22)/$D22) | I23: =IF(SUM(I$10:I22)=0,IF(COUNTA(I$10:I22)=0,"Waiting",0),SUM(I$10:I22)/$D22) | J23: =IF(SUM(J$10:J22)=0,IF(COUNTA(J$10:J22)=0,"Waiting",0),SUM(J$10:J22)/$D22) | K23: =IF(SUM(K$10:K22)=0,IF(COUNTA(K$10:K22)=0,"Waiting",0),SUM(K$10:K22)/$D22) | L23: =IF(SUM(L$10:L22)=0,IF(COUNTA(L$10:L22)=0,"Waiting",0),SUM(L$10:L22)/$D22) | M23: =IF(SUM(M$10:M22)=0,IF(COUNTA(M$10:M22)=0,"Waiting",0),SUM(M$10:M22)/$D22) | ... S23: =IF(SUM(S$10:S22)=0,IF(COUNTA(S$10:S22)=0,"Waiting",0),SUM(S$10:S22)/$D22) | T23: =IFERROR(AVERAGE($F23:S23),"Waiting")
E24: Абсолютна успішність | F24: =IF(SUM(F$10:F22)=0,IF(COUNTA(F$10:F22)=0,"Waiting",0),IF(COUNTIF(F$10:F22,">=4")=0,0,COUNTIF(F$10:F22,">=4")/$D22*100)) | G24: =IF(SUM(G$10:G22)=0,IF(COUNTA(G$10:G22)=0,"Waiting",0),IF(COUNTIF(G$10:G22,">=4")=0,0,COUNTIF(G$10:G22,">=4")/$D22*100)) | H24: =IF(SUM(H$10:H22)=0,IF(COUNTA(H$10:H22)=0,"Waiting",0),IF(COUNTIF(H$10:H22,">=4")=0,0,COUNTIF(H$10:H22,">=4")/$D22*100)) | I24: =IF(SUM(I$10:I22)=0,IF(COUNTA(I$10:I22)=0,"Waiting",0),IF(COUNTIF(I$10:I22,">=4")=0,0,COUNTIF(I$10:I22,">=4")/$D22*100)) | J24: =IF(SUM(J$10:J22)=0,IF(COUNTA(J$10:J22)=0,"Waiting",0),IF(COUNTIF(J$10:J22,">=4")=0,0,COUNTIF(J$10:J22,">=4")/$D22*100)) | K24: =IF(SUM(K$10:K22)=0,IF(COUNTA(K$10:K22)=0,"Waiting",0),IF(COUNTIF(K$10:K22,">=4")=0,0,COUNTIF(K$10:K22,">=4")/$D22*100)) | L24: =IF(SUM(L$10:L22)=0,IF(COUNTA(L$10:L22)=0,"Waiting",0),IF(COUNTIF(L$10:L22,">=4")=0,0,COUNTIF(L$10:L22,">=4")/$D22*100)) | M24: =IF(SUM(M$10:M22)=0,IF(COUNTA(M$10:M22)=0,"Waiting",0),IF(COUNTIF(M$10:M22,">=4")=0,0,COUNTIF(M$10:M22,">=4")/$D22*100)) | ... S24: =IF(SUM(S$10:S22)=0,IF(COUNTA(S$10:S22)=0,"Waiting",0),IF(COUNTIF(S$10:S22,">=4")=0,0,COUNTIF(S$10:S22,">=4")/$D22*100))
E25: Якісна успішність | F25: =IF(SUM(F$10:F22)=0,IF(COUNTA(F$10:F22)=0,"Waiting",0),IF(COUNTIF(F$10:F22,">=7")=0,0,COUNTIF(F$10:F22,">=7")/$D22*100)) | G25: =IF(SUM(G$10:G22)=0,IF(COUNTA(G$10:G22)=0,"Waiting",0),IF(COUNTIF(G$10:G22,">=7")=0,0,COUNTIF(G$10:G22,">=7")/$D22*100)) | H25: =IF(SUM(H$10:H22)=0,IF(COUNTA(H$10:H22)=0,"Waiting",0),IF(COUNTIF(H$10:H22,">=7")=0,0,COUNTIF(H$10:H22,">=7")/$D22*100)) | I25: =IF(SUM(I$10:I22)=0,IF(COUNTA(I$10:I22)=0,"Waiting",0),IF(COUNTIF(I$10:I22,">=7")=0,0,COUNTIF(I$10:I22,">=7")/$D22*100)) | J25: =IF(SUM(J$10:J22)=0,IF(COUNTA(J$10:J22)=0,"Waiting",0),IF(COUNTIF(J$10:J22,">=7")=0,0,COUNTIF(J$10:J22,">=7")/$D22*100)) | K25: =IF(SUM(K$10:K22)=0,IF(COUNTA(K$10:K22)=0,"Waiting",0),IF(COUNTIF(K$10:K22,">=7")=0,0,COUNTIF(K$10:K22,">=7")/$D22*100)) | L25: =IF(SUM(L$10:L22)=0,IF(COUNTA(L$10:L22)=0,"Waiting",0),IF(COUNTIF(L$10:L22,">=7")=0,0,COUNTIF(L$10:L22,">=7")/$D22*100)) | M25: =IF(SUM(M$10:M22)=0,IF(COUNTA(M$10:M22)=0,"Waiting",0),IF(COUNTIF(M$10:M22,">=7")=0,0,COUNTIF(M$10:M22,">=7")/$D22*100)) | ... S25: =IF(SUM(S$10:S22)=0,IF(COUNTA(S$10:S22)=0,"Waiting",0),IF(COUNTIF(S$10:S22,">=7")=0,0,COUNTIF(S$10:S22,">=7")/$D22*100))
E26: Абсолютна успішність по групі | F26: =IFERROR(AVERAGE(F24:S24),"Waiting")
E27: Якісна успішність по групі | F27: =IFERROR(AVERAGE($F25:S25),"Waiting")
E28: Кількість бюджетників | F28: =IF(COUNTIF($C$10:$C22,"=B")=0,IF(COUNTIF($C$10:$C22,"=K")=0,"Waiting",0),COUNTIF($C$10:$C22,"=B"))
E29: Кількість контрактників | F29: =IF(COUNTIF($C$10:$C22,"=K")=0,IF(COUNTIF($C$10:$C22,"=B")=0,"Waiting",0),COUNTIF($C$10:$C22,"=K")) | H29: Класний керівник | P29: ='General'!P47
E30: Кількість соціального контингенту
E31: Вийшли на стипендію | F31: =IF(F28="Waiting","Waiting",IF(F28-COUNTIF($T$10:$T22," - ")<ROUNDDOWN(F28*0.4,0),F28-COUNTIF($T$10:$T22," - "),ROUNDDOWN(F28*0.4,0))) | H31: Завідувач відділення ПЗСО | P31: Margarita BRITIKOVA

Sheet Зведена J3
A1: S
C3: ВІДОКРЕМЛЕНИЙ СТРУКТУРНИЙ ПІДРОЗДІЛ «ФАХОВИЙ КОЛЕДЖ НАФТОГАЗОВИХ ТЕХНОЛОГІЙ, ІНЖЕНЕРІЇ ТА ІНФРАСТРУКТУРИ СЕРВІСУ ОДЕСЬКОГО НАЦІОНАЛЬНОГО ТЕХНОЛОГІЧНОГО УНІВЕРСИТЕТУ»
C4: ЗВЕДЕНА ВІДОМІСТЬ
C5: Успішності студентів спеціальності J3 ««Туризм та рекреація»»
C6: За II семестр 2025-2026 н.р.
C7: Група 25-5 курс I
C8: Б/К | D8: № п/п | E8: Прізвище, ім’я, по батькові | F8: Підсумкові оцінки дисциплін | T8: Середній бал
F9: ='General'!F9 | G9: ='General'!G9 | H9: ='General'!H9 | I9: ='General'!I9 | J9: ='General'!J9 | K9: ='General'!K9 | L9: ='General'!L9 | M9: ='General'!M9 | ... S9: ='General'!S9
C10: ='General'!C16 | D10: 1 | E10: ='General'!E16 | F10: ='General'!F16 | G10: ='General'!G16 | H10: ='General'!H16 | I10: ='General'!I16 | J10: ='General'!J16 | K10: ='General'!K16 | L10: ='General'!L16 | ... S10: ='General'!S16 | T10: =IF(COUNTIF($F10:S10,"=*")>0,IF($C10="K","-"," - "),IF(COUNTIF($F10:S10,"<4")>0,IF(C10="K","-"," - "),(IFERROR(AVERAGE($F10:S10),"Waiting"))))
C11: ='General'!C19 | D11: 2 | E11: ='General'!E19 | F11: ='General'!F19 | G11: ='General'!G19 | H11: ='General'!H19 | I11: ='General'!I19 | J11: ='General'!J19 | K11: ='General'!K19 | L11: ='General'!L19 | ... S11: ='General'!S19 | T11: =IF(COUNTIF($F11:S11,"=*")>0,IF($C11="K","-"," - "),IF(COUNTIF($F11:S11,"<4")>0,IF(C11="K","-"," - "),(IFERROR(AVERAGE($F11:S11),"Waiting"))))
C12: ='General'!C34 | D12: 3 | E12: ='General'!E34 | F12: ='General'!F34 | G12: ='General'!G34 | H12: ='General'!H34 | I12: ='General'!I34 | J12: ='General'!J34 | K12: ='General'!K34 | L12: ='General'!L34 | ... S12: ='General'!S34 | T12: =IF(COUNTIF($F12:S12,"=*")>0,IF($C12="K","-"," - "),IF(COUNTIF($F12:S12,"<4")>0,IF(C12="K","-"," - "),(IFERROR(AVERAGE($F12:S12),"Waiting"))))
C13: ='General'!C35 | D13: 4 | E13: ='General'!E35 | F13: ='General'!F35 | G13: ='General'!G35 | H13: ='General'!H35 | I13: ='General'!I35 | J13: ='General'!J35 | K13: ='General'!K35 | L13: ='General'!L35 | ... S13: ='General'!S35 | T13: =IF(COUNTIF($F13:S13,"=*")>0,IF($C13="K","-"," - "),IF(COUNTIF($F13:S13,"<4")>0,IF(C13="K","-"," - "),(IFERROR(AVERAGE($F13:S13),"Waiting"))))
C14: ='General'!C39 | D14: 5 | E14: ='General'!E39 | F14: ='General'!F39 | G14: ='General'!G39 | H14: ='General'!H39 | I14: ='General'!I39 | J14: ='General'!J39 | K14: ='General'!K39 | L14: ='General'!L39 | ... S14: ='General'!S39 | T14: =IF(COUNTIF($F14:S14,"=*")>0,IF($C14="K","-"," - "),IF(COUNTIF($F14:S14,"<4")>0,IF(C14="K","-"," - "),(IFERROR(AVERAGE($F14:S14),"Waiting"))))
E15: Середній бал успішності з дисципліни | F15: =IF(SUM(F$10:F14)=0,IF(COUNTA(F$10:F14)=0,"Waiting",0),SUM(F$10:F14)/$D14) | G15: =IF(SUM(G$10:G14)=0,IF(COUNTA(G$10:G14)=0,"Waiting",0),SUM(G$10:G14)/$D14) | H15: =IF(SUM(H$10:H14)=0,IF(COUNTA(H$10:H14)=0,"Waiting",0),SUM(H$10:H14)/$D14) | I15: =IF(SUM(I$10:I14)=0,IF(COUNTA(I$10:I14)=0,"Waiting",0),SUM(I$10:I14)/$D14) | J15: =IF(SUM(J$10:J14)=0,IF(COUNTA(J$10:J14)=0,"Waiting",0),SUM(J$10:J14)/$D14) | K15: =IF(SUM(K$10:K14)=0,IF(COUNTA(K$10:K14)=0,"Waiting",0),SUM(K$10:K14)/$D14) | L15: =IF(SUM(L$10:L14)=0,IF(COUNTA(L$10:L14)=0,"Waiting",0),SUM(L$10:L14)/$D14) | M15: =IF(SUM(M$10:M14)=0,IF(COUNTA(M$10:M14)=0,"Waiting",0),SUM(M$10:M14)/$D14) | ... S15: =IF(SUM(S$10:S14)=0,IF(COUNTA(S$10:S14)=0,"Waiting",0),SUM(S$10:S14)/$D14) | T15: =IFERROR(AVERAGE($F15:S15),"Waiting")
E16: Абсолютна успішність | F16: =IF(SUM(F$10:F14)=0,IF(COUNTA(F$10:F14)=0,"Waiting",0),IF(COUNTIF(F$10:F14,">=4")=0,0,COUNTIF(F$10:F14,">=4")/$D14*100)) | G16: =IF(SUM(G$10:G14)=0,IF(COUNTA(G$10:G14)=0,"Waiting",0),IF(COUNTIF(G$10:G14,">=4")=0,0,COUNTIF(G$10:G14,">=4")/$D14*100)) | H16: =IF(SUM(H$10:H14)=0,IF(COUNTA(H$10:H14)=0,"Waiting",0),IF(COUNTIF(H$10:H14,">=4")=0,0,COUNTIF(H$10:H14,">=4")/$D14*100)) | I16: =IF(SUM(I$10:I14)=0,IF(COUNTA(I$10:I14)=0,"Waiting",0),IF(COUNTIF(I$10:I14,">=4")=0,0,COUNTIF(I$10:I14,">=4")/$D14*100)) | J16: =IF(SUM(J$10:J14)=0,IF(COUNTA(J$10:J14)=0,"Waiting",0),IF(COUNTIF(J$10:J14,">=4")=0,0,COUNTIF(J$10:J14,">=4")/$D14*100)) | K16: =IF(SUM(K$10:K14)=0,IF(COUNTA(K$10:K14)=0,"Waiting",0),IF(COUNTIF(K$10:K14,">=4")=0,0,COUNTIF(K$10:K14,">=4")/$D14*100)) | L16: =IF(SUM(L$10:L14)=0,IF(COUNTA(L$10:L14)=0,"Waiting",0),IF(COUNTIF(L$10:L14,">=4")=0,0,COUNTIF(L$10:L14,">=4")/$D14*100)) | M16: =IF(SUM(M$10:M14)=0,IF(COUNTA(M$10:M14)=0,"Waiting",0),IF(COUNTIF(M$10:M14,">=4")=0,0,COUNTIF(M$10:M14,">=4")/$D14*100)) | ... S16: =IF(SUM(S$10:S14)=0,IF(COUNTA(S$10:S14)=0,"Waiting",0),IF(COUNTIF(S$10:S14,">=4")=0,0,COUNTIF(S$10:S14,">=4")/$D14*100))
E17: Якісна успішність | F17: =IF(SUM(F$10:F14)=0,IF(COUNTA(F$10:F14)=0,"Waiting",0),IF(COUNTIF(F$10:F14,">=7")=0,0,COUNTIF(F$10:F14,">=7")/$D14*100)) | G17: =IF(SUM(G$10:G14)=0,IF(COUNTA(G$10:G14)=0,"Waiting",0),IF(COUNTIF(G$10:G14,">=7")=0,0,COUNTIF(G$10:G14,">=7")/$D14*100)) | H17: =IF(SUM(H$10:H14)=0,IF(COUNTA(H$10:H14)=0,"Waiting",0),IF(COUNTIF(H$10:H14,">=7")=0,0,COUNTIF(H$10:H14,">=7")/$D14*100)) | I17: =IF(SUM(I$10:I14)=0,IF(COUNTA(I$10:I14)=0,"Waiting",0),IF(COUNTIF(I$10:I14,">=7")=0,0,COUNTIF(I$10:I14,">=7")/$D14*100)) | J17: =IF(SUM(J$10:J14)=0,IF(COUNTA(J$10:J14)=0,"Waiting",0),IF(COUNTIF(J$10:J14,">=7")=0,0,COUNTIF(J$10:J14,">=7")/$D14*100)) | K17: =IF(SUM(K$10:K14)=0,IF(COUNTA(K$10:K14)=0,"Waiting",0),IF(COUNTIF(K$10:K14,">=7")=0,0,COUNTIF(K$10:K14,">=7")/$D14*100)) | L17: =IF(SUM(L$10:L14)=0,IF(COUNTA(L$10:L14)=0,"Waiting",0),IF(COUNTIF(L$10:L14,">=7")=0,0,COUNTIF(L$10:L14,">=7")/$D14*100)) | M17: =IF(SUM(M$10:M14)=0,IF(COUNTA(M$10:M14)=0,"Waiting",0),IF(COUNTIF(M$10:M14,">=7")=0,0,COUNTIF(M$10:M14,">=7")/$D14*100)) | ... S17: =IF(SUM(S$10:S14)=0,IF(COUNTA(S$10:S14)=0,"Waiting",0),IF(COUNTIF(S$10:S14,">=7")=0,0,COUNTIF(S$10:S14,">=7")/$D14*100))
E18: Абсолютна успішність по групі | F18: =IFERROR(AVERAGE(F16:S16),"Waiting")
E19: Якісна успішність по групі | F19: =IFERROR(AVERAGE($F17:S17),"Waiting")
E20: Кількість бюджетників | F20: =IF(COUNTIF($C$10:$C14,"=B")=0,IF(COUNTIF($C$10:$C14,"=K")=0,"Waiting",0),COUNTIF($C$10:$C14,"=B"))
E21: Кількість контрактників | F21: =IF(COUNTIF($C$10:$C14,"=K")=0,IF(COUNTIF($C$10:$C14,"=B")=0,"Waiting",0),COUNTIF($C$10:$C14,"=K")) | H21: Класний керівник | P21: ='General'!P47
E22: Кількість соціального контингенту
E23: Вийшли на стипендію | F23: =IF(F20="Waiting","Waiting",IF(F20-COUNTIF($T$10:$T14," - ")<ROUNDDOWN(F20*0.4,0),F20-COUNTIF($T$10:$T14," - "),ROUNDDOWN(F20*0.4,0))) | H23: Завідувач відділення ПЗСО | P23: Margarita BRITIKOVA
