Workbook
Name A1048577: #REF!
Name A1048577: #REF!
Name A1048577: #REF!
Name A1048577: #REF!
Name A1048577: #REF!
Name A1048577: #REF!
Name Ф80: #REF!
Name Ф80: #REF!
Name Ф80: #REF!
Name Ф80: #REF!
Name Ф80: #REF!
Name Ф80: #REF!

Sheet Зведена відомість 101
A1: ВСП «ФАХОВИЙ КОЛЕДЖ НАФТОГАЗОВИХ ТЕХНОЛОГІЙ, ІНЖЕНЕРІЇ ТА ІНФРАСТРУКТУРИ СЕРВІСУ
A2: ОДЕСЬКОГО НАЦІОНАЛЬНОГО ТЕХНОЛОГІЧНОГО УНІВЕРСИТЕТУ»
A3: ЗВЕДЕНА ВІДОМІСТЬ
A4: Успішності студентів спеціальності 101 «Екологія»
A5: За I семестр 2022-2023 н.р.
A6: Група 22-5 курс І
A7: Б/К | B7: № п/п | C7: Прізвище, ім’я, по батькові | D7: Підсумкові оцінки дисциплін
D8: Біологія Богданенко О.В. | E8: Всесвітня історія Мельничук С.А. | F8: Географія Наговська Т.С. | G8: Зарубіжна література Пруднікова Я.П. | H8: ЗУ Стельмах Н.Ю. | I8: Іноземна мова Нічик Н.О. | J8: Інформатика Охрімчук В.С. | K8: Історія України Левчук Т.Г. | L8: Математика Земляна Т.М. | M8: Українська література Пруднікова Я.П. | N8: Українська мова Нестеренко А.О. | O8: Фізика Калюта Н.М. | P8: Фізична культура Галеніна І.С. | Q8: Хімія Леонова Д.І. | R8: Середній бал
A9: Б | B9: 1 | C9: Бовкун Марія Григорівна | D9: 9 | E9: 9 | F9: 10 | G9: 11 | H9: 10 | I9: 9 | J9: 7 | K9: 8 | L9: 7 | M9: 11 | N9: 9 | O9: 9 | P9: 11 | Q9: 7 | R9: =IF(COUNTIF(D9:Q9,"=*")>0,"-",(IFERROR(AVERAGE(D9:Q9),""))) -> 9.0714286
A10: Б | B10: 2 | C10: Герасименко Ксенія Володимирівна | D10: 9 | E10: 10 | F10: 10 | G10: 11 | H10: 10 | I10: 11 | J10: 9 | K10: 10 | L10: 9 | M10: 11 | N10: 9 | O10: 9 | P10: 11 | Q10: 10 | R10: =IF(COUNTIF(D10:Q10,"=*")>0,"-",(IFERROR(AVERAGE(D10:Q10),""))) -> 9.9285714
A11: Б | B11: 3 | C11: Голота Єлизавета Іванівна | D11: 9 | E11: 8 | F11: 8 | G11: 7 | H11: 6 | I11: 7 | J11: 6 | K11: 7 | L11: 7 | M11: 7 | N11: 8 | O11: 4 | P11: 6 | Q11: 6 | R11: =IF(COUNTIF(D11:Q11,"=*")>0,"-",(IFERROR(AVERAGE(D11:Q11),""))) -> 6.8571429
A12: К | B12: 4 | C12: Гончар Софія Сергіївна | D12: 9 | E12: 10 | F12: 9 | G12: 9 | H12: 10 | I12: 10 | J12: 9 | K12: 8 | L12: 8 | M12: 9 | N12: 9 | O12: 8 | P12: 10 | Q12: 8 | R12: =IF(COUNTIF(D12:Q12,"=*")>0,"-",(IFERROR(AVERAGE(D12:Q12),""))) -> 9
A13: Б | B13: 5 | C13: Гуцан Дарія Анатоліївна | D13: 10 | E13: 10 | F13: 10 | G13: 9 | H13: 9 | I13: 7 | J13: 7 | K13: 10 | L13: 5 | M13: 9 | N13: 8 | O13: 6 | P13: 10 | Q13: 8 | R13: =IF(COUNTIF(D13:Q13,"=*")>0,"-",(IFERROR(AVERAGE(D13:Q13),""))) -> 8.4285714
A14: Б | B14: 6 | C14: Козіхіна Сніжана Леонідівна | D14: 10 | E14: 10 | F14: 10 | G14: 11 | H14: 10 | I14: 8 | J14: 8 | K14: 8 | L14: 7 | M14: 11 | N14: 10 | O14: 8 | P14: 9 | Q14: 8 | R14: =IF(COUNTIF(D14:Q14,"=*")>0,"-",(IFERROR(AVERAGE(D14:Q14),""))) -> 9.1428571
A15: Б | B15: 7 | C15: Котова Анастасія Геннадіївна | D15: 8 | E15: 10 | F15: 9 | G15: 8 | H15: 10 | I15: 7 | J15: 8 | K15: 8 | L15: 9 | M15: 8 | N15: 8 | O15: 9 | P15: 9 | Q15: 6 | R15: =IF(COUNTIF(D15:Q15,"=*")>0,"-",(IFERROR(AVERAGE(D15:Q15),""))) -> 8.3571429
A16: Б | B16: 8 | C16: Ладан Феодосій Володимирович | D16: 7 | E16: 10 | F16: 9 | G16: 6 | H16: 6 | I16: 4 | J16: 6 | K16: 6 | L16: 4 | M16: 6 | N16: 8 | O16: 4 | P16: 7 | Q16: 8 | R16: =IF(COUNTIF(D16:Q16,"=*")>0,"-",(IFERROR(AVERAGE(D16:Q16),""))) -> 6.5
A17: Б | B17: 9 | C17: Лашкова Ірина Сергіївна | D17: 9 | E17: 10 | F17: 9 | G17: 10 | H17: 10 | I17: 10 | J17: 9 | K17: 8 | L17: 9 | M17: 11 | N17: 7 | O17: 10 | P17: 9 | Q17: 9 | R17: =IF(COUNTIF(D17:Q17,"=*")>0,"-",(IFERROR(AVERAGE(D17:Q17),""))) -> 9.2857143
A18: Б | B18: 10 | C18: Малюта Сергій Віталійович | D18: 7 | E18: 9 | F18: 6 | G18: 4 | H18: 7 | I18: 4 | J18: 6 | K18: 7 | L18: 6 | M18: 4 | N18: 6 | O18: 4 | P18: 7 | Q18: 5 | R18: =IF(COUNTIF(D18:Q18,"=*")>0,"-",(IFERROR(AVERAGE(D18:Q18),""))) -> 5.8571429
A19: Б | B19: 11 | C19: Юферова Мар’яна Вікторівна | D19: 4 | E19: 10 | F19: 5 | G19: 4 | H19: н/а | I19: н/а | J19: н/а | K19: 4 | L19: н/а | M19: 4 | N19: 4 | O19: н/а | P19: 4 | Q19: 4 | R19: =IF(COUNTIF(D19:Q19,"=*")>0,"-",(IFERROR(AVERAGE(D19:Q19),""))) -> -
C20: Середній бал успішності з дисципліни | D20: =IF(SUM(D9:D19)/B19=0,"",SUM(D9:D19)/B19) -> 8.2727273 | E20: =IF(SUM(E9:E19)/B19=0,"",SUM(E9:E19)/B19) -> 9.6363636 | F20: =IF(SUM(F9:F19)/B19=0,"",SUM(F9:F19)/B19) -> 8.6363636 | G20: =IF(SUM(G9:G19)/B19=0,"",SUM(G9:G19)/B19) -> 8.1818182 | H20: =IF(SUM(H9:H19)/B19=0,"",SUM(H9:H19)/B19) -> 8 | I20: =IF(SUM(I9:I19)/B19=0,"",SUM(I9:I19)/B19) -> 7 | J20: =IF(SUM(J9:J19)/B19=0,"",SUM(J9:J19)/B19) -> 6.8181818 | K20: =IF(SUM(K9:K19)/B19=0,"",SUM(K9:K19)/B19) -> 7.6363636 | L20: =IF(SUM(L9:L19)/B19=0,"",SUM(L9:L19)/B19) -> 6.4545455 | M20: =IF(SUM(M9:M19)/B19=0,"",SUM(M9:M19)/B19) -> 8.2727273 | N20: =IF(SUM(N9:N19)/B19=0,"",SUM(N9:N19)/B19) -> 7.8181818 | O20: =IF(SUM(O9:O19)/B19=0,"",SUM(O9:O19)/B19) -> 6.4545455 | P20: =IF(SUM(P9:P19)/B19=0,"",SUM(P9:P19)/B19) -> 8.4545455 | Q20: =IF(SUM(Q9:Q19)/B19=0,"",SUM(Q9:Q19)/B19) -> 7.1818182 | R20: =IFERROR(AVERAGE(D20:Q20),"") -> 7.7727273
C21: Абсолютна успішність | D21: =IF(COUNTIF(D9:D19,">=4")/B19*100=0,"",COUNTIF(D9:D19,">=4")/B19*100) -> 100 | E21: =IF(COUNTIF(E9:E19,">=4")/B19*100=0,"",COUNTIF(E9:E19,">=4")/B19*100) -> 100 | F21: =IF(COUNTIF(F9:F19,">=4")/B19*100=0,"",COUNTIF(F9:F19,">=4")/B19*100) -> 100 | G21: =IF(COUNTIF(G9:G19,">=4")/B19*100=0,"",COUNTIF(G9:G19,">=4")/B19*100) -> 100 | H21: =IF(COUNTIF(H9:H19,">=4")/B19*100=0,"",COUNTIF(H9:H19,">=4")/B19*100) -> 90.909091 | I21: =IF(COUNTIF(I9:I19,">=4")/B19*100=0,"",COUNTIF(I9:I19,">=4")/B19*100) -> 90.909091 | J21: =IF(COUNTIF(J9:J19,">=4")/B19*100=0,"",COUNTIF(J9:J19,">=4")/B19*100) -> 90.909091 | K21: =IF(COUNTIF(K9:K19,">=4")/B19*100=0,"",COUNTIF(K9:K19,">=4")/B19*100) -> 100 | L21: =IF(COUNTIF(L9:L19,">=4")/B19*100=0,"",COUNTIF(L9:L19,">=4")/B19*100) -> 90.909091 | M21: =IF(COUNTIF(M9:M19,">=4")/B19*100=0,"",COUNTIF(M9:M19,">=4")/B19*100) -> 100 | N21: =IF(COUNTIF(N9:N19,">=4")/B19*100=0,"",COUNTIF(N9:N19,">=4")/B19*100) -> 100 | O21: =IF(COUNTIF(O9:O19,">=4")/B19*100=0,"",COUNTIF(O9:O19,">=4")/B19*100) -> 90.909091 | P21: =IF(COUNTIF(P9:P19,">=4")/B19*100=0,"",COUNTIF(P9:P19,">=4")/B19*100) -> 100 | Q21: =IF(COUNTIF(Q9:Q19,">=4")/B19*100=0,"",COUNTIF(Q9:Q19,">=4")/B19*100) -> 100
C22: Якісна успішність | D22: =IF(COUNTIF(D9:D19,">=7")/B19*100=0,"",COUNTIF(D9:D19,">=7")/B19*100) -> 90.909091 | E22: =IF(COUNTIF(E9:E19,">=7")/B19*100=0,"",COUNTIF(E9:E19,">=7")/B19*100) -> 100 | F22: =IF(COUNTIF(F9:F19,">=7")/B19*100=0,"",COUNTIF(F9:F19,">=7")/B19*100) -> 81.818182 | G22: =IF(COUNTIF(G9:G19,">=7")/B19*100=0,"",COUNTIF(G9:G19,">=7")/B19*100) -> 72.727273 | H22: =IF(COUNTIF(H9:H19,">=7")/B19*100=0,"",COUNTIF(H9:H19,">=7")/B19*100) -> 72.727273 | I22: =IF(COUNTIF(I9:I19,">=7")/B19*100=0,"",COUNTIF(I9:I19,">=7")/B19*100) -> 72.727273 | J22: =IF(COUNTIF(J9:J19,">=7")/B19*100=0,"",COUNTIF(J9:J19,">=7")/B19*100) -> 63.636364 | K22: =IF(COUNTIF(K9:K19,">=7")/B19*100=0,"",COUNTIF(K9:K19,">=7")/B19*100) -> 81.818182 | L22: =IF(COUNTIF(L9:L19,">=7")/B19*100=0,"",COUNTIF(L9:L19,">=7")/B19*100) -> 63.636364 | M22: =IF(COUNTIF(M9:M19,">=7")/B19*100=0,"",COUNTIF(M9:M19,">=7")/B19*100) -> 72.727273 | N22: =IF(COUNTIF(N9:N19,">=7")/B19*100=0,"",COUNTIF(N9:N19,">=7")/B19*100) -> 81.818182 | O22: =IF(COUNTIF(O9:O19,">=7")/B19*100=0,"",COUNTIF(O9:O19,">=7")/B19*100) -> 54.545455 | P22: =IF(COUNTIF(P9:P19,">=7")/B19*100=0,"",COUNTIF(P9:P19,">=7")/B19*100) -> 81.818182 | Q22: =IF(COUNTIF(Q9:Q19,">=7")/B19*100=0,"",COUNTIF(Q9:Q19,">=7")/B19*100) -> 63.636364
C23: Абсолютна успішність по групі | D23: =IFERROR(AVERAGE(D21:Q21),"") -> 96.753247
C24: Якісна успішність по групі | D24: =IFERROR(AVERAGE(D22:Q22),"") -> 75.324675
C25: Кількість бюджетників | D25: =IF(COUNTIF(A9:A19,"=Б")=0,"",COUNTIF(A9:A19,"=Б")) -> 10
C26: Кількість контрактників | D26: =IF(COUNTIF(A9:A19,"=К")=0,"",COUNTIF(A9:A19,"=К")) -> 1 | F26: Класний керівник | M26: Тетяна ЗЕМЛЯНА
C27: Кількість соціального контингенту | D27: 0
C28: Вийшли на стипендію | D28: ='Рейтингова відомість 101'!D21 -> 4 | F28: Завідувач відділення ПЗСО | M28: Маргарита БРІТІКОВА

Sheet Зведена відомість 172
A1: ВСП «ФАХОВИЙ КОЛЕДЖ НАФТОГАЗОВИХ ТЕХНОЛОГІЙ, ІНЖЕНЕРІЇ ТА ІНФРАСТРУКТУРИ СЕРВІСУ
A2: ОДЕСЬКОГО НАЦІОНАЛЬНОГО ТЕХНОЛОГІЧНОГО УНІВЕРСИТЕТУ»
A3: ЗВЕДЕНА ВІДОМІСТЬ
A4: Успішності студентів спеціальності 172 «Телекомунікації та радіотехніка»
A5: За I семестр 2022-2023 н.р.
A6: Група 22-5 курс І
A7: Б/К | B7: № п/п | C7: Прізвище, ім’я, по батькові | D7: Підсумкові оцінки дисциплін
D8: Біологія Богданенко О.В. | E8: Всесвітня історія Мельничук С.А. | F8: Географія Наговська Т.С. | G8: Зарубіжна література Пруднікова Я.П. | H8: ЗУ Стельмах Н.Ю. | I8: Іноземна мова Нічик Н.О. | J8: Інформатика Охрімчук В.С. | K8: Історія України Левчук Т.Г. | L8: Математика Земляна Т.М. | M8: Українська література Пруднікова Я.П. | N8: Українська мова Нестеренко А.О. | O8: Фізика Калюта Н.М. | P8: Фізична культура Галеніна І.С. | Q8: Хімія Леонова Д.І. | R8: Середній бал
A9: Б | B9: 1 | C9: Блоцький Ярослав Олексійович | D9: 9 | E9: 9 | F9: 9 | G9: 4 | H9: 6 | I9: 7 | J9: 5 | K9: 6 | L9: 6 | M9: 7 | N9: 9 | O9: 5 | P9: 7 | Q9: 8 | R9: =IF(COUNTIF(D9:Q9,"=*")>0,"-",(IFERROR(AVERAGE(D9:Q9),""))) -> 6.9285714
A10: Б | B10: 2 | C10: Єфремова Інеса Михайлівна | D10: 4 | E10: 8 | F10: 5 | G10: 4 | H10: 4 | I10: 4 | J10: н/а | K10: 5 | L10: 4 | M10: 4 | N10: 4 | O10: 4 | P10: 4 | Q10: 6 | R10: =IF(COUNTIF(D10:Q10,"=*")>0,"-",(IFERROR(AVERAGE(D10:Q10),""))) -> -
A11: Б | B11: 3 | C11: Каратай Іван Костянтинович | D11: 9 | E11: 9 | F11: 9 | G11: 9 | H11: 10 | I11: 10 | J11: 10 | K11: 8 | L11: 10 | M11: 9 | N11: 9 | O11: 10 | P11: 10 | Q11: 8 | R11: =IF(COUNTIF(D11:Q11,"=*")>0,"-",(IFERROR(AVERAGE(D11:Q11),""))) -> 9.2857143
A12: Б | B12: 4 | C12: Кісельов Петро Юрійович | D12: 4 | E12: 5 | F12: 8 | G12: 6 | H12: 4 | I12: 5 | J12: 6 | K12: 7 | L12: 7 | M12: 5 | N12: 7 | O12: 4 | P12: 6 | Q12: 6 | R12: =IF(COUNTIF(D12:Q12,"=*")>0,"-",(IFERROR(AVERAGE(D12:Q12),""))) -> 5.7142857
A13: Б | B13: 5 | C13: Мельник Артем Олександрович | D13: 4 | E13: 5 | F13: 6 | G13: 4 | H13: 5 | I13: 7 | J13: 4 | K13: 6 | L13: 4 | M13: 4 | N13: 7 | O13: 4 | P13: 8 | Q13: 5 | R13: =IF(COUNTIF(D13:Q13,"=*")>0,"-",(IFERROR(AVERAGE(D13:Q13),""))) -> 5.2142857
A14: Б | B14: 6 | C14: Мисютін Тимофій Олександрович | D14: 9 | E14: 9 | F14: 10 | G14: 8 | H14: 9 | I14: 9 | J14: 9 | K14: 9 | L14: 9 | M14: 9 | N14: 8 | O14: 9 | P14: 9 | Q14: 7 | R14: =IF(COUNTIF(D14:Q14,"=*")>0,"-",(IFERROR(AVERAGE(D14:Q14),""))) -> 8.7857143
A15: Б | B15: 7 | C15: Нейченко Станіслав Андріанович | D15: 7 | E15: 6 | F15: 8 | G15: 6 | H15: 6 | I15: 7 | J15: 6 | K15: 7 | L15: 7 | M15: 6 | N15: 8 | O15: 8 | P15: 6 | Q15: 7 | R15: =IF(COUNTIF(D15:Q15,"=*")>0,"-",(IFERROR(AVERAGE(D15:Q15),""))) -> 6.7857143
A16: Б | B16: 8 | C16: Осташко Денис Володимирович | D16: 7 | E16: 10 | F16: 10 | G16: 9 | H16: 8 | I16: 7 | J16: 8 | K16: 8 | L16: 6 | M16: 9 | N16: 7 | O16: 7 | P16: 11 | Q16: 7 | R16: =IF(COUNTIF(D16:Q16,"=*")>0,"-",(IFERROR(AVERAGE(D16:Q16),""))) -> 8.1428571
A17: Б | B17: 9 | C17: Санько Дмитро Андрійович | D17: 4 | E17: 6 | F17: 7 | G17: 5 | H17: 8 | I17: 8 | J17: 8 | K17: 8 | L17: 7 | M17: 6 | N17: 8 | O17: 8 | P17: 8 | Q17: 8 | R17: =IF(COUNTIF(D17:Q17,"=*")>0,"-",(IFERROR(AVERAGE(D17:Q17),""))) -> 7.0714286
A18: Б | B18: 10 | C18: Шумков Микола Васильович | D18: 7 | E18: 4 | F18: 5 | G18: 4 | H18: 8 | I18: 5 | J18: 5 | K18: 7 | L18: 6 | M18: 4 | N18: 6 | O18: 4 | P18: 5 | Q18: 6 | R18: =IF(COUNTIF(D18:Q18,"=*")>0,"-",(IFERROR(AVERAGE(D18:Q18),""))) -> 5.4285714
C19: Середній бал успішності з дисципліни | D19: =IF(SUM(D9:D18)/B18=0,"",SUM(D9:D18)/B18) -> 6.4 | E19: =IF(SUM(E9:E18)/B18=0,"",SUM(E9:E18)/B18) -> 7.1 | F19: =IF(SUM(F9:F18)/B18=0,"",SUM(F9:F18)/B18) -> 7.7 | G19: =IF(SUM(G9:G18)/B18=0,"",SUM(G9:G18)/B18) -> 5.9 | H19: =IF(SUM(H9:H18)/B18=0,"",SUM(H9:H18)/B18) -> 6.8 | I19: =IF(SUM(I9:I18)/B18=0,"",SUM(I9:I18)/B18) -> 6.9 | J19: =IF(SUM(J9:J18)/B18=0,"",SUM(J9:J18)/B18) -> 6.1 | K19: =IF(SUM(K9:K18)/B18=0,"",SUM(K9:K18)/B18) -> 7.1 | L19: =IF(SUM(L9:L18)/B18=0,"",SUM(L9:L18)/B18) -> 6.6 | M19: =IF(SUM(M9:M18)/B18=0,"",SUM(M9:M18)/B18) -> 6.3 | N19: =IF(SUM(N9:N18)/B18=0,"",SUM(N9:N18)/B18) -> 7.3 | O19: =IF(SUM(O9:O18)/B18=0,"",SUM(O9:O18)/B18) -> 6.3 | P19: =IF(SUM(P9:P18)/B18=0,"",SUM(P9:P18)/B18) -> 7.4 | Q19: =IF(SUM(Q9:Q18)/B18=0,"",SUM(Q9:Q18)/B18) -> 6.8 | R19: =IFERROR(AVERAGE(D19:Q19),"") -> 6.7642857
C20: Абсолютна успішність | D20: =IF(COUNTIF(D9:D18,">=4")/B18*100=0,"",COUNTIF(D9:D18,">=4")/B18*100) -> 100 | E20: =IF(COUNTIF(E9:E18,">=4")/B18*100=0,"",COUNTIF(E9:E18,">=4")/B18*100) -> 100 | F20: =IF(COUNTIF(F9:F18,">=4")/B18*100=0,"",COUNTIF(F9:F18,">=4")/B18*100) -> 100 | G20: =IF(COUNTIF(G9:G18,">=4")/B18*100=0,"",COUNTIF(G9:G18,">=4")/B18*100) -> 100 | H20: =IF(COUNTIF(H9:H18,">=4")/B18*100=0,"",COUNTIF(H9:H18,">=4")/B18*100) -> 100 | I20: =IF(COUNTIF(I9:I18,">=4")/B18*100=0,"",COUNTIF(I9:I18,">=4")/B18*100) -> 100 | J20: =IF(COUNTIF(J9:J18,">=4")/B18*100=0,"",COUNTIF(J9:J18,">=4")/B18*100) -> 90 | K20: =IF(COUNTIF(K9:K18,">=4")/B18*100=0,"",COUNTIF(K9:K18,">=4")/B18*100) -> 100 | L20: =IF(COUNTIF(L9:L18,">=4")/B18*100=0,"",COUNTIF(L9:L18,">=4")/B18*100) -> 100 | M20: =IF(COUNTIF(M9:M18,">=4")/B18*100=0,"",COUNTIF(M9:M18,">=4")/B18*100) -> 100 | N20: =IF(COUNTIF(N9:N18,">=4")/B18*100=0,"",COUNTIF(N9:N18,">=4")/B18*100) -> 100 | O20: =IF(COUNTIF(O9:O18,">=4")/B18*100=0,"",COUNTIF(O9:O18,">=4")/B18*100) -> 100 | P20: =IF(COUNTIF(P9:P18,">=4")/B18*100=0,"",COUNTIF(P9:P18,">=4")/B18*100) -> 100 | Q20: =IF(COUNTIF(Q9:Q18,">=4")/B18*100=0,"",COUNTIF(Q9:Q18,">=4")/B18*100) -> 100
C21: Якісна успішність | D21: =IF(COUNTIF(D9:D18,">=7")/B18*100=0,"",COUNTIF(D9:D18,">=7")/B18*100) -> 60 | E21: =IF(COUNTIF(E9:E18,">=7")/B18*100=0,"",COUNTIF(E9:E18,">=7")/B18*100) -> 50 | F21: =IF(COUNTIF(F9:F18,">=7")/B18*100=0,"",COUNTIF(F9:F18,">=7")/B18*100) -> 70 | G21: =IF(COUNTIF(G9:G18,">=7")/B18*100=0,"",COUNTIF(G9:G18,">=7")/B18*100) -> 30 | H21: =IF(COUNTIF(H9:H18,">=7")/B18*100=0,"",COUNTIF(H9:H18,">=7")/B18*100) -> 50 | I21: =IF(COUNTIF(I9:I18,">=7")/B18*100=0,"",COUNTIF(I9:I18,">=7")/B18*100) -> 70 | J21: =IF(COUNTIF(J9:J18,">=7")/B18*100=0,"",COUNTIF(J9:J18,">=7")/B18*100) -> 40 | K21: =IF(COUNTIF(K9:K18,">=7")/B18*100=0,"",COUNTIF(K9:K18,">=7")/B18*100) -> 70 | L21: =IF(COUNTIF(L9:L18,">=7")/B18*100=0,"",COUNTIF(L9:L18,">=7")/B18*100) -> 50 | M21: =IF(COUNTIF(M9:M18,">=7")/B18*100=0,"",COUNTIF(M9:M18,">=7")/B18*100) -> 40 | N21: =IF(COUNTIF(N9:N18,">=7")/B18*100=0,"",COUNTIF(N9:N18,">=7")/B18*100) -> 80 | O21: =IF(COUNTIF(O9:O18,">=7")/B18*100=0,"",COUNTIF(O9:O18,">=7")/B18*100) -> 50 | P21: =IF(COUNTIF(P9:P18,">=7")/B18*100=0,"",COUNTIF(P9:P18,">=7")/B18*100) -> 60 | Q21: =IF(COUNTIF(Q9:Q18,">=7")/B18*100=0,"",COUNTIF(Q9:Q18,">=7")/B18*100) -> 60
C22: Абсолютна успішність по групі | D22: =IFERROR(AVERAGE(D20:Q20),"") -> 99.285714
C23: Якісна успішність по групі | D23: =IFERROR(AVERAGE(D21:Q21),"") -> 55.714286
C24: Кількість бюджетників | D24: =IF(COUNTIF(A9:A18,"=Б")=0,"",COUNTIF(A9:A18,"=Б")) -> 10
C25: Кількість контрактників | D25: 0 | F25: Класний керівник | M25: Тетяна ЗЕМЛЯНА
C26: Кількість соціального контингенту | D26: 0
C27: Вийшли на стипендію | D27: ='Рейтингова відомість 172'!D21 -> 4 | F27: Завідувач відділення ПЗСО | M27: Маргарита БРІТІКОВА

Sheet Зведена відомість 242
A1: ВСП «ФАХОВИЙ КОЛЕДЖ НАФТОГАЗОВИХ ТЕХНОЛОГІЙ, ІНЖЕНЕРІЇ ТА ІНФРАСТРУКТУРИ СЕРВІСУ
A2: ОДЕСЬКОГО НАЦІОНАЛЬНОГО ТЕХНОЛОГІЧНОГО УНІВЕРСИТЕТУ»
A3: ЗВЕДЕНА ВІДОМІСТЬ
A4: Успішності студентів спеціальності 242 «Туризм»
A5: За I семестр 2022-2023 н.р.
A6: Група 22-5 курс І
A7: Б/К | B7: № п/п | C7: Прізвище, ім’я, по батькові | D7: Підсумкові оцінки дисциплін
D8: Біологія Богданенко О.В. | E8: Всесвітня історія Мельничук С.А. | F8: Географія Наговська Т.С. | G8: Зарубіжна література Пруднікова Я.П. | H8: ЗУ Стельмах Н.Ю. | I8: Іноземна мова Нічик Н.О. | J8: Інформатика Охрімчук В.С. | K8: Історія України Левчук Т.Г. | L8: Математика Земляна Т.М. | M8: Українська література Пруднікова Я.П. | N8: Українська мова Нестеренко А.О. | O8: Фізика Калюта Н.М. | P8: Фізична культура Галеніна І.С. | Q8: Хімія Леонова Д.І. | R8: Середній бал
A9: К | B9: 1 | C9: Бендь Марія Денисівна | D9: 9 | E9: 10 | F9: 10 | G9: 10 | H9: 10 | I9: 11 | J9: 8 | K9: 10 | L9: 7 | M9: 11 | N9: 9 | O9: 7 | P9: 9 | Q9: 9 | R9: =IF(COUNTIF(D9:Q9,"=*")>0,"-",(IFERROR(AVERAGE(D9:Q9),""))) -> 9.2857143
A10: К | B10: 2 | C10: Брошкова Анна Євгенівна | D10: 8 | E10: 9 | F10: 10 | G10: 4 | H10: 9 | I10: 10 | J10: 6 | K10: 7 | L10: 4 | M10: 5 | N10: 8 | O10: 5 | P10: 8 | Q10: 7 | R10: =IF(COUNTIF(D10:Q10,"=*")>0,"-",(IFERROR(AVERAGE(D10:Q10),""))) -> 7.1428571
A11: К | B11: 3 | C11: Западнова Єлизавета Сергіївна | D11: 4 | E11: 6 | F11: 7 | G11: 4 | H11: 4 | I11: н/а | J11: 6 | K11: 7 | L11: 4 | M11: 4 | N11: 4 | O11: н/а | P11: 5 | Q11: 5 | R11: =IF(COUNTIF(D11:Q11,"=*")>0,"-",(IFERROR(AVERAGE(D11:Q11),""))) -> -
A12: К | B12: 4 | C12: Литвинов Андрій Олексійович | D12: 7 | E12: 10 | F12: 8 | G12: 9 | H12: 8 | I12: 7 | J12: 8 | K12: 8 | L12: 9 | M12: 8 | N12: 8 | O12: 8 | P12: 10 | Q12: 8 | R12: =IF(COUNTIF(D12:Q12,"=*")>0,"-",(IFERROR(AVERAGE(D12:Q12),""))) -> 8.2857143
A13: К | B13: 5 | C13: Маленкова Таїсія Григорівна | D13: 6 | E13: 8 | F13: 5 | G13: 5 | H13: 6 | I13: 7 | J13: 6 | K13: 7 | L13: 5 | M13: 6 | N13: 7 | O13: 4 | P13: 7 | Q13: 6 | R13: =IF(COUNTIF(D13:Q13,"=*")>0,"-",(IFERROR(AVERAGE(D13:Q13),""))) -> 6.0714286
A14: К | B14: 6 | C14: Саєнко Аліна Андріївна | D14: 4 | E14: 9 | F14: 7 | G14: 4 | H14: 6 | I14: 7 | J14: 8 | K14: 8 | L14: 6 | M14: 6 | N14: 7 | O14: 5 | P14: 10 | Q14: 6 | R14: =IF(COUNTIF(D14:Q14,"=*")>0,"-",(IFERROR(AVERAGE(D14:Q14),""))) -> 6.6428571
A15: К | B15: 7 | C15: Сазонтова Віолета Євгенівна | D15: 4 | E15: 9 | F15: 8 | G15: 5 | H15: 7 | I15: 6 | J15: 6 | K15: 8 | L15: 5 | M15: 4 | N15: 9 | O15: 3 | P15: 9 | Q15: 6 | R15: =IF(COUNTIF(D15:Q15,"=*")>0,"-",(IFERROR(AVERAGE(D15:Q15),""))) -> 6.3571429
A16: К | B16: 8 | C16: Тер Олег Вячеславович | D16: 4 | E16: 4 | F16: 9 | G16: 5 | H16: 8 | I16: 7 | J16: 6 | K16: 7 | L16: 5 | M16: 4 | N16: 7 | O16: 4 | P16: 10 | Q16: 8 | R16: =IF(COUNTIF(D16:Q16,"=*")>0,"-",(IFERROR(AVERAGE(D16:Q16),""))) -> 6.2857143
A17: К | B17: 9 | C17: Улонецька Любов Дмитрівна | D17: 8 | E17: 9 | F17: 9 | G17: 8 | H17: 8 | I17: 7 | J17: 7 | K17: 8 | L17: 7 | M17: 9 | N17: 7 | O17: 4 | P17: 10 | Q17: 7 | R17: =IF(COUNTIF(D17:Q17,"=*")>0,"-",(IFERROR(AVERAGE(D17:Q17),""))) -> 7.7142857
A18: К | B18: 10 | C18: Шараєва Анна Сергіївна | D18: 8 | E18: 10 | F18: 9 | G18: 9 | H18: 10 | I18: 10 | J18: 7 | K18: 8 | L18: 7 | M18: 9 | N18: 7 | O18: 8 | P18: 9 | Q18: 7 | R18: =IF(COUNTIF(D18:Q18,"=*")>0,"-",(IFERROR(AVERAGE(D18:Q18),""))) -> 8.4285714
A19: К | B19: 11 | C19: Щекотіліна Олександра Сергіївна | D19: 6 | E19: 9 | F19: 7 | G19: 8 | H19: 4 | I19: 7 | J19: 4 | K19: 6 | L19: 6 | M19: 7 | N19: 5 | O19: 4 | P19: 4 | Q19: 6 | R19: =IF(COUNTIF(D19:Q19,"=*")>0,"-",(IFERROR(AVERAGE(D19:Q19),""))) -> 5.9285714
A20: К | B20: 12 | C20: Щуренко Ілля Сергійович | D20: 10 | E20: 10 | F20: 10 | G20: 9 | H20: 9 | I20: 5 | J20: 8 | K20: 8 | L20: 6 | M20: 8 | N20: 9 | O20: 8 | P20: 8 | Q20: 8 | R20: =IF(COUNTIF(D20:Q20,"=*")>0,"-",(IFERROR(AVERAGE(D20:Q20),""))) -> 8.2857143
A21: К | B21: 13 | C21: Яцюк Антон Дмитрович | D21: 9 | E21: 10 | F21: 10 | G21: 11 | H21: 9 | I21: 4 | J21: 6 | K21: 8 | L21: 6 | M21: 11 | N21: 8 | O21: 5 | P21: 7 | Q21: 6 | R21: =IF(COUNTIF(D21:Q21,"=*")>0,"-",(IFERROR(AVERAGE(D21:Q21),""))) -> 7.8571429
C22: Середній бал успішності з дисципліни | D22: =IF(SUM(D9:D21)/B21=0,"",SUM(D9:D21)/B21) -> 6.6923077 | E22: =IF(SUM(E9:E21)/B21=0,"",SUM(E9:E21)/B21) -> 8.6923077 | F22: =IF(SUM(F9:F21)/B21=0,"",SUM(F9:F21)/B21) -> 8.3846154 | G22: =IF(SUM(G9:G21)/B21=0,"",SUM(G9:G21)/B21) -> 7 | H22: =IF(SUM(H9:H21)/B21=0,"",SUM(H9:H21)/B21) -> 7.5384615 | I22: =IF(SUM(I9:I21)/B21=0,"",SUM(I9:I21)/B21) -> 6.7692308 | J22: =IF(SUM(J9:J21)/B21=0,"",SUM(J9:J21)/B21) -> 6.6153846 | K22: =IF(SUM(K9:K21)/B21=0,"",SUM(K9:K21)/B21) -> 7.6923077 | L22: =IF(SUM(L9:L21)/B21=0,"",SUM(L9:L21)/B21) -> 5.9230769 | M22: =IF(SUM(M9:M21)/B21=0,"",SUM(M9:M21)/B21) -> 7.0769231 | N22: =IF(SUM(N9:N21)/B21=0,"",SUM(N9:N21)/B21) -> 7.3076923 | O22: =IF(SUM(O9:O21)/B21=0,"",SUM(O9:O21)/B21) -> 5 | P22: =IF(SUM(P9:P21)/B21=0,"",SUM(P9:P21)/B21) -> 8.1538462 | Q22: =IF(SUM(Q9:Q21)/B21=0,"",SUM(Q9:Q21)/B21) -> 6.8461538 | R22: =IFERROR(AVERAGE(D22:Q22),"") -> 7.1208791
C23: Абсолютна успішність | D23: =IF(COUNTIF(D9:D21,">=4")/B21*100=0,"",COUNTIF(D9:D21,">=4")/B21*100) -> 100 | E23: =IF(COUNTIF(E9:E21,">=4")/B21*100=0,"",COUNTIF(E9:E21,">=4")/B21*100) -> 100 | F23: =IF(COUNTIF(F9:F21,">=4")/B21*100=0,"",COUNTIF(F9:F21,">=4")/B21*100) -> 100 | G23: =IF(COUNTIF(G9:G21,">=4")/B21*100=0,"",COUNTIF(G9:G21,">=4")/B21*100) -> 100 | H23: =IF(COUNTIF(H9:H21,">=4")/B21*100=0,"",COUNTIF(H9:H21,">=4")/B21*100) -> 100 | I23: =IF(COUNTIF(I9:I21,">=4")/B21*100=0,"",COUNTIF(I9:I21,">=4")/B21*100) -> 92.307692 | J23: =IF(COUNTIF(J9:J21,">=4")/B21*100=0,"",COUNTIF(J9:J21,">=4")/B21*100) -> 100 | K23: =IF(COUNTIF(K9:K21,">=4")/B21*100=0,"",COUNTIF(K9:K21,">=4")/B21*100) -> 100 | L23: =IF(COUNTIF(L9:L21,">=4")/B21*100=0,"",COUNTIF(L9:L21,">=4")/B21*100) -> 100 | M23: =IF(COUNTIF(M9:M21,">=4")/B21*100=0,"",COUNTIF(M9:M21,">=4")/B21*100) -> 100 | N23: =IF(COUNTIF(N9:N21,">=4")/B21*100=0,"",COUNTIF(N9:N21,">=4")/B21*100) -> 100 | O23: =IF(COUNTIF(O9:O21,">=4")/B21*100=0,"",COUNTIF(O9:O21,">=4")/B21*100) -> 84.615385 | P23: =IF(COUNTIF(P9:P21,">=4")/B21*100=0,"",COUNTIF(P9:P21,">=4")/B21*100) -> 100 | Q23: =IF(COUNTIF(Q9:Q21,">=4")/B21*100=0,"",COUNTIF(Q9:Q21,">=4")/B21*100) -> 100
C24: Якісна успішність | D24: =IF(COUNTIF(D9:D21,">=7")/B21*100=0,"",COUNTIF(D9:D21,">=7")/B21*100) -> 53.846154 | E24: =IF(COUNTIF(E9:E21,">=7")/B21*100=0,"",COUNTIF(E9:E21,">=7")/B21*100) -> 84.615385 | F24: =IF(COUNTIF(F9:F21,">=7")/B21*100=0,"",COUNTIF(F9:F21,">=7")/B21*100) -> 92.307692 | G24: =IF(COUNTIF(G9:G21,">=7")/B21*100=0,"",COUNTIF(G9:G21,">=7")/B21*100) -> 53.846154 | H24: =IF(COUNTIF(H9:H21,">=7")/B21*100=0,"",COUNTIF(H9:H21,">=7")/B21*100) -> 69.230769 | I24: =IF(COUNTIF(I9:I21,">=7")/B21*100=0,"",COUNTIF(I9:I21,">=7")/B21*100) -> 69.230769 | J24: =IF(COUNTIF(J9:J21,">=7")/B21*100=0,"",COUNTIF(J9:J21,">=7")/B21*100) -> 46.153846 | K24: =IF(COUNTIF(K9:K21,">=7")/B21*100=0,"",COUNTIF(K9:K21,">=7")/B21*100) -> 92.307692 | L24: =IF(COUNTIF(L9:L21,">=7")/B21*100=0,"",COUNTIF(L9:L21,">=7")/B21*100) -> 30.769231 | M24: =IF(COUNTIF(M9:M21,">=7")/B21*100=0,"",COUNTIF(M9:M21,">=7")/B21*100) -> 53.846154 | N24: =IF(COUNTIF(N9:N21,">=7")/B21*100=0,"",COUNTIF(N9:N21,">=7")/B21*100) -> 84.615385 | O24: =IF(COUNTIF(O9:O21,">=7")/B21*100=0,"",COUNTIF(O9:O21,">=7")/B21*100) -> 30.769231 | P24: =IF(COUNTIF(P9:P21,">=7")/B21*100=0,"",COUNTIF(P9:P21,">=7")/B21*100) -> 84.615385 | Q24: =IF(COUNTIF(Q9:Q21,">=7")/B21*100=0,"",COUNTIF(Q9:Q21,">=7")/B21*100) -> 53.846154
C25: Абсолютна успішність по групі | D25: =IFERROR(AVERAGE(D23:Q23),"") -> 98.351648
C26: Якісна успішність по групі | D26: =IFERROR(AVERAGE(D24:Q24),"") -> 64.285714
C27: Кількість бюджетників | D27: 0
C28: Кількість контрактників | D28: =IF(COUNTIF(A9:A21,"=К")=0,"",COUNTIF(A9:A21,"=К")) -> 13 | F28: Класний керівник | M28: Тетяна ЗЕМЛЯНА
C29: Кількість соціального контингенту
C30: Вийшли на стипендію | D30: =IFERROR(INT(D27/100*40),"") -> 0 | F30: Завідувач відділення ПЗСО | M30: Маргарита БРІТІКОВА

Sheet Рейтингова відомість 101
A1: ВСП «ФАХОВИЙ КОЛЕДЖ НАФТОГАЗОВИХ ТЕХНОЛОГІЙ, ІНЖЕНЕРІЇ ТА ІНФРАСТРУКТУРИ СЕРВІСУ
A2: ОДЕСЬКОГО НАЦІОНАЛЬНОГО ТЕХНОЛОГІЧНОГО УНІВЕРСИТЕТУ»
A3: РЕЙТИНГОВА ВІДОМІСТЬ
A4: Успішності студентів спеціальності 101 «Екологія»
A5: За I семестр 2022-2023 н.р.
A6: Група 22-5 курс І
A7: Б/К | B7: № п/п | C7: Прізвище, ім’я, по батькові | D7: Підсумкові оцінки дисциплін
D8: Біологія Богданенко О.В. | E8: Всесвітня історія Мельничук С.А. | F8: Географія Наговська Т.С. | G8: Зарубіжна література Пруднікова Я.П. | H8: ЗУ Стельмах Н.Ю. | I8: Іноземна мова Нічик Н.О. | J8: Інформатика Охрімчук В.С. | K8: Історія України Левчук Т.Г. | L8: Математика Земляна Т.М. | M8: Українська література Пруднікова Я.П. | N8: Українська мова Нестеренко А.О. | O8: Фізика Калюта Н.М. | P8: Фізична культура Галеніна І.С. | Q8: Хімія Леонова Д.І. | R8: Середній бал | S8: Рейтинговий бал
A9: Б | B9: 1 | C9: Герасименко Ксенія Володимирівна | D9: 9 | E9: 10 | F9: 10 | G9: 11 | H9: 10 | I9: 11 | J9: 9 | K9: 10 | L9: 9 | M9: 11 | N9: 9 | O9: 9 | P9: 11 | Q9: 10 | R9: =IF(COUNTIF(D9:Q9,"=*")>0,"-",(IFERROR(AVERAGE(D9:Q9),""))) -> 9.9285714 | S9: =R9*90/12 -> 74.464286
A10: Б | B10: 2 | C10: Лашкова Ірина Сергіївна | D10: 9 | E10: 10 | F10: 9 | G10: 10 | H10: 10 | I10: 10 | J10: 9 | K10: 8 | L10: 9 | M10: 11 | N10: 7 | O10: 10 | P10: 9 | Q10: 9 | R10: =IF(COUNTIF(D10:Q10,"=*")>0,"-",(IFERROR(AVERAGE(D10:Q10),""))) -> 9.2857143 | S10: =R10*90/12 -> 69.642857
A11: Б | B11: 3 | C11: Козіхіна Сніжана Леонідівна | D11: 10 | E11: 10 | F11: 10 | G11: 11 | H11: 10 | I11: 8 | J11: 8 | K11: 8 | L11: 7 | M11: 11 | N11: 10 | O11: 8 | P11: 9 | Q11: 8 | R11: =IF(COUNTIF(D11:Q11,"=*")>0,"-",(IFERROR(AVERAGE(D11:Q11),""))) -> 9.1428571 | S11: =R11*90/12 -> 68.571429
A12: Б | B12: 4 | C12: Бовкун Марія Григорівна | D12: 9 | E12: 9 | F12: 10 | G12: 11 | H12: 10 | I12: 9 | J12: 7 | K12: 8 | L12: 7 | M12: 11 | N12: 9 | O12: 9 | P12: 11 | Q12: 7 | R12: =IF(COUNTIF(D12:Q12,"=*")>0,"-",(IFERROR(AVERAGE(D12:Q12),""))) -> 9.0714286 | S12: =R12*90/12 -> 68.035714
A13: Б | B13: 5 | C13: Гуцан Дарія Анатоліївна | D13: 10 | E13: 10 | F13: 10 | G13: 9 | H13: 9 | I13: 7 | J13: 7 | K13: 10 | L13: 5 | M13: 9 | N13: 8 | O13: 6 | P13: 10 | Q13: 8 | R13: =IF(COUNTIF(D13:Q13,"=*")>0,"-",(IFERROR(AVERAGE(D13:Q13),""))) -> 8.4285714 | S13: =R13*90/12 -> 63.214286
A14: Б | B14: 6 | C14: Котова Анастасія Геннадіївна | D14: 8 | E14: 10 | F14: 9 | G14: 8 | H14: 10 | I14: 7 | J14: 8 | K14: 8 | L14: 9 | M14: 8 | N14: 8 | O14: 9 | P14: 9 | Q14: 6 | R14: =IF(COUNTIF(D14:Q14,"=*")>0,"-",(IFERROR(AVERAGE(D14:Q14),""))) -> 8.3571429 | S14: =R14*90/12 -> 62.678571
A15: Б | B15: 7 | C15: Голота Єлизавета Іванівна | D15: 9 | E15: 8 | F15: 8 | G15: 7 | H15: 6 | I15: 7 | J15: 6 | K15: 7 | L15: 7 | M15: 7 | N15: 8 | O15: 4 | P15: 6 | Q15: 6 | R15: =IF(COUNTIF(D15:Q15,"=*")>0,"-",(IFERROR(AVERAGE(D15:Q15),""))) -> 6.8571429 | S15: =R15*90/12 -> 51.428571
A16: Б | B16: 8 | C16: Ладан Феодосій Володимирович | D16: 7 | E16: 10 | F16: 9 | G16: 6 | H16: 6 | I16: 4 | J16: 6 | K16: 6 | L16: 4 | M16: 6 | N16: 8 | O16: 4 | P16: 7 | Q16: 8 | R16: =IF(COUNTIF(D16:Q16,"=*")>0,"-",(IFERROR(AVERAGE(D16:Q16),""))) -> 6.5 | S16: =R16*90/12 -> 48.75
A17: Б | B17: 9 | C17: Малюта Сергій Віталійович | D17: 7 | E17: 9 | F17: 6 | G17: 4 | H17: 7 | I17: 4 | J17: 6 | K17: 7 | L17: 6 | M17: 4 | N17: 6 | O17: 4 | P17: 7 | Q17: 5 | R17: =IF(COUNTIF(D17:Q17,"=*")>0,"-",(IFERROR(AVERAGE(D17:Q17),""))) -> 5.8571429 | S17: =R17*90/12 -> 43.928571
C18: Кількість бюджетників | D18: ='Зведена відомість 101'!D25 -> 10
C19: Кількість контрактників | D19: ='Зведена відомість 101'!D26 -> 1 | F19: Класний керівник | M19: Тетяна ЗЕМЛЯНА
C20: Кількість соціального контингенту | D20: ='Зведена відомість 101'!D27 -> 0
C21: Вийшли на стипендію | D21: 4 | F21: Завідувач відділення ПЗСО | M21: Маргарита БРІТІКОВА

Sheet Рейтингова відомість 172
A1: ВСП «ФАХОВИЙ КОЛЕДЖ НАФТОГАЗОВИХ ТЕХНОЛОГІЙ, ІНЖЕНЕРІЇ ТА ІНФРАСТРУКТУРИ СЕРВІСУ
A2: ОДЕСЬКОГО НАЦІОНАЛЬНОГО ТЕХНОЛОГІЧНОГО УНІВЕРСИТЕТУ»
A3: РЕЙТИНГОВА ВІДОМІСТЬ
A4: Успішності студентів спеціальності 172 «Телекомунікації та радіотехніка»
A5: За I семестр 2022-2023 н.р.
A6: Група 22-5 курс І
A7: Б/К | B7: № п/п | C7: Прізвище, ім’я, по батькові | D7: Підсумкові оцінки дисциплін
D8: Біологія Богданенко О.В. | E8: Всесвітня історія Мельничук С.А. | F8: Географія Наговська Т.С. | G8: Зарубіжна література Пруднікова Я.П. | H8: ЗУ Стельмах Н.Ю. | I8: Іноземна мова Нічик Н.О. | J8: Інформатика Охрімчук В.С. | K8: Історія України Левчук Т.Г. | L8: Математика Земляна Т.М. | M8: Українська література Пруднікова Я.П. | N8: Українська мова Нестеренко А.О. | O8: Фізика Калюта Н.М. | P8: Фізична культура Галеніна І.С. | Q8: Хімія Леонова Д.І. | R8: Середній бал | S8: Рейтинговий бал
A9: Б | B9: 1 | C9: Каратай Іван Костянтинович | D9: 9 | E9: 9 | F9: 9 | G9: 9 | H9: 10 | I9: 10 | J9: 10 | K9: 8 | L9: 10 | M9: 9 | N9: 9 | O9: 10 | P9: 10 | Q9: 8 | R9: =IF(COUNTIF(D9:Q9,"=*")>0,"-",(IFERROR(AVERAGE(D9:Q9),""))) -> 9.2857143 | S9: =R9*90/12 -> 69.642857
A10: Б | B10: 2 | C10: Мисютін Тимофій Олександрович | D10: 9 | E10: 9 | F10: 10 | G10: 8 | H10: 9 | I10: 9 | J10: 9 | K10: 9 | L10: 9 | M10: 9 | N10: 8 | O10: 9 | P10: 9 | Q10: 7 | R10: =IF(COUNTIF(D10:Q10,"=*")>0,"-",(IFERROR(AVERAGE(D10:Q10),""))) -> 8.7857143 | S10: =R10*90/12 -> 65.892857
A11: Б | B11: 3 | C11: Осташко Денис Володимирович | D11: 7 | E11: 10 | F11: 10 | G11: 9 | H11: 8 | I11: 7 | J11: 8 | K11: 8 | L11: 6 | M11: 9 | N11: 7 | O11: 7 | P11: 11 | Q11: 7 | R11: =IF(COUNTIF(D11:Q11,"=*")>0,"-",(IFERROR(AVERAGE(D11:Q11),""))) -> 8.1428571 | S11: =R11*90/12 -> 61.071429
A12: Б | B12: 4 | C12: Санько Дмитро Андрійович | D12: 4 | E12: 6 | F12: 7 | G12: 5 | H12: 8 | I12: 8 | J12: 8 | K12: 8 | L12: 7 | M12: 6 | N12: 8 | O12: 8 | P12: 8 | Q12: 8 | R12: =IF(COUNTIF(D12:Q12,"=*")>0,"-",(IFERROR(AVERAGE(D12:Q12),""))) -> 7.0714286 | S12: =R12*90/12 -> 53.035714
A13: Б | B13: 5 | C13: Блоцький Ярослав Олексійович | D13: 9 | E13: 9 | F13: 9 | G13: 4 | H13: 6 | I13: 7 | J13: 5 | K13: 6 | L13: 6 | M13: 7 | N13: 9 | O13: 5 | P13: 7 | Q13: 8 | R13: =IF(COUNTIF(D13:Q13,"=*")>0,"-",(IFERROR(AVERAGE(D13:Q13),""))) -> 6.9285714 | S13: =R13*90/12 -> 51.964286
A14: Б | B14: 6 | C14: Нейченко Станіслав Андріанович | D14: 7 | E14: 6 | F14: 8 | G14: 6 | H14: 6 | I14: 7 | J14: 6 | K14: 7 | L14: 7 | M14: 6 | N14: 8 | O14: 8 | P14: 6 | Q14: 7 | R14: =IF(COUNTIF(D14:Q14,"=*")>0,"-",(IFERROR(AVERAGE(D14:Q14),""))) -> 6.7857143 | S14: =R14*90/12 -> 50.892857
A15: Б | B15: 7 | C15: Кісельов Петро Юрійович | D15: 4 | E15: 5 | F15: 8 | G15: 6 | H15: 4 | I15: 5 | J15: 6 | K15: 7 | L15: 7 | M15: 5 | N15: 7 | O15: 4 | P15: 6 | Q15: 6 | R15: =IF(COUNTIF(D15:Q15,"=*")>0,"-",(IFERROR(AVERAGE(D15:Q15),""))) -> 5.7142857 | S15: =R15*90/12 -> 42.857143
A16: Б | B16: 8 | C16: Шумков Микола Васильович | D16: 7 | E16: 4 | F16: 5 | G16: 4 | H16: 8 | I16: 5 | J16: 5 | K16: 7 | L16: 6 | M16: 4 | N16: 6 | O16: 4 | P16: 5 | Q16: 6 | R16: =IF(COUNTIF(D16:Q16,"=*")>0,"-",(IFERROR(AVERAGE(D16:Q16),""))) -> 5.4285714 | S16: =R16*90/12 -> 40.714286
A17: Б | B17: 9 | C17: Мельник Артем Олександрович | D17: 4 | E17: 5 | F17: 6 | G17: 4 | H17: 5 | I17: 7 | J17: 4 | K17: 6 | L17: 4 | M17: 4 | N17: 7 | O17: 4 | P17: 8 | Q17: 5 | R17: =IF(COUNTIF(D17:Q17,"=*")>0,"-",(IFERROR(AVERAGE(D17:Q17),""))) -> 5.2142857 | S17: =R17*90/12 -> 39.107143
C18: Кількість бюджетників | D18: ='Зведена відомість 172'!D24 -> 10
C19: Кількість контрактників | D19: ='Зведена відомість 172'!D25 -> 0 | F19: Класний керівник | M19: Тетяна ЗЕМЛЯНА
C20: Кількість соціального контингенту | D20: ='Зведена відомість 172'!D26 -> 0
C21: Вийшли на стипендію | D21: 4 | F21: Завідувач відділення ПЗСО | M21: Маргарита БРІТІКОВА
