Workbook
Name A1048577: #REF!
Name A1048577: #REF!
Name A1048577: #REF!
Name A1048577: #REF!
Name A1048577: #REF!
Name Ф80: #REF!
Name Ф80: #REF!
Name Ф80: #REF!
Name Ф80: #REF!
Name Ф80: #REF!

Sheet Зведена 141
C3: ВІДОКРЕМЛЕНИЙ СТРУКТУРНИЙ ПІДРОЗДІЛ «ФАХОВИЙ КОЛЕДЖ НАФТОГАЗОВИХ ТЕХНОЛОГІЙ, ІНЖЕНЕРІЇ ТА ІНФРАСТРУКТУРИ СЕРВІСУ
C4: ОДЕСЬКОГО НАЦІОНАЛЬНОГО ТЕХНОЛОГІЧНОГО УНІВЕРСИТЕТУ»
C5: ЗВЕДЕНА ВІДОМІСТЬ
C6: Успішності студентів спеціальності 141 «Електроенергетика, електротехніка та електромеханіка»
C7: За ІI семестр 2023-2024 н.р.
C8: Група 23-4 курс І
C9: Б/К | D9: № п/п | E9: Прізвище, ім’я, по батькові | F9: Підсумкові оцінки дисциплін
F10: Астрономія Наговська Т.С. | G10: Біологія Богданенко О.В. | H10: Всесвітня історія Мельничук С.А. | I10: Географія Наговська Т.С. | J10: Зарубіжна література Сербулова Ю.А. | K10: Захист України Лазар В.І. | L10: Іноземна мова Кубова Т.М. | M10: Інформатика Вівдіч М.І. | N10: Історія України Левчук Т.Г. | O10: Математика Земляна Т.М. | P10: Українська література Юрченко О.Б. | Q10: Українська мова Юрченко О.Б. | R10: Фізика Калюта Н.М. | S10: Фізична культура Кулатов В.М. | T10: Хімія Леонова Д.І. | U10: Середній бал
C11: Б | D11: 1 | E11: Волков Роман Сергійович | F11: 7 | G11: 7 | H11: 6 | I11: 7 | J11: 6 | K11: 8 | L11: 4 | M11: 5 | N11: 4 | O11: 4 | P11: 4 | Q11: 4 | R11: 4 | S11: 10 | T11: 5 | U11: =IF(COUNTIF(F11:T11,"=*")>0,"-",IF(COUNTIF(F11:T11,"<4")>0,"-",(IFERROR(AVERAGE(F11:T11),"")))) -> 5.6666667
C12: К | D12: 2 | E12: Гільц Василь Олександрович | F12: 8 | G12: 4 | H12: 6 | I12: 9 | J12: 5 | K12: 4 | L12: 4 | M12: н/а | N12: 6 | O12: 5 | P12: 4 | Q12: 4 | R12: 4 | S12: 5 | T12: 5 | U12: =IF(COUNTIF(F12:T12,"=*")>0,"-",IF(COUNTIF(F12:T12,"<4")>0,"-",(IFERROR(AVERAGE(F12:T12),"")))) -> -
C13: Б | D13: 3 | E13: Гранат Максим Степанович | F13: 8 | G13: 4 | H13: 6 | I13: 8 | J13: 5 | K13: 4 | L13: 4 | M13: 4 | N13: 4 | O13: 4 | P13: 4 | Q13: 4 | R13: 4 | S13: 9 | T13: 5 | U13: =IF(COUNTIF(F13:T13,"=*")>0,"-",IF(COUNTIF(F13:T13,"<4")>0,"-",(IFERROR(AVERAGE(F13:T13),"")))) -> 5.1333333
C14: Б | D14: 4 | E14: Дерменжи Дмитро Віталійович | F14: 7 | G14: 7 | H14: 6 | I14: 7 | J14: 5 | K14: 9 | L14: 4 | M14: 4 | N14: 7 | O14: 4 | P14: 4 | Q14: 4 | R14: 6 | S14: 6 | T14: 6 | U14: =IF(COUNTIF(F14:T14,"=*")>0,"-",IF(COUNTIF(F14:T14,"<4")>0,"-",(IFERROR(AVERAGE(F14:T14),"")))) -> 5.7333333
C15: Б | D15: 5 | E15: Дьомін Євгеній Олександрович | F15: 9 | G15: 9 | H15: 9 | I15: 8 | J15: 9 | K15: 8 | L15: 8 | M15: 9 | N15: 8 | O15: 6 | P15: 8 | Q15: 6 | R15: 7 | S15: 11 | T15: 7 | U15: =IF(COUNTIF(F15:T15,"=*")>0,"-",IF(COUNTIF(F15:T15,"<4")>0,"-",(IFERROR(AVERAGE(F15:T15),"")))) -> 8.1333333
C16: К | D16: 6 | E16: Єрофеєв Тимур Миколайович | F16: 4 | G16: 4 | H16: 6 | I16: 4 | J16: 4 | K16: 4 | L16: 4 | M16: н/а | N16: 5 | O16: н/а | P16: 4 | Q16: 4 | R16: 4 | S16: 4 | T16: 4 | U16: =IF(COUNTIF(F16:T16,"=*")>0,"-",IF(COUNTIF(F16:T16,"<4")>0,"-",(IFERROR(AVERAGE(F16:T16),"")))) -> -
C17: Б | D17: 7 | E17: Зернаєв Андрій Ростиславович | F17: 7 | G17: 8 | H17: 8 | I17: 8 | J17: 6 | K17: 8 | L17: 7 | M17: 5 | N17: 8 | O17: 6 | P17: 5 | Q17: 4 | R17: 5 | S17: 9 | T17: 6 | U17: =IF(COUNTIF(F17:T17,"=*")>0,"-",IF(COUNTIF(F17:T17,"<4")>0,"-",(IFERROR(AVERAGE(F17:T17),"")))) -> 6.6666667
C18: Б | D18: 8 | E18: Лисоконь Владислав Олександрович | F18: 7 | G18: 7 | H18: 10 | I18: 7 | J18: 5 | K18: 9 | L18: 4 | M18: 5 | N18: 5 | O18: 4 | P18: 4 | Q18: 4 | R18: 4 | S18: 10 | T18: 5 | U18: =IF(COUNTIF(F18:T18,"=*")>0,"-",IF(COUNTIF(F18:T18,"<4")>0,"-",(IFERROR(AVERAGE(F18:T18),"")))) -> 6
C19: Б | D19: 9 | E19: Никифоров Микола Анатолійович | F19: 8 | G19: 8 | H19: 8 | I19: 9 | J19: 8 | K19: 4 | L19: 8 | M19: 8 | N19: 8 | O19: 9 | P19: 4 | Q19: 6 | R19: 9 | S19: 5 | T19: 8 | U19: =IF(COUNTIF(F19:T19,"=*")>0,"-",IF(COUNTIF(F19:T19,"<4")>0,"-",(IFERROR(AVERAGE(F19:T19),"")))) -> 7.3333333
C20: Б | D20: 10 | E20: Пунтус Артем Євгенович | F20: 10 | G20: 9 | H20: 10 | I20: 10 | J20: 10 | K20: 8 | L20: 7 | M20: 8 | N20: 7 | O20: 5 | P20: 9 | Q20: 8 | R20: 7 | S20: 9 | T20: 7 | U20: =IF(COUNTIF(F20:T20,"=*")>0,"-",IF(COUNTIF(F20:T20,"<4")>0,"-",(IFERROR(AVERAGE(F20:T20),"")))) -> 8.2666667
C21: Б | D21: 11 | E21: Соловйов Сергій Леонідович | F21: 4 | G21: 4 | H21: 5 | I21: 4 | J21: 4 | K21: 4 | L21: 4 | M21: 4 | N21: 4 | O21: 4 | P21: 4 | Q21: 4 | R21: 4 | S21: 5 | T21: 4 | U21: =IF(COUNTIF(F21:T21,"=*")>0,"-",IF(COUNTIF(F21:T21,"<4")>0,"-",(IFERROR(AVERAGE(F21:T21),"")))) -> 4.1333333
C22: Б | D22: 12 | E22: Старощук Данііл Сергійович | F22: 8 | G22: 8 | H22: 9 | I22: 8 | J22: 5 | K22: 8 | L22: 8 | M22: 6 | N22: 8 | O22: 5 | P22: 4 | Q22: 6 | R22: 5 | S22: 10 | T22: 5 | U22: =IF(COUNTIF(F22:T22,"=*")>0,"-",IF(COUNTIF(F22:T22,"<4")>0,"-",(IFERROR(AVERAGE(F22:T22),"")))) -> 6.8666667
C23: Б | D23: 13 | E23: Сулейманов Леонід Олексійович | F23: 9 | G23: 8 | H23: 10 | I23: 10 | J23: 10 | K23: 8 | L23: 7 | M23: 8 | N23: 7 | O23: 6 | P23: 8 | Q23: 4 | R23: 8 | S23: 10 | T23: 8 | U23: =IF(COUNTIF(F23:T23,"=*")>0,"-",IF(COUNTIF(F23:T23,"<4")>0,"-",(IFERROR(AVERAGE(F23:T23),"")))) -> 8.0666667
C24: Б | D24: 14 | E24: Харісов Данило Іванович | F24: 10 | G24: 6 | H24: 9 | I24: 9 | J24: 9 | K24: 9 | L24: 7 | M24: 7 | N24: 8 | O24: 4 | P24: 6 | Q24: 6 | R24: 5 | S24: 10 | T24: 7 | U24: =IF(COUNTIF(F24:T24,"=*")>0,"-",IF(COUNTIF(F24:T24,"<4")>0,"-",(IFERROR(AVERAGE(F24:T24),"")))) -> 7.4666667
C25: Б | D25: 15 | E25: Цуркан Андрій Юрійович | F25: 10 | G25: 10 | H25: 8 | I25: 10 | J25: 9 | K25: 9 | L25: 8 | M25: 7 | N25: 8 | O25: 5 | P25: 9 | Q25: 7 | R25: 8 | S25: 9 | T25: 8 | U25: =IF(COUNTIF(F25:T25,"=*")>0,"-",IF(COUNTIF(F25:T25,"<4")>0,"-",(IFERROR(AVERAGE(F25:T25),"")))) -> 8.3333333
C26: Б | D26: 16 | E26: Чижовський Вадим Володимирович | F26: 6 | G26: 6 | H26: 7 | I26: 7 | J26: 7 | K26: 4 | L26: 4 | M26: н/а | N26: 5 | O26: н/а | P26: 4 | Q26: 4 | R26: 4 | S26: 4 | T26: 5 | U26: =IF(COUNTIF(F26:T26,"=*")>0,"-",IF(COUNTIF(F26:T26,"<4")>0,"-",(IFERROR(AVERAGE(F26:T26),"")))) -> -
C27: Б | D27: 17 | E27: Шартавський Клим Олегович | F27: 7 | G27: 6 | H27: 8 | I27: 8 | J27: 6 | K27: 4 | L27: 6 | M27: 4 | N27: 6 | O27: 4 | P27: 4 | Q27: 6 | R27: 4 | S27: 10 | T27: 5 | U27: =IF(COUNTIF(F27:T27,"=*")>0,"-",IF(COUNTIF(F27:T27,"<4")>0,"-",(IFERROR(AVERAGE(F27:T27),"")))) -> 5.8666667
C28: К | D28: 18 | E28: Юрченко Михайло Олександрович | F28: 9 | G28: 8 | H28: 8 | I28: 9 | J28: 10 | K28: 4 | L28: 6 | M28: 7 | N28: 8 | O28: 5 | P28: 7 | Q28: 6 | R28: 5 | S28: 8 | T28: 7 | U28: =IF(COUNTIF(F28:T28,"=*")>0,"-",IF(COUNTIF(F28:T28,"<4")>0,"-",(IFERROR(AVERAGE(F28:T28),"")))) -> 7.1333333
E29: Середній бал успішності з дисципліни | F29: =IF(SUM(F11:F28)=0,"",SUM(F11:F28)/$D28) -> 7.6666667 | G29: =IF(SUM(G11:G28)=0,"",SUM(G11:G28)/$D28) -> 6.8333333 | H29: =IF(SUM(H11:H28)=0,"",SUM(H11:H28)/$D28) -> 7.7222222 | I29: =IF(SUM(I11:I28)=0,"",SUM(I11:I28)/$D28) -> 7.8888889 | J29: =IF(SUM(J11:J28)=0,"",SUM(J11:J28)/$D28) -> 6.8333333 | K29: =IF(SUM(K11:K28)=0,"",SUM(K11:K28)/$D28) -> 6.4444444 | L29: =IF(SUM(L11:L28)=0,"",SUM(L11:L28)/$D28) -> 5.7777778 | M29: =IF(SUM(M11:M28)=0,"",SUM(M11:M28)/$D28) -> 5.0555556 | ... T29: =IF(SUM(T11:T28)=0,"",SUM(T11:T28)/$D28) -> 5.9444444 | U29: =IF(COUNTIF(F29:T29,"=*")>0,"-",IF(COUNTIF(F29:T29,"<4")>0,"-",(IFERROR(AVERAGE(F29:T29),"")))) -> 6.3222222
E30: Абсолютна успішність | F30: =IF(SUM(F11:F28)=0,"",IF(COUNTIF(F11:F28,">=4")=0,0,COUNTIF(F11:F28,">=4")/$D28*100)) -> 100 | G30: =IF(SUM(G11:G28)=0,"",IF(COUNTIF(G11:G28,">=4")=0,0,COUNTIF(G11:G28,">=4")/$D28*100)) -> 100 | H30: =IF(SUM(H11:H28)=0,"",IF(COUNTIF(H11:H28,">=4")=0,0,COUNTIF(H11:H28,">=4")/$D28*100)) -> 100 | I30: =IF(SUM(I11:I28)=0,"",IF(COUNTIF(I11:I28,">=4")=0,0,COUNTIF(I11:I28,">=4")/$D28*100)) -> 100 | J30: =IF(SUM(J11:J28)=0,"",IF(COUNTIF(J11:J28,">=4")=0,0,COUNTIF(J11:J28,">=4")/$D28*100)) -> 100 | K30: =IF(SUM(K11:K28)=0,"",IF(COUNTIF(K11:K28,">=4")=0,0,COUNTIF(K11:K28,">=4")/$D28*100)) -> 100 | L30: =IF(SUM(L11:L28)=0,"",IF(COUNTIF(L11:L28,">=4")=0,0,COUNTIF(L11:L28,">=4")/$D28*100)) -> 100 | M30: =IF(SUM(M11:M28)=0,"",IF(COUNTIF(M11:M28,">=4")=0,0,COUNTIF(M11:M28,">=4")/$D28*100)) -> 83.333333 | ... T30: =IF(SUM(T11:T28)=0,"",IF(COUNTIF(T11:T28,">=4")=0,0,COUNTIF(T11:T28,">=4")/$D28*100)) -> 100
E31: Якісна успішність | F31: =IF(SUM(F11:F28)=0,"",IF(COUNTIF(F11:F28,">=7")=0,0,COUNTIF(F11:F28,">=7")/$D28*100)) -> 83.333333 | G31: =IF(SUM(G11:G28)=0,"",IF(COUNTIF(G11:G28,">=7")=0,0,COUNTIF(G11:G28,">=7")/$D28*100)) -> 61.111111 | H31: =IF(SUM(H11:H28)=0,"",IF(COUNTIF(H11:H28,">=7")=0,0,COUNTIF(H11:H28,">=7")/$D28*100)) -> 66.666667 | I31: =IF(SUM(I11:I28)=0,"",IF(COUNTIF(I11:I28,">=7")=0,0,COUNTIF(I11:I28,">=7")/$D28*100)) -> 88.888889 | J31: =IF(SUM(J11:J28)=0,"",IF(COUNTIF(J11:J28,">=7")=0,0,COUNTIF(J11:J28,">=7")/$D28*100)) -> 44.444444 | K31: =IF(SUM(K11:K28)=0,"",IF(COUNTIF(K11:K28,">=7")=0,0,COUNTIF(K11:K28,">=7")/$D28*100)) -> 55.555556 | L31: =IF(SUM(L11:L28)=0,"",IF(COUNTIF(L11:L28,">=7")=0,0,COUNTIF(L11:L28,">=7")/$D28*100)) -> 44.444444 | M31: =IF(SUM(M11:M28)=0,"",IF(COUNTIF(M11:M28,">=7")=0,0,COUNTIF(M11:M28,">=7")/$D28*100)) -> 38.888889 | ... T31: =IF(SUM(T11:T28)=0,"",IF(COUNTIF(T11:T28,">=7")=0,0,COUNTIF(T11:T28,">=7")/$D28*100)) -> 38.888889
E32: Абсолютна успішність по групі | F32: =IFERROR(AVERAGE(F30:T30),"") -> 98.148148
E33: Якісна успішність по групі | F33: =IFERROR(AVERAGE(F31:T31),"") -> 47.777778
E34: Кількість бюджетників | F34: =IF(COUNTIF(C11:C28,"=Б")=0,IF(COUNTIF(C11:C28,"=К")=0,"",0),COUNTIF(C11:C28,"=Б")) -> 15
E35: Кількість контрактників | F35: =IF(COUNTIF(C11:C28,"=К")=0,IF(COUNTIF(C11:C28,"=Б")=0,"",0),COUNTIF(C11:C28,"=К")) -> 3 | I35: Класний керівник | P35: Наталія КАЛЮТА
E36: Кількість соціального контингенту | F36: 3
E37: Вийшли на стипендію | F37: 6 | I37: Завідувачка відділення ПЗСО | P37: Маргарита БРІТІКОВА

Sheet Рейтингова відомість 141
C3: ВІДОКРЕМЛЕНИЙ СТРУКТУРНИЙ ПІДРОЗДІЛ «ФАХОВИЙ КОЛЕДЖ НАФТОГАЗОВИХ ТЕХНОЛОГІЙ, ІНЖЕНЕРІЇ ТА ІНФРАСТРУКТУРИ СЕРВІСУ
C4: ОДЕСЬКОГО НАЦІОНАЛЬНОГО ТЕХНОЛОГІЧНОГО УНІВЕРСИТЕТУ»
C5: РЕЙТИНГОВА ВІДОМІСТЬ
C6: Успішності студентів спеціальності 141 «Електроенергетика, електротехніка та електромеханіка»
C7: За ІI семестр 2023-2024 н.р.
C8: Група 23-4 курс І
C9: Б/К | D9: № п/п | E9: Прізвище, ім’я, по батькові | F9: Підсумкові оцінки дисциплін
F10: Астрономія Наговська Т.С. | G10: Біологія Богданенко О.В. | H10: Всесвітня історія Мельничук С.А. | I10: Географія Наговська Т.С. | J10: Зарубіжна література Сербулова Ю.А. | K10: Захист України Лазар В.І. | L10: Іноземна мова Кубова Т.М. | M10: Інформатика Вівдіч М.І. | N10: Історія України Левчук Т.Г. | O10: Математика Земляна Т.М. | P10: Українська література Юрченко О.Б. | Q10: Українська мова Юрченко О.Б. | R10: Фізика Калюта Н.М. | S10: Фізична культура Кулатов В.М. | T10: Хімія Леонова Д.І. | U10: Середній бал | V10: Рейтинговий бал
C11: Б | D11: 1 | E11: Цуркан Андрій Юрійович | F11: 10 | G11: 10 | H11: 8 | I11: 10 | J11: 9 | K11: 9 | L11: 8 | M11: 7 | N11: 8 | O11: 5 | P11: 9 | Q11: 7 | R11: 8 | S11: 9 | T11: 8 | U11: =IF(COUNTIF(F11:T11,"=*")>0,"-",IF(COUNTIF(F11:T11,"<4")>0,"-",(IFERROR(AVERAGE(F11:T11),"")))) -> 8.3333333 | V11: =U11/12*90 -> 62.5
C12: Б | D12: 2 | E12: Пунтус Артем Євгенович | F12: 10 | G12: 9 | H12: 10 | I12: 10 | J12: 10 | K12: 8 | L12: 7 | M12: 8 | N12: 7 | O12: 5 | P12: 9 | Q12: 8 | R12: 7 | S12: 9 | T12: 7 | U12: =IF(COUNTIF(F12:T12,"=*")>0,"-",IF(COUNTIF(F12:T12,"<4")>0,"-",(IFERROR(AVERAGE(F12:T12),"")))) -> 8.2666667 | V12: =U12/12*90 -> 62
C13: Б | D13: 3 | E13: Дьомін Євгеній Олександрович | F13: 9 | G13: 9 | H13: 9 | I13: 8 | J13: 9 | K13: 8 | L13: 8 | M13: 9 | N13: 8 | O13: 6 | P13: 8 | Q13: 6 | R13: 7 | S13: 11 | T13: 7 | U13: =IF(COUNTIF(F13:T13,"=*")>0,"-",IF(COUNTIF(F13:T13,"<4")>0,"-",(IFERROR(AVERAGE(F13:T13),"")))) -> 8.1333333 | V13: =U13/12*90 -> 61
C14: Б | D14: 4 | E14: Сулейманов Леонід Олексійович | F14: 9 | G14: 8 | H14: 10 | I14: 10 | J14: 10 | K14: 8 | L14: 7 | M14: 8 | N14: 7 | O14: 6 | P14: 8 | Q14: 4 | R14: 8 | S14: 10 | T14: 8 | U14: =IF(COUNTIF(F14:T14,"=*")>0,"-",IF(COUNTIF(F14:T14,"<4")>0,"-",(IFERROR(AVERAGE(F14:T14),"")))) -> 8.0666667 | V14: =U14/12*90 -> 60.5
C15: Б | D15: 5 | E15: Харісов Данило Іванович | F15: 10 | G15: 6 | H15: 9 | I15: 9 | J15: 9 | K15: 9 | L15: 7 | M15: 7 | N15: 8 | O15: 4 | P15: 6 | Q15: 6 | R15: 5 | S15: 10 | T15: 7 | U15: =IF(COUNTIF(F15:T15,"=*")>0,"-",IF(COUNTIF(F15:T15,"<4")>0,"-",(IFERROR(AVERAGE(F15:T15),"")))) -> 7.4666667 | V15: =U15/12*90 -> 56
C16: Б | D16: 6 | E16: Никифоров Микола Анатолійович | F16: 8 | G16: 8 | H16: 8 | I16: 9 | J16: 8 | K16: 4 | L16: 8 | M16: 8 | N16: 8 | O16: 9 | P16: 4 | Q16: 6 | R16: 9 | S16: 5 | T16: 8 | U16: =IF(COUNTIF(F16:T16,"=*")>0,"-",IF(COUNTIF(F16:T16,"<4")>0,"-",(IFERROR(AVERAGE(F16:T16),"")))) -> 7.3333333 | V16: =U16/12*90 -> 55
C17: Б | D17: 7 | E17: Старощук Данііл Сергійович | F17: 8 | G17: 8 | H17: 9 | I17: 8 | J17: 5 | K17: 8 | L17: 8 | M17: 6 | N17: 8 | O17: 5 | P17: 4 | Q17: 6 | R17: 5 | S17: 10 | T17: 5 | U17: =IF(COUNTIF(F17:T17,"=*")>0,"-",IF(COUNTIF(F17:T17,"<4")>0,"-",(IFERROR(AVERAGE(F17:T17),"")))) -> 6.8666667 | V17: =U17/12*90 -> 51.5
C18: Б | D18: 8 | E18: Зернаєв Андрій Ростиславович | F18: 7 | G18: 8 | H18: 8 | I18: 8 | J18: 6 | K18: 8 | L18: 7 | M18: 5 | N18: 8 | O18: 6 | P18: 5 | Q18: 4 | R18: 5 | S18: 9 | T18: 6 | U18: =IF(COUNTIF(F18:T18,"=*")>0,"-",IF(COUNTIF(F18:T18,"<4")>0,"-",(IFERROR(AVERAGE(F18:T18),"")))) -> 6.6666667 | V18: =U18/12*90 -> 50
C19: Б | D19: 9 | E19: Лисоконь Владислав Олександрович | F19: 7 | G19: 7 | H19: 10 | I19: 7 | J19: 5 | K19: 9 | L19: 4 | M19: 5 | N19: 5 | O19: 4 | P19: 4 | Q19: 4 | R19: 4 | S19: 10 | T19: 5 | U19: =IF(COUNTIF(F19:T19,"=*")>0,"-",IF(COUNTIF(F19:T19,"<4")>0,"-",(IFERROR(AVERAGE(F19:T19),"")))) -> 6 | V19: =U19/12*90 -> 45
C20: Б | D20: 10 | E20: Шартавський Клим Олегович | F20: 7 | G20: 6 | H20: 8 | I20: 8 | J20: 6 | K20: 4 | L20: 6 | M20: 4 | N20: 6 | O20: 4 | P20: 4 | Q20: 6 | R20: 4 | S20: 10 | T20: 5 | U20: =IF(COUNTIF(F20:T20,"=*")>0,"-",IF(COUNTIF(F20:T20,"<4")>0,"-",(IFERROR(AVERAGE(F20:T20),"")))) -> 5.8666667 | V20: =U20/12*90 -> 44
C21: Б | D21: 11 | E21: Дерменжи Дмитро Віталійович | F21: 7 | G21: 7 | H21: 6 | I21: 7 | J21: 5 | K21: 9 | L21: 4 | M21: 4 | N21: 7 | O21: 4 | P21: 4 | Q21: 4 | R21: 6 | S21: 6 | T21: 6 | U21: =IF(COUNTIF(F21:T21,"=*")>0,"-",IF(COUNTIF(F21:T21,"<4")>0,"-",(IFERROR(AVERAGE(F21:T21),"")))) -> 5.7333333 | V21: =U21/12*90 -> 43
C22: Б | D22: 12 | E22: Волков Роман Сергійович | F22: 7 | G22: 7 | H22: 6 | I22: 7 | J22: 6 | K22: 8 | L22: 4 | M22: 5 | N22: 4 | O22: 4 | P22: 4 | Q22: 4 | R22: 4 | S22: 10 | T22: 5 | U22: =IF(COUNTIF(F22:T22,"=*")>0,"-",IF(COUNTIF(F22:T22,"<4")>0,"-",(IFERROR(AVERAGE(F22:T22),"")))) -> 5.6666667 | V22: =U22/12*90 -> 42.5
... C24: Б | D24: 14 | E24: Соловйов Сергій Леонідович | F24: 4 | G24: 4 | H24: 5 | I24: 4 | J24: 4 | K24: 4 | L24: 4 | M24: 4 | N24: 4 | O24: 4 | P24: 4 | Q24: 4 | R24: 4 | S24: 5 | T24: 4 | U24: =IF(COUNTIF(F24:T24,"=*")>0,"-",IF(COUNTIF(F24:T24,"<4")>0,"-",(IFERROR(AVERAGE(F24:T24),"")))) -> 4.1333333 | V24: =U24/12*90 -> 31
E25: Кількість бюджетників | F25: ='Зведена 141'!F34 -> 15
E26: Кількість контрактників | F26: ='Зведена 141'!F35 -> 3 | I26: Класний керівник | P26: Наталія КАЛЮТА
E27: Кількість соціального контингенту | F27: ='Зведена 141'!F36 -> 3
E28: Вийшли на стипендію | F28: ='Зведена 141'!F37 -> 6 | I28: Завідувачка відділення ПЗСО | P28: Маргарита БРІТІКОВА

Sheet Зведена 185
C3: ВІДОКРЕМЛЕНИЙ СТРУКТУРНИЙ ПІДРОЗДІЛ «ФАХОВИЙ КОЛЕДЖ НАФТОГАЗОВИХ ТЕХНОЛОГІЙ, ІНЖЕНЕРІЇ ТА ІНФРАСТРУКТУРИ СЕРВІСУ
C4: ОДЕСЬКОГО НАЦІОНАЛЬНОГО ТЕХНОЛОГІЧНОГО УНІВЕРСИТЕТУ»
C5: ЗВЕДЕНА ВІДОМІСТЬ
C6: Успішності студентів спеціальності 185 «Нафтогазова інженерія та технології»
C7: За ІI семестр 2023-2024 н.р.
C8: Група 23-4 курс І
C9: Б/К | D9: № п/п | E9: Прізвище, ім’я, по батькові | F9: Підсумкові оцінки дисциплін
F10: Астрономія Наговська Т.С. | G10: Біологія Богданенко О.В. | H10: Всесвітня історія Мельничук С.А. | I10: Географія Наговська Т.С. | J10: Зарубіжна література Сербулова Ю.А. | K10: Захист України Лазар В.І. | L10: Іноземна мова Кубова Т.М. | M10: Інформатика Вівдіч М.І. | N10: Історія України Левчук Т.Г. | O10: Математика Земляна Т.М. | P10: Українська література Юрченко О.Б. | Q10: Українська мова Юрченко О.Б. | R10: Фізика Калюта Н.М. | S10: Фізична культура Кулатов В.М. | T10: Хімія Леонова Д.І. | U10: Середній бал
C11: Б | D11: 1 | E11: Боджаров Ігор Ігорович | F11: 9 | G11: 6 | H11: 8 | I11: 10 | J11: 10 | K11: 7 | L11: 8 | M11: 5 | N11: 7 | O11: 5 | P11: 4 | Q11: 6 | R11: 5 | S11: 5 | T11: 6 | U11: =IF(COUNTIF(F11:T11,"=*")>0,"-",IF(COUNTIF(F11:T11,"<4")>0,"-",(IFERROR(AVERAGE(F11:T11),"")))) -> 6.7333333
C12: Б | D12: 2 | E12: Влах Микита Дмитрович | F12: 9 | G12: 10 | H12: 10 | I12: 9 | J12: 8 | K12: 8 | L12: 7 | M12: 7 | N12: 7 | O12: 5 | P12: 5 | Q12: 6 | R12: 6 | S12: 9 | T12: 7 | U12: =IF(COUNTIF(F12:T12,"=*")>0,"-",IF(COUNTIF(F12:T12,"<4")>0,"-",(IFERROR(AVERAGE(F12:T12),"")))) -> 7.5333333
C13: Б | D13: 3 | E13: Возіков Олексій Віталійович | F13: 10 | G13: 9 | H13: 10 | I13: 10 | J13: 7 | K13: 9 | L13: 7 | M13: 7 | N13: 9 | O13: 5 | P13: 8 | Q13: 6 | R13: 9 | S13: 11 | T13: 8 | U13: =IF(COUNTIF(F13:T13,"=*")>0,"-",IF(COUNTIF(F13:T13,"<4")>0,"-",(IFERROR(AVERAGE(F13:T13),"")))) -> 8.3333333
C14: Б | D14: 4 | E14: Гнатюк Микита Петрович | F14: 10 | G14: 10 | H14: 9 | I14: 9 | J14: 10 | K14: 4 | L14: 9 | M14: 8 | N14: 8 | O14: 4 | P14: 6 | Q14: 5 | R14: 9 | S14: 8 | T14: 7 | U14: =IF(COUNTIF(F14:T14,"=*")>0,"-",IF(COUNTIF(F14:T14,"<4")>0,"-",(IFERROR(AVERAGE(F14:T14),"")))) -> 7.7333333
C15: Б | D15: 5 | E15: Дьячков Денис Васильович | F15: 10 | G15: 11 | H15: 10 | I15: 10 | J15: 10 | K15: 9 | L15: 8 | M15: 10 | N15: 9 | O15: 6 | P15: 11 | Q15: 10 | R15: 7 | S15: 10 | T15: 8 | U15: =IF(COUNTIF(F15:T15,"=*")>0,"-",IF(COUNTIF(F15:T15,"<4")>0,"-",(IFERROR(AVERAGE(F15:T15),"")))) -> 9.2666667
C16: Б | D16: 6 | E16: Кушнір Дмитро Романович | F16: 10 | G16: 10 | H16: 10 | I16: 10 | J16: 10 | K16: 8 | L16: 11 | M16: 9 | N16: 8 | O16: 8 | P16: 10 | Q16: 10 | R16: 9 | S16: 8 | T16: 9 | U16: =IF(COUNTIF(F16:T16,"=*")>0,"-",IF(COUNTIF(F16:T16,"<4")>0,"-",(IFERROR(AVERAGE(F16:T16),"")))) -> 9.3333333
C17: Б | D17: 7 | E17: Плотніченко Іван Андрійович | F17: 10 | G17: 11 | H17: 8 | I17: 9 | J17: 8 | K17: 6 | L17: 6 | M17: 7 | N17: 7 | O17: 5 | P17: 7 | Q17: 7 | R17: 8 | S17: 8 | T17: 7 | U17: =IF(COUNTIF(F17:T17,"=*")>0,"-",IF(COUNTIF(F17:T17,"<4")>0,"-",(IFERROR(AVERAGE(F17:T17),"")))) -> 7.6
C18: Б | D18: 8 | E18: Прокіпчук Станіслав Олександрович | F18: 8 | G18: 9 | H18: 8 | I18: 9 | J18: 8 | K18: 8 | L18: 6 | M18: 5 | N18: 4 | O18: 4 | P18: 4 | Q18: 6 | R18: 4 | S18: 4 | T18: 6 | U18: =IF(COUNTIF(F18:T18,"=*")>0,"-",IF(COUNTIF(F18:T18,"<4")>0,"-",(IFERROR(AVERAGE(F18:T18),"")))) -> 6.2
C19: Б | D19: 9 | E19: Трунін Михайло Юрійович | F19: 9 | G19: 4 | H19: 8 | I19: 8 | J19: 8 | K19: 4 | L19: 7 | M19: 5 | N19: 6 | O19: 4 | P19: 4 | Q19: 4 | R19: 5 | S19: 5 | T19: 6 | U19: =IF(COUNTIF(F19:T19,"=*")>0,"-",IF(COUNTIF(F19:T19,"<4")>0,"-",(IFERROR(AVERAGE(F19:T19),"")))) -> 5.8
C20: Б | D20: 10 | E20: Шмарко Юрій Вадимович | F20: 8 | G20: 7 | H20: 9 | I20: 8 | J20: 5 | K20: 6 | L20: 6 | M20: 4 | N20: 6 | O20: 4 | P20: 6 | Q20: 5 | R20: 6 | S20: 8 | T20: 6 | U20: =IF(COUNTIF(F20:T20,"=*")>0,"-",IF(COUNTIF(F20:T20,"<4")>0,"-",(IFERROR(AVERAGE(F20:T20),"")))) -> 6.2666667
E21: Середній бал успішності з дисципліни | F21: =IF(SUM(F11:F20)=0,"",SUM(F11:F20)/$D20) -> 9.3 | G21: =IF(SUM(G11:G20)=0,"",SUM(G11:G20)/$D20) -> 8.7 | H21: =IF(SUM(H11:H20)=0,"",SUM(H11:H20)/$D20) -> 9 | I21: =IF(SUM(I11:I20)=0,"",SUM(I11:I20)/$D20) -> 9.2 | J21: =IF(SUM(J11:J20)=0,"",SUM(J11:J20)/$D20) -> 8.4 | K21: =IF(SUM(K11:K20)=0,"",SUM(K11:K20)/$D20) -> 6.9 | L21: =IF(SUM(L11:L20)=0,"",SUM(L11:L20)/$D20) -> 7.5 | M21: =IF(SUM(M11:M20)=0,"",SUM(M11:M20)/$D20) -> 6.7 | ... T21: =IF(SUM(T11:T20)=0,"",SUM(T11:T20)/$D20) -> 7 | U21: =IFERROR(AVERAGE(F21:T21),"") -> 7.48
E22: Абсолютна успішність | F22: =IF(SUM(F11:F20)=0,"",IF(COUNTIF(F11:F20,">=4")=0,0,COUNTIF(F11:F20,">=4")/$D20*100)) -> 100 | G22: =IF(SUM(G11:G20)=0,"",IF(COUNTIF(G11:G20,">=4")=0,0,COUNTIF(G11:G20,">=4")/$D20*100)) -> 100 | H22: =IF(SUM(H11:H20)=0,"",IF(COUNTIF(H11:H20,">=4")=0,0,COUNTIF(H11:H20,">=4")/$D20*100)) -> 100 | I22: =IF(SUM(I11:I20)=0,"",IF(COUNTIF(I11:I20,">=4")=0,0,COUNTIF(I11:I20,">=4")/$D20*100)) -> 100 | J22: =IF(SUM(J11:J20)=0,"",IF(COUNTIF(J11:J20,">=4")=0,0,COUNTIF(J11:J20,">=4")/$D20*100)) -> 100 | K22: =IF(SUM(K11:K20)=0,"",IF(COUNTIF(K11:K20,">=4")=0,0,COUNTIF(K11:K20,">=4")/$D20*100)) -> 100 | L22: =IF(SUM(L11:L20)=0,"",IF(COUNTIF(L11:L20,">=4")=0,0,COUNTIF(L11:L20,">=4")/$D20*100)) -> 100 | M22: =IF(SUM(M11:M20)=0,"",IF(COUNTIF(M11:M20,">=4")=0,0,COUNTIF(M11:M20,">=4")/$D20*100)) -> 100 | ... T22: =IF(SUM(T11:T20)=0,"",IF(COUNTIF(T11:T20,">=4")=0,0,COUNTIF(T11:T20,">=4")/$D20*100)) -> 100
E23: Якісна успішність | F23: =IF(SUM(F11:F20)=0,"",IF(COUNTIF(F11:F20,">=7")=0,0,COUNTIF(F11:F20,">=7")/$D20*100)) -> 100 | G23: =IF(SUM(G11:G20)=0,"",IF(COUNTIF(G11:G20,">=7")=0,0,COUNTIF(G11:G20,">=7")/$D20*100)) -> 80 | H23: =IF(SUM(H11:H20)=0,"",IF(COUNTIF(H11:H20,">=7")=0,0,COUNTIF(H11:H20,">=7")/$D20*100)) -> 100 | I23: =IF(SUM(I11:I20)=0,"",IF(COUNTIF(I11:I20,">=7")=0,0,COUNTIF(I11:I20,">=7")/$D20*100)) -> 100 | J23: =IF(SUM(J11:J20)=0,"",IF(COUNTIF(J11:J20,">=7")=0,0,COUNTIF(J11:J20,">=7")/$D20*100)) -> 90 | K23: =IF(SUM(K11:K20)=0,"",IF(COUNTIF(K11:K20,">=7")=0,0,COUNTIF(K11:K20,">=7")/$D20*100)) -> 60 | L23: =IF(SUM(L11:L20)=0,"",IF(COUNTIF(L11:L20,">=7")=0,0,COUNTIF(L11:L20,">=7")/$D20*100)) -> 70 | M23: =IF(SUM(M11:M20)=0,"",IF(COUNTIF(M11:M20,">=7")=0,0,COUNTIF(M11:M20,">=7")/$D20*100)) -> 60 | ... T23: =IF(SUM(T11:T20)=0,"",IF(COUNTIF(T11:T20,">=7")=0,0,COUNTIF(T11:T20,">=7")/$D20*100)) -> 60
E24: Абсолютна успішність по групі | F24: =IFERROR(AVERAGE(F22:T22),"") -> 100
E25: Якісна успішність по групі | F25: =IFERROR(AVERAGE(F23:T23),"") -> 66
E26: Кількість бюджетників | F26: =IF(COUNTIF(C11:C20,"=Б")=0,IF(COUNTIF(C11:C20,"=К")=0,"",0),COUNTIF(C11:C20,"=Б")) -> 10
E27: Кількість контрактників | F27: =IF(COUNTIF(C11:C20,"=К")=0,IF(COUNTIF(C11:C20,"=Б")=0,"",0),COUNTIF(C11:C20,"=К")) -> 0 | I27: Класний керівник | P27: Наталія КАЛЮТА
E28: Кількість соціального контингенту | F28: 2
E29: Вийшли на стипендію | F29: 4 | I29: Завідувач відділення ПЗСО | P29: Маргарита БРІТІКОВА

Sheet Рейтингова відомість 185
C3: ВІДОКРЕМЛЕНИЙ СТРУКТУРНИЙ ПІДРОЗДІЛ «ФАХОВИЙ КОЛЕДЖ НАФТОГАЗОВИХ ТЕХНОЛОГІЙ, ІНЖЕНЕРІЇ ТА ІНФРАСТРУКТУРИ СЕРВІСУ
C4: ОДЕСЬКОГО НАЦІОНАЛЬНОГО ТЕХНОЛОГІЧНОГО УНІВЕРСИТЕТУ»
C5: РЕЙТИНГОВА ВІДОМІСТЬ
C6: Успішності студентів спеціальності 185 «Нафтогазова інженерія та технології»
C7: За ІI семестр 2023-2024 н.р.
C8: Група 23-4 курс І
C9: Б/К | D9: № п/п | E9: Прізвище, ім’я, по батькові | F9: Підсумкові оцінки дисциплін
F10: Астрономія Наговська Т.С. | G10: Біологія Богданенко О.В. | H10: Всесвітня історія Мельничук С.А. | I10: Географія Наговська Т.С. | J10: Зарубіжна література Сербулова Ю.А. | K10: Захист України Лазар В.І. | L10: Іноземна мова Кубова Т.М. | M10: Інформатика Вівдіч М.І. | N10: Історія України Левчук Т.Г. | O10: Математика Земляна Т.М. | P10: Українська література Юрченко О.Б. | Q10: Українська мова Юрченко О.Б. | R10: Фізика Калюта Н.М. | S10: Фізична культура Кулатов В.М. | T10: Хімія Леонова Д.І. | U10: Середній бал | V10: Рейтинговий бал
C11: Б | D11: 1 | E11: Кушнір Дмитро Романович | F11: 10 | G11: 10 | H11: 10 | I11: 10 | J11: 10 | K11: 8 | L11: 11 | M11: 9 | N11: 8 | O11: 8 | P11: 10 | Q11: 10 | R11: 9 | S11: 8 | T11: 9 | U11: =IF(COUNTIF(F11:T11,"=*")>0,"-",IF(COUNTIF(F11:T11,"<4")>0,"-",(IFERROR(AVERAGE(F11:T11),"")))) -> 9.3333333 | V11: =U11/12*90 -> 70
C12: Б | D12: 2 | E12: Дьячков Денис Васильович | F12: 10 | G12: 11 | H12: 10 | I12: 10 | J12: 10 | K12: 9 | L12: 8 | M12: 10 | N12: 9 | O12: 6 | P12: 11 | Q12: 10 | R12: 7 | S12: 10 | T12: 8 | U12: =IF(COUNTIF(F12:T12,"=*")>0,"-",IF(COUNTIF(F12:T12,"<4")>0,"-",(IFERROR(AVERAGE(F12:T12),"")))) -> 9.2666667 | V12: =U12/12*90 -> 69.5
C13: Б | D13: 3 | E13: Возіков Олексій Віталійович | F13: 10 | G13: 9 | H13: 10 | I13: 10 | J13: 7 | K13: 9 | L13: 7 | M13: 7 | N13: 9 | O13: 5 | P13: 8 | Q13: 6 | R13: 9 | S13: 11 | T13: 8 | U13: =IF(COUNTIF(F13:T13,"=*")>0,"-",IF(COUNTIF(F13:T13,"<4")>0,"-",(IFERROR(AVERAGE(F13:T13),"")))) -> 8.3333333 | V13: =U13/12*90 -> 62.5
C14: Б | D14: 4 | E14: Гнатюк Микита Петрович | F14: 10 | G14: 10 | H14: 9 | I14: 9 | J14: 10 | K14: 4 | L14: 9 | M14: 8 | N14: 8 | O14: 4 | P14: 6 | Q14: 5 | R14: 9 | S14: 8 | T14: 7 | U14: =IF(COUNTIF(F14:T14,"=*")>0,"-",IF(COUNTIF(F14:T14,"<4")>0,"-",(IFERROR(AVERAGE(F14:T14),"")))) -> 7.7333333 | V14: =U14/12*90 -> 58
C15: Б | D15: 5 | E15: Плотніченко Іван Андрійович | F15: 10 | G15: 11 | H15: 8 | I15: 9 | J15: 8 | K15: 6 | L15: 6 | M15: 7 | N15: 7 | O15: 5 | P15: 7 | Q15: 7 | R15: 8 | S15: 8 | T15: 7 | U15: =IF(COUNTIF(F15:T15,"=*")>0,"-",IF(COUNTIF(F15:T15,"<4")>0,"-",(IFERROR(AVERAGE(F15:T15),"")))) -> 7.6 | V15: =U15/12*90 -> 57
C16: Б | D16: 6 | E16: Влах Микита Дмитрович | F16: 9 | G16: 10 | H16: 10 | I16: 9 | J16: 8 | K16: 8 | L16: 7 | M16: 7 | N16: 7 | O16: 5 | P16: 5 | Q16: 6 | R16: 6 | S16: 9 | T16: 7 | U16: =IF(COUNTIF(F16:T16,"=*")>0,"-",IF(COUNTIF(F16:T16,"<4")>0,"-",(IFERROR(AVERAGE(F16:T16),"")))) -> 7.5333333 | V16: =U16/12*90 -> 56.5
C17: Б | D17: 7 | E17: Боджаров Ігор Ігорович | F17: 9 | G17: 6 | H17: 8 | I17: 10 | J17: 10 | K17: 7 | L17: 8 | M17: 5 | N17: 7 | O17: 5 | P17: 4 | Q17: 6 | R17: 5 | S17: 5 | T17: 6 | U17: =IF(COUNTIF(F17:T17,"=*")>0,"-",IF(COUNTIF(F17:T17,"<4")>0,"-",(IFERROR(AVERAGE(F17:T17),"")))) -> 6.7333333 | V17: =U17/12*90 -> 50.5
C18: Б | D18: 8 | E18: Шмарко Юрій Вадимович | F18: 8 | G18: 7 | H18: 9 | I18: 8 | J18: 5 | K18: 6 | L18: 6 | M18: 4 | N18: 6 | O18: 4 | P18: 6 | Q18: 5 | R18: 6 | S18: 8 | T18: 6 | U18: =IF(COUNTIF(F18:T18,"=*")>0,"-",IF(COUNTIF(F18:T18,"<4")>0,"-",(IFERROR(AVERAGE(F18:T18),"")))) -> 6.2666667 | V18: =U18/12*90 -> 47
C19: Б | D19: 9 | E19: Прокіпчук Станіслав Олександрович | F19: 8 | G19: 9 | H19: 8 | I19: 9 | J19: 8 | K19: 8 | L19: 6 | M19: 5 | N19: 4 | O19: 4 | P19: 4 | Q19: 6 | R19: 4 | S19: 4 | T19: 6 | U19: =IF(COUNTIF(F19:T19,"=*")>0,"-",IF(COUNTIF(F19:T19,"<4")>0,"-",(IFERROR(AVERAGE(F19:T19),"")))) -> 6.2 | V19: =U19/12*90 -> 46.5
C20: Б | D20: 10 | E20: Трунін Михайло Юрійович | F20: 9 | G20: 4 | H20: 8 | I20: 8 | J20: 8 | K20: 4 | L20: 7 | M20: 5 | N20: 6 | O20: 4 | P20: 4 | Q20: 4 | R20: 5 | S20: 5 | T20: 6 | U20: =IF(COUNTIF(F20:T20,"=*")>0,"-",IF(COUNTIF(F20:T20,"<4")>0,"-",(IFERROR(AVERAGE(F20:T20),"")))) -> 5.8 | V20: =U20/12*90 -> 43.5
E21: Кількість бюджетників | F21: ='Зведена 185'!F26 -> 10
E22: Кількість контрактників | F22: ='Зведена 185'!F27 -> 0 | I22: Класний керівник | P22: Наталія КАЛЮТА
E23: Кількість соціального контингенту | F23: ='Зведена 185'!F28 -> 2
E24: Вийшли на стипендію | F24: ='Зведена 185'!F29 -> 4 | I24: Завідувач відділення ПЗСО | P24: Маргарита БРІТІКОВА
