Workbook
Name A1048577: #REF!
Name Ф80: #REF!
Name A1048577: #REF!
Name Ф80: #REF!
Name A1048577: #REF!
Name Ф80: #REF!
Name A1048577: #REF!
Name Ф80: #REF!
Name A1048577: #REF!
Name Ф80: #REF!
Name A1048577: #REF!
Name Ф80: #REF!
Name A1048577: #REF!
Name Ф80: #REF!

Sheet Загальна
A1: S
C3: ЗАГАЛЬНА ВІДОМІСТЬ З УСІМА СПЕЦІАЛЬНОСТЯМИ. НЕ ДЛЯ ДРУКУ. ЗВІДСИ ОЦІНКИ АВТОМАТИЧНО ПЕРЕНОСЯТЬСЯ ДО ВІДОМОСТЕЙ. СТВОРЕНО ДЛЯ ЛЕГШОГО ЗАПОВНЕННЯ ОЦІНОК
C8: Б/К | D8: № п/п | E8: Прізвище, ім’я, по батькові | F8: Підсумкові оцінки дисциплін | U8: Середній бал
F9: Астрономія Мельничук С.А. | G9: Біологія Богданенко О.В. | H9: Всесвітня Історія Мельничук С.А. | I9: Географія Наговська Т.С. | J9: Зарубіжна література Бабенко Л.Е. | K9: Захист України Лазар В.І. | L9: Іноземна мова Нічик Н.О. | M9: Інформатика Андрльє І.О. | N9: Історія України Левчук Т.Г. | O9: Математика Бондаренко О.С. | P9: Українська література Юрченко О.Б. | Q9: Українська мова Юрченко О.Б. | R9: Фізика Калюта Н.М. | S9: Фізична культура Возіян О.Г. | T9: Хімія Сахно Н.О.
C10: Б | D10: 1 | E10: Бернік Поліна Костянтинівна | U10: =IF(COUNTIF($F10:T10,"=*")>0,IF($C10="K","-"," - "),IF(COUNTIF($F10:T10,"<4")>0,IF($C10="K","-"," - "),(IFERROR(AVERAGE($F10:T10),"Очікую"))))
C11: К | D11: 2 | E11: Брітіков Сергій Сергійович | U11: =IF(COUNTIF($F11:T11,"=*")>0,IF($C11="K","-"," - "),IF(COUNTIF($F11:T11,"<4")>0,IF($C11="K","-"," - "),(IFERROR(AVERAGE($F11:T11),"Очікую"))))
C12: Б | D12: 3 | E12: Бучацька Олександра | U12: =IF(COUNTIF($F12:T12,"=*")>0,IF($C12="K","-"," - "),IF(COUNTIF($F12:T12,"<4")>0,IF($C12="K","-"," - "),(IFERROR(AVERAGE($F12:T12),"Очікую"))))
C13: Б | D13: 4 | E13: Важельський Серафим Олександрович | U13: =IF(COUNTIF($F13:T13,"=*")>0,IF($C13="K","-"," - "),IF(COUNTIF($F13:T13,"<4")>0,IF($C13="K","-"," - "),(IFERROR(AVERAGE($F13:T13),"Очікую"))))
C14: К | D14: 5 | E14: Вальчук Богдан Олександрович | U14: =IF(COUNTIF($F14:T14,"=*")>0,IF($C14="K","-"," - "),IF(COUNTIF($F14:T14,"<4")>0,IF($C14="K","-"," - "),(IFERROR(AVERAGE($F14:T14),"Очікую"))))
C15: Б | D15: 6 | E15: Варивода Станіслава Михайлівна | U15: =IF(COUNTIF($F15:T15,"=*")>0,IF($C15="K","-"," - "),IF(COUNTIF($F15:T15,"<4")>0,IF($C15="K","-"," - "),(IFERROR(AVERAGE($F15:T15),"Очікую"))))
C16: К | D16: 7 | E16: Господарюк Юрій Михайлович | U16: =IF(COUNTIF($F16:T16,"=*")>0,IF($C16="K","-"," - "),IF(COUNTIF($F16:T16,"<4")>0,IF($C16="K","-"," - "),(IFERROR(AVERAGE($F16:T16),"Очікую"))))
C17: К | D17: 8 | E17: Дзюбка Мирослава Володимирівна | U17: =IF(COUNTIF($F17:T17,"=*")>0,IF($C17="K","-"," - "),IF(COUNTIF($F17:T17,"<4")>0,IF($C17="K","-"," - "),(IFERROR(AVERAGE($F17:T17),"Очікую"))))
C18: К | D18: 9 | E18: Єсипович Володимир Іванович | U18: =IF(COUNTIF($F18:T18,"=*")>0,IF($C18="K","-"," - "),IF(COUNTIF($F18:T18,"<4")>0,IF($C18="K","-"," - "),(IFERROR(AVERAGE($F18:T18),"Очікую"))))
C19: Б | D19: 10 | E19: Жумайло Дар`я Юріївна | U19: =IF(COUNTIF($F19:T19,"=*")>0,IF($C19="K","-"," - "),IF(COUNTIF($F19:T19,"<4")>0,IF($C19="K","-"," - "),(IFERROR(AVERAGE($F19:T19),"Очікую"))))
C20: К | D20: 11 | E20: Залогін Володимир Євгенійович | U20: =IF(COUNTIF($F20:T20,"=*")>0,IF($C20="K","-"," - "),IF(COUNTIF($F20:T20,"<4")>0,IF($C20="K","-"," - "),(IFERROR(AVERAGE($F20:T20),"Очікую"))))
C21: К | D21: 12 | E21: Катеринюк Юрій Юрійович | U21: =IF(COUNTIF($F21:T21,"=*")>0,IF($C21="K","-"," - "),IF(COUNTIF($F21:T21,"<4")>0,IF($C21="K","-"," - "),(IFERROR(AVERAGE($F21:T21),"Очікую"))))
... C46: К | D46: 37 | E46: Шрамов`ят Михайло Ігорович | U46: =IF(COUNTIF($F46:T46,"=*")>0,IF($C46="K","-"," - "),IF(COUNTIF($F46:T46,"<4")>0,IF($C46="K","-"," - "),(IFERROR(AVERAGE($F46:T46),"Очікую"))))
E47: Середній бал успішності з дисципліни | F47: =IF(SUM(F$10:F46)=0,IF(COUNTA(F$10:F46)=0,"Очікую",0),SUM(F$10:F46)/$D46) | G47: =IF(SUM(G$10:G46)=0,IF(COUNTA(G$10:G46)=0,"Очікую",0),SUM(G$10:G46)/$D46) | H47: =IF(SUM(H$10:H46)=0,IF(COUNTA(H$10:H46)=0,"Очікую",0),SUM(H$10:H46)/$D46) | I47: =IF(SUM(I$10:I46)=0,IF(COUNTA(I$10:I46)=0,"Очікую",0),SUM(I$10:I46)/$D46) | J47: =IF(SUM(J$10:J46)=0,IF(COUNTA(J$10:J46)=0,"Очікую",0),SUM(J$10:J46)/$D46) | K47: =IF(SUM(K$10:K46)=0,IF(COUNTA(K$10:K46)=0,"Очікую",0),SUM(K$10:K46)/$D46) | L47: =IF(SUM(L$10:L46)=0,IF(COUNTA(L$10:L46)=0,"Очікую",0),SUM(L$10:L46)/$D46) | M47: =IF(SUM(M$10:M46)=0,IF(COUNTA(M$10:M46)=0,"Очікую",0),SUM(M$10:M46)/$D46) | ... T47: =IF(SUM(T$10:T46)=0,IF(COUNTA(T$10:T46)=0,"Очікую",0),SUM(T$10:T46)/$D46) | U47: =IFERROR(AVERAGE($F47:T47),"Очікую")
E48: Абсолютна успішність | F48: =IF(SUM(F$10:F46)=0,IF(COUNTA(F$10:F46)=0,"Очікую",0),IF(COUNTIF(F$10:F46,">=4")=0,0,COUNTIF(F$10:F46,">=4")/$D46*100)) | G48: =IF(SUM(G$10:G46)=0,IF(COUNTA(G$10:G46)=0,"Очікую",0),IF(COUNTIF(G$10:G46,">=4")=0,0,COUNTIF(G$10:G46,">=4")/$D46*100)) | H48: =IF(SUM(H$10:H46)=0,IF(COUNTA(H$10:H46)=0,"Очікую",0),IF(COUNTIF(H$10:H46,">=4")=0,0,COUNTIF(H$10:H46,">=4")/$D46*100)) | I48: =IF(SUM(I$10:I46)=0,IF(COUNTA(I$10:I46)=0,"Очікую",0),IF(COUNTIF(I$10:I46,">=4")=0,0,COUNTIF(I$10:I46,">=4")/$D46*100)) | J48: =IF(SUM(J$10:J46)=0,IF(COUNTA(J$10:J46)=0,"Очікую",0),IF(COUNTIF(J$10:J46,">=4")=0,0,COUNTIF(J$10:J46,">=4")/$D46*100)) | K48: =IF(SUM(K$10:K46)=0,IF(COUNTA(K$10:K46)=0,"Очікую",0),IF(COUNTIF(K$10:K46,">=4")=0,0,COUNTIF(K$10:K46,">=4")/$D46*100)) | L48: =IF(SUM(L$10:L46)=0,IF(COUNTA(L$10:L46)=0,"Очікую",0),IF(COUNTIF(L$10:L46,">=4")=0,0,COUNTIF(L$10:L46,">=4")/$D46*100)) | M48: =IF(SUM(M$10:M46)=0,IF(COUNTA(M$10:M46)=0,"Очікую",0),IF(COUNTIF(M$10:M46,">=4")=0,0,COUNTIF(M$10:M46,">=4")/$D46*100)) | ... T48: =IF(SUM(T$10:T46)=0,IF(COUNTA(T$10:T46)=0,"Очікую",0),IF(COUNTIF(T$10:T46,">=4")=0,0,COUNTIF(T$10:T46,">=4")/$D46*100))
E49: Якісна успішність | F49: =IF(SUM(F$10:F46)=0,IF(COUNTA(F$10:F46)=0,"Очікую",0),IF(COUNTIF(F$10:F46,">=7")=0,0,COUNTIF(F$10:F46,">=7")/$D46*100)) | G49: =IF(SUM(G$10:G46)=0,IF(COUNTA(G$10:G46)=0,"Очікую",0),IF(COUNTIF(G$10:G46,">=7")=0,0,COUNTIF(G$10:G46,">=7")/$D46*100)) | H49: =IF(SUM(H$10:H46)=0,IF(COUNTA(H$10:H46)=0,"Очікую",0),IF(COUNTIF(H$10:H46,">=7")=0,0,COUNTIF(H$10:H46,">=7")/$D46*100)) | I49: =IF(SUM(I$10:I46)=0,IF(COUNTA(I$10:I46)=0,"Очікую",0),IF(COUNTIF(I$10:I46,">=7")=0,0,COUNTIF(I$10:I46,">=7")/$D46*100)) | J49: =IF(SUM(J$10:J46)=0,IF(COUNTA(J$10:J46)=0,"Очікую",0),IF(COUNTIF(J$10:J46,">=7")=0,0,COUNTIF(J$10:J46,">=7")/$D46*100)) | K49: =IF(SUM(K$10:K46)=0,IF(COUNTA(K$10:K46)=0,"Очікую",0),IF(COUNTIF(K$10:K46,">=7")=0,0,COUNTIF(K$10:K46,">=7")/$D46*100)) | L49: =IF(SUM(L$10:L46)=0,IF(COUNTA(L$10:L46)=0,"Очікую",0),IF(COUNTIF(L$10:L46,">=7")=0,0,COUNTIF(L$10:L46,">=7")/$D46*100)) | M49: =IF(SUM(M$10:M46)=0,IF(COUNTA(M$10:M46)=0,"Очікую",0),IF(COUNTIF(M$10:M46,">=7")=0,0,COUNTIF(M$10:M46,">=7")/$D46*100)) | ... T49: =IF(SUM(T$10:T46)=0,IF(COUNTA(T$10:T46)=0,"Очікую",0),IF(COUNTIF(T$10:T46,">=7")=0,0,COUNTIF(T$10:T46,">=7")/$D46*100))
E50: Абсолютна успішність по групі | F50: =IFERROR(AVERAGE(F48:T48),"Очікую")
E51: Якісна успішність по групі | F51: =IFERROR(AVERAGE($F49:T49),"Очікую")
E52: Кількість бюджетників | F52: =IF(COUNTIF($C$10:$C46,"=B")=0,IF(COUNTIF($C$10:$C46,"=K")=0,"Очікую",0),COUNTIF($C$10:$C46,"=B"))
E53: Кількість контрактників | F53: =IF(COUNTIF($C$10:$C46,"=K")=0,IF(COUNTIF($C$10:$C46,"=B")=0,"Очікую",0),COUNTIF($C$10:$C46,"=K")) | H53: Класний керівник
E54: Кількість соціального контингенту
E55: Вийшли на стипендію | F55: =IF(F52="Очікую","Очікую",IF(F52-COUNTIF($U$10:$U46," - ")<ROUNDDOWN(F52*0.4,0),F52-COUNTIF($U$10:$U46," - "),ROUNDDOWN(F52*0.4,0))) | H55: Завідувач відділення ПЗСО | P55: Margarita BRITIKOVA

Sheet Зведена D5
A1: S
C3: ВІДОКРЕМЛЕНИЙ СТРУКТУРНИЙ ПІДРОЗДІЛ «ФАХОВИЙ КОЛЕДЖ НАФТОГАЗОВИХ ТЕХНОЛОГІЙ, ІНЖЕНЕРІЇ ТА ІНФРАСТРУКТУРИ СЕРВІСУ ОДЕСЬКОГО НАЦІОНАЛЬНОГО ТЕХНОЛОГІЧНОГО УНІВЕРСИТЕТУ»
C4: ЗВЕДЕНА ВІДОМІСТЬ
C5: Успішності студентів спеціальності D5 ««Маркетинг»»
C6: За II семестр 2025-2026 н.р.
C7: Група 25-1 курс I
C8: Б/К | D8: № п/п | E8: Прізвище, ім’я, по батькові | F8: Підсумкові оцінки дисциплін | U8: Середній бал
F9: ='Загальна'!F9 | G9: ='Загальна'!G9 | H9: ='Загальна'!H9 | I9: ='Загальна'!I9 | J9: ='Загальна'!J9 | K9: ='Загальна'!K9 | L9: ='Загальна'!L9 | M9: ='Загальна'!M9 | ... T9: ='Загальна'!T9
C10: ='Загальна'!C10 | D10: 1 | E10: ='Загальна'!E10 | F10: ='Загальна'!F10 | G10: ='Загальна'!G10 | H10: ='Загальна'!H10 | I10: ='Загальна'!I10 | J10: ='Загальна'!J10 | K10: ='Загальна'!K10 | L10: ='Загальна'!L10 | ... T10: ='Загальна'!T10 | U10: =IF(COUNTIF($F10:T10,"=*")>0,IF($C10="K","-"," - "),IF(COUNTIF($F10:T10,"<4")>0,IF(C10="K","-"," - "),(IFERROR(AVERAGE($F10:T10),"Очікую"))))
C11: ='Загальна'!C12 | D11: 2 | E11: ='Загальна'!E12 | F11: ='Загальна'!F12 | G11: ='Загальна'!G12 | H11: ='Загальна'!H12 | I11: ='Загальна'!I12 | J11: ='Загальна'!J12 | K11: ='Загальна'!K12 | L11: ='Загальна'!L12 | ... T11: ='Загальна'!T12 | U11: =IF(COUNTIF($F11:T11,"=*")>0,IF($C11="K","-"," - "),IF(COUNTIF($F11:T11,"<4")>0,IF(C11="K","-"," - "),(IFERROR(AVERAGE($F11:T11),"Очікую"))))
C12: ='Загальна'!C13 | D12: 3 | E12: ='Загальна'!E13 | F12: ='Загальна'!F13 | G12: ='Загальна'!G13 | H12: ='Загальна'!H13 | I12: ='Загальна'!I13 | J12: ='Загальна'!J13 | K12: ='Загальна'!K13 | L12: ='Загальна'!L13 | ... T12: ='Загальна'!T13 | U12: =IF(COUNTIF($F12:T12,"=*")>0,IF($C12="K","-"," - "),IF(COUNTIF($F12:T12,"<4")>0,IF(C12="K","-"," - "),(IFERROR(AVERAGE($F12:T12),"Очікую"))))
C13: ='Загальна'!C15 | D13: 4 | E13: ='Загальна'!E15 | F13: ='Загальна'!F15 | G13: ='Загальна'!G15 | H13: ='Загальна'!H15 | I13: ='Загальна'!I15 | J13: ='Загальна'!J15 | K13: ='Загальна'!K15 | L13: ='Загальна'!L15 | ... T13: ='Загальна'!T15 | U13: =IF(COUNTIF($F13:T13,"=*")>0,IF($C13="K","-"," - "),IF(COUNTIF($F13:T13,"<4")>0,IF(C13="K","-"," - "),(IFERROR(AVERAGE($F13:T13),"Очікую"))))
C14: ='Загальна'!C19 | D14: 5 | E14: ='Загальна'!E19 | F14: ='Загальна'!F19 | G14: ='Загальна'!G19 | H14: ='Загальна'!H19 | I14: ='Загальна'!I19 | J14: ='Загальна'!J19 | K14: ='Загальна'!K19 | L14: ='Загальна'!L19 | ... T14: ='Загальна'!T19 | U14: =IF(COUNTIF($F14:T14,"=*")>0,IF($C14="K","-"," - "),IF(COUNTIF($F14:T14,"<4")>0,IF(C14="K","-"," - "),(IFERROR(AVERAGE($F14:T14),"Очікую"))))
C15: ='Загальна'!C20 | D15: 6 | E15: ='Загальна'!E20 | F15: ='Загальна'!F20 | G15: ='Загальна'!G20 | H15: ='Загальна'!H20 | I15: ='Загальна'!I20 | J15: ='Загальна'!J20 | K15: ='Загальна'!K20 | L15: ='Загальна'!L20 | ... T15: ='Загальна'!T20 | U15: =IF(COUNTIF($F15:T15,"=*")>0,IF($C15="K","-"," - "),IF(COUNTIF($F15:T15,"<4")>0,IF(C15="K","-"," - "),(IFERROR(AVERAGE($F15:T15),"Очікую"))))
C16: ='Загальна'!C22 | D16: 7 | E16: ='Загальна'!E22 | F16: ='Загальна'!F22 | G16: ='Загальна'!G22 | H16: ='Загальна'!H22 | I16: ='Загальна'!I22 | J16: ='Загальна'!J22 | K16: ='Загальна'!K22 | L16: ='Загальна'!L22 | ... T16: ='Загальна'!T22 | U16: =IF(COUNTIF($F16:T16,"=*")>0,IF($C16="K","-"," - "),IF(COUNTIF($F16:T16,"<4")>0,IF(C16="K","-"," - "),(IFERROR(AVERAGE($F16:T16),"Очікую"))))
C17: ='Загальна'!C23 | D17: 8 | E17: ='Загальна'!E23 | F17: ='Загальна'!F23 | G17: ='Загальна'!G23 | H17: ='Загальна'!H23 | I17: ='Загальна'!I23 | J17: ='Загальна'!J23 | K17: ='Загальна'!K23 | L17: ='Загальна'!L23 | ... T17: ='Загальна'!T23 | U17: =IF(COUNTIF($F17:T17,"=*")>0,IF($C17="K","-"," - "),IF(COUNTIF($F17:T17,"<4")>0,IF(C17="K","-"," - "),(IFERROR(AVERAGE($F17:T17),"Очікую"))))
C18: ='Загальна'!C25 | D18: 9 | E18: ='Загальна'!E25 | F18: ='Загальна'!F25 | G18: ='Загальна'!G25 | H18: ='Загальна'!H25 | I18: ='Загальна'!I25 | J18: ='Загальна'!J25 | K18: ='Загальна'!K25 | L18: ='Загальна'!L25 | ... T18: ='Загальна'!T25 | U18: =IF(COUNTIF($F18:T18,"=*")>0,IF($C18="K","-"," - "),IF(COUNTIF($F18:T18,"<4")>0,IF(C18="K","-"," - "),(IFERROR(AVERAGE($F18:T18),"Очікую"))))
C19: ='Загальна'!C28 | D19: 10 | E19: ='Загальна'!E28 | F19: ='Загальна'!F28 | G19: ='Загальна'!G28 | H19: ='Загальна'!H28 | I19: ='Загальна'!I28 | J19: ='Загальна'!J28 | K19: ='Загальна'!K28 | L19: ='Загальна'!L28 | ... T19: ='Загальна'!T28 | U19: =IF(COUNTIF($F19:T19,"=*")>0,IF($C19="K","-"," - "),IF(COUNTIF($F19:T19,"<4")>0,IF(C19="K","-"," - "),(IFERROR(AVERAGE($F19:T19),"Очікую"))))
C20: ='Загальна'!C29 | D20: 11 | E20: ='Загальна'!E29 | F20: ='Загальна'!F29 | G20: ='Загальна'!G29 | H20: ='Загальна'!H29 | I20: ='Загальна'!I29 | J20: ='Загальна'!J29 | K20: ='Загальна'!K29 | L20: ='Загальна'!L29 | ... T20: ='Загальна'!T29 | U20: =IF(COUNTIF($F20:T20,"=*")>0,IF($C20="K","-"," - "),IF(COUNTIF($F20:T20,"<4")>0,IF(C20="K","-"," - "),(IFERROR(AVERAGE($F20:T20),"Очікую"))))
C21: ='Загальна'!C30 | D21: 12 | E21: ='Загальна'!E30 | F21: ='Загальна'!F30 | G21: ='Загальна'!G30 | H21: ='Загальна'!H30 | I21: ='Загальна'!I30 | J21: ='Загальна'!J30 | K21: ='Загальна'!K30 | L21: ='Загальна'!L30 | ... T21: ='Загальна'!T30 | U21: =IF(COUNTIF($F21:T21,"=*")>0,IF($C21="K","-"," - "),IF(COUNTIF($F21:T21,"<4")>0,IF(C21="K","-"," - "),(IFERROR(AVERAGE($F21:T21),"Очікую"))))
C22: ='Загальна'!C32 | D22: 13 | E22: ='Загальна'!E32 | F22: ='Загальна'!F32 | G22: ='Загальна'!G32 | H22: ='Загальна'!H32 | I22: ='Загальна'!I32 | J22: ='Загальна'!J32 | K22: ='Загальна'!K32 | L22: ='Загальна'!L32 | ... T22: ='Загальна'!T32 | U22: =IF(COUNTIF($F22:T22,"=*")>0,IF($C22="K","-"," - "),IF(COUNTIF($F22:T22,"<4")>0,IF(C22="K","-"," - "),(IFERROR(AVERAGE($F22:T22),"Очікую"))))
C23: ='Загальна'!C33 | D23: 14 | E23: ='Загальна'!E33 | F23: ='Загальна'!F33 | G23: ='Загальна'!G33 | H23: ='Загальна'!H33 | I23: ='Загальна'!I33 | J23: ='Загальна'!J33 | K23: ='Загальна'!K33 | L23: ='Загальна'!L33 | ... T23: ='Загальна'!T33 | U23: =IF(COUNTIF($F23:T23,"=*")>0,IF($C23="K","-"," - "),IF(COUNTIF($F23:T23,"<4")>0,IF(C23="K","-"," - "),(IFERROR(AVERAGE($F23:T23),"Очікую"))))
C24: ='Загальна'!C35 | D24: 15 | E24: ='Загальна'!E35 | F24: ='Загальна'!F35 | G24: ='Загальна'!G35 | H24: ='Загальна'!H35 | I24: ='Загальна'!I35 | J24: ='Загальна'!J35 | K24: ='Загальна'!K35 | L24: ='Загальна'!L35 | ... T24: ='Загальна'!T35 | U24: =IF(COUNTIF($F24:T24,"=*")>0,IF($C24="K","-"," - "),IF(COUNTIF($F24:T24,"<4")>0,IF(C24="K","-"," - "),(IFERROR(AVERAGE($F24:T24),"Очікую"))))
C25: ='Загальна'!C40 | D25: 16 | E25: ='Загальна'!E40 | F25: ='Загальна'!F40 | G25: ='Загальна'!G40 | H25: ='Загальна'!H40 | I25: ='Загальна'!I40 | J25: ='Загальна'!J40 | K25: ='Загальна'!K40 | L25: ='Загальна'!L40 | ... T25: ='Загальна'!T40 | U25: =IF(COUNTIF($F25:T25,"=*")>0,IF($C25="K","-"," - "),IF(COUNTIF($F25:T25,"<4")>0,IF(C25="K","-"," - "),(IFERROR(AVERAGE($F25:T25),"Очікую"))))
C26: ='Загальна'!C41 | D26: 17 | E26: ='Загальна'!E41 | F26: ='Загальна'!F41 | G26: ='Загальна'!G41 | H26: ='Загальна'!H41 | I26: ='Загальна'!I41 | J26: ='Загальна'!J41 | K26: ='Загальна'!K41 | L26: ='Загальна'!L41 | ... T26: ='Загальна'!T41 | U26: =IF(COUNTIF($F26:T26,"=*")>0,IF($C26="K","-"," - "),IF(COUNTIF($F26:T26,"<4")>0,IF(C26="K","-"," - "),(IFERROR(AVERAGE($F26:T26),"Очікую"))))
C27: ='Загальна'!C43 | D27: 18 | E27: ='Загальна'!E43 | F27: ='Загальна'!F43 | G27: ='Загальна'!G43 | H27: ='Загальна'!H43 | I27: ='Загальна'!I43 | J27: ='Загальна'!J43 | K27: ='Загальна'!K43 | L27: ='Загальна'!L43 | ... T27: ='Загальна'!T43 | U27: =IF(COUNTIF($F27:T27,"=*")>0,IF($C27="K","-"," - "),IF(COUNTIF($F27:T27,"<4")>0,IF(C27="K","-"," - "),(IFERROR(AVERAGE($F27:T27),"Очікую"))))
C28: ='Загальна'!C44 | D28: 19 | E28: ='Загальна'!E44 | F28: ='Загальна'!F44 | G28: ='Загальна'!G44 | H28: ='Загальна'!H44 | I28: ='Загальна'!I44 | J28: ='Загальна'!J44 | K28: ='Загальна'!K44 | L28: ='Загальна'!L44 | ... T28: ='Загальна'!T44 | U28: =IF(COUNTIF($F28:T28,"=*")>0,IF($C28="K","-"," - "),IF(COUNTIF($F28:T28,"<4")>0,IF(C28="K","-"," - "),(IFERROR(AVERAGE($F28:T28),"Очікую"))))
C29: ='Загальна'!C45 | D29: 20 | E29: ='Загальна'!E45 | F29: ='Загальна'!F45 | G29: ='Загальна'!G45 | H29: ='Загальна'!H45 | I29: ='Загальна'!I45 | J29: ='Загальна'!J45 | K29: ='Загальна'!K45 | L29: ='Загальна'!L45 | ... T29: ='Загальна'!T45 | U29: =IF(COUNTIF($F29:T29,"=*")>0,IF($C29="K","-"," - "),IF(COUNTIF($F29:T29,"<4")>0,IF(C29="K","-"," - "),(IFERROR(AVERAGE($F29:T29),"Очікую"))))
E30: Середній бал успішності з дисципліни | F30: =IF(SUM(F$10:F29)=0,IF(COUNTA(F$10:F29)=0,"Очікую",0),SUM(F$10:F29)/$D29) | G30: =IF(SUM(G$10:G29)=0,IF(COUNTA(G$10:G29)=0,"Очікую",0),SUM(G$10:G29)/$D29) | H30: =IF(SUM(H$10:H29)=0,IF(COUNTA(H$10:H29)=0,"Очікую",0),SUM(H$10:H29)/$D29) | I30: =IF(SUM(I$10:I29)=0,IF(COUNTA(I$10:I29)=0,"Очікую",0),SUM(I$10:I29)/$D29) | J30: =IF(SUM(J$10:J29)=0,IF(COUNTA(J$10:J29)=0,"Очікую",0),SUM(J$10:J29)/$D29) | K30: =IF(SUM(K$10:K29)=0,IF(COUNTA(K$10:K29)=0,"Очікую",0),SUM(K$10:K29)/$D29) | L30: =IF(SUM(L$10:L29)=0,IF(COUNTA(L$10:L29)=0,"Очікую",0),SUM(L$10:L29)/$D29) | M30: =IF(SUM(M$10:M29)=0,IF(COUNTA(M$10:M29)=0,"Очікую",0),SUM(M$10:M29)/$D29) | ... T30: =IF(SUM(T$10:T29)=0,IF(COUNTA(T$10:T29)=0,"Очікую",0),SUM(T$10:T29)/$D29) | U30: =IFERROR(AVERAGE($F30:T30),"Очікую")
E31: Абсолютна успішність | F31: =IF(SUM(F$10:F29)=0,IF(COUNTA(F$10:F29)=0,"Очікую",0),IF(COUNTIF(F$10:F29,">=4")=0,0,COUNTIF(F$10:F29,">=4")/$D29*100)) | G31: =IF(SUM(G$10:G29)=0,IF(COUNTA(G$10:G29)=0,"Очікую",0),IF(COUNTIF(G$10:G29,">=4")=0,0,COUNTIF(G$10:G29,">=4")/$D29*100)) | H31: =IF(SUM(H$10:H29)=0,IF(COUNTA(H$10:H29)=0,"Очікую",0),IF(COUNTIF(H$10:H29,">=4")=0,0,COUNTIF(H$10:H29,">=4")/$D29*100)) | I31: =IF(SUM(I$10:I29)=0,IF(COUNTA(I$10:I29)=0,"Очікую",0),IF(COUNTIF(I$10:I29,">=4")=0,0,COUNTIF(I$10:I29,">=4")/$D29*100)) | J31: =IF(SUM(J$10:J29)=0,IF(COUNTA(J$10:J29)=0,"Очікую",0),IF(COUNTIF(J$10:J29,">=4")=0,0,COUNTIF(J$10:J29,">=4")/$D29*100)) | K31: =IF(SUM(K$10:K29)=0,IF(COUNTA(K$10:K29)=0,"Очікую",0),IF(COUNTIF(K$10:K29,">=4")=0,0,COUNTIF(K$10:K29,">=4")/$D29*100)) | L31: =IF(SUM(L$10:L29)=0,IF(COUNTA(L$10:L29)=0,"Очікую",0),IF(COUNTIF(L$10:L29,">=4")=0,0,COUNTIF(L$10:L29,">=4")/$D29*100)) | M31: =IF(SUM(M$10:M29)=0,IF(COUNTA(M$10:M29)=0,"Очікую",0),IF(COUNTIF(M$10:M29,">=4")=0,0,COUNTIF(M$10:M29,">=4")/$D29*100)) | ... T31: =IF(SUM(T$10:T29)=0,IF(COUNTA(T$10:T29)=0,"Очікую",0),IF(COUNTIF(T$10:T29,">=4")=0,0,COUNTIF(T$10:T29,">=4")/$D29*100))
E32: Якісна успішність | F32: =IF(SUM(F$10:F29)=0,IF(COUNTA(F$10:F29)=0,"Очікую",0),IF(COUNTIF(F$10:F29,">=7")=0,0,COUNTIF(F$10:F29,">=7")/$D29*100)) | G32: =IF(SUM(G$10:G29)=0,IF(COUNTA(G$10:G29)=0,"Очікую",0),IF(COUNTIF(G$10:G29,">=7")=0,0,COUNTIF(G$10:G29,">=7")/$D29*100)) | H32: =IF(SUM(H$10:H29)=0,IF(COUNTA(H$10:H29)=0,"Очікую",0),IF(COUNTIF(H$10:H29,">=7")=0,0,COUNTIF(H$10:H29,">=7")/$D29*100)) | I32: =IF(SUM(I$10:I29)=0,IF(COUNTA(I$10:I29)=0,"Очікую",0),IF(COUNTIF(I$10:I29,">=7")=0,0,COUNTIF(I$10:I29,">=7")/$D29*100)) | J32: =IF(SUM(J$10:J29)=0,IF(COUNTA(J$10:J29)=0,"Очікую",0),IF(COUNTIF(J$10:J29,">=7")=0,0,COUNTIF(J$10:J29,">=7")/$D29*100)) | K32: =IF(SUM(K$10:K29)=0,IF(COUNTA(K$10:K29)=0,"Очікую",0),IF(COUNTIF(K$10:K29,">=7")=0,0,COUNTIF(K$10:K29,">=7")/$D29*100)) | L32: =IF(SUM(L$10:L29)=0,IF(COUNTA(L$10:L29)=0,"Очікую",0),IF(COUNTIF(L$10:L29,">=7")=0,0,COUNTIF(L$10:L29,">=7")/$D29*100)) | M32: =IF(SUM(M$10:M29)=0,IF(COUNTA(M$10:M29)=0,"Очікую",0),IF(COUNTIF(M$10:M29,">=7")=0,0,COUNTIF(M$10:M29,">=7")/$D29*100)) | ... T32: =IF(SUM(T$10:T29)=0,IF(COUNTA(T$10:T29)=0,"Очікую",0),IF(COUNTIF(T$10:T29,">=7")=0,0,COUNTIF(T$10:T29,">=7")/$D29*100))
E33: Абсолютна успішність по групі | F33: =IFERROR(AVERAGE(F31:T31),"Очікую")
E34: Якісна успішність по групі | F34: =IFERROR(AVERAGE($F32:T32),"Очікую")
E35: Кількість бюджетників | F35: =IF(COUNTIF($C$10:$C29,"=B")=0,IF(COUNTIF($C$10:$C29,"=K")=0,"Очікую",0),COUNTIF($C$10:$C29,"=B"))
E36: Кількість контрактників | F36: =IF(COUNTIF($C$10:$C29,"=K")=0,IF(COUNTIF($C$10:$C29,"=B")=0,"Очікую",0),COUNTIF($C$10:$C29,"=K")) | H36: Класний керівник | P36: ='Загальна'!P53
E37: Кількість соціального контингенту
E38: Вийшли на стипендію | F38: =IF(F35="Очікую","Очікую",IF(F35-COUNTIF($U$10:$U29," - ")<ROUNDDOWN(F35*0.4,0),F35-COUNTIF($U$10:$U29," - "),ROUNDDOWN(F35*0.4,0))) | H38: Завідувач відділення ПЗСО | P38: Margarita BRITIKOVA

Sheet Зведена E2
A1: S
C3: ВІДОКРЕМЛЕНИЙ СТРУКТУРНИЙ ПІДРОЗДІЛ «ФАХОВИЙ КОЛЕДЖ НАФТОГАЗОВИХ ТЕХНОЛОГІЙ, ІНЖЕНЕРІЇ ТА ІНФРАСТРУКТУРИ СЕРВІСУ ОДЕСЬКОГО НАЦІОНАЛЬНОГО ТЕХНОЛОГІЧНОГО УНІВЕРСИТЕТУ»
C4: ЗВЕДЕНА ВІДОМІСТЬ
C5: Успішності студентів спеціальності E2 ««Екологія»»
C6: За II семестр 2025-2026 н.р.
C7: Група 25-1 курс I
C8: Б/К | D8: № п/п | E8: Прізвище, ім’я, по батькові | F8: Підсумкові оцінки дисциплін | U8: Середній бал
F9: ='Загальна'!F9 | G9: ='Загальна'!G9 | H9: ='Загальна'!H9 | I9: ='Загальна'!I9 | J9: ='Загальна'!J9 | K9: ='Загальна'!K9 | L9: ='Загальна'!L9 | M9: ='Загальна'!M9 | ... T9: ='Загальна'!T9
C10: ='Загальна'!C11 | D10: 1 | E10: ='Загальна'!E11 | F10: ='Загальна'!F11 | G10: ='Загальна'!G11 | H10: ='Загальна'!H11 | I10: ='Загальна'!I11 | J10: ='Загальна'!J11 | K10: ='Загальна'!K11 | L10: ='Загальна'!L11 | ... T10: ='Загальна'!T11 | U10: =IF(COUNTIF($F10:T10,"=*")>0,IF($C10="K","-"," - "),IF(COUNTIF($F10:T10,"<4")>0,IF(C10="K","-"," - "),(IFERROR(AVERAGE($F10:T10),"Очікую"))))
C11: ='Загальна'!C14 | D11: 2 | E11: ='Загальна'!E14 | F11: ='Загальна'!F14 | G11: ='Загальна'!G14 | H11: ='Загальна'!H14 | I11: ='Загальна'!I14 | J11: ='Загальна'!J14 | K11: ='Загальна'!K14 | L11: ='Загальна'!L14 | ... T11: ='Загальна'!T14 | U11: =IF(COUNTIF($F11:T11,"=*")>0,IF($C11="K","-"," - "),IF(COUNTIF($F11:T11,"<4")>0,IF(C11="K","-"," - "),(IFERROR(AVERAGE($F11:T11),"Очікую"))))
C12: ='Загальна'!C18 | D12: 3 | E12: ='Загальна'!E18 | F12: ='Загальна'!F18 | G12: ='Загальна'!G18 | H12: ='Загальна'!H18 | I12: ='Загальна'!I18 | J12: ='Загальна'!J18 | K12: ='Загальна'!K18 | L12: ='Загальна'!L18 | ... T12: ='Загальна'!T18 | U12: =IF(COUNTIF($F12:T12,"=*")>0,IF($C12="K","-"," - "),IF(COUNTIF($F12:T12,"<4")>0,IF(C12="K","-"," - "),(IFERROR(AVERAGE($F12:T12),"Очікую"))))
C13: ='Загальна'!C21 | D13: 4 | E13: ='Загальна'!E21 | F13: ='Загальна'!F21 | G13: ='Загальна'!G21 | H13: ='Загальна'!H21 | I13: ='Загальна'!I21 | J13: ='Загальна'!J21 | K13: ='Загальна'!K21 | L13: ='Загальна'!L21 | ... T13: ='Загальна'!T21 | U13: =IF(COUNTIF($F13:T13,"=*")>0,IF($C13="K","-"," - "),IF(COUNTIF($F13:T13,"<4")>0,IF(C13="K","-"," - "),(IFERROR(AVERAGE($F13:T13),"Очікую"))))
C14: ='Загальна'!C24 | D14: 5 | E14: ='Загальна'!E24 | F14: ='Загальна'!F24 | G14: ='Загальна'!G24 | H14: ='Загальна'!H24 | I14: ='Загальна'!I24 | J14: ='Загальна'!J24 | K14: ='Загальна'!K24 | L14: ='Загальна'!L24 | ... T14: ='Загальна'!T24 | U14: =IF(COUNTIF($F14:T14,"=*")>0,IF($C14="K","-"," - "),IF(COUNTIF($F14:T14,"<4")>0,IF(C14="K","-"," - "),(IFERROR(AVERAGE($F14:T14),"Очікую"))))
C15: ='Загальна'!C26 | D15: 6 | E15: ='Загальна'!E26 | F15: ='Загальна'!F26 | G15: ='Загальна'!G26 | H15: ='Загальна'!H26 | I15: ='Загальна'!I26 | J15: ='Загальна'!J26 | K15: ='Загальна'!K26 | L15: ='Загальна'!L26 | ... T15: ='Загальна'!T26 | U15: =IF(COUNTIF($F15:T15,"=*")>0,IF($C15="K","-"," - "),IF(COUNTIF($F15:T15,"<4")>0,IF(C15="K","-"," - "),(IFERROR(AVERAGE($F15:T15),"Очікую"))))
C16: ='Загальна'!C27 | D16: 7 | E16: ='Загальна'!E27 | F16: ='Загальна'!F27 | G16: ='Загальна'!G27 | H16: ='Загальна'!H27 | I16: ='Загальна'!I27 | J16: ='Загальна'!J27 | K16: ='Загальна'!K27 | L16: ='Загальна'!L27 | ... T16: ='Загальна'!T27 | U16: =IF(COUNTIF($F16:T16,"=*")>0,IF($C16="K","-"," - "),IF(COUNTIF($F16:T16,"<4")>0,IF(C16="K","-"," - "),(IFERROR(AVERAGE($F16:T16),"Очікую"))))
C17: ='Загальна'!C31 | D17: 8 | E17: ='Загальна'!E31 | F17: ='Загальна'!F31 | G17: ='Загальна'!G31 | H17: ='Загальна'!H31 | I17: ='Загальна'!I31 | J17: ='Загальна'!J31 | K17: ='Загальна'!K31 | L17: ='Загальна'!L31 | ... T17: ='Загальна'!T31 | U17: =IF(COUNTIF($F17:T17,"=*")>0,IF($C17="K","-"," - "),IF(COUNTIF($F17:T17,"<4")>0,IF(C17="K","-"," - "),(IFERROR(AVERAGE($F17:T17),"Очікую"))))
C18: ='Загальна'!C34 | D18: 9 | E18: ='Загальна'!E34 | F18: ='Загальна'!F34 | G18: ='Загальна'!G34 | H18: ='Загальна'!H34 | I18: ='Загальна'!I34 | J18: ='Загальна'!J34 | K18: ='Загальна'!K34 | L18: ='Загальна'!L34 | ... T18: ='Загальна'!T34 | U18: =IF(COUNTIF($F18:T18,"=*")>0,IF($C18="K","-"," - "),IF(COUNTIF($F18:T18,"<4")>0,IF(C18="K","-"," - "),(IFERROR(AVERAGE($F18:T18),"Очікую"))))
C19: ='Загальна'!C36 | D19: 10 | E19: ='Загальна'!E36 | F19: ='Загальна'!F36 | G19: ='Загальна'!G36 | H19: ='Загальна'!H36 | I19: ='Загальна'!I36 | J19: ='Загальна'!J36 | K19: ='Загальна'!K36 | L19: ='Загальна'!L36 | ... T19: ='Загальна'!T36 | U19: =IF(COUNTIF($F19:T19,"=*")>0,IF($C19="K","-"," - "),IF(COUNTIF($F19:T19,"<4")>0,IF(C19="K","-"," - "),(IFERROR(AVERAGE($F19:T19),"Очікую"))))
C20: ='Загальна'!C37 | D20: 11 | E20: ='Загальна'!E37 | F20: ='Загальна'!F37 | G20: ='Загальна'!G37 | H20: ='Загальна'!H37 | I20: ='Загальна'!I37 | J20: ='Загальна'!J37 | K20: ='Загальна'!K37 | L20: ='Загальна'!L37 | ... T20: ='Загальна'!T37 | U20: =IF(COUNTIF($F20:T20,"=*")>0,IF($C20="K","-"," - "),IF(COUNTIF($F20:T20,"<4")>0,IF(C20="K","-"," - "),(IFERROR(AVERAGE($F20:T20),"Очікую"))))
C21: ='Загальна'!C42 | D21: 12 | E21: ='Загальна'!E42 | F21: ='Загальна'!F42 | G21: ='Загальна'!G42 | H21: ='Загальна'!H42 | I21: ='Загальна'!I42 | J21: ='Загальна'!J42 | K21: ='Загальна'!K42 | L21: ='Загальна'!L42 | ... T21: ='Загальна'!T42 | U21: =IF(COUNTIF($F21:T21,"=*")>0,IF($C21="K","-"," - "),IF(COUNTIF($F21:T21,"<4")>0,IF(C21="K","-"," - "),(IFERROR(AVERAGE($F21:T21),"Очікую"))))
C22: ='Загальна'!C46 | D22: 13 | E22: ='Загальна'!E46 | F22: ='Загальна'!F46 | G22: ='Загальна'!G46 | H22: ='Загальна'!H46 | I22: ='Загальна'!I46 | J22: ='Загальна'!J46 | K22: ='Загальна'!K46 | L22: ='Загальна'!L46 | ... T22: ='Загальна'!T46 | U22: =IF(COUNTIF($F22:T22,"=*")>0,IF($C22="K","-"," - "),IF(COUNTIF($F22:T22,"<4")>0,IF(C22="K","-"," - "),(IFERROR(AVERAGE($F22:T22),"Очікую"))))
E23: Середній бал успішності з дисципліни | F23: =IF(SUM(F$10:F22)=0,IF(COUNTA(F$10:F22)=0,"Очікую",0),SUM(F$10:F22)/$D22) | G23: =IF(SUM(G$10:G22)=0,IF(COUNTA(G$10:G22)=0,"Очікую",0),SUM(G$10:G22)/$D22) | H23: =IF(SUM(H$10:H22)=0,IF(COUNTA(H$10:H22)=0,"Очікую",0),SUM(H$10:H22)/$D22) | I23: =IF(SUM(I$10:I22)=0,IF(COUNTA(I$10:I22)=0,"Очікую",0),SUM(I$10:I22)/$D22) | J23: =IF(SUM(J$10:J22)=0,IF(COUNTA(J$10:J22)=0,"Очікую",0),SUM(J$10:J22)/$D22) | K23: =IF(SUM(K$10:K22)=0,IF(COUNTA(K$10:K22)=0,"Очікую",0),SUM(K$10:K22)/$D22) | L23: =IF(SUM(L$10:L22)=0,IF(COUNTA(L$10:L22)=0,"Очікую",0),SUM(L$10:L22)/$D22) | M23: =IF(SUM(M$10:M22)=0,IF(COUNTA(M$10:M22)=0,"Очікую",0),SUM(M$10:M22)/$D22) | ... T23: =IF(SUM(T$10:T22)=0,IF(COUNTA(T$10:T22)=0,"Очікую",0),SUM(T$10:T22)/$D22) | U23: =IFERROR(AVERAGE($F23:T23),"Очікую")
E24: Абсолютна успішність | F24: =IF(SUM(F$10:F22)=0,IF(COUNTA(F$10:F22)=0,"Очікую",0),IF(COUNTIF(F$10:F22,">=4")=0,0,COUNTIF(F$10:F22,">=4")/$D22*100)) | G24: =IF(SUM(G$10:G22)=0,IF(COUNTA(G$10:G22)=0,"Очікую",0),IF(COUNTIF(G$10:G22,">=4")=0,0,COUNTIF(G$10:G22,">=4")/$D22*100)) | H24: =IF(SUM(H$10:H22)=0,IF(COUNTA(H$10:H22)=0,"Очікую",0),IF(COUNTIF(H$10:H22,">=4")=0,0,COUNTIF(H$10:H22,">=4")/$D22*100)) | I24: =IF(SUM(I$10:I22)=0,IF(COUNTA(I$10:I22)=0,"Очікую",0),IF(COUNTIF(I$10:I22,">=4")=0,0,COUNTIF(I$10:I22,">=4")/$D22*100)) | J24: =IF(SUM(J$10:J22)=0,IF(COUNTA(J$10:J22)=0,"Очікую",0),IF(COUNTIF(J$10:J22,">=4")=0,0,COUNTIF(J$10:J22,">=4")/$D22*100)) | K24: =IF(SUM(K$10:K22)=0,IF(COUNTA(K$10:K22)=0,"Очікую",0),IF(COUNTIF(K$10:K22,">=4")=0,0,COUNTIF(K$10:K22,">=4")/$D22*100)) | L24: =IF(SUM(L$10:L22)=0,IF(COUNTA(L$10:L22)=0,"Очікую",0),IF(COUNTIF(L$10:L22,">=4")=0,0,COUNTIF(L$10:L22,">=4")/$D22*100)) | M24: =IF(SUM(M$10:M22)=0,IF(COUNTA(M$10:M22)=0,"Очікую",0),IF(COUNTIF(M$10:M22,">=4")=0,0,COUNTIF(M$10:M22,">=4")/$D22*100)) | ... T24: =IF(SUM(T$10:T22)=0,IF(COUNTA(T$10:T22)=0,"Очікую",0),IF(COUNTIF(T$10:T22,">=4")=0,0,COUNTIF(T$10:T22,">=4")/$D22*100))
E25: Якісна успішність | F25: =IF(SUM(F$10:F22)=0,IF(COUNTA(F$10:F22)=0,"Очікую",0),IF(COUNTIF(F$10:F22,">=7")=0,0,COUNTIF(F$10:F22,">=7")/$D22*100)) | G25: =IF(SUM(G$10:G22)=0,IF(COUNTA(G$10:G22)=0,"Очікую",0),IF(COUNTIF(G$10:G22,">=7")=0,0,COUNTIF(G$10:G22,">=7")/$D22*100)) | H25: =IF(SUM(H$10:H22)=0,IF(COUNTA(H$10:H22)=0,"Очікую",0),IF(COUNTIF(H$10:H22,">=7")=0,0,COUNTIF(H$10:H22,">=7")/$D22*100)) | I25: =IF(SUM(I$10:I22)=0,IF(COUNTA(I$10:I22)=0,"Очікую",0),IF(COUNTIF(I$10:I22,">=7")=0,0,COUNTIF(I$10:I22,">=7")/$D22*100)) | J25: =IF(SUM(J$10:J22)=0,IF(COUNTA(J$10:J22)=0,"Очікую",0),IF(COUNTIF(J$10:J22,">=7")=0,0,COUNTIF(J$10:J22,">=7")/$D22*100)) | K25: =IF(SUM(K$10:K22)=0,IF(COUNTA(K$10:K22)=0,"Очікую",0),IF(COUNTIF(K$10:K22,">=7")=0,0,COUNTIF(K$10:K22,">=7")/$D22*100)) | L25: =IF(SUM(L$10:L22)=0,IF(COUNTA(L$10:L22)=0,"Очікую",0),IF(COUNTIF(L$10:L22,">=7")=0,0,COUNTIF(L$10:L22,">=7")/$D22*100)) | M25: =IF(SUM(M$10:M22)=0,IF(COUNTA(M$10:M22)=0,"Очікую",0),IF(COUNTIF(M$10:M22,">=7")=0,0,COUNTIF(M$10:M22,">=7")/$D22*100)) | ... T25: =IF(SUM(T$10:T22)=0,IF(COUNTA(T$10:T22)=0,"Очікую",0),IF(COUNTIF(T$10:T22,">=7")=0,0,COUNTIF(T$10:T22,">=7")/$D22*100))
E26: Абсолютна успішність по групі | F26: =IFERROR(AVERAGE(F24:T24),"Очікую")
E27: Якісна успішність по групі | F27: =IFERROR(AVERAGE($F25:T25),"Очікую")
E28: Кількість бюджетників | F28: =IF(COUNTIF($C$10:$C22,"=B")=0,IF(COUNTIF($C$10:$C22,"=K")=0,"Очікую",0),COUNTIF($C$10:$C22,"=B"))
E29: Кількість контрактників | F29: =IF(COUNTIF($C$10:$C22,"=K")=0,IF(COUNTIF($C$10:$C22,"=B")=0,"Очікую",0),COUNTIF($C$10:$C22,"=K")) | H29: Класний керівник | P29: ='Загальна'!P53
E30: Кількість соціального контингенту
E31: Вийшли на стипендію | F31: =IF(F28="Очікую","Очікую",IF(F28-COUNTIF($U$10:$U22," - ")<ROUNDDOWN(F28*0.4,0),F28-COUNTIF($U$10:$U22," - "),ROUNDDOWN(F28*0.4,0))) | H31: Завідувач відділення ПЗСО | P31: Margarita BRITIKOVA

Sheet Зведена G13
A1: S
C3: ВІДОКРЕМЛЕНИЙ СТРУКТУРНИЙ ПІДРОЗДІЛ «ФАХОВИЙ КОЛЕДЖ НАФТОГАЗОВИХ ТЕХНОЛОГІЙ, ІНЖЕНЕРІЇ ТА ІНФРАСТРУКТУРИ СЕРВІСУ ОДЕСЬКОГО НАЦІОНАЛЬНОГО ТЕХНОЛОГІЧНОГО УНІВЕРСИТЕТУ»
C4: ЗВЕДЕНА ВІДОМІСТЬ
C5: Успішності студентів спеціальності G13 ««Харчові технології»»
C6: За II семестр 2025-2026 н.р.
C7: Група 25-1 курс I
C8: Б/К | D8: № п/п | E8: Прізвище, ім’я, по батькові | F8: Підсумкові оцінки дисциплін | U8: Середній бал
F9: ='Загальна'!F9 | G9: ='Загальна'!G9 | H9: ='Загальна'!H9 | I9: ='Загальна'!I9 | J9: ='Загальна'!J9 | K9: ='Загальна'!K9 | L9: ='Загальна'!L9 | M9: ='Загальна'!M9 | ... T9: ='Загальна'!T9
C10: ='Загальна'!C38 | D10: 1 | E10: ='Загальна'!E38 | F10: ='Загальна'!F38 | G10: ='Загальна'!G38 | H10: ='Загальна'!H38 | I10: ='Загальна'!I38 | J10: ='Загальна'!J38 | K10: ='Загальна'!K38 | L10: ='Загальна'!L38 | ... T10: ='Загальна'!T38 | U10: =IF(COUNTIF($F10:T10,"=*")>0,IF($C10="K","-"," - "),IF(COUNTIF($F10:T10,"<4")>0,IF(C10="K","-"," - "),(IFERROR(AVERAGE($F10:T10),"Очікую"))))
E11: Середній бал успішності з дисципліни | F11: =IF(SUM(F$10:F10)=0,IF(COUNTA(F$10:F10)=0,"Очікую",0),SUM(F$10:F10)/$D10) | G11: =IF(SUM(G$10:G10)=0,IF(COUNTA(G$10:G10)=0,"Очікую",0),SUM(G$10:G10)/$D10) | H11: =IF(SUM(H$10:H10)=0,IF(COUNTA(H$10:H10)=0,"Очікую",0),SUM(H$10:H10)/$D10) | I11: =IF(SUM(I$10:I10)=0,IF(COUNTA(I$10:I10)=0,"Очікую",0),SUM(I$10:I10)/$D10) | J11: =IF(SUM(J$10:J10)=0,IF(COUNTA(J$10:J10)=0,"Очікую",0),SUM(J$10:J10)/$D10) | K11: =IF(SUM(K$10:K10)=0,IF(COUNTA(K$10:K10)=0,"Очікую",0),SUM(K$10:K10)/$D10) | L11: =IF(SUM(L$10:L10)=0,IF(COUNTA(L$10:L10)=0,"Очікую",0),SUM(L$10:L10)/$D10) | M11: =IF(SUM(M$10:M10)=0,IF(COUNTA(M$10:M10)=0,"Очікую",0),SUM(M$10:M10)/$D10) | ... T11: =IF(SUM(T$10:T10)=0,IF(COUNTA(T$10:T10)=0,"Очікую",0),SUM(T$10:T10)/$D10) | U11: =IFERROR(AVERAGE($F11:T11),"Очікую")
E12: Абсолютна успішність | F12: =IF(SUM(F$10:F10)=0,IF(COUNTA(F$10:F10)=0,"Очікую",0),IF(COUNTIF(F$10:F10,">=4")=0,0,COUNTIF(F$10:F10,">=4")/$D10*100)) | G12: =IF(SUM(G$10:G10)=0,IF(COUNTA(G$10:G10)=0,"Очікую",0),IF(COUNTIF(G$10:G10,">=4")=0,0,COUNTIF(G$10:G10,">=4")/$D10*100)) | H12: =IF(SUM(H$10:H10)=0,IF(COUNTA(H$10:H10)=0,"Очікую",0),IF(COUNTIF(H$10:H10,">=4")=0,0,COUNTIF(H$10:H10,">=4")/$D10*100)) | I12: =IF(SUM(I$10:I10)=0,IF(COUNTA(I$10:I10)=0,"Очікую",0),IF(COUNTIF(I$10:I10,">=4")=0,0,COUNTIF(I$10:I10,">=4")/$D10*100)) | J12: =IF(SUM(J$10:J10)=0,IF(COUNTA(J$10:J10)=0,"Очікую",0),IF(COUNTIF(J$10:J10,">=4")=0,0,COUNTIF(J$10:J10,">=4")/$D10*100)) | K12: =IF(SUM(K$10:K10)=0,IF(COUNTA(K$10:K10)=0,"Очікую",0),IF(COUNTIF(K$10:K10,">=4")=0,0,COUNTIF(K$10:K10,">=4")/$D10*100)) | L12: =IF(SUM(L$10:L10)=0,IF(COUNTA(L$10:L10)=0,"Очікую",0),IF(COUNTIF(L$10:L10,">=4")=0,0,COUNTIF(L$10:L10,">=4")/$D10*100)) | M12: =IF(SUM(M$10:M10)=0,IF(COUNTA(M$10:M10)=0,"Очікую",0),IF(COUNTIF(M$10:M10,">=4")=0,0,COUNTIF(M$10:M10,">=4")/$D10*100)) | ... T12: =IF(SUM(T$10:T10)=0,IF(COUNTA(T$10:T10)=0,"Очікую",0),IF(COUNTIF(T$10:T10,">=4")=0,0,COUNTIF(T$10:T10,">=4")/$D10*100))
E13: Якісна успішність | F13: =IF(SUM(F$10:F10)=0,IF(COUNTA(F$10:F10)=0,"Очікую",0),IF(COUNTIF(F$10:F10,">=7")=0,0,COUNTIF(F$10:F10,">=7")/$D10*100)) | G13: =IF(SUM(G$10:G10)=0,IF(COUNTA(G$10:G10)=0,"Очікую",0),IF(COUNTIF(G$10:G10,">=7")=0,0,COUNTIF(G$10:G10,">=7")/$D10*100)) | H13: =IF(SUM(H$10:H10)=0,IF(COUNTA(H$10:H10)=0,"Очікую",0),IF(COUNTIF(H$10:H10,">=7")=0,0,COUNTIF(H$10:H10,">=7")/$D10*100)) | I13: =IF(SUM(I$10:I10)=0,IF(COUNTA(I$10:I10)=0,"Очікую",0),IF(COUNTIF(I$10:I10,">=7")=0,0,COUNTIF(I$10:I10,">=7")/$D10*100)) | J13: =IF(SUM(J$10:J10)=0,IF(COUNTA(J$10:J10)=0,"Очікую",0),IF(COUNTIF(J$10:J10,">=7")=0,0,COUNTIF(J$10:J10,">=7")/$D10*100)) | K13: =IF(SUM(K$10:K10)=0,IF(COUNTA(K$10:K10)=0,"Очікую",0),IF(COUNTIF(K$10:K10,">=7")=0,0,COUNTIF(K$10:K10,">=7")/$D10*100)) | L13: =IF(SUM(L$10:L10)=0,IF(COUNTA(L$10:L10)=0,"Очікую",0),IF(COUNTIF(L$10:L10,">=7")=0,0,COUNTIF(L$10:L10,">=7")/$D10*100)) | M13: =IF(SUM(M$10:M10)=0,IF(COUNTA(M$10:M10)=0,"Очікую",0),IF(COUNTIF(M$10:M10,">=7")=0,0,COUNTIF(M$10:M10,">=7")/$D10*100)) | ... T13: =IF(SUM(T$10:T10)=0,IF(COUNTA(T$10:T10)=0,"Очікую",0),IF(COUNTIF(T$10:T10,">=7")=0,0,COUNTIF(T$10:T10,">=7")/$D10*100))
E14: Абсолютна успішність по групі | F14: =IFERROR(AVERAGE(F12:T12),"Очікую")
E15: Якісна успішність по групі | F15: =IFERROR(AVERAGE($F13:T13),"Очікую")
E16: Кількість бюджетників | F16: =IF(COUNTIF($C$10:$C10,"=B")=0,IF(COUNTIF($C$10:$C10,"=K")=0,"Очікую",0),COUNTIF($C$10:$C10,"=B"))
E17: Кількість контрактників | F17: =IF(COUNTIF($C$10:$C10,"=K")=0,IF(COUNTIF($C$10:$C10,"=B")=0,"Очікую",0),COUNTIF($C$10:$C10,"=K")) | H17: Класний керівник | P17: ='Загальна'!P53
E18: Кількість соціального контингенту
E19: Вийшли на стипендію | F19: =IF(F16="Очікую","Очікую",IF(F16-COUNTIF($U$10:$U10," - ")<ROUNDDOWN(F16*0.4,0),F16-COUNTIF($U$10:$U10," - "),ROUNDDOWN(F16*0.4,0))) | H19: Завідувач відділення ПЗСО | P19: Margarita BRITIKOVA

Sheet Зведена J2
A1: S
C3: ВІДОКРЕМЛЕНИЙ СТРУКТУРНИЙ ПІДРОЗДІЛ «ФАХОВИЙ КОЛЕДЖ НАФТОГАЗОВИХ ТЕХНОЛОГІЙ, ІНЖЕНЕРІЇ ТА ІНФРАСТРУКТУРИ СЕРВІСУ ОДЕСЬКОГО НАЦІОНАЛЬНОГО ТЕХНОЛОГІЧНОГО УНІВЕРСИТЕТУ»
C4: ЗВЕДЕНА ВІДОМІСТЬ
C5: Успішності студентів спеціальності J2 ««Готельно-ресторанна справа та кейтеринг»»
C6: За II семестр 2025-2026 н.р.
C7: Група 25-1 курс I
C8: Б/К | D8: № п/п | E8: Прізвище, ім’я, по батькові | F8: Підсумкові оцінки дисциплін | U8: Середній бал
F9: ='Загальна'!F9 | G9: ='Загальна'!G9 | H9: ='Загальна'!H9 | I9: ='Загальна'!I9 | J9: ='Загальна'!J9 | K9: ='Загальна'!K9 | L9: ='Загальна'!L9 | M9: ='Загальна'!M9 | ... T9: ='Загальна'!T9
C10: ='Загальна'!C17 | D10: 1 | E10: ='Загальна'!E17 | F10: ='Загальна'!F17 | G10: ='Загальна'!G17 | H10: ='Загальна'!H17 | I10: ='Загальна'!I17 | J10: ='Загальна'!J17 | K10: ='Загальна'!K17 | L10: ='Загальна'!L17 | ... T10: ='Загальна'!T17 | U10: =IF(COUNTIF($F10:T10,"=*")>0,IF($C10="K","-"," - "),IF(COUNTIF($F10:T10,"<4")>0,IF(C10="K","-"," - "),(IFERROR(AVERAGE($F10:T10),"Очікую"))))
E11: Середній бал успішності з дисципліни | F11: =IF(SUM(F$10:F10)=0,IF(COUNTA(F$10:F10)=0,"Очікую",0),SUM(F$10:F10)/$D10) | G11: =IF(SUM(G$10:G10)=0,IF(COUNTA(G$10:G10)=0,"Очікую",0),SUM(G$10:G10)/$D10) | H11: =IF(SUM(H$10:H10)=0,IF(COUNTA(H$10:H10)=0,"Очікую",0),SUM(H$10:H10)/$D10) | I11: =IF(SUM(I$10:I10)=0,IF(COUNTA(I$10:I10)=0,"Очікую",0),SUM(I$10:I10)/$D10) | J11: =IF(SUM(J$10:J10)=0,IF(COUNTA(J$10:J10)=0,"Очікую",0),SUM(J$10:J10)/$D10) | K11: =IF(SUM(K$10:K10)=0,IF(COUNTA(K$10:K10)=0,"Очікую",0),SUM(K$10:K10)/$D10) | L11: =IF(SUM(L$10:L10)=0,IF(COUNTA(L$10:L10)=0,"Очікую",0),SUM(L$10:L10)/$D10) | M11: =IF(SUM(M$10:M10)=0,IF(COUNTA(M$10:M10)=0,"Очікую",0),SUM(M$10:M10)/$D10) | ... T11: =IF(SUM(T$10:T10)=0,IF(COUNTA(T$10:T10)=0,"Очікую",0),SUM(T$10:T10)/$D10) | U11: =IFERROR(AVERAGE($F11:T11),"Очікую")
E12: Абсолютна успішність | F12: =IF(SUM(F$10:F10)=0,IF(COUNTA(F$10:F10)=0,"Очікую",0),IF(COUNTIF(F$10:F10,">=4")=0,0,COUNTIF(F$10:F10,">=4")/$D10*100)) | G12: =IF(SUM(G$10:G10)=0,IF(COUNTA(G$10:G10)=0,"Очікую",0),IF(COUNTIF(G$10:G10,">=4")=0,0,COUNTIF(G$10:G10,">=4")/$D10*100)) | H12: =IF(SUM(H$10:H10)=0,IF(COUNTA(H$10:H10)=0,"Очікую",0),IF(COUNTIF(H$10:H10,">=4")=0,0,COUNTIF(H$10:H10,">=4")/$D10*100)) | I12: =IF(SUM(I$10:I10)=0,IF(COUNTA(I$10:I10)=0,"Очікую",0),IF(COUNTIF(I$10:I10,">=4")=0,0,COUNTIF(I$10:I10,">=4")/$D10*100)) | J12: =IF(SUM(J$10:J10)=0,IF(COUNTA(J$10:J10)=0,"Очікую",0),IF(COUNTIF(J$10:J10,">=4")=0,0,COUNTIF(J$10:J10,">=4")/$D10*100)) | K12: =IF(SUM(K$10:K10)=0,IF(COUNTA(K$10:K10)=0,"Очікую",0),IF(COUNTIF(K$10:K10,">=4")=0,0,COUNTIF(K$10:K10,">=4")/$D10*100)) | L12: =IF(SUM(L$10:L10)=0,IF(COUNTA(L$10:L10)=0,"Очікую",0),IF(COUNTIF(L$10:L10,">=4")=0,0,COUNTIF(L$10:L10,">=4")/$D10*100)) | M12: =IF(SUM(M$10:M10)=0,IF(COUNTA(M$10:M10)=0,"Очікую",0),IF(COUNTIF(M$10:M10,">=4")=0,0,COUNTIF(M$10:M10,">=4")/$D10*100)) | ... T12: =IF(SUM(T$10:T10)=0,IF(COUNTA(T$10:T10)=0,"Очікую",0),IF(COUNTIF(T$10:T10,">=4")=0,0,COUNTIF(T$10:T10,">=4")/$D10*100))
E13: Якісна успішність | F13: =IF(SUM(F$10:F10)=0,IF(COUNTA(F$10:F10)=0,"Очікую",0),IF(COUNTIF(F$10:F10,">=7")=0,0,COUNTIF(F$10:F10,">=7")/$D10*100)) | G13: =IF(SUM(G$10:G10)=0,IF(COUNTA(G$10:G10)=0,"Очікую",0),IF(COUNTIF(G$10:G10,">=7")=0,0,COUNTIF(G$10:G10,">=7")/$D10*100)) | H13: =IF(SUM(H$10:H10)=0,IF(COUNTA(H$10:H10)=0,"Очікую",0),IF(COUNTIF(H$10:H10,">=7")=0,0,COUNTIF(H$10:H10,">=7")/$D10*100)) | I13: =IF(SUM(I$10:I10)=0,IF(COUNTA(I$10:I10)=0,"Очікую",0),IF(COUNTIF(I$10:I10,">=7")=0,0,COUNTIF(I$10:I10,">=7")/$D10*100)) | J13: =IF(SUM(J$10:J10)=0,IF(COUNTA(J$10:J10)=0,"Очікую",0),IF(COUNTIF(J$10:J10,">=7")=0,0,COUNTIF(J$10:J10,">=7")/$D10*100)) | K13: =IF(SUM(K$10:K10)=0,IF(COUNTA(K$10:K10)=0,"Очікую",0),IF(COUNTIF(K$10:K10,">=7")=0,0,COUNTIF(K$10:K10,">=7")/$D10*100)) | L13: =IF(SUM(L$10:L10)=0,IF(COUNTA(L$10:L10)=0,"Очікую",0),IF(COUNTIF(L$10:L10,">=7")=0,0,COUNTIF(L$10:L10,">=7")/$D10*100)) | M13: =IF(SUM(M$10:M10)=0,IF(COUNTA(M$10:M10)=0,"Очікую",0),IF(COUNTIF(M$10:M10,">=7")=0,0,COUNTIF(M$10:M10,">=7")/$D10*100)) | ... T13: =IF(SUM(T$10:T10)=0,IF(COUNTA(T$10:T10)=0,"Очікую",0),IF(COUNTIF(T$10:T10,">=7")=0,0,COUNTIF(T$10:T10,">=7")/$D10*100))
E14: Абсолютна успішність по групі | F14: =IFERROR(AVERAGE(F12:T12),"Очікую")
E15: Якісна успішність по групі | F15: =IFERROR(AVERAGE($F13:T13),"Очікую")
E16: Кількість бюджетників | F16: =IF(COUNTIF($C$10:$C10,"=B")=0,IF(COUNTIF($C$10:$C10,"=K")=0,"Очікую",0),COUNTIF($C$10:$C10,"=B"))
E17: Кількість контрактників | F17: =IF(COUNTIF($C$10:$C10,"=K")=0,IF(COUNTIF($C$10:$C10,"=B")=0,"Очікую",0),COUNTIF($C$10:$C10,"=K")) | H17: Класний керівник | P17: ='Загальна'!P53
E18: Кількість соціального контингенту
E19: Вийшли на стипендію | F19: =IF(F16="Очікую","Очікую",IF(F16-COUNTIF($U$10:$U10," - ")<ROUNDDOWN(F16*0.4,0),F16-COUNTIF($U$10:$U10," - "),ROUNDDOWN(F16*0.4,0))) | H19: Завідувач відділення ПЗСО | P19: Margarita BRITIKOVA

Sheet Зведена J3
A1: S
C3: ВІДОКРЕМЛЕНИЙ СТРУКТУРНИЙ ПІДРОЗДІЛ «ФАХОВИЙ КОЛЕДЖ НАФТОГАЗОВИХ ТЕХНОЛОГІЙ, ІНЖЕНЕРІЇ ТА ІНФРАСТРУКТУРИ СЕРВІСУ ОДЕСЬКОГО НАЦІОНАЛЬНОГО ТЕХНОЛОГІЧНОГО УНІВЕРСИТЕТУ»
C4: ЗВЕДЕНА ВІДОМІСТЬ
C5: Успішності студентів спеціальності J3 ««Туризм та рекреація»»
C6: За II семестр 2025-2026 н.р.
C7: Група 25-1 курс I
C8: Б/К | D8: № п/п | E8: Прізвище, ім’я, по батькові | F8: Підсумкові оцінки дисциплін | U8: Середній бал
F9: ='Загальна'!F9 | G9: ='Загальна'!G9 | H9: ='Загальна'!H9 | I9: ='Загальна'!I9 | J9: ='Загальна'!J9 | K9: ='Загальна'!K9 | L9: ='Загальна'!L9 | M9: ='Загальна'!M9 | ... T9: ='Загальна'!T9
C10: ='Загальна'!C16 | D10: 1 | E10: ='Загальна'!E16 | F10: ='Загальна'!F16 | G10: ='Загальна'!G16 | H10: ='Загальна'!H16 | I10: ='Загальна'!I16 | J10: ='Загальна'!J16 | K10: ='Загальна'!K16 | L10: ='Загальна'!L16 | ... T10: ='Загальна'!T16 | U10: =IF(COUNTIF($F10:T10,"=*")>0,IF($C10="K","-"," - "),IF(COUNTIF($F10:T10,"<4")>0,IF(C10="K","-"," - "),(IFERROR(AVERAGE($F10:T10),"Очікую"))))
C11: ='Загальна'!C39 | D11: 2 | E11: ='Загальна'!E39 | F11: ='Загальна'!F39 | G11: ='Загальна'!G39 | H11: ='Загальна'!H39 | I11: ='Загальна'!I39 | J11: ='Загальна'!J39 | K11: ='Загальна'!K39 | L11: ='Загальна'!L39 | ... T11: ='Загальна'!T39 | U11: =IF(COUNTIF($F11:T11,"=*")>0,IF($C11="K","-"," - "),IF(COUNTIF($F11:T11,"<4")>0,IF(C11="K","-"," - "),(IFERROR(AVERAGE($F11:T11),"Очікую"))))
E12: Середній бал успішності з дисципліни | F12: =IF(SUM(F$10:F11)=0,IF(COUNTA(F$10:F11)=0,"Очікую",0),SUM(F$10:F11)/$D11) | G12: =IF(SUM(G$10:G11)=0,IF(COUNTA(G$10:G11)=0,"Очікую",0),SUM(G$10:G11)/$D11) | H12: =IF(SUM(H$10:H11)=0,IF(COUNTA(H$10:H11)=0,"Очікую",0),SUM(H$10:H11)/$D11) | I12: =IF(SUM(I$10:I11)=0,IF(COUNTA(I$10:I11)=0,"Очікую",0),SUM(I$10:I11)/$D11) | J12: =IF(SUM(J$10:J11)=0,IF(COUNTA(J$10:J11)=0,"Очікую",0),SUM(J$10:J11)/$D11) | K12: =IF(SUM(K$10:K11)=0,IF(COUNTA(K$10:K11)=0,"Очікую",0),SUM(K$10:K11)/$D11) | L12: =IF(SUM(L$10:L11)=0,IF(COUNTA(L$10:L11)=0,"Очікую",0),SUM(L$10:L11)/$D11) | M12: =IF(SUM(M$10:M11)=0,IF(COUNTA(M$10:M11)=0,"Очікую",0),SUM(M$10:M11)/$D11) | ... T12: =IF(SUM(T$10:T11)=0,IF(COUNTA(T$10:T11)=0,"Очікую",0),SUM(T$10:T11)/$D11) | U12: =IFERROR(AVERAGE($F12:T12),"Очікую")
E13: Абсолютна успішність | F13: =IF(SUM(F$10:F11)=0,IF(COUNTA(F$10:F11)=0,"Очікую",0),IF(COUNTIF(F$10:F11,">=4")=0,0,COUNTIF(F$10:F11,">=4")/$D11*100)) | G13: =IF(SUM(G$10:G11)=0,IF(COUNTA(G$10:G11)=0,"Очікую",0),IF(COUNTIF(G$10:G11,">=4")=0,0,COUNTIF(G$10:G11,">=4")/$D11*100)) | H13: =IF(SUM(H$10:H11)=0,IF(COUNTA(H$10:H11)=0,"Очікую",0),IF(COUNTIF(H$10:H11,">=4")=0,0,COUNTIF(H$10:H11,">=4")/$D11*100)) | I13: =IF(SUM(I$10:I11)=0,IF(COUNTA(I$10:I11)=0,"Очікую",0),IF(COUNTIF(I$10:I11,">=4")=0,0,COUNTIF(I$10:I11,">=4")/$D11*100)) | J13: =IF(SUM(J$10:J11)=0,IF(COUNTA(J$10:J11)=0,"Очікую",0),IF(COUNTIF(J$10:J11,">=4")=0,0,COUNTIF(J$10:J11,">=4")/$D11*100)) | K13: =IF(SUM(K$10:K11)=0,IF(COUNTA(K$10:K11)=0,"Очікую",0),IF(COUNTIF(K$10:K11,">=4")=0,0,COUNTIF(K$10:K11,">=4")/$D11*100)) | L13: =IF(SUM(L$10:L11)=0,IF(COUNTA(L$10:L11)=0,"Очікую",0),IF(COUNTIF(L$10:L11,">=4")=0,0,COUNTIF(L$10:L11,">=4")/$D11*100)) | M13: =IF(SUM(M$10:M11)=0,IF(COUNTA(M$10:M11)=0,"Очікую",0),IF(COUNTIF(M$10:M11,">=4")=0,0,COUNTIF(M$10:M11,">=4")/$D11*100)) | ... T13: =IF(SUM(T$10:T11)=0,IF(COUNTA(T$10:T11)=0,"Очікую",0),IF(COUNTIF(T$10:T11,">=4")=0,0,COUNTIF(T$10:T11,">=4")/$D11*100))
E14: Якісна успішність | F14: =IF(SUM(F$10:F11)=0,IF(COUNTA(F$10:F11)=0,"Очікую",0),IF(COUNTIF(F$10:F11,">=7")=0,0,COUNTIF(F$10:F11,">=7")/$D11*100)) | G14: =IF(SUM(G$10:G11)=0,IF(COUNTA(G$10:G11)=0,"Очікую",0),IF(COUNTIF(G$10:G11,">=7")=0,0,COUNTIF(G$10:G11,">=7")/$D11*100)) | H14: =IF(SUM(H$10:H11)=0,IF(COUNTA(H$10:H11)=0,"Очікую",0),IF(COUNTIF(H$10:H11,">=7")=0,0,COUNTIF(H$10:H11,">=7")/$D11*100)) | I14: =IF(SUM(I$10:I11)=0,IF(COUNTA(I$10:I11)=0,"Очікую",0),IF(COUNTIF(I$10:I11,">=7")=0,0,COUNTIF(I$10:I11,">=7")/$D11*100)) | J14: =IF(SUM(J$10:J11)=0,IF(COUNTA(J$10:J11)=0,"Очікую",0),IF(COUNTIF(J$10:J11,">=7")=0,0,COUNTIF(J$10:J11,">=7")/$D11*100)) | K14: =IF(SUM(K$10:K11)=0,IF(COUNTA(K$10:K11)=0,"Очікую",0),IF(COUNTIF(K$10:K11,">=7")=0,0,COUNTIF(K$10:K11,">=7")/$D11*100)) | L14: =IF(SUM(L$10:L11)=0,IF(COUNTA(L$10:L11)=0,"Очікую",0),IF(COUNTIF(L$10:L11,">=7")=0,0,COUNTIF(L$10:L11,">=7")/$D11*100)) | M14: =IF(SUM(M$10:M11)=0,IF(COUNTA(M$10:M11)=0,"Очікую",0),IF(COUNTIF(M$10:M11,">=7")=0,0,COUNTIF(M$10:M11,">=7")/$D11*100)) | ... T14: =IF(SUM(T$10:T11)=0,IF(COUNTA(T$10:T11)=0,"Очікую",0),IF(COUNTIF(T$10:T11,">=7")=0,0,COUNTIF(T$10:T11,">=7")/$D11*100))
E15: Абсолютна успішність по групі | F15: =IFERROR(AVERAGE(F13:T13),"Очікую")
E16: Якісна успішність по групі | F16: =IFERROR(AVERAGE($F14:T14),"Очікую")
E17: Кількість бюджетників | F17: =IF(COUNTIF($C$10:$C11,"=B")=0,IF(COUNTIF($C$10:$C11,"=K")=0,"Очікую",0),COUNTIF($C$10:$C11,"=B"))
E18: Кількість контрактників | F18: =IF(COUNTIF($C$10:$C11,"=K")=0,IF(COUNTIF($C$10:$C11,"=B")=0,"Очікую",0),COUNTIF($C$10:$C11,"=K")) | H18: Класний керівник | P18: ='Загальна'!P53
E19: Кількість соціального контингенту
E20: Вийшли на стипендію | F20: =IF(F17="Очікую","Очікую",IF(F17-COUNTIF($U$10:$U11," - ")<ROUNDDOWN(F17*0.4,0),F17-COUNTIF($U$10:$U11," - "),ROUNDDOWN(F17*0.4,0))) | H20: Завідувач відділення ПЗСО | P20: Margarita BRITIKOVA
