Workbook

Sheet Титульна
A1: S
C3: Міністерство освіти і науки України Відокремлений структурний підрозділ «Фаховий коледж нафтогазових технологій, інженерії та інфраструктури сервісу Одеського національного технологічного університету»
C5: Журнал
C6: реєстрації залікових відомостей
C7: відділення Повної загальної середньої освіти
C9: І семестр
C11: 2025 – 2026н.р.

Sheet Ж1
A1: S
C3: ХХ
C4: № з/п | D4: № відомостей | E4: Дата видачі відомостей | F4: Назва предмету | G4: П.І.Б. викладача | H4: Підпис | I4: Дата здачі відомості | J4: Підпис
C5: 1 | D5: 1
C6: 2 | D6: =OFFSET(D6,-1,0)+1 -> 2
C7: 3 | D7: =OFFSET(D7,-1,0)+1 -> 3
C8: 4 | D8: =OFFSET(D8,-1,0)+1 -> 4
C9: 5 | D9: =OFFSET(D9,-1,0)+1 -> 5
C10: 6 | D10: =OFFSET(D10,-1,0)+1 -> 6
C11: 7 | D11: =OFFSET(D11,-1,0)+1 -> 7
C12: 8 | D12: =OFFSET(D12,-1,0)+1 -> 8
C13: 9 | D13: =OFFSET(D13,-1,0)+1 -> 9
C14: 10 | D14: =OFFSET(D14,-1,0)+1 -> 10
C15: 11 | D15: =OFFSET(D15,-1,0)+1 -> 11
C16: 12 | D16: =OFFSET(D16,-1,0)+1 -> 12
C17: 13 | D17: =OFFSET(D17,-1,0)+1 -> 13
... C24: 20 | D24: =OFFSET(D24,-1,0)+1 -> 20

Sheet Ж2
A1: S
C3: ХХ
C4: № з/п | D4: № відомостей | E4: Дата видачі відомостей | F4: Назва предмету | G4: П.І.Б. викладача | H4: Підпис | I4: Дата здачі відомості | J4: Підпис
C5: 1 | D5: =MAX(Ж1!D:D) + 1 -> 21
C6: 2 | D6: =OFFSET(D6,-1,0)+1 -> 22
C7: 3 | D7: =OFFSET(D7,-1,0)+1 -> 23
C8: 4 | D8: =OFFSET(D8,-1,0)+1 -> 24
C9: 5 | D9: =OFFSET(D9,-1,0)+1 -> 25
C10: 6 | D10: =OFFSET(D10,-1,0)+1 -> 26
C11: 7 | D11: =OFFSET(D11,-1,0)+1 -> 27
C12: 8 | D12: =OFFSET(D12,-1,0)+1 -> 28
C13: 9 | D13: =OFFSET(D13,-1,0)+1 -> 29
C14: 10 | D14: =OFFSET(D14,-1,0)+1 -> 30
C15: 11 | D15: =OFFSET(D15,-1,0)+1 -> 31
C16: 12 | D16: =OFFSET(D16,-1,0)+1 -> 32
C17: 13 | D17: =OFFSET(D17,-1,0)+1 -> 33
... C24: 20 | D24: =OFFSET(D24,-1,0)+1 -> 40

Sheet Ж3
A1: S
C3: ХХ
C4: № з/п | D4: № відомостей | E4: Дата видачі відомостей | F4: Назва предмету | G4: П.І.Б. викладача | H4: Підпис | I4: Дата здачі відомості | J4: Підпис
C5: 1 | D5: =MAX(Ж2!D:D) + 1 -> 41
C6: 2 | D6: =OFFSET(D6,-1,0)+1 -> 42
C7: 3 | D7: =OFFSET(D7,-1,0)+1 -> 43
C8: 4 | D8: =OFFSET(D8,-1,0)+1 -> 44
C9: 5 | D9: =OFFSET(D9,-1,0)+1 -> 45
C10: 6 | D10: =OFFSET(D10,-1,0)+1 -> 46
C11: 7 | D11: =OFFSET(D11,-1,0)+1 -> 47
C12: 8 | D12: =OFFSET(D12,-1,0)+1 -> 48
C13: 9 | D13: =OFFSET(D13,-1,0)+1 -> 49
C14: 10 | D14: =OFFSET(D14,-1,0)+1 -> 50
C15: 11 | D15: =OFFSET(D15,-1,0)+1 -> 51
C16: 12 | D16: =OFFSET(D16,-1,0)+1 -> 52
C17: 13 | D17: =OFFSET(D17,-1,0)+1 -> 53
... C24: 20 | D24: =OFFSET(D24,-1,0)+1 -> 60

Sheet Ж4
A1: S
C3: ХХ
C4: № з/п | D4: № відомостей | E4: Дата видачі відомостей | F4: Назва предмету | G4: П.І.Б. викладача | H4: Підпис | I4: Дата здачі відомості | J4: Підпис
C5: 1 | D5: =MAX(Ж3!D:D) + 1 -> 61
C6: 2 | D6: =OFFSET(D6,-1,0)+1 -> 62
C7: 3 | D7: =OFFSET(D7,-1,0)+1 -> 63
C8: 4 | D8: =OFFSET(D8,-1,0)+1 -> 64
C9: 5 | D9: =OFFSET(D9,-1,0)+1 -> 65
C10: 6 | D10: =OFFSET(D10,-1,0)+1 -> 66
C11: 7 | D11: =OFFSET(D11,-1,0)+1 -> 67
C12: 8 | D12: =OFFSET(D12,-1,0)+1 -> 68
C13: 9 | D13: =OFFSET(D13,-1,0)+1 -> 69
C14: 10 | D14: =OFFSET(D14,-1,0)+1 -> 70
C15: 11 | D15: =OFFSET(D15,-1,0)+1 -> 71
C16: 12 | D16: =OFFSET(D16,-1,0)+1 -> 72
C17: 13 | D17: =OFFSET(D17,-1,0)+1 -> 73
... C24: 20 | D24: =OFFSET(D24,-1,0)+1 -> 80

Sheet Ж5
A1: S
C3: ХХ
C4: № з/п | D4: № відомостей | E4: Дата видачі відомостей | F4: Назва предмету | G4: П.І.Б. викладача | H4: Підпис | I4: Дата здачі відомості | J4: Підпис
C5: 1 | D5: =MAX(Ж4!D:D) + 1 -> 81
C6: 2 | D6: =OFFSET(D6,-1,0)+1 -> 82
C7: 3 | D7: =OFFSET(D7,-1,0)+1 -> 83
C8: 4 | D8: =OFFSET(D8,-1,0)+1 -> 84
C9: 5 | D9: =OFFSET(D9,-1,0)+1 -> 85
C10: 6 | D10: =OFFSET(D10,-1,0)+1 -> 86
C11: 7 | D11: =OFFSET(D11,-1,0)+1 -> 87
C12: 8 | D12: =OFFSET(D12,-1,0)+1 -> 88
C13: 9 | D13: =OFFSET(D13,-1,0)+1 -> 89
C14: 10 | D14: =OFFSET(D14,-1,0)+1 -> 90
C15: 11 | D15: =OFFSET(D15,-1,0)+1 -> 91
C16: 12 | D16: =OFFSET(D16,-1,0)+1 -> 92
C17: 13 | D17: =OFFSET(D17,-1,0)+1 -> 93
... C24: 20 | D24: =OFFSET(D24,-1,0)+1 -> 100

Sheet Ж6
A1: S
C3: ХХ
C4: № з/п | D4: № відомостей | E4: Дата видачі відомостей | F4: Назва предмету | G4: П.І.Б. викладача | H4: Підпис | I4: Дата здачі відомості | J4: Підпис
C5: 1 | D5: =MAX(Ж5!D:D) + 1 -> 101
C6: 2 | D6: =OFFSET(D6,-1,0)+1 -> 102
C7: 3 | D7: =OFFSET(D7,-1,0)+1 -> 103
C8: 4 | D8: =OFFSET(D8,-1,0)+1 -> 104
C9: 5 | D9: =OFFSET(D9,-1,0)+1 -> 105
C10: 6 | D10: =OFFSET(D10,-1,0)+1 -> 106
C11: 7 | D11: =OFFSET(D11,-1,0)+1 -> 107
C12: 8 | D12: =OFFSET(D12,-1,0)+1 -> 108
C13: 9 | D13: =OFFSET(D13,-1,0)+1 -> 109
C14: 10 | D14: =OFFSET(D14,-1,0)+1 -> 110
C15: 11 | D15: =OFFSET(D15,-1,0)+1 -> 111
C16: 12 | D16: =OFFSET(D16,-1,0)+1 -> 112
C17: 13 | D17: =OFFSET(D17,-1,0)+1 -> 113
... C24: 20 | D24: =OFFSET(D24,-1,0)+1 -> 120

Sheet Ж7
A1: S
C3: ХХ
C4: № з/п | D4: № відомостей | E4: Дата видачі відомостей | F4: Назва предмету | G4: П.І.Б. викладача | H4: Підпис | I4: Дата здачі відомості | J4: Підпис
C5: 1 | D5: =MAX(Ж6!D:D) + 1 -> 121
C6: 2 | D6: =OFFSET(D6,-1,0)+1 -> 122
C7: 3 | D7: =OFFSET(D7,-1,0)+1 -> 123
C8: 4 | D8: =OFFSET(D8,-1,0)+1 -> 124
C9: 5 | D9: =OFFSET(D9,-1,0)+1 -> 125
C10: 6 | D10: =OFFSET(D10,-1,0)+1 -> 126
C11: 7 | D11: =OFFSET(D11,-1,0)+1 -> 127
C12: 8 | D12: =OFFSET(D12,-1,0)+1 -> 128
C13: 9 | D13: =OFFSET(D13,-1,0)+1 -> 129
C14: 10 | D14: =OFFSET(D14,-1,0)+1 -> 130
C15: 11 | D15: =OFFSET(D15,-1,0)+1 -> 131
C16: 12 | D16: =OFFSET(D16,-1,0)+1 -> 132
C17: 13 | D17: =OFFSET(D17,-1,0)+1 -> 133
... C24: 20 | D24: =OFFSET(D24,-1,0)+1 -> 140

Sheet Ж8
A1: S
C3: ХХ
C4: № з/п | D4: № відомостей | E4: Дата видачі відомостей | F4: Назва предмету | G4: П.І.Б. викладача | H4: Підпис | I4: Дата здачі відомості | J4: Підпис
C5: 1 | D5: =MAX(Ж7!D:D) + 1 -> 141
C6: 2 | D6: =OFFSET(D6,-1,0)+1 -> 142
C7: 3 | D7: =OFFSET(D7,-1,0)+1 -> 143
C8: 4 | D8: =OFFSET(D8,-1,0)+1 -> 144
C9: 5 | D9: =OFFSET(D9,-1,0)+1 -> 145
C10: 6 | D10: =OFFSET(D10,-1,0)+1 -> 146
C11: 7 | D11: =OFFSET(D11,-1,0)+1 -> 147
C12: 8 | D12: =OFFSET(D12,-1,0)+1 -> 148
C13: 9 | D13: =OFFSET(D13,-1,0)+1 -> 149
C14: 10 | D14: =OFFSET(D14,-1,0)+1 -> 150
C15: 11 | D15: =OFFSET(D15,-1,0)+1 -> 151
C16: 12 | D16: =OFFSET(D16,-1,0)+1 -> 152
C17: 13 | D17: =OFFSET(D17,-1,0)+1 -> 153
... C24: 20 | D24: =OFFSET(D24,-1,0)+1 -> 160

Sheet Ж9
A1: S
C3: ХХ
C4: № з/п | D4: № відомостей | E4: Дата видачі відомостей | F4: Назва предмету | G4: П.І.Б. викладача | H4: Підпис | I4: Дата здачі відомості | J4: Підпис
C5: 1 | D5: =MAX(Ж8!D:D) + 1 -> 161
C6: 2 | D6: =OFFSET(D6,-1,0)+1 -> 162
C7: 3 | D7: =OFFSET(D7,-1,0)+1 -> 163
C8: 4 | D8: =OFFSET(D8,-1,0)+1 -> 164
C9: 5 | D9: =OFFSET(D9,-1,0)+1 -> 165
C10: 6 | D10: =OFFSET(D10,-1,0)+1 -> 166
C11: 7 | D11: =OFFSET(D11,-1,0)+1 -> 167
C12: 8 | D12: =OFFSET(D12,-1,0)+1 -> 168
C13: 9 | D13: =OFFSET(D13,-1,0)+1 -> 169
C14: 10 | D14: =OFFSET(D14,-1,0)+1 -> 170
C15: 11 | D15: =OFFSET(D15,-1,0)+1 -> 171
C16: 12 | D16: =OFFSET(D16,-1,0)+1 -> 172
C17: 13 | D17: =OFFSET(D17,-1,0)+1 -> 173
... C24: 20 | D24: =OFFSET(D24,-1,0)+1 -> 180

Sheet Ж10
A1: S
C3: ХХ
C4: № з/п | D4: № відомостей | E4: Дата видачі відомостей | F4: Назва предмету | G4: П.І.Б. викладача | H4: Підпис | I4: Дата здачі відомості | J4: Підпис
C5: 1 | D5: =MAX(Ж9!D:D) + 1 -> 181
C6: 2 | D6: =OFFSET(D6,-1,0)+1 -> 182
C7: 3 | D7: =OFFSET(D7,-1,0)+1 -> 183
C8: 4 | D8: =OFFSET(D8,-1,0)+1 -> 184
C9: 5 | D9: =OFFSET(D9,-1,0)+1 -> 185
C10: 6 | D10: =OFFSET(D10,-1,0)+1 -> 186
C11: 7 | D11: =OFFSET(D11,-1,0)+1 -> 187
C12: 8 | D12: =OFFSET(D12,-1,0)+1 -> 188
C13: 9 | D13: =OFFSET(D13,-1,0)+1 -> 189
C14: 10 | D14: =OFFSET(D14,-1,0)+1 -> 190
C15: 11 | D15: =OFFSET(D15,-1,0)+1 -> 191
C16: 12 | D16: =OFFSET(D16,-1,0)+1 -> 192
C17: 13 | D17: =OFFSET(D17,-1,0)+1 -> 193
... C24: 20 | D24: =OFFSET(D24,-1,0)+1 -> 200

Sheet Ж11
A1: S
C3: ХХ
C4: № з/п | D4: № відомостей | E4: Дата видачі відомостей | F4: Назва предмету | G4: П.І.Б. викладача | H4: Підпис | I4: Дата здачі відомості | J4: Підпис
C5: 1 | D5: =MAX(Ж10!D:D) + 1 -> 201
C6: 2 | D6: =OFFSET(D6,-1,0)+1 -> 202
C7: 3 | D7: =OFFSET(D7,-1,0)+1 -> 203
C8: 4 | D8: =OFFSET(D8,-1,0)+1 -> 204
C9: 5 | D9: =OFFSET(D9,-1,0)+1 -> 205
C10: 6 | D10: =OFFSET(D10,-1,0)+1 -> 206
C11: 7 | D11: =OFFSET(D11,-1,0)+1 -> 207
C12: 8 | D12: =OFFSET(D12,-1,0)+1 -> 208
C13: 9 | D13: =OFFSET(D13,-1,0)+1 -> 209
C14: 10 | D14: =OFFSET(D14,-1,0)+1 -> 210
C15: 11 | D15: =OFFSET(D15,-1,0)+1 -> 211
C16: 12 | D16: =OFFSET(D16,-1,0)+1 -> 212
C17: 13 | D17: =OFFSET(D17,-1,0)+1 -> 213
... C24: 20 | D24: =OFFSET(D24,-1,0)+1 -> 220

Sheet Ж12
A1: S
C3: ХХ
C4: № з/п | D4: № відомостей | E4: Дата видачі відомостей | F4: Назва предмету | G4: П.І.Б. викладача | H4: Підпис | I4: Дата здачі відомості | J4: Підпис
C5: 1 | D5: =MAX(Ж11!D:D) + 1 -> 221
C6: 2 | D6: =OFFSET(D6,-1,0)+1 -> 222
C7: 3 | D7: =OFFSET(D7,-1,0)+1 -> 223
C8: 4 | D8: =OFFSET(D8,-1,0)+1 -> 224
C9: 5 | D9: =OFFSET(D9,-1,0)+1 -> 225
C10: 6 | D10: =OFFSET(D10,-1,0)+1 -> 226
C11: 7 | D11: =OFFSET(D11,-1,0)+1 -> 227
C12: 8 | D12: =OFFSET(D12,-1,0)+1 -> 228
C13: 9 | D13: =OFFSET(D13,-1,0)+1 -> 229
C14: 10 | D14: =OFFSET(D14,-1,0)+1 -> 230
C15: 11 | D15: =OFFSET(D15,-1,0)+1 -> 231
C16: 12 | D16: =OFFSET(D16,-1,0)+1 -> 232
C17: 13 | D17: =OFFSET(D17,-1,0)+1 -> 233
... C24: 20 | D24: =OFFSET(D24,-1,0)+1 -> 240

Sheet Ж13
A1: S
C3: ХХ
C4: № з/п | D4: № відомостей | E4: Дата видачі відомостей | F4: Назва предмету | G4: П.І.Б. викладача | H4: Підпис | I4: Дата здачі відомості | J4: Підпис
C5: 1 | D5: =MAX(Ж12!D:D) + 1 -> 241
C6: 2 | D6: =OFFSET(D6,-1,0)+1 -> 242
C7: 3 | D7: =OFFSET(D7,-1,0)+1 -> 243
C8: 4 | D8: =OFFSET(D8,-1,0)+1 -> 244
C9: 5 | D9: =OFFSET(D9,-1,0)+1 -> 245
C10: 6 | D10: =OFFSET(D10,-1,0)+1 -> 246
C11: 7 | D11: =OFFSET(D11,-1,0)+1 -> 247
C12: 8 | D12: =OFFSET(D12,-1,0)+1 -> 248
C13: 9 | D13: =OFFSET(D13,-1,0)+1 -> 249
C14: 10 | D14: =OFFSET(D14,-1,0)+1 -> 250
C15: 11 | D15: =OFFSET(D15,-1,0)+1 -> 251
C16: 12 | D16: =OFFSET(D16,-1,0)+1 -> 252
C17: 13 | D17: =OFFSET(D17,-1,0)+1 -> 253
... C24: 20 | D24: =OFFSET(D24,-1,0)+1 -> 260

Sheet Ж14
A1: S
C3: ХХ
C4: № з/п | D4: № відомостей | E4: Дата видачі відомостей | F4: Назва предмету | G4: П.І.Б. викладача | H4: Підпис | I4: Дата здачі відомості | J4: Підпис
C5: 1 | D5: =MAX(Ж13!D:D) + 1 -> 261
C6: 2 | D6: =OFFSET(D6,-1,0)+1 -> 262
C7: 3 | D7: =OFFSET(D7,-1,0)+1 -> 263
C8: 4 | D8: =OFFSET(D8,-1,0)+1 -> 264
C9: 5 | D9: =OFFSET(D9,-1,0)+1 -> 265
C10: 6 | D10: =OFFSET(D10,-1,0)+1 -> 266
C11: 7 | D11: =OFFSET(D11,-1,0)+1 -> 267
C12: 8 | D12: =OFFSET(D12,-1,0)+1 -> 268
C13: 9 | D13: =OFFSET(D13,-1,0)+1 -> 269
C14: 10 | D14: =OFFSET(D14,-1,0)+1 -> 270
C15: 11 | D15: =OFFSET(D15,-1,0)+1 -> 271
C16: 12 | D16: =OFFSET(D16,-1,0)+1 -> 272
C17: 13 | D17: =OFFSET(D17,-1,0)+1 -> 273
... C24: 20 | D24: =OFFSET(D24,-1,0)+1 -> 280

Sheet Ж15
A1: S
C3: ХХ
C4: № з/п | D4: № відомостей | E4: Дата видачі відомостей | F4: Назва предмету | G4: П.І.Б. викладача | H4: Підпис | I4: Дата здачі відомості | J4: Підпис
C5: 1 | D5: =MAX(Ж14!D:D) + 1 -> 281
C6: 2 | D6: =OFFSET(D6,-1,0)+1 -> 282
C7: 3 | D7: =OFFSET(D7,-1,0)+1 -> 283
C8: 4 | D8: =OFFSET(D8,-1,0)+1 -> 284
C9: 5 | D9: =OFFSET(D9,-1,0)+1 -> 285
C10: 6 | D10: =OFFSET(D10,-1,0)+1 -> 286
C11: 7 | D11: =OFFSET(D11,-1,0)+1 -> 287
C12: 8 | D12: =OFFSET(D12,-1,0)+1 -> 288
C13: 9 | D13: =OFFSET(D13,-1,0)+1 -> 289
C14: 10 | D14: =OFFSET(D14,-1,0)+1 -> 290
C15: 11 | D15: =OFFSET(D15,-1,0)+1 -> 291
C16: 12 | D16: =OFFSET(D16,-1,0)+1 -> 292
C17: 13 | D17: =OFFSET(D17,-1,0)+1 -> 293
... C24: 20 | D24: =OFFSET(D24,-1,0)+1 -> 300

Sheet Ж16
A1: S
C3: ХХ
C4: № з/п | D4: № відомостей | E4: Дата видачі відомостей | F4: Назва предмету | G4: П.І.Б. викладача | H4: Підпис | I4: Дата здачі відомості | J4: Підпис
C5: 1 | D5: =MAX(Ж15!D:D) + 1 -> 301
C6: 2 | D6: =OFFSET(D6,-1,0)+1 -> 302
C7: 3 | D7: =OFFSET(D7,-1,0)+1 -> 303
C8: 4 | D8: =OFFSET(D8,-1,0)+1 -> 304
C9: 5 | D9: =OFFSET(D9,-1,0)+1 -> 305
C10: 6 | D10: =OFFSET(D10,-1,0)+1 -> 306
C11: 7 | D11: =OFFSET(D11,-1,0)+1 -> 307
C12: 8 | D12: =OFFSET(D12,-1,0)+1 -> 308
C13: 9 | D13: =OFFSET(D13,-1,0)+1 -> 309
C14: 10 | D14: =OFFSET(D14,-1,0)+1 -> 310
C15: 11 | D15: =OFFSET(D15,-1,0)+1 -> 311
C16: 12 | D16: =OFFSET(D16,-1,0)+1 -> 312
C17: 13 | D17: =OFFSET(D17,-1,0)+1 -> 313
... C24: 20 | D24: =OFFSET(D24,-1,0)+1 -> 320

Sheet Ж17
A1: S
C3: ХХ
C4: № з/п | D4: № відомостей | E4: Дата видачі відомостей | F4: Назва предмету | G4: П.І.Б. викладача | H4: Підпис | I4: Дата здачі відомості | J4: Підпис
C5: 1 | D5: =MAX(Ж16!D:D) + 1 -> 321
C6: 2 | D6: =OFFSET(D6,-1,0)+1 -> 322
C7: 3 | D7: =OFFSET(D7,-1,0)+1 -> 323
C8: 4 | D8: =OFFSET(D8,-1,0)+1 -> 324
C9: 5 | D9: =OFFSET(D9,-1,0)+1 -> 325
C10: 6 | D10: =OFFSET(D10,-1,0)+1 -> 326
C11: 7 | D11: =OFFSET(D11,-1,0)+1 -> 327
C12: 8 | D12: =OFFSET(D12,-1,0)+1 -> 328
C13: 9 | D13: =OFFSET(D13,-1,0)+1 -> 329
C14: 10 | D14: =OFFSET(D14,-1,0)+1 -> 330
C15: 11 | D15: =OFFSET(D15,-1,0)+1 -> 331
C16: 12 | D16: =OFFSET(D16,-1,0)+1 -> 332
C17: 13 | D17: =OFFSET(D17,-1,0)+1 -> 333
... C24: 20 | D24: =OFFSET(D24,-1,0)+1 -> 340

Sheet Ж18
A1: S
C3: ХХ
C4: № з/п | D4: № відомостей | E4: Дата видачі відомостей | F4: Назва предмету | G4: П.І.Б. викладача | H4: Підпис | I4: Дата здачі відомості | J4: Підпис
C5: 1 | D5: =MAX(Ж17!D:D) + 1 -> 341
C6: 2 | D6: =OFFSET(D6,-1,0)+1 -> 342
C7: 3 | D7: =OFFSET(D7,-1,0)+1 -> 343
C8: 4 | D8: =OFFSET(D8,-1,0)+1 -> 344
C9: 5 | D9: =OFFSET(D9,-1,0)+1 -> 345
C10: 6 | D10: =OFFSET(D10,-1,0)+1 -> 346
C11: 7 | D11: =OFFSET(D11,-1,0)+1 -> 347
C12: 8 | D12: =OFFSET(D12,-1,0)+1 -> 348
C13: 9 | D13: =OFFSET(D13,-1,0)+1 -> 349
C14: 10 | D14: =OFFSET(D14,-1,0)+1 -> 350
C15: 11 | D15: =OFFSET(D15,-1,0)+1 -> 351
C16: 12 | D16: =OFFSET(D16,-1,0)+1 -> 352
C17: 13 | D17: =OFFSET(D17,-1,0)+1 -> 353
... C24: 20 | D24: =OFFSET(D24,-1,0)+1 -> 360

Sheet Ж19
A1: S
C3: ХХ
C4: № з/п | D4: № відомостей | E4: Дата видачі відомостей | F4: Назва предмету | G4: П.І.Б. викладача | H4: Підпис | I4: Дата здачі відомості | J4: Підпис
C5: 1 | D5: =MAX(Ж18!D:D) + 1 -> 361
C6: 2 | D6: =OFFSET(D6,-1,0)+1 -> 362
C7: 3 | D7: =OFFSET(D7,-1,0)+1 -> 363
C8: 4 | D8: =OFFSET(D8,-1,0)+1 -> 364
C9: 5 | D9: =OFFSET(D9,-1,0)+1 -> 365
C10: 6 | D10: =OFFSET(D10,-1,0)+1 -> 366
C11: 7 | D11: =OFFSET(D11,-1,0)+1 -> 367
C12: 8 | D12: =OFFSET(D12,-1,0)+1 -> 368
C13: 9 | D13: =OFFSET(D13,-1,0)+1 -> 369
C14: 10 | D14: =OFFSET(D14,-1,0)+1 -> 370
C15: 11 | D15: =OFFSET(D15,-1,0)+1 -> 371
C16: 12 | D16: =OFFSET(D16,-1,0)+1 -> 372
C17: 13 | D17: =OFFSET(D17,-1,0)+1 -> 373
... C24: 20 | D24: =OFFSET(D24,-1,0)+1 -> 380

Sheet Ж20
A1: S
C3: ХХ
C4: № з/п | D4: № відомостей | E4: Дата видачі відомостей | F4: Назва предмету | G4: П.І.Б. викладача | H4: Підпис | I4: Дата здачі відомості | J4: Підпис
C5: 1 | D5: =MAX(Ж19!D:D) + 1 -> 381
C6: 2 | D6: =OFFSET(D6,-1,0)+1 -> 382
C7: 3 | D7: =OFFSET(D7,-1,0)+1 -> 383
C8: 4 | D8: =OFFSET(D8,-1,0)+1 -> 384
C9: 5 | D9: =OFFSET(D9,-1,0)+1 -> 385
C10: 6 | D10: =OFFSET(D10,-1,0)+1 -> 386
C11: 7 | D11: =OFFSET(D11,-1,0)+1 -> 387
C12: 8 | D12: =OFFSET(D12,-1,0)+1 -> 388
C13: 9 | D13: =OFFSET(D13,-1,0)+1 -> 389
C14: 10 | D14: =OFFSET(D14,-1,0)+1 -> 390
C15: 11 | D15: =OFFSET(D15,-1,0)+1 -> 391
C16: 12 | D16: =OFFSET(D16,-1,0)+1 -> 392
C17: 13 | D17: =OFFSET(D17,-1,0)+1 -> 393
... C24: 20 | D24: =OFFSET(D24,-1,0)+1 -> 400
