Workbook
Name A1048577: #REF!
Name A1048577: #REF!
Name A1048577: #REF!
Name A1048577: #REF!
Name A1048577: #REF!
Name A1048577: #REF!
Name A1048577: #REF!
Name A1048577: #REF!
Name A1048577: #REF!
Name A1048577: #REF!
Name A1048577: #REF!
Name A1048577: #REF!
Name A1048577: #REF!
Name A1048577: #REF!
Name A1048577: #REF!
Name A1048577: #REF!
Name A1048577: #REF!
Name A1048577: #REF!
Name A1048577: #REF!
Name A1048577: #REF!
Name A1048577: #REF!
Name Ф80: #REF!
Name Ф80: #REF!
Name Ф80: #REF!
Name Ф80: #REF!
Name Ф80: #REF!
Name Ф80: #REF!
Name Ф80: #REF!
Name Ф80: #REF!
Name Ф80: #REF!
Name Ф80: #REF!
Name Ф80: #REF!
Name Ф80: #REF!
Name Ф80: #REF!
Name Ф80: #REF!
Name Ф80: #REF!
Name Ф80: #REF!
Name Ф80: #REF!
Name Ф80: #REF!
Name Ф80: #REF!
Name Ф80: #REF!
Name Ф80: #REF!

Sheet Приклад
A1: S | B1: Для роботи програми Sonata У цьому документі повинні бути ТІЛЬКИ зведені відомості усіх спеціальностей в межах однієї групи Назви листів повинні бути "Зведена ХХХ", де ХХХ - шифр спеціальності (075 або D5 та інші) Порядок предметів повинен бути однаковим на всіх листах (окрім листа "Приклад") Значення, де записано ікси (Х) потрібно заповнювати Формули не чипати. Текст "Очікую" говорить про те, що формула очікує значення для рахунку Лист "Приклад" можна не видаляти але йому неможна змінювати назву
C3: ВІДОКРЕМЛЕНИЙ СТРУКТУРНИЙ ПІДРОЗДІЛ «ФАХОВИЙ КОЛЕДЖ НАФТОГАЗОВИХ ТЕХНОЛОГІЙ, ІНЖЕНЕРІЇ ТА ІНФРАСТРУКТУРИ СЕРВІСУ ОДЕСЬКОГО НАЦІОНАЛЬНОГО ТЕХНОЛОГІЧНОГО УНІВЕРСИТЕТУ»
C4: ЗВЕДЕНА ВІДОМІСТЬ
C5: Успішності студентів спеціальності D5 «Маркетинг»
C6: За ІІ семестр 2025-2026 н.р.
C7: Група 26-1 курс І
C8: Б/К | D8: № п/п | E8: Прізвище, ім’я, по батькові | F8: Підсумкові оцінки дисциплін
F9: Астрономія Наговська Т.С. | G9: Біологія Богданенко О.В. | H9: Всесвітня історія Мельничук С.А. | I9: Географія Наговська Т.С. | J9: Зарубіжна література Сербулова Ю.А. | K9: Захист України Лазар В.І. | L9: Іноземна мова Сербулова Ю.А. | M9: Інформатика Бєльдюгіна С.С. | N9: Історія України Левчук Т.Г. | O9: Математика Бондаренко О.С. | P9: Українська література Антропова Л.І. | Q9: Українська мова Антропова Л.І. | R9: Фізика Калюта Н.М. | S9: Фізична культура Возіян О.Г. | T9: Хімія Сахно Н.О. | U9: Середній бал
C10: Б | D10: 1 | E10: Бондаренко Андрій Миколайович | F10: 6 | G10: 4 | H10: 5 | I10: 9 | J10: 4 | K10: 5 | L10: 7 | M10: 8 | N10: н/а | O10: 10 | P10: 8 | Q10: 7 | R10: 8 | S10: 9 | T10: 5 | U10: =IF(COUNTIF(OFFSET($E10,0,1):OFFSET(U10,0,-1),"=*")>0,IF($C10="К","-"," - "),IF(COUNTIF(OFFSET($E10,0,1):OFFSET(U10,0,-1),"<4")>0,IF(C10="К","-"," - "),(IFERROR(AVERAGE(OFFSET($E10,0,1):OFFSET(U10,0,-1)),"Очікую")))) -> -
C11: Б | D11: 2 | E11: Гриценко Світлана Анатоліївна | F11: 7 | G11: 8 | H11: 5 | I11: 7 | J11: 9 | K11: 6 | L11: 9 | M11: 11 | N11: н/а | O11: 8 | P11: 7 | Q11: 7 | R11: 11 | S11: 4 | T11: 5 | U11: =IF(COUNTIF(OFFSET($E11,0,1):OFFSET(U11,0,-1),"=*")>0,IF($C11="К","-"," - "),IF(COUNTIF(OFFSET($E11,0,1):OFFSET(U11,0,-1),"<4")>0,IF(C11="К","-"," - "),(IFERROR(AVERAGE(OFFSET($E11,0,1):OFFSET(U11,0,-1)),"Очікую")))) -> -
C12: К | D12: 3 | E12: Карєва Анастасія Сергіївна | F12: 4 | G12: 11 | H12: 5 | I12: 4 | J12: н/а | K12: 4 | L12: 10 | M12: 11 | N12: 6 | O12: 8 | P12: 9 | Q12: 10 | R12: 10 | S12: н/а | T12: 9 | U12: =IF(COUNTIF(OFFSET($E12,0,1):OFFSET(U12,0,-1),"=*")>0,IF($C12="К","-"," - "),IF(COUNTIF(OFFSET($E12,0,1):OFFSET(U12,0,-1),"<4")>0,IF(C12="К","-"," - "),(IFERROR(AVERAGE(OFFSET($E12,0,1):OFFSET(U12,0,-1)),"Очікую")))) -> -
C13: К | D13: 4 | E13: Ковальчук Наталія Петрівна | F13: 8 | G13: 5 | H13: 6 | I13: 6 | J13: 10 | K13: 7 | L13: 9 | M13: 5 | N13: 8 | O13: 10 | P13: 5 | Q13: 8 | R13: 6 | S13: 11 | T13: 11 | U13: =IF(COUNTIF(OFFSET($E13,0,1):OFFSET(U13,0,-1),"=*")>0,IF($C13="К","-"," - "),IF(COUNTIF(OFFSET($E13,0,1):OFFSET(U13,0,-1),"<4")>0,IF(C13="К","-"," - "),(IFERROR(AVERAGE(OFFSET($E13,0,1):OFFSET(U13,0,-1)),"Очікую")))) -> 7.6666667
C14: Б | D14: 5 | E14: Кравченко Денис Юрійович | F14: 9 | G14: 6 | H14: 7 | I14: 4 | J14: 6 | K14: 7 | L14: н/а | M14: 6 | N14: 11 | O14: 10 | P14: н/а | Q14: 5 | R14: 10 | S14: 10 | T14: 5 | U14: =IF(COUNTIF(OFFSET($E14,0,1):OFFSET(U14,0,-1),"=*")>0,IF($C14="К","-"," - "),IF(COUNTIF(OFFSET($E14,0,1):OFFSET(U14,0,-1),"<4")>0,IF(C14="К","-"," - "),(IFERROR(AVERAGE(OFFSET($E14,0,1):OFFSET(U14,0,-1)),"Очікую")))) -> -
C15: К | D15: 6 | E15: Лєрманова Олена Євгенівна | F15: 4 | G15: 8 | H15: 4 | I15: 5 | J15: 11 | K15: 6 | L15: 8 | M15: 8 | N15: 10 | O15: 7 | P15: н/а | Q15: 5 | R15: н/а | S15: 11 | T15: н/а | U15: =IF(COUNTIF(OFFSET($E15,0,1):OFFSET(U15,0,-1),"=*")>0,IF($C15="К","-"," - "),IF(COUNTIF(OFFSET($E15,0,1):OFFSET(U15,0,-1),"<4")>0,IF(C15="К","-"," - "),(IFERROR(AVERAGE(OFFSET($E15,0,1):OFFSET(U15,0,-1)),"Очікую")))) -> -
C16: Б | D16: 7 | E16: Лисенко Олена Володимирівна | F16: 8 | G16: 8 | H16: 8 | I16: н/а | J16: 10 | K16: 8 | L16: 8 | M16: 4 | N16: 8 | O16: 8 | P16: н/а | Q16: н/а | R16: 5 | S16: 10 | T16: 10 | U16: =IF(COUNTIF(OFFSET($E16,0,1):OFFSET(U16,0,-1),"=*")>0,IF($C16="К","-"," - "),IF(COUNTIF(OFFSET($E16,0,1):OFFSET(U16,0,-1),"<4")>0,IF(C16="К","-"," - "),(IFERROR(AVERAGE(OFFSET($E16,0,1):OFFSET(U16,0,-1)),"Очікую")))) -> -
C17: К | D17: 8 | E17: Мельниченко Софія Ігорівна | F17: 10 | G17: 8 | H17: 7 | I17: 8 | J17: 11 | K17: 9 | L17: 10 | M17: 10 | N17: 9 | O17: 6 | P17: 5 | Q17: 7 | R17: 8 | S17: 10 | T17: 4 | U17: =IF(COUNTIF(OFFSET($E17,0,1):OFFSET(U17,0,-1),"=*")>0,IF($C17="К","-"," - "),IF(COUNTIF(OFFSET($E17,0,1):OFFSET(U17,0,-1),"<4")>0,IF(C17="К","-"," - "),(IFERROR(AVERAGE(OFFSET($E17,0,1):OFFSET(U17,0,-1)),"Очікую")))) -> 8.1333333
C18: К | D18: 9 | E18: Мороз Віктор Васильович | F18: 4 | G18: 9 | H18: 4 | I18: н/а | J18: 9 | K18: 6 | L18: н/а | M18: 11 | N18: 11 | O18: 10 | P18: 8 | Q18: 11 | R18: 9 | S18: 7 | T18: 11 | U18: =IF(COUNTIF(OFFSET($E18,0,1):OFFSET(U18,0,-1),"=*")>0,IF($C18="К","-"," - "),IF(COUNTIF(OFFSET($E18,0,1):OFFSET(U18,0,-1),"<4")>0,IF(C18="К","-"," - "),(IFERROR(AVERAGE(OFFSET($E18,0,1):OFFSET(U18,0,-1)),"Очікую")))) -> -
C19: Б | D19: 10 | E19: Поліщук Артем Валерійович | F19: 4 | G19: 4 | H19: 7 | I19: 9 | J19: 9 | K19: 6 | L19: 8 | M19: 8 | N19: 10 | O19: 4 | P19: 11 | Q19: 7 | R19: 8 | S19: 10 | T19: 8 | U19: =IF(COUNTIF(OFFSET($E19,0,1):OFFSET(U19,0,-1),"=*")>0,IF($C19="К","-"," - "),IF(COUNTIF(OFFSET($E19,0,1):OFFSET(U19,0,-1),"<4")>0,IF(C19="К","-"," - "),(IFERROR(AVERAGE(OFFSET($E19,0,1):OFFSET(U19,0,-1)),"Очікую")))) -> 7.5333333
C20: Б | D20: 11 | E20: Присяжнюк Аміна Михайлівна | F20: 8 | G20: 11 | H20: 4 | I20: 10 | J20: 5 | K20: 8 | L20: 11 | M20: 9 | N20: 5 | O20: 8 | P20: 4 | Q20: 7 | R20: 11 | S20: 8 | T20: 5 | U20: =IF(COUNTIF(OFFSET($E20,0,1):OFFSET(U20,0,-1),"=*")>0,IF($C20="К","-"," - "),IF(COUNTIF(OFFSET($E20,0,1):OFFSET(U20,0,-1),"<4")>0,IF(C20="К","-"," - "),(IFERROR(AVERAGE(OFFSET($E20,0,1):OFFSET(U20,0,-1)),"Очікую")))) -> 7.6
C21: К | D21: 12 | E21: Савельєв Олександр Вячеславович | F21: 9 | G21: 8 | H21: 11 | I21: 5 | J21: 8 | K21: 5 | L21: 5 | M21: 8 | N21: 6 | O21: 11 | P21: 9 | Q21: 8 | R21: 8 | S21: 8 | T21: 8 | U21: =IF(COUNTIF(OFFSET($E21,0,1):OFFSET(U21,0,-1),"=*")>0,IF($C21="К","-"," - "),IF(COUNTIF(OFFSET($E21,0,1):OFFSET(U21,0,-1),"<4")>0,IF(C21="К","-"," - "),(IFERROR(AVERAGE(OFFSET($E21,0,1):OFFSET(U21,0,-1)),"Очікую")))) -> 7.8
C22: К | D22: 13 | E22: Савченко Марія Олегівна | F22: 11 | G22: 6 | H22: н/а | I22: 9 | J22: 9 | K22: н/а | L22: 8 | M22: 11 | N22: 5 | O22: 6 | P22: 4 | Q22: 11 | R22: 9 | S22: 6 | T22: 8 | U22: =IF(COUNTIF(OFFSET($E22,0,1):OFFSET(U22,0,-1),"=*")>0,IF($C22="К","-"," - "),IF(COUNTIF(OFFSET($E22,0,1):OFFSET(U22,0,-1),"<4")>0,IF(C22="К","-"," - "),(IFERROR(AVERAGE(OFFSET($E22,0,1):OFFSET(U22,0,-1)),"Очікую")))) -> -
C23: Б | D23: 14 | E23: Самойлова Яна Вячеславівна | F23: 11 | G23: 8 | H23: 4 | I23: 9 | J23: 7 | K23: 5 | L23: 8 | M23: 5 | N23: 9 | O23: 4 | P23: 8 | Q23: 8 | R23: 6 | S23: 9 | T23: 9 | U23: =IF(COUNTIF(OFFSET($E23,0,1):OFFSET(U23,0,-1),"=*")>0,IF($C23="К","-"," - "),IF(COUNTIF(OFFSET($E23,0,1):OFFSET(U23,0,-1),"<4")>0,IF(C23="К","-"," - "),(IFERROR(AVERAGE(OFFSET($E23,0,1):OFFSET(U23,0,-1)),"Очікую")))) -> 7.3333333
C24: Б | D24: 15 | E24: Стегарь Евеліна Сергіївна | F24: 11 | G24: 5 | H24: 6 | I24: 6 | J24: н/а | K24: 10 | L24: 9 | M24: 11 | N24: 11 | O24: 11 | P24: 10 | Q24: 11 | R24: 10 | S24: 11 | T24: 8 | U24: =IF(COUNTIF(OFFSET($E24,0,1):OFFSET(U24,0,-1),"=*")>0,IF($C24="К","-"," - "),IF(COUNTIF(OFFSET($E24,0,1):OFFSET(U24,0,-1),"<4")>0,IF(C24="К","-"," - "),(IFERROR(AVERAGE(OFFSET($E24,0,1):OFFSET(U24,0,-1)),"Очікую")))) -> -
C25: К | D25: 16 | E25: Ткаченко Ірина Сергіївна | F25: 5 | G25: 10 | H25: 10 | I25: 8 | J25: 9 | K25: 9 | L25: 9 | M25: 4 | N25: 9 | O25: 8 | P25: 10 | Q25: 8 | R25: 11 | S25: 8 | T25: 8 | U25: =IF(COUNTIF(OFFSET($E25,0,1):OFFSET(U25,0,-1),"=*")>0,IF($C25="К","-"," - "),IF(COUNTIF(OFFSET($E25,0,1):OFFSET(U25,0,-1),"<4")>0,IF(C25="К","-"," - "),(IFERROR(AVERAGE(OFFSET($E25,0,1):OFFSET(U25,0,-1)),"Очікую")))) -> 8.4
C26: Б | D26: 17 | E26: Цвєтков Андрій Геннадійович | F26: 8 | G26: 7 | H26: н/а | I26: 4 | J26: 7 | K26: 8 | L26: 5 | M26: 10 | N26: 4 | O26: 8 | P26: 8 | Q26: 6 | R26: 4 | S26: 7 | T26: 10 | U26: =IF(COUNTIF(OFFSET($E26,0,1):OFFSET(U26,0,-1),"=*")>0,IF($C26="К","-"," - "),IF(COUNTIF(OFFSET($E26,0,1):OFFSET(U26,0,-1),"<4")>0,IF(C26="К","-"," - "),(IFERROR(AVERAGE(OFFSET($E26,0,1):OFFSET(U26,0,-1)),"Очікую")))) -> -
C27: Б | D27: 18 | E27: Шевченко Олександр Іванович | F27: 9 | G27: 9 | H27: 7 | I27: 11 | J27: н/а | K27: 10 | L27: 8 | M27: 8 | N27: 5 | O27: 7 | P27: 7 | Q27: 4 | R27: 8 | S27: 4 | T27: 8 | U27: =IF(COUNTIF(OFFSET($E27,0,1):OFFSET(U27,0,-1),"=*")>0,IF($C27="К","-"," - "),IF(COUNTIF(OFFSET($E27,0,1):OFFSET(U27,0,-1),"<4")>0,IF(C27="К","-"," - "),(IFERROR(AVERAGE(OFFSET($E27,0,1):OFFSET(U27,0,-1)),"Очікую")))) -> -
E28: Середній бал успішності з дисципліни | F28: =IF(SUM(OFFSET(F$9,1,0):OFFSET(F28,-1,0))=0,IF(COUNTA(OFFSET(F$9,1,0):OFFSET(F28,-1,0))=0,"Очікую",0),SUM(OFFSET(F$9,1,0):OFFSET(F28,-1,0))/OFFSET($D28,-1,0)) -> 7.5555556 | G28: =IF(SUM(OFFSET(G$9,1,0):OFFSET(G28,-1,0))=0,IF(COUNTA(OFFSET(G$9,1,0):OFFSET(G28,-1,0))=0,"Очікую",0),SUM(OFFSET(G$9,1,0):OFFSET(G28,-1,0))/OFFSET($D28,-1,0)) -> 7.5 | H28: =IF(SUM(OFFSET(H$9,1,0):OFFSET(H28,-1,0))=0,IF(COUNTA(OFFSET(H$9,1,0):OFFSET(H28,-1,0))=0,"Очікую",0),SUM(OFFSET(H$9,1,0):OFFSET(H28,-1,0))/OFFSET($D28,-1,0)) -> 5.5555556 | I28: =IF(SUM(OFFSET(I$9,1,0):OFFSET(I28,-1,0))=0,IF(COUNTA(OFFSET(I$9,1,0):OFFSET(I28,-1,0))=0,"Очікую",0),SUM(OFFSET(I$9,1,0):OFFSET(I28,-1,0))/OFFSET($D28,-1,0)) -> 6.3333333 | J28: =IF(SUM(OFFSET(J$9,1,0):OFFSET(J28,-1,0))=0,IF(COUNTA(OFFSET(J$9,1,0):OFFSET(J28,-1,0))=0,"Очікую",0),SUM(OFFSET(J$9,1,0):OFFSET(J28,-1,0))/OFFSET($D28,-1,0)) -> 6.8888889 | K28: =IF(SUM(OFFSET(K$9,1,0):OFFSET(K28,-1,0))=0,IF(COUNTA(OFFSET(K$9,1,0):OFFSET(K28,-1,0))=0,"Очікую",0),SUM(OFFSET(K$9,1,0):OFFSET(K28,-1,0))/OFFSET($D28,-1,0)) -> 6.6111111 | L28: =IF(SUM(OFFSET(L$9,1,0):OFFSET(L28,-1,0))=0,IF(COUNTA(OFFSET(L$9,1,0):OFFSET(L28,-1,0))=0,"Очікую",0),SUM(OFFSET(L$9,1,0):OFFSET(L28,-1,0))/OFFSET($D28,-1,0)) -> 7.3333333 | M28: =IF(SUM(OFFSET(M$9,1,0):OFFSET(M28,-1,0))=0,IF(COUNTA(OFFSET(M$9,1,0):OFFSET(M28,-1,0))=0,"Очікую",0),SUM(OFFSET(M$9,1,0):OFFSET(M28,-1,0))/OFFSET($D28,-1,0)) -> 8.2222222 | ... T28: =IF(SUM(OFFSET(T$9,1,0):OFFSET(T28,-1,0))=0,IF(COUNTA(OFFSET(T$9,1,0):OFFSET(T28,-1,0))=0,"Очікую",0),SUM(OFFSET(T$9,1,0):OFFSET(T28,-1,0))/OFFSET($D28,-1,0)) -> 7.3333333 | U28: =IFERROR(AVERAGE(OFFSET($E28,0,1):OFFSET(U28,0,-1)),"Очікую") -> 7.1814815
E29: Абсолютна успішність | F29: =IF(SUM(OFFSET(F$9,1,0):OFFSET(F28,-1,0))=0,IF(COUNTA(OFFSET(F$9,1,0):OFFSET(F28,-1,0))=0,"Очікую",0),IF(COUNTIF(OFFSET(F$9,1,0):OFFSET(F28,-1,0),">=4")=0,0,COUNTIF(OFFSET(F$9,1,0):OFFSET(F28,-1,0),">=4")/OFFSET($D28,-1,0)*100)) -> 100 | G29: =IF(SUM(OFFSET(G$9,1,0):OFFSET(G28,-1,0))=0,IF(COUNTA(OFFSET(G$9,1,0):OFFSET(G28,-1,0))=0,"Очікую",0),IF(COUNTIF(OFFSET(G$9,1,0):OFFSET(G28,-1,0),">=4")=0,0,COUNTIF(OFFSET(G$9,1,0):OFFSET(G28,-1,0),">=4")/OFFSET($D28,-1,0)*100)) -> 100 | H29: =IF(SUM(OFFSET(H$9,1,0):OFFSET(H28,-1,0))=0,IF(COUNTA(OFFSET(H$9,1,0):OFFSET(H28,-1,0))=0,"Очікую",0),IF(COUNTIF(OFFSET(H$9,1,0):OFFSET(H28,-1,0),">=4")=0,0,COUNTIF(OFFSET(H$9,1,0):OFFSET(H28,-1,0),">=4")/OFFSET($D28,-1,0)*100)) -> 88.888889 | I29: =IF(SUM(OFFSET(I$9,1,0):OFFSET(I28,-1,0))=0,IF(COUNTA(OFFSET(I$9,1,0):OFFSET(I28,-1,0))=0,"Очікую",0),IF(COUNTIF(OFFSET(I$9,1,0):OFFSET(I28,-1,0),">=4")=0,0,COUNTIF(OFFSET(I$9,1,0):OFFSET(I28,-1,0),">=4")/OFFSET($D28,-1,0)*100)) -> 88.888889 | J29: =IF(SUM(OFFSET(J$9,1,0):OFFSET(J28,-1,0))=0,IF(COUNTA(OFFSET(J$9,1,0):OFFSET(J28,-1,0))=0,"Очікую",0),IF(COUNTIF(OFFSET(J$9,1,0):OFFSET(J28,-1,0),">=4")=0,0,COUNTIF(OFFSET(J$9,1,0):OFFSET(J28,-1,0),">=4")/OFFSET($D28,-1,0)*100)) -> 83.333333 | K29: =IF(SUM(OFFSET(K$9,1,0):OFFSET(K28,-1,0))=0,IF(COUNTA(OFFSET(K$9,1,0):OFFSET(K28,-1,0))=0,"Очікую",0),IF(COUNTIF(OFFSET(K$9,1,0):OFFSET(K28,-1,0),">=4")=0,0,COUNTIF(OFFSET(K$9,1,0):OFFSET(K28,-1,0),">=4")/OFFSET($D28,-1,0)*100)) -> 94.444444 | L29: =IF(SUM(OFFSET(L$9,1,0):OFFSET(L28,-1,0))=0,IF(COUNTA(OFFSET(L$9,1,0):OFFSET(L28,-1,0))=0,"Очікую",0),IF(COUNTIF(OFFSET(L$9,1,0):OFFSET(L28,-1,0),">=4")=0,0,COUNTIF(OFFSET(L$9,1,0):OFFSET(L28,-1,0),">=4")/OFFSET($D28,-1,0)*100)) -> 88.888889 | M29: =IF(SUM(OFFSET(M$9,1,0):OFFSET(M28,-1,0))=0,IF(COUNTA(OFFSET(M$9,1,0):OFFSET(M28,-1,0))=0,"Очікую",0),IF(COUNTIF(OFFSET(M$9,1,0):OFFSET(M28,-1,0),">=4")=0,0,COUNTIF(OFFSET(M$9,1,0):OFFSET(M28,-1,0),">=4")/OFFSET($D28,-1,0)*100)) -> 100 | ... T29: =IF(SUM(OFFSET(T$9,1,0):OFFSET(T28,-1,0))=0,IF(COUNTA(OFFSET(T$9,1,0):OFFSET(T28,-1,0))=0,"Очікую",0),IF(COUNTIF(OFFSET(T$9,1,0):OFFSET(T28,-1,0),">=4")=0,0,COUNTIF(OFFSET(T$9,1,0):OFFSET(T28,-1,0),">=4")/OFFSET($D28,-1,0)*100)) -> 94.444444
E30: Якісна успішність | F30: =IF(SUM(OFFSET(F$9,1,0):OFFSET(F28,-1,0))=0,IF(COUNTA(OFFSET(F$9,1,0):OFFSET(F28,-1,0))=0,"Очікую",0),IF(COUNTIF(OFFSET(F$9,1,0):OFFSET(F28,-1,0),">=7")=0,0,COUNTIF(OFFSET(F$9,1,0):OFFSET(F28,-1,0),">=7")/OFFSET($D28,-1,0)*100)) -> 66.666667 | G30: =IF(SUM(OFFSET(G$9,1,0):OFFSET(G28,-1,0))=0,IF(COUNTA(OFFSET(G$9,1,0):OFFSET(G28,-1,0))=0,"Очікую",0),IF(COUNTIF(OFFSET(G$9,1,0):OFFSET(G28,-1,0),">=7")=0,0,COUNTIF(OFFSET(G$9,1,0):OFFSET(G28,-1,0),">=7")/OFFSET($D28,-1,0)*100)) -> 66.666667 | H30: =IF(SUM(OFFSET(H$9,1,0):OFFSET(H28,-1,0))=0,IF(COUNTA(OFFSET(H$9,1,0):OFFSET(H28,-1,0))=0,"Очікую",0),IF(COUNTIF(OFFSET(H$9,1,0):OFFSET(H28,-1,0),">=7")=0,0,COUNTIF(OFFSET(H$9,1,0):OFFSET(H28,-1,0),">=7")/OFFSET($D28,-1,0)*100)) -> 38.888889 | I30: =IF(SUM(OFFSET(I$9,1,0):OFFSET(I28,-1,0))=0,IF(COUNTA(OFFSET(I$9,1,0):OFFSET(I28,-1,0))=0,"Очікую",0),IF(COUNTIF(OFFSET(I$9,1,0):OFFSET(I28,-1,0),">=7")=0,0,COUNTIF(OFFSET(I$9,1,0):OFFSET(I28,-1,0),">=7")/OFFSET($D28,-1,0)*100)) -> 50 | J30: =IF(SUM(OFFSET(J$9,1,0):OFFSET(J28,-1,0))=0,IF(COUNTA(OFFSET(J$9,1,0):OFFSET(J28,-1,0))=0,"Очікую",0),IF(COUNTIF(OFFSET(J$9,1,0):OFFSET(J28,-1,0),">=7")=0,0,COUNTIF(OFFSET(J$9,1,0):OFFSET(J28,-1,0),">=7")/OFFSET($D28,-1,0)*100)) -> 66.666667 | K30: =IF(SUM(OFFSET(K$9,1,0):OFFSET(K28,-1,0))=0,IF(COUNTA(OFFSET(K$9,1,0):OFFSET(K28,-1,0))=0,"Очікую",0),IF(COUNTIF(OFFSET(K$9,1,0):OFFSET(K28,-1,0),">=7")=0,0,COUNTIF(OFFSET(K$9,1,0):OFFSET(K28,-1,0),">=7")/OFFSET($D28,-1,0)*100)) -> 50 | L30: =IF(SUM(OFFSET(L$9,1,0):OFFSET(L28,-1,0))=0,IF(COUNTA(OFFSET(L$9,1,0):OFFSET(L28,-1,0))=0,"Очікую",0),IF(COUNTIF(OFFSET(L$9,1,0):OFFSET(L28,-1,0),">=7")=0,0,COUNTIF(OFFSET(L$9,1,0):OFFSET(L28,-1,0),">=7")/OFFSET($D28,-1,0)*100)) -> 77.777778 | M30: =IF(SUM(OFFSET(M$9,1,0):OFFSET(M28,-1,0))=0,IF(COUNTA(OFFSET(M$9,1,0):OFFSET(M28,-1,0))=0,"Очікую",0),IF(COUNTIF(OFFSET(M$9,1,0):OFFSET(M28,-1,0),">=7")=0,0,COUNTIF(OFFSET(M$9,1,0):OFFSET(M28,-1,0),">=7")/OFFSET($D28,-1,0)*100)) -> 72.222222 | ... T30: =IF(SUM(OFFSET(T$9,1,0):OFFSET(T28,-1,0))=0,IF(COUNTA(OFFSET(T$9,1,0):OFFSET(T28,-1,0))=0,"Очікую",0),IF(COUNTIF(OFFSET(T$9,1,0):OFFSET(T28,-1,0),">=7")=0,0,COUNTIF(OFFSET(T$9,1,0):OFFSET(T28,-1,0),">=7")/OFFSET($D28,-1,0)*100)) -> 66.666667
E31: Абсолютна успішність по групі | F31: =IFERROR(AVERAGE(OFFSET(E29,0,1):OFFSET(U29,0,-1)),"Очікую") -> 92.962963
E32: Якісна успішність по групі | F32: =IFERROR(AVERAGE(OFFSET(E30,0,1):OFFSET(U30,0,-1)),"Очікую") -> 64.814815
E33: Кількість бюджетників | F33: =IF(COUNTIF(OFFSET(C$9,1,0):OFFSET(C28,-1,0),"=Б")=0,IF(COUNTIF(OFFSET(C$9,1,0):OFFSET(C28,-1,0),"=К")=0,"Очікую",0),COUNTIF(OFFSET(C$9,1,0):OFFSET(C28,-1,0),"=Б")) -> 10
E34: Кількість контрактників | F34: =IF(COUNTIF(OFFSET(C$9,1,0):OFFSET(C28,-1,0),"=К")=0,IF(COUNTIF(OFFSET(C$9,1,0):OFFSET(C28,-1,0),"=Б")=0,"Очікую",0),COUNTIF(OFFSET(C$9,1,0):OFFSET(C28,-1,0),"=К")) -> 8 | H34: Класний керівник | P34: Ірина ДОПІРА
E35: Кількість соціального контингенту
E36: Вийшли на стипендію | F36: =IF(F33="Очікую","Очікую",IF(F33-COUNTIF(OFFSET(U$9,1,0):OFFSET(U28,-1,0)," - ")<ROUNDDOWN(F33*0.4,0),F33-COUNTIF(OFFSET(U$9,1,0):OFFSET(U28,-1,0)," - "),ROUNDDOWN(F33*0.4,0))) -> 3 | H36: Завідувач відділення ПЗСО | P36: Маргарита БРІТІКОВА

Sheet З0
A1: S
C3: ВІДОКРЕМЛЕНИЙ СТРУКТУРНИЙ ПІДРОЗДІЛ «ФАХОВИЙ КОЛЕДЖ НАФТОГАЗОВИХ ТЕХНОЛОГІЙ, ІНЖЕНЕРІЇ ТА ІНФРАСТРУКТУРИ СЕРВІСУ ОДЕСЬКОГО НАЦІОНАЛЬНОГО ТЕХНОЛОГІЧНОГО УНІВЕРСИТЕТУ»
C4: ЗВЕДЕНА ВІДОМІСТЬ
C5: Успішності студентів спеціальності XXX «XXXXX»
C6: За X семестр XXXX-XXXX н.р.
C7: Група XXXX курс X
C8: Б/К | D8: № п/п | E8: Прізвище, ім’я, по батькові | F8: Підсумкові оцінки дисциплін
F9: Астрономія XXXXX | G9: Біологія XXXXX | H9: Всесвітня історія XXXXX | I9: Географія XXXXX | J9: Зарубіжна література XXXXX | K9: Захист України XXXXX | L9: Іноземна мова XXXXX | M9: Інформатика XXXXX | N9: Історія України XXXXX | O9: Математика XXXXX | P9: Українська література XXXXX | Q9: Українська мова XXXXX | R9: Фізика XXXXX | S9: Фізична культура XXXXX | T9: Хімія XXXXX | U9: Середній бал
D10: 1 | U10: =IF(COUNTIF(OFFSET($E10,0,1):OFFSET(U10,0,-1),"=*")>0,IF($C10="К","-"," - "),IF(COUNTIF(OFFSET($E10,0,1):OFFSET(U10,0,-1),"<4")>0,IF(C10="К","-"," - "),(IFERROR(AVERAGE(OFFSET($E10,0,1):OFFSET(U10,0,-1)),"Очікую")))) -> Очікую
D11: 2 | U11: =IF(COUNTIF(OFFSET($E11,0,1):OFFSET(U11,0,-1),"=*")>0,IF($C11="К","-"," - "),IF(COUNTIF(OFFSET($E11,0,1):OFFSET(U11,0,-1),"<4")>0,IF(C11="К","-"," - "),(IFERROR(AVERAGE(OFFSET($E11,0,1):OFFSET(U11,0,-1)),"Очікую")))) -> Очікую
D12: 3 | U12: =IF(COUNTIF(OFFSET($E12,0,1):OFFSET(U12,0,-1),"=*")>0,IF($C12="К","-"," - "),IF(COUNTIF(OFFSET($E12,0,1):OFFSET(U12,0,-1),"<4")>0,IF(C12="К","-"," - "),(IFERROR(AVERAGE(OFFSET($E12,0,1):OFFSET(U12,0,-1)),"Очікую")))) -> Очікую
D13: 4 | U13: =IF(COUNTIF(OFFSET($E13,0,1):OFFSET(U13,0,-1),"=*")>0,IF($C13="К","-"," - "),IF(COUNTIF(OFFSET($E13,0,1):OFFSET(U13,0,-1),"<4")>0,IF(C13="К","-"," - "),(IFERROR(AVERAGE(OFFSET($E13,0,1):OFFSET(U13,0,-1)),"Очікую")))) -> Очікую
D14: 5 | U14: =IF(COUNTIF(OFFSET($E14,0,1):OFFSET(U14,0,-1),"=*")>0,IF($C14="К","-"," - "),IF(COUNTIF(OFFSET($E14,0,1):OFFSET(U14,0,-1),"<4")>0,IF(C14="К","-"," - "),(IFERROR(AVERAGE(OFFSET($E14,0,1):OFFSET(U14,0,-1)),"Очікую")))) -> Очікую
D15: 6 | U15: =IF(COUNTIF(OFFSET($E15,0,1):OFFSET(U15,0,-1),"=*")>0,IF($C15="К","-"," - "),IF(COUNTIF(OFFSET($E15,0,1):OFFSET(U15,0,-1),"<4")>0,IF(C15="К","-"," - "),(IFERROR(AVERAGE(OFFSET($E15,0,1):OFFSET(U15,0,-1)),"Очікую")))) -> Очікую
D16: 7 | U16: =IF(COUNTIF(OFFSET($E16,0,1):OFFSET(U16,0,-1),"=*")>0,IF($C16="К","-"," - "),IF(COUNTIF(OFFSET($E16,0,1):OFFSET(U16,0,-1),"<4")>0,IF(C16="К","-"," - "),(IFERROR(AVERAGE(OFFSET($E16,0,1):OFFSET(U16,0,-1)),"Очікую")))) -> Очікую
D17: 8 | U17: =IF(COUNTIF(OFFSET($E17,0,1):OFFSET(U17,0,-1),"=*")>0,IF($C17="К","-"," - "),IF(COUNTIF(OFFSET($E17,0,1):OFFSET(U17,0,-1),"<4")>0,IF(C17="К","-"," - "),(IFERROR(AVERAGE(OFFSET($E17,0,1):OFFSET(U17,0,-1)),"Очікую")))) -> Очікую
D18: 9 | U18: =IF(COUNTIF(OFFSET($E18,0,1):OFFSET(U18,0,-1),"=*")>0,IF($C18="К","-"," - "),IF(COUNTIF(OFFSET($E18,0,1):OFFSET(U18,0,-1),"<4")>0,IF(C18="К","-"," - "),(IFERROR(AVERAGE(OFFSET($E18,0,1):OFFSET(U18,0,-1)),"Очікую")))) -> Очікую
D19: 10 | U19: =IF(COUNTIF(OFFSET($E19,0,1):OFFSET(U19,0,-1),"=*")>0,IF($C19="К","-"," - "),IF(COUNTIF(OFFSET($E19,0,1):OFFSET(U19,0,-1),"<4")>0,IF(C19="К","-"," - "),(IFERROR(AVERAGE(OFFSET($E19,0,1):OFFSET(U19,0,-1)),"Очікую")))) -> Очікую
D20: 11 | U20: =IF(COUNTIF(OFFSET($E20,0,1):OFFSET(U20,0,-1),"=*")>0,IF($C20="К","-"," - "),IF(COUNTIF(OFFSET($E20,0,1):OFFSET(U20,0,-1),"<4")>0,IF(C20="К","-"," - "),(IFERROR(AVERAGE(OFFSET($E20,0,1):OFFSET(U20,0,-1)),"Очікую")))) -> Очікую
D21: 12 | U21: =IF(COUNTIF(OFFSET($E21,0,1):OFFSET(U21,0,-1),"=*")>0,IF($C21="К","-"," - "),IF(COUNTIF(OFFSET($E21,0,1):OFFSET(U21,0,-1),"<4")>0,IF(C21="К","-"," - "),(IFERROR(AVERAGE(OFFSET($E21,0,1):OFFSET(U21,0,-1)),"Очікую")))) -> Очікую
... D109: 100 | U109: =IF(COUNTIF(OFFSET($E109,0,1):OFFSET(U109,0,-1),"=*")>0,IF($C109="К","-"," - "),IF(COUNTIF(OFFSET($E109,0,1):OFFSET(U109,0,-1),"<4")>0,IF(C109="К","-"," - "),(IFERROR(AVERAGE(OFFSET($E109,0,1):OFFSET(U109,0,-1)),"Очікую")))) -> Очікую
E110: Середній бал успішності з дисципліни | F110: =IF(SUM(OFFSET(F$9,1,0):OFFSET(F110,-1,0))=0,IF(COUNTA(OFFSET(F$9,1,0):OFFSET(F110,-1,0))=0,"Очікую",0),SUM(OFFSET(F$9,1,0):OFFSET(F110,-1,0))/OFFSET($D110,-1,0)) -> Очікую | G110: =IF(SUM(OFFSET(G$9,1,0):OFFSET(G110,-1,0))=0,IF(COUNTA(OFFSET(G$9,1,0):OFFSET(G110,-1,0))=0,"Очікую",0),SUM(OFFSET(G$9,1,0):OFFSET(G110,-1,0))/OFFSET($D110,-1,0)) -> Очікую | H110: =IF(SUM(OFFSET(H$9,1,0):OFFSET(H110,-1,0))=0,IF(COUNTA(OFFSET(H$9,1,0):OFFSET(H110,-1,0))=0,"Очікую",0),SUM(OFFSET(H$9,1,0):OFFSET(H110,-1,0))/OFFSET($D110,-1,0)) -> Очікую | I110: =IF(SUM(OFFSET(I$9,1,0):OFFSET(I110,-1,0))=0,IF(COUNTA(OFFSET(I$9,1,0):OFFSET(I110,-1,0))=0,"Очікую",0),SUM(OFFSET(I$9,1,0):OFFSET(I110,-1,0))/OFFSET($D110,-1,0)) -> Очікую | J110: =IF(SUM(OFFSET(J$9,1,0):OFFSET(J110,-1,0))=0,IF(COUNTA(OFFSET(J$9,1,0):OFFSET(J110,-1,0))=0,"Очікую",0),SUM(OFFSET(J$9,1,0):OFFSET(J110,-1,0))/OFFSET($D110,-1,0)) -> Очікую | K110: =IF(SUM(OFFSET(K$9,1,0):OFFSET(K110,-1,0))=0,IF(COUNTA(OFFSET(K$9,1,0):OFFSET(K110,-1,0))=0,"Очікую",0),SUM(OFFSET(K$9,1,0):OFFSET(K110,-1,0))/OFFSET($D110,-1,0)) -> Очікую | L110: =IF(SUM(OFFSET(L$9,1,0):OFFSET(L110,-1,0))=0,IF(COUNTA(OFFSET(L$9,1,0):OFFSET(L110,-1,0))=0,"Очікую",0),SUM(OFFSET(L$9,1,0):OFFSET(L110,-1,0))/OFFSET($D110,-1,0)) -> Очікую | M110: =IF(SUM(OFFSET(M$9,1,0):OFFSET(M110,-1,0))=0,IF(COUNTA(OFFSET(M$9,1,0):OFFSET(M110,-1,0))=0,"Очікую",0),SUM(OFFSET(M$9,1,0):OFFSET(M110,-1,0))/OFFSET($D110,-1,0)) -> Очікую | ... T110: =IF(SUM(OFFSET(T$9,1,0):OFFSET(T110,-1,0))=0,IF(COUNTA(OFFSET(T$9,1,0):OFFSET(T110,-1,0))=0,"Очікую",0),SUM(OFFSET(T$9,1,0):OFFSET(T110,-1,0))/OFFSET($D110,-1,0)) -> Очікую | U110: =IFERROR(AVERAGE(OFFSET($E110,0,1):OFFSET(U110,0,-1)),"Очікую") -> Очікую
E111: Абсолютна успішність | F111: =IF(SUM(OFFSET(F$9,1,0):OFFSET(F110,-1,0))=0,IF(COUNTA(OFFSET(F$9,1,0):OFFSET(F110,-1,0))=0,"Очікую",0),IF(COUNTIF(OFFSET(F$9,1,0):OFFSET(F110,-1,0),">=4")=0,0,COUNTIF(OFFSET(F$9,1,0):OFFSET(F110,-1,0),">=4")/OFFSET($D110,-1,0)*100)) -> Очікую | G111: =IF(SUM(OFFSET(G$9,1,0):OFFSET(G110,-1,0))=0,IF(COUNTA(OFFSET(G$9,1,0):OFFSET(G110,-1,0))=0,"Очікую",0),IF(COUNTIF(OFFSET(G$9,1,0):OFFSET(G110,-1,0),">=4")=0,0,COUNTIF(OFFSET(G$9,1,0):OFFSET(G110,-1,0),">=4")/OFFSET($D110,-1,0)*100)) -> Очікую | H111: =IF(SUM(OFFSET(H$9,1,0):OFFSET(H110,-1,0))=0,IF(COUNTA(OFFSET(H$9,1,0):OFFSET(H110,-1,0))=0,"Очікую",0),IF(COUNTIF(OFFSET(H$9,1,0):OFFSET(H110,-1,0),">=4")=0,0,COUNTIF(OFFSET(H$9,1,0):OFFSET(H110,-1,0),">=4")/OFFSET($D110,-1,0)*100)) -> Очікую | I111: =IF(SUM(OFFSET(I$9,1,0):OFFSET(I110,-1,0))=0,IF(COUNTA(OFFSET(I$9,1,0):OFFSET(I110,-1,0))=0,"Очікую",0),IF(COUNTIF(OFFSET(I$9,1,0):OFFSET(I110,-1,0),">=4")=0,0,COUNTIF(OFFSET(I$9,1,0):OFFSET(I110,-1,0),">=4")/OFFSET($D110,-1,0)*100)) -> Очікую | J111: =IF(SUM(OFFSET(J$9,1,0):OFFSET(J110,-1,0))=0,IF(COUNTA(OFFSET(J$9,1,0):OFFSET(J110,-1,0))=0,"Очікую",0),IF(COUNTIF(OFFSET(J$9,1,0):OFFSET(J110,-1,0),">=4")=0,0,COUNTIF(OFFSET(J$9,1,0):OFFSET(J110,-1,0),">=4")/OFFSET($D110,-1,0)*100)) -> Очікую | K111: =IF(SUM(OFFSET(K$9,1,0):OFFSET(K110,-1,0))=0,IF(COUNTA(OFFSET(K$9,1,0):OFFSET(K110,-1,0))=0,"Очікую",0),IF(COUNTIF(OFFSET(K$9,1,0):OFFSET(K110,-1,0),">=4")=0,0,COUNTIF(OFFSET(K$9,1,0):OFFSET(K110,-1,0),">=4")/OFFSET($D110,-1,0)*100)) -> Очікую | L111: =IF(SUM(OFFSET(L$9,1,0):OFFSET(L110,-1,0))=0,IF(COUNTA(OFFSET(L$9,1,0):OFFSET(L110,-1,0))=0,"Очікую",0),IF(COUNTIF(OFFSET(L$9,1,0):OFFSET(L110,-1,0),">=4")=0,0,COUNTIF(OFFSET(L$9,1,0):OFFSET(L110,-1,0),">=4")/OFFSET($D110,-1,0)*100)) -> Очікую | M111: =IF(SUM(OFFSET(M$9,1,0):OFFSET(M110,-1,0))=0,IF(COUNTA(OFFSET(M$9,1,0):OFFSET(M110,-1,0))=0,"Очікую",0),IF(COUNTIF(OFFSET(M$9,1,0):OFFSET(M110,-1,0),">=4")=0,0,COUNTIF(OFFSET(M$9,1,0):OFFSET(M110,-1,0),">=4")/OFFSET($D110,-1,0)*100)) -> Очікую | ... T111: =IF(SUM(OFFSET(T$9,1,0):OFFSET(T110,-1,0))=0,IF(COUNTA(OFFSET(T$9,1,0):OFFSET(T110,-1,0))=0,"Очікую",0),IF(COUNTIF(OFFSET(T$9,1,0):OFFSET(T110,-1,0),">=4")=0,0,COUNTIF(OFFSET(T$9,1,0):OFFSET(T110,-1,0),">=4")/OFFSET($D110,-1,0)*100)) -> Очікую
E112: Якісна успішність | F112: =IF(SUM(OFFSET(F$9,1,0):OFFSET(F110,-1,0))=0,IF(COUNTA(OFFSET(F$9,1,0):OFFSET(F110,-1,0))=0,"Очікую",0),IF(COUNTIF(OFFSET(F$9,1,0):OFFSET(F110,-1,0),">=7")=0,0,COUNTIF(OFFSET(F$9,1,0):OFFSET(F110,-1,0),">=7")/OFFSET($D110,-1,0)*100)) -> Очікую | G112: =IF(SUM(OFFSET(G$9,1,0):OFFSET(G110,-1,0))=0,IF(COUNTA(OFFSET(G$9,1,0):OFFSET(G110,-1,0))=0,"Очікую",0),IF(COUNTIF(OFFSET(G$9,1,0):OFFSET(G110,-1,0),">=7")=0,0,COUNTIF(OFFSET(G$9,1,0):OFFSET(G110,-1,0),">=7")/OFFSET($D110,-1,0)*100)) -> Очікую | H112: =IF(SUM(OFFSET(H$9,1,0):OFFSET(H110,-1,0))=0,IF(COUNTA(OFFSET(H$9,1,0):OFFSET(H110,-1,0))=0,"Очікую",0),IF(COUNTIF(OFFSET(H$9,1,0):OFFSET(H110,-1,0),">=7")=0,0,COUNTIF(OFFSET(H$9,1,0):OFFSET(H110,-1,0),">=7")/OFFSET($D110,-1,0)*100)) -> Очікую | I112: =IF(SUM(OFFSET(I$9,1,0):OFFSET(I110,-1,0))=0,IF(COUNTA(OFFSET(I$9,1,0):OFFSET(I110,-1,0))=0,"Очікую",0),IF(COUNTIF(OFFSET(I$9,1,0):OFFSET(I110,-1,0),">=7")=0,0,COUNTIF(OFFSET(I$9,1,0):OFFSET(I110,-1,0),">=7")/OFFSET($D110,-1,0)*100)) -> Очікую | J112: =IF(SUM(OFFSET(J$9,1,0):OFFSET(J110,-1,0))=0,IF(COUNTA(OFFSET(J$9,1,0):OFFSET(J110,-1,0))=0,"Очікую",0),IF(COUNTIF(OFFSET(J$9,1,0):OFFSET(J110,-1,0),">=7")=0,0,COUNTIF(OFFSET(J$9,1,0):OFFSET(J110,-1,0),">=7")/OFFSET($D110,-1,0)*100)) -> Очікую | K112: =IF(SUM(OFFSET(K$9,1,0):OFFSET(K110,-1,0))=0,IF(COUNTA(OFFSET(K$9,1,0):OFFSET(K110,-1,0))=0,"Очікую",0),IF(COUNTIF(OFFSET(K$9,1,0):OFFSET(K110,-1,0),">=7")=0,0,COUNTIF(OFFSET(K$9,1,0):OFFSET(K110,-1,0),">=7")/OFFSET($D110,-1,0)*100)) -> Очікую | L112: =IF(SUM(OFFSET(L$9,1,0):OFFSET(L110,-1,0))=0,IF(COUNTA(OFFSET(L$9,1,0):OFFSET(L110,-1,0))=0,"Очікую",0),IF(COUNTIF(OFFSET(L$9,1,0):OFFSET(L110,-1,0),">=7")=0,0,COUNTIF(OFFSET(L$9,1,0):OFFSET(L110,-1,0),">=7")/OFFSET($D110,-1,0)*100)) -> Очікую | M112: =IF(SUM(OFFSET(M$9,1,0):OFFSET(M110,-1,0))=0,IF(COUNTA(OFFSET(M$9,1,0):OFFSET(M110,-1,0))=0,"Очікую",0),IF(COUNTIF(OFFSET(M$9,1,0):OFFSET(M110,-1,0),">=7")=0,0,COUNTIF(OFFSET(M$9,1,0):OFFSET(M110,-1,0),">=7")/OFFSET($D110,-1,0)*100)) -> Очікую | ... T112: =IF(SUM(OFFSET(T$9,1,0):OFFSET(T110,-1,0))=0,IF(COUNTA(OFFSET(T$9,1,0):OFFSET(T110,-1,0))=0,"Очікую",0),IF(COUNTIF(OFFSET(T$9,1,0):OFFSET(T110,-1,0),">=7")=0,0,COUNTIF(OFFSET(T$9,1,0):OFFSET(T110,-1,0),">=7")/OFFSET($D110,-1,0)*100)) -> Очікую
E113: Абсолютна успішність по групі | F113: =IFERROR(AVERAGE(OFFSET(E111,0,1):OFFSET(U111,0,-1)),"Очікую") -> Очікую
E114: Якісна успішність по групі | F114: =IFERROR(AVERAGE(OFFSET(E112,0,1):OFFSET(U112,0,-1)),"Очікую") -> Очікую
E115: Кількість бюджетників | F115: =IF(COUNTIF(OFFSET(C$9,1,0):OFFSET(C110,-1,0),"=Б")=0,IF(COUNTIF(OFFSET(C$9,1,0):OFFSET(C110,-1,0),"=К")=0,"Очікую",0),COUNTIF(OFFSET(C$9,1,0):OFFSET(C110,-1,0),"=Б")) -> Очікую
E116: Кількість контрактників | F116: =IF(COUNTIF(OFFSET(C$9,1,0):OFFSET(C110,-1,0),"=К")=0,IF(COUNTIF(OFFSET(C$9,1,0):OFFSET(C110,-1,0),"=Б")=0,"Очікую",0),COUNTIF(OFFSET(C$9,1,0):OFFSET(C110,-1,0),"=К")) -> Очікую | H116: Класний керівник | P116: ХХХ
E117: Кількість соціального контингенту
E118: Вийшли на стипендію | F118: =IF(F115="Очікую","Очікую",IF(F115-COUNTIF(OFFSET(U$9,1,0):OFFSET(U110,-1,0)," - ")<ROUNDDOWN(F115*0.4,0),F115-COUNTIF(OFFSET(U$9,1,0):OFFSET(U110,-1,0)," - "),ROUNDDOWN(F115*0.4,0))) -> Очікую | H118: Завідувач відділення ПЗСО | P118: Маргарита БРІТІКОВА

Sheet З1
A1: S
C3: ВІДОКРЕМЛЕНИЙ СТРУКТУРНИЙ ПІДРОЗДІЛ «ФАХОВИЙ КОЛЕДЖ НАФТОГАЗОВИХ ТЕХНОЛОГІЙ, ІНЖЕНЕРІЇ ТА ІНФРАСТРУКТУРИ СЕРВІСУ ОДЕСЬКОГО НАЦІОНАЛЬНОГО ТЕХНОЛОГІЧНОГО УНІВЕРСИТЕТУ»
C4: ЗВЕДЕНА ВІДОМІСТЬ
C5: Успішності студентів спеціальності XXX «XXXXX»
C6: За X семестр XXXX-XXXX н.р.
C7: Група XXXX курс X
C8: Б/К | D8: № п/п | E8: Прізвище, ім’я, по батькові | F8: Підсумкові оцінки дисциплін
F9: Астрономія XXXXX | G9: Біологія XXXXX | H9: Всесвітня історія XXXXX | I9: Географія XXXXX | J9: Зарубіжна література XXXXX | K9: Захист України XXXXX | L9: Іноземна мова XXXXX | M9: Інформатика XXXXX | N9: Історія України XXXXX | O9: Математика XXXXX | P9: Українська література XXXXX | Q9: Українська мова XXXXX | R9: Фізика XXXXX | S9: Фізична культура XXXXX | T9: Хімія XXXXX | U9: Середній бал
D10: 1 | U10: =IF(COUNTIF(OFFSET($E10,0,1):OFFSET(U10,0,-1),"=*")>0,IF($C10="К","-"," - "),IF(COUNTIF(OFFSET($E10,0,1):OFFSET(U10,0,-1),"<4")>0,IF(C10="К","-"," - "),(IFERROR(AVERAGE(OFFSET($E10,0,1):OFFSET(U10,0,-1)),"Очікую")))) -> Очікую
D11: 2 | U11: =IF(COUNTIF(OFFSET($E11,0,1):OFFSET(U11,0,-1),"=*")>0,IF($C11="К","-"," - "),IF(COUNTIF(OFFSET($E11,0,1):OFFSET(U11,0,-1),"<4")>0,IF(C11="К","-"," - "),(IFERROR(AVERAGE(OFFSET($E11,0,1):OFFSET(U11,0,-1)),"Очікую")))) -> Очікую
D12: 3 | U12: =IF(COUNTIF(OFFSET($E12,0,1):OFFSET(U12,0,-1),"=*")>0,IF($C12="К","-"," - "),IF(COUNTIF(OFFSET($E12,0,1):OFFSET(U12,0,-1),"<4")>0,IF(C12="К","-"," - "),(IFERROR(AVERAGE(OFFSET($E12,0,1):OFFSET(U12,0,-1)),"Очікую")))) -> Очікую
D13: 4 | U13: =IF(COUNTIF(OFFSET($E13,0,1):OFFSET(U13,0,-1),"=*")>0,IF($C13="К","-"," - "),IF(COUNTIF(OFFSET($E13,0,1):OFFSET(U13,0,-1),"<4")>0,IF(C13="К","-"," - "),(IFERROR(AVERAGE(OFFSET($E13,0,1):OFFSET(U13,0,-1)),"Очікую")))) -> Очікую
D14: 5 | U14: =IF(COUNTIF(OFFSET($E14,0,1):OFFSET(U14,0,-1),"=*")>0,IF($C14="К","-"," - "),IF(COUNTIF(OFFSET($E14,0,1):OFFSET(U14,0,-1),"<4")>0,IF(C14="К","-"," - "),(IFERROR(AVERAGE(OFFSET($E14,0,1):OFFSET(U14,0,-1)),"Очікую")))) -> Очікую
D15: 6 | U15: =IF(COUNTIF(OFFSET($E15,0,1):OFFSET(U15,0,-1),"=*")>0,IF($C15="К","-"," - "),IF(COUNTIF(OFFSET($E15,0,1):OFFSET(U15,0,-1),"<4")>0,IF(C15="К","-"," - "),(IFERROR(AVERAGE(OFFSET($E15,0,1):OFFSET(U15,0,-1)),"Очікую")))) -> Очікую
D16: 7 | U16: =IF(COUNTIF(OFFSET($E16,0,1):OFFSET(U16,0,-1),"=*")>0,IF($C16="К","-"," - "),IF(COUNTIF(OFFSET($E16,0,1):OFFSET(U16,0,-1),"<4")>0,IF(C16="К","-"," - "),(IFERROR(AVERAGE(OFFSET($E16,0,1):OFFSET(U16,0,-1)),"Очікую")))) -> Очікую
D17: 8 | U17: =IF(COUNTIF(OFFSET($E17,0,1):OFFSET(U17,0,-1),"=*")>0,IF($C17="К","-"," - "),IF(COUNTIF(OFFSET($E17,0,1):OFFSET(U17,0,-1),"<4")>0,IF(C17="К","-"," - "),(IFERROR(AVERAGE(OFFSET($E17,0,1):OFFSET(U17,0,-1)),"Очікую")))) -> Очікую
D18: 9 | U18: =IF(COUNTIF(OFFSET($E18,0,1):OFFSET(U18,0,-1),"=*")>0,IF($C18="К","-"," - "),IF(COUNTIF(OFFSET($E18,0,1):OFFSET(U18,0,-1),"<4")>0,IF(C18="К","-"," - "),(IFERROR(AVERAGE(OFFSET($E18,0,1):OFFSET(U18,0,-1)),"Очікую")))) -> Очікую
D19: 10 | U19: =IF(COUNTIF(OFFSET($E19,0,1):OFFSET(U19,0,-1),"=*")>0,IF($C19="К","-"," - "),IF(COUNTIF(OFFSET($E19,0,1):OFFSET(U19,0,-1),"<4")>0,IF(C19="К","-"," - "),(IFERROR(AVERAGE(OFFSET($E19,0,1):OFFSET(U19,0,-1)),"Очікую")))) -> Очікую
D20: 11 | U20: =IF(COUNTIF(OFFSET($E20,0,1):OFFSET(U20,0,-1),"=*")>0,IF($C20="К","-"," - "),IF(COUNTIF(OFFSET($E20,0,1):OFFSET(U20,0,-1),"<4")>0,IF(C20="К","-"," - "),(IFERROR(AVERAGE(OFFSET($E20,0,1):OFFSET(U20,0,-1)),"Очікую")))) -> Очікую
D21: 12 | U21: =IF(COUNTIF(OFFSET($E21,0,1):OFFSET(U21,0,-1),"=*")>0,IF($C21="К","-"," - "),IF(COUNTIF(OFFSET($E21,0,1):OFFSET(U21,0,-1),"<4")>0,IF(C21="К","-"," - "),(IFERROR(AVERAGE(OFFSET($E21,0,1):OFFSET(U21,0,-1)),"Очікую")))) -> Очікую
... D109: 100 | U109: =IF(COUNTIF(OFFSET($E109,0,1):OFFSET(U109,0,-1),"=*")>0,IF($C109="К","-"," - "),IF(COUNTIF(OFFSET($E109,0,1):OFFSET(U109,0,-1),"<4")>0,IF(C109="К","-"," - "),(IFERROR(AVERAGE(OFFSET($E109,0,1):OFFSET(U109,0,-1)),"Очікую")))) -> Очікую
E110: Середній бал успішності з дисципліни | F110: =IF(SUM(OFFSET(F$9,1,0):OFFSET(F110,-1,0))=0,IF(COUNTA(OFFSET(F$9,1,0):OFFSET(F110,-1,0))=0,"Очікую",0),SUM(OFFSET(F$9,1,0):OFFSET(F110,-1,0))/OFFSET($D110,-1,0)) -> Очікую | G110: =IF(SUM(OFFSET(G$9,1,0):OFFSET(G110,-1,0))=0,IF(COUNTA(OFFSET(G$9,1,0):OFFSET(G110,-1,0))=0,"Очікую",0),SUM(OFFSET(G$9,1,0):OFFSET(G110,-1,0))/OFFSET($D110,-1,0)) -> Очікую | H110: =IF(SUM(OFFSET(H$9,1,0):OFFSET(H110,-1,0))=0,IF(COUNTA(OFFSET(H$9,1,0):OFFSET(H110,-1,0))=0,"Очікую",0),SUM(OFFSET(H$9,1,0):OFFSET(H110,-1,0))/OFFSET($D110,-1,0)) -> Очікую | I110: =IF(SUM(OFFSET(I$9,1,0):OFFSET(I110,-1,0))=0,IF(COUNTA(OFFSET(I$9,1,0):OFFSET(I110,-1,0))=0,"Очікую",0),SUM(OFFSET(I$9,1,0):OFFSET(I110,-1,0))/OFFSET($D110,-1,0)) -> Очікую | J110: =IF(SUM(OFFSET(J$9,1,0):OFFSET(J110,-1,0))=0,IF(COUNTA(OFFSET(J$9,1,0):OFFSET(J110,-1,0))=0,"Очікую",0),SUM(OFFSET(J$9,1,0):OFFSET(J110,-1,0))/OFFSET($D110,-1,0)) -> Очікую | K110: =IF(SUM(OFFSET(K$9,1,0):OFFSET(K110,-1,0))=0,IF(COUNTA(OFFSET(K$9,1,0):OFFSET(K110,-1,0))=0,"Очікую",0),SUM(OFFSET(K$9,1,0):OFFSET(K110,-1,0))/OFFSET($D110,-1,0)) -> Очікую | L110: =IF(SUM(OFFSET(L$9,1,0):OFFSET(L110,-1,0))=0,IF(COUNTA(OFFSET(L$9,1,0):OFFSET(L110,-1,0))=0,"Очікую",0),SUM(OFFSET(L$9,1,0):OFFSET(L110,-1,0))/OFFSET($D110,-1,0)) -> Очікую | M110: =IF(SUM(OFFSET(M$9,1,0):OFFSET(M110,-1,0))=0,IF(COUNTA(OFFSET(M$9,1,0):OFFSET(M110,-1,0))=0,"Очікую",0),SUM(OFFSET(M$9,1,0):OFFSET(M110,-1,0))/OFFSET($D110,-1,0)) -> Очікую | ... T110: =IF(SUM(OFFSET(T$9,1,0):OFFSET(T110,-1,0))=0,IF(COUNTA(OFFSET(T$9,1,0):OFFSET(T110,-1,0))=0,"Очікую",0),SUM(OFFSET(T$9,1,0):OFFSET(T110,-1,0))/OFFSET($D110,-1,0)) -> Очікую | U110: =IFERROR(AVERAGE(OFFSET($E110,0,1):OFFSET(U110,0,-1)),"Очікую") -> Очікую
E111: Абсолютна успішність | F111: =IF(SUM(OFFSET(F$9,1,0):OFFSET(F110,-1,0))=0,IF(COUNTA(OFFSET(F$9,1,0):OFFSET(F110,-1,0))=0,"Очікую",0),IF(COUNTIF(OFFSET(F$9,1,0):OFFSET(F110,-1,0),">=4")=0,0,COUNTIF(OFFSET(F$9,1,0):OFFSET(F110,-1,0),">=4")/OFFSET($D110,-1,0)*100)) -> Очікую | G111: =IF(SUM(OFFSET(G$9,1,0):OFFSET(G110,-1,0))=0,IF(COUNTA(OFFSET(G$9,1,0):OFFSET(G110,-1,0))=0,"Очікую",0),IF(COUNTIF(OFFSET(G$9,1,0):OFFSET(G110,-1,0),">=4")=0,0,COUNTIF(OFFSET(G$9,1,0):OFFSET(G110,-1,0),">=4")/OFFSET($D110,-1,0)*100)) -> Очікую | H111: =IF(SUM(OFFSET(H$9,1,0):OFFSET(H110,-1,0))=0,IF(COUNTA(OFFSET(H$9,1,0):OFFSET(H110,-1,0))=0,"Очікую",0),IF(COUNTIF(OFFSET(H$9,1,0):OFFSET(H110,-1,0),">=4")=0,0,COUNTIF(OFFSET(H$9,1,0):OFFSET(H110,-1,0),">=4")/OFFSET($D110,-1,0)*100)) -> Очікую | I111: =IF(SUM(OFFSET(I$9,1,0):OFFSET(I110,-1,0))=0,IF(COUNTA(OFFSET(I$9,1,0):OFFSET(I110,-1,0))=0,"Очікую",0),IF(COUNTIF(OFFSET(I$9,1,0):OFFSET(I110,-1,0),">=4")=0,0,COUNTIF(OFFSET(I$9,1,0):OFFSET(I110,-1,0),">=4")/OFFSET($D110,-1,0)*100)) -> Очікую | J111: =IF(SUM(OFFSET(J$9,1,0):OFFSET(J110,-1,0))=0,IF(COUNTA(OFFSET(J$9,1,0):OFFSET(J110,-1,0))=0,"Очікую",0),IF(COUNTIF(OFFSET(J$9,1,0):OFFSET(J110,-1,0),">=4")=0,0,COUNTIF(OFFSET(J$9,1,0):OFFSET(J110,-1,0),">=4")/OFFSET($D110,-1,0)*100)) -> Очікую | K111: =IF(SUM(OFFSET(K$9,1,0):OFFSET(K110,-1,0))=0,IF(COUNTA(OFFSET(K$9,1,0):OFFSET(K110,-1,0))=0,"Очікую",0),IF(COUNTIF(OFFSET(K$9,1,0):OFFSET(K110,-1,0),">=4")=0,0,COUNTIF(OFFSET(K$9,1,0):OFFSET(K110,-1,0),">=4")/OFFSET($D110,-1,0)*100)) -> Очікую | L111: =IF(SUM(OFFSET(L$9,1,0):OFFSET(L110,-1,0))=0,IF(COUNTA(OFFSET(L$9,1,0):OFFSET(L110,-1,0))=0,"Очікую",0),IF(COUNTIF(OFFSET(L$9,1,0):OFFSET(L110,-1,0),">=4")=0,0,COUNTIF(OFFSET(L$9,1,0):OFFSET(L110,-1,0),">=4")/OFFSET($D110,-1,0)*100)) -> Очікую | M111: =IF(SUM(OFFSET(M$9,1,0):OFFSET(M110,-1,0))=0,IF(COUNTA(OFFSET(M$9,1,0):OFFSET(M110,-1,0))=0,"Очікую",0),IF(COUNTIF(OFFSET(M$9,1,0):OFFSET(M110,-1,0),">=4")=0,0,COUNTIF(OFFSET(M$9,1,0):OFFSET(M110,-1,0),">=4")/OFFSET($D110,-1,0)*100)) -> Очікую | ... T111: =IF(SUM(OFFSET(T$9,1,0):OFFSET(T110,-1,0))=0,IF(COUNTA(OFFSET(T$9,1,0):OFFSET(T110,-1,0))=0,"Очікую",0),IF(COUNTIF(OFFSET(T$9,1,0):OFFSET(T110,-1,0),">=4")=0,0,COUNTIF(OFFSET(T$9,1,0):OFFSET(T110,-1,0),">=4")/OFFSET($D110,-1,0)*100)) -> Очікую
E112: Якісна успішність | F112: =IF(SUM(OFFSET(F$9,1,0):OFFSET(F110,-1,0))=0,IF(COUNTA(OFFSET(F$9,1,0):OFFSET(F110,-1,0))=0,"Очікую",0),IF(COUNTIF(OFFSET(F$9,1,0):OFFSET(F110,-1,0),">=7")=0,0,COUNTIF(OFFSET(F$9,1,0):OFFSET(F110,-1,0),">=7")/OFFSET($D110,-1,0)*100)) -> Очікую | G112: =IF(SUM(OFFSET(G$9,1,0):OFFSET(G110,-1,0))=0,IF(COUNTA(OFFSET(G$9,1,0):OFFSET(G110,-1,0))=0,"Очікую",0),IF(COUNTIF(OFFSET(G$9,1,0):OFFSET(G110,-1,0),">=7")=0,0,COUNTIF(OFFSET(G$9,1,0):OFFSET(G110,-1,0),">=7")/OFFSET($D110,-1,0)*100)) -> Очікую | H112: =IF(SUM(OFFSET(H$9,1,0):OFFSET(H110,-1,0))=0,IF(COUNTA(OFFSET(H$9,1,0):OFFSET(H110,-1,0))=0,"Очікую",0),IF(COUNTIF(OFFSET(H$9,1,0):OFFSET(H110,-1,0),">=7")=0,0,COUNTIF(OFFSET(H$9,1,0):OFFSET(H110,-1,0),">=7")/OFFSET($D110,-1,0)*100)) -> Очікую | I112: =IF(SUM(OFFSET(I$9,1,0):OFFSET(I110,-1,0))=0,IF(COUNTA(OFFSET(I$9,1,0):OFFSET(I110,-1,0))=0,"Очікую",0),IF(COUNTIF(OFFSET(I$9,1,0):OFFSET(I110,-1,0),">=7")=0,0,COUNTIF(OFFSET(I$9,1,0):OFFSET(I110,-1,0),">=7")/OFFSET($D110,-1,0)*100)) -> Очікую | J112: =IF(SUM(OFFSET(J$9,1,0):OFFSET(J110,-1,0))=0,IF(COUNTA(OFFSET(J$9,1,0):OFFSET(J110,-1,0))=0,"Очікую",0),IF(COUNTIF(OFFSET(J$9,1,0):OFFSET(J110,-1,0),">=7")=0,0,COUNTIF(OFFSET(J$9,1,0):OFFSET(J110,-1,0),">=7")/OFFSET($D110,-1,0)*100)) -> Очікую | K112: =IF(SUM(OFFSET(K$9,1,0):OFFSET(K110,-1,0))=0,IF(COUNTA(OFFSET(K$9,1,0):OFFSET(K110,-1,0))=0,"Очікую",0),IF(COUNTIF(OFFSET(K$9,1,0):OFFSET(K110,-1,0),">=7")=0,0,COUNTIF(OFFSET(K$9,1,0):OFFSET(K110,-1,0),">=7")/OFFSET($D110,-1,0)*100)) -> Очікую | L112: =IF(SUM(OFFSET(L$9,1,0):OFFSET(L110,-1,0))=0,IF(COUNTA(OFFSET(L$9,1,0):OFFSET(L110,-1,0))=0,"Очікую",0),IF(COUNTIF(OFFSET(L$9,1,0):OFFSET(L110,-1,0),">=7")=0,0,COUNTIF(OFFSET(L$9,1,0):OFFSET(L110,-1,0),">=7")/OFFSET($D110,-1,0)*100)) -> Очікую | M112: =IF(SUM(OFFSET(M$9,1,0):OFFSET(M110,-1,0))=0,IF(COUNTA(OFFSET(M$9,1,0):OFFSET(M110,-1,0))=0,"Очікую",0),IF(COUNTIF(OFFSET(M$9,1,0):OFFSET(M110,-1,0),">=7")=0,0,COUNTIF(OFFSET(M$9,1,0):OFFSET(M110,-1,0),">=7")/OFFSET($D110,-1,0)*100)) -> Очікую | ... T112: =IF(SUM(OFFSET(T$9,1,0):OFFSET(T110,-1,0))=0,IF(COUNTA(OFFSET(T$9,1,0):OFFSET(T110,-1,0))=0,"Очікую",0),IF(COUNTIF(OFFSET(T$9,1,0):OFFSET(T110,-1,0),">=7")=0,0,COUNTIF(OFFSET(T$9,1,0):OFFSET(T110,-1,0),">=7")/OFFSET($D110,-1,0)*100)) -> Очікую
E113: Абсолютна успішність по групі | F113: =IFERROR(AVERAGE(OFFSET(E111,0,1):OFFSET(U111,0,-1)),"Очікую") -> Очікую
E114: Якісна успішність по групі | F114: =IFERROR(AVERAGE(OFFSET(E112,0,1):OFFSET(U112,0,-1)),"Очікую") -> Очікую
E115: Кількість бюджетників | F115: =IF(COUNTIF(OFFSET(C$9,1,0):OFFSET(C110,-1,0),"=Б")=0,IF(COUNTIF(OFFSET(C$9,1,0):OFFSET(C110,-1,0),"=К")=0,"Очікую",0),COUNTIF(OFFSET(C$9,1,0):OFFSET(C110,-1,0),"=Б")) -> Очікую
E116: Кількість контрактників | F116: =IF(COUNTIF(OFFSET(C$9,1,0):OFFSET(C110,-1,0),"=К")=0,IF(COUNTIF(OFFSET(C$9,1,0):OFFSET(C110,-1,0),"=Б")=0,"Очікую",0),COUNTIF(OFFSET(C$9,1,0):OFFSET(C110,-1,0),"=К")) -> Очікую | H116: Класний керівник | P116: ХХХ
E117: Кількість соціального контингенту
E118: Вийшли на стипендію | F118: =IF(F115="Очікую","Очікую",IF(F115-COUNTIF(OFFSET(U$9,1,0):OFFSET(U110,-1,0)," - ")<ROUNDDOWN(F115*0.4,0),F115-COUNTIF(OFFSET(U$9,1,0):OFFSET(U110,-1,0)," - "),ROUNDDOWN(F115*0.4,0))) -> Очікую | H118: Завідувач відділення ПЗСО | P118: Маргарита БРІТІКОВА

Sheet З2
A1: S
C3: ВІДОКРЕМЛЕНИЙ СТРУКТУРНИЙ ПІДРОЗДІЛ «ФАХОВИЙ КОЛЕДЖ НАФТОГАЗОВИХ ТЕХНОЛОГІЙ, ІНЖЕНЕРІЇ ТА ІНФРАСТРУКТУРИ СЕРВІСУ ОДЕСЬКОГО НАЦІОНАЛЬНОГО ТЕХНОЛОГІЧНОГО УНІВЕРСИТЕТУ»
C4: ЗВЕДЕНА ВІДОМІСТЬ
C5: Успішності студентів спеціальності XXX «XXXXX»
C6: За X семестр XXXX-XXXX н.р.
C7: Група XXXX курс X
C8: Б/К | D8: № п/п | E8: Прізвище, ім’я, по батькові | F8: Підсумкові оцінки дисциплін
F9: Астрономія XXXXX | G9: Біологія XXXXX | H9: Всесвітня історія XXXXX | I9: Географія XXXXX | J9: Зарубіжна література XXXXX | K9: Захист України XXXXX | L9: Іноземна мова XXXXX | M9: Інформатика XXXXX | N9: Історія України XXXXX | O9: Математика XXXXX | P9: Українська література XXXXX | Q9: Українська мова XXXXX | R9: Фізика XXXXX | S9: Фізична культура XXXXX | T9: Хімія XXXXX | U9: Середній бал
D10: 1 | U10: =IF(COUNTIF(OFFSET($E10,0,1):OFFSET(U10,0,-1),"=*")>0,IF($C10="К","-"," - "),IF(COUNTIF(OFFSET($E10,0,1):OFFSET(U10,0,-1),"<4")>0,IF(C10="К","-"," - "),(IFERROR(AVERAGE(OFFSET($E10,0,1):OFFSET(U10,0,-1)),"Очікую")))) -> Очікую
D11: 2 | U11: =IF(COUNTIF(OFFSET($E11,0,1):OFFSET(U11,0,-1),"=*")>0,IF($C11="К","-"," - "),IF(COUNTIF(OFFSET($E11,0,1):OFFSET(U11,0,-1),"<4")>0,IF(C11="К","-"," - "),(IFERROR(AVERAGE(OFFSET($E11,0,1):OFFSET(U11,0,-1)),"Очікую")))) -> Очікую
D12: 3 | U12: =IF(COUNTIF(OFFSET($E12,0,1):OFFSET(U12,0,-1),"=*")>0,IF($C12="К","-"," - "),IF(COUNTIF(OFFSET($E12,0,1):OFFSET(U12,0,-1),"<4")>0,IF(C12="К","-"," - "),(IFERROR(AVERAGE(OFFSET($E12,0,1):OFFSET(U12,0,-1)),"Очікую")))) -> Очікую
D13: 4 | U13: =IF(COUNTIF(OFFSET($E13,0,1):OFFSET(U13,0,-1),"=*")>0,IF($C13="К","-"," - "),IF(COUNTIF(OFFSET($E13,0,1):OFFSET(U13,0,-1),"<4")>0,IF(C13="К","-"," - "),(IFERROR(AVERAGE(OFFSET($E13,0,1):OFFSET(U13,0,-1)),"Очікую")))) -> Очікую
D14: 5 | U14: =IF(COUNTIF(OFFSET($E14,0,1):OFFSET(U14,0,-1),"=*")>0,IF($C14="К","-"," - "),IF(COUNTIF(OFFSET($E14,0,1):OFFSET(U14,0,-1),"<4")>0,IF(C14="К","-"," - "),(IFERROR(AVERAGE(OFFSET($E14,0,1):OFFSET(U14,0,-1)),"Очікую")))) -> Очікую
D15: 6 | U15: =IF(COUNTIF(OFFSET($E15,0,1):OFFSET(U15,0,-1),"=*")>0,IF($C15="К","-"," - "),IF(COUNTIF(OFFSET($E15,0,1):OFFSET(U15,0,-1),"<4")>0,IF(C15="К","-"," - "),(IFERROR(AVERAGE(OFFSET($E15,0,1):OFFSET(U15,0,-1)),"Очікую")))) -> Очікую
D16: 7 | U16: =IF(COUNTIF(OFFSET($E16,0,1):OFFSET(U16,0,-1),"=*")>0,IF($C16="К","-"," - "),IF(COUNTIF(OFFSET($E16,0,1):OFFSET(U16,0,-1),"<4")>0,IF(C16="К","-"," - "),(IFERROR(AVERAGE(OFFSET($E16,0,1):OFFSET(U16,0,-1)),"Очікую")))) -> Очікую
D17: 8 | U17: =IF(COUNTIF(OFFSET($E17,0,1):OFFSET(U17,0,-1),"=*")>0,IF($C17="К","-"," - "),IF(COUNTIF(OFFSET($E17,0,1):OFFSET(U17,0,-1),"<4")>0,IF(C17="К","-"," - "),(IFERROR(AVERAGE(OFFSET($E17,0,1):OFFSET(U17,0,-1)),"Очікую")))) -> Очікую
D18: 9 | U18: =IF(COUNTIF(OFFSET($E18,0,1):OFFSET(U18,0,-1),"=*")>0,IF($C18="К","-"," - "),IF(COUNTIF(OFFSET($E18,0,1):OFFSET(U18,0,-1),"<4")>0,IF(C18="К","-"," - "),(IFERROR(AVERAGE(OFFSET($E18,0,1):OFFSET(U18,0,-1)),"Очікую")))) -> Очікую
D19: 10 | U19: =IF(COUNTIF(OFFSET($E19,0,1):OFFSET(U19,0,-1),"=*")>0,IF($C19="К","-"," - "),IF(COUNTIF(OFFSET($E19,0,1):OFFSET(U19,0,-1),"<4")>0,IF(C19="К","-"," - "),(IFERROR(AVERAGE(OFFSET($E19,0,1):OFFSET(U19,0,-1)),"Очікую")))) -> Очікую
D20: 11 | U20: =IF(COUNTIF(OFFSET($E20,0,1):OFFSET(U20,0,-1),"=*")>0,IF($C20="К","-"," - "),IF(COUNTIF(OFFSET($E20,0,1):OFFSET(U20,0,-1),"<4")>0,IF(C20="К","-"," - "),(IFERROR(AVERAGE(OFFSET($E20,0,1):OFFSET(U20,0,-1)),"Очікую")))) -> Очікую
D21: 12 | U21: =IF(COUNTIF(OFFSET($E21,0,1):OFFSET(U21,0,-1),"=*")>0,IF($C21="К","-"," - "),IF(COUNTIF(OFFSET($E21,0,1):OFFSET(U21,0,-1),"<4")>0,IF(C21="К","-"," - "),(IFERROR(AVERAGE(OFFSET($E21,0,1):OFFSET(U21,0,-1)),"Очікую")))) -> Очікую
... D108: 99 | U108: =IF(COUNTIF(OFFSET($E108,0,1):OFFSET(U108,0,-1),"=*")>0,IF($C108="К","-"," - "),IF(COUNTIF(OFFSET($E108,0,1):OFFSET(U108,0,-1),"<4")>0,IF(C108="К","-"," - "),(IFERROR(AVERAGE(OFFSET($E108,0,1):OFFSET(U108,0,-1)),"Очікую")))) -> Очікую
D109: 100 | U109: =IFERROR(AVERAGE(OFFSET($E109,0,1):OFFSET(U109,0,-1)),"Очікую") -> Очікую
E110: Середній бал успішності з дисципліни | F110: =IF(SUM(OFFSET(F$9,1,0):OFFSET(F110,-1,0))=0,IF(COUNTA(OFFSET(F$9,1,0):OFFSET(F110,-1,0))=0,"Очікую",0),SUM(OFFSET(F$9,1,0):OFFSET(F110,-1,0))/OFFSET($D110,-1,0)) -> Очікую | G110: =IF(SUM(OFFSET(G$9,1,0):OFFSET(G110,-1,0))=0,IF(COUNTA(OFFSET(G$9,1,0):OFFSET(G110,-1,0))=0,"Очікую",0),SUM(OFFSET(G$9,1,0):OFFSET(G110,-1,0))/OFFSET($D110,-1,0)) -> Очікую | H110: =IF(SUM(OFFSET(H$9,1,0):OFFSET(H110,-1,0))=0,IF(COUNTA(OFFSET(H$9,1,0):OFFSET(H110,-1,0))=0,"Очікую",0),SUM(OFFSET(H$9,1,0):OFFSET(H110,-1,0))/OFFSET($D110,-1,0)) -> Очікую | I110: =IF(SUM(OFFSET(I$9,1,0):OFFSET(I110,-1,0))=0,IF(COUNTA(OFFSET(I$9,1,0):OFFSET(I110,-1,0))=0,"Очікую",0),SUM(OFFSET(I$9,1,0):OFFSET(I110,-1,0))/OFFSET($D110,-1,0)) -> Очікую | J110: =IF(SUM(OFFSET(J$9,1,0):OFFSET(J110,-1,0))=0,IF(COUNTA(OFFSET(J$9,1,0):OFFSET(J110,-1,0))=0,"Очікую",0),SUM(OFFSET(J$9,1,0):OFFSET(J110,-1,0))/OFFSET($D110,-1,0)) -> Очікую | K110: =IF(SUM(OFFSET(K$9,1,0):OFFSET(K110,-1,0))=0,IF(COUNTA(OFFSET(K$9,1,0):OFFSET(K110,-1,0))=0,"Очікую",0),SUM(OFFSET(K$9,1,0):OFFSET(K110,-1,0))/OFFSET($D110,-1,0)) -> Очікую | L110: =IF(SUM(OFFSET(L$9,1,0):OFFSET(L110,-1,0))=0,IF(COUNTA(OFFSET(L$9,1,0):OFFSET(L110,-1,0))=0,"Очікую",0),SUM(OFFSET(L$9,1,0):OFFSET(L110,-1,0))/OFFSET($D110,-1,0)) -> Очікую | M110: =IF(SUM(OFFSET(M$9,1,0):OFFSET(M110,-1,0))=0,IF(COUNTA(OFFSET(M$9,1,0):OFFSET(M110,-1,0))=0,"Очікую",0),SUM(OFFSET(M$9,1,0):OFFSET(M110,-1,0))/OFFSET($D110,-1,0)) -> Очікую | ... T110: =IF(SUM(OFFSET(T$9,1,0):OFFSET(T110,-1,0))=0,IF(COUNTA(OFFSET(T$9,1,0):OFFSET(T110,-1,0))=0,"Очікую",0),SUM(OFFSET(T$9,1,0):OFFSET(T110,-1,0))/OFFSET($D110,-1,0)) -> Очікую | U110: =IFERROR(AVERAGE(OFFSET($E110,0,1):OFFSET(U110,0,-1)),"Очікую") -> Очікую
E111: Абсолютна успішність | F111: =IF(SUM(OFFSET(F$9,1,0):OFFSET(F110,-1,0))=0,IF(COUNTA(OFFSET(F$9,1,0):OFFSET(F110,-1,0))=0,"Очікую",0),IF(COUNTIF(OFFSET(F$9,1,0):OFFSET(F110,-1,0),">=4")=0,0,COUNTIF(OFFSET(F$9,1,0):OFFSET(F110,-1,0),">=4")/OFFSET($D110,-1,0)*100)) -> Очікую | G111: =IF(SUM(OFFSET(G$9,1,0):OFFSET(G110,-1,0))=0,IF(COUNTA(OFFSET(G$9,1,0):OFFSET(G110,-1,0))=0,"Очікую",0),IF(COUNTIF(OFFSET(G$9,1,0):OFFSET(G110,-1,0),">=4")=0,0,COUNTIF(OFFSET(G$9,1,0):OFFSET(G110,-1,0),">=4")/OFFSET($D110,-1,0)*100)) -> Очікую | H111: =IF(SUM(OFFSET(H$9,1,0):OFFSET(H110,-1,0))=0,IF(COUNTA(OFFSET(H$9,1,0):OFFSET(H110,-1,0))=0,"Очікую",0),IF(COUNTIF(OFFSET(H$9,1,0):OFFSET(H110,-1,0),">=4")=0,0,COUNTIF(OFFSET(H$9,1,0):OFFSET(H110,-1,0),">=4")/OFFSET($D110,-1,0)*100)) -> Очікую | I111: =IF(SUM(OFFSET(I$9,1,0):OFFSET(I110,-1,0))=0,IF(COUNTA(OFFSET(I$9,1,0):OFFSET(I110,-1,0))=0,"Очікую",0),IF(COUNTIF(OFFSET(I$9,1,0):OFFSET(I110,-1,0),">=4")=0,0,COUNTIF(OFFSET(I$9,1,0):OFFSET(I110,-1,0),">=4")/OFFSET($D110,-1,0)*100)) -> Очікую | J111: =IF(SUM(OFFSET(J$9,1,0):OFFSET(J110,-1,0))=0,IF(COUNTA(OFFSET(J$9,1,0):OFFSET(J110,-1,0))=0,"Очікую",0),IF(COUNTIF(OFFSET(J$9,1,0):OFFSET(J110,-1,0),">=4")=0,0,COUNTIF(OFFSET(J$9,1,0):OFFSET(J110,-1,0),">=4")/OFFSET($D110,-1,0)*100)) -> Очікую | K111: =IF(SUM(OFFSET(K$9,1,0):OFFSET(K110,-1,0))=0,IF(COUNTA(OFFSET(K$9,1,0):OFFSET(K110,-1,0))=0,"Очікую",0),IF(COUNTIF(OFFSET(K$9,1,0):OFFSET(K110,-1,0),">=4")=0,0,COUNTIF(OFFSET(K$9,1,0):OFFSET(K110,-1,0),">=4")/OFFSET($D110,-1,0)*100)) -> Очікую | L111: =IF(SUM(OFFSET(L$9,1,0):OFFSET(L110,-1,0))=0,IF(COUNTA(OFFSET(L$9,1,0):OFFSET(L110,-1,0))=0,"Очікую",0),IF(COUNTIF(OFFSET(L$9,1,0):OFFSET(L110,-1,0),">=4")=0,0,COUNTIF(OFFSET(L$9,1,0):OFFSET(L110,-1,0),">=4")/OFFSET($D110,-1,0)*100)) -> Очікую | M111: =IF(SUM(OFFSET(M$9,1,0):OFFSET(M110,-1,0))=0,IF(COUNTA(OFFSET(M$9,1,0):OFFSET(M110,-1,0))=0,"Очікую",0),IF(COUNTIF(OFFSET(M$9,1,0):OFFSET(M110,-1,0),">=4")=0,0,COUNTIF(OFFSET(M$9,1,0):OFFSET(M110,-1,0),">=4")/OFFSET($D110,-1,0)*100)) -> Очікую | ... T111: =IF(SUM(OFFSET(T$9,1,0):OFFSET(T110,-1,0))=0,IF(COUNTA(OFFSET(T$9,1,0):OFFSET(T110,-1,0))=0,"Очікую",0),IF(COUNTIF(OFFSET(T$9,1,0):OFFSET(T110,-1,0),">=4")=0,0,COUNTIF(OFFSET(T$9,1,0):OFFSET(T110,-1,0),">=4")/OFFSET($D110,-1,0)*100)) -> Очікую
E112: Якісна успішність | F112: =IF(SUM(OFFSET(F$9,1,0):OFFSET(F110,-1,0))=0,IF(COUNTA(OFFSET(F$9,1,0):OFFSET(F110,-1,0))=0,"Очікую",0),IF(COUNTIF(OFFSET(F$9,1,0):OFFSET(F110,-1,0),">=7")=0,0,COUNTIF(OFFSET(F$9,1,0):OFFSET(F110,-1,0),">=7")/OFFSET($D110,-1,0)*100)) -> Очікую | G112: =IF(SUM(OFFSET(G$9,1,0):OFFSET(G110,-1,0))=0,IF(COUNTA(OFFSET(G$9,1,0):OFFSET(G110,-1,0))=0,"Очікую",0),IF(COUNTIF(OFFSET(G$9,1,0):OFFSET(G110,-1,0),">=7")=0,0,COUNTIF(OFFSET(G$9,1,0):OFFSET(G110,-1,0),">=7")/OFFSET($D110,-1,0)*100)) -> Очікую | H112: =IF(SUM(OFFSET(H$9,1,0):OFFSET(H110,-1,0))=0,IF(COUNTA(OFFSET(H$9,1,0):OFFSET(H110,-1,0))=0,"Очікую",0),IF(COUNTIF(OFFSET(H$9,1,0):OFFSET(H110,-1,0),">=7")=0,0,COUNTIF(OFFSET(H$9,1,0):OFFSET(H110,-1,0),">=7")/OFFSET($D110,-1,0)*100)) -> Очікую | I112: =IF(SUM(OFFSET(I$9,1,0):OFFSET(I110,-1,0))=0,IF(COUNTA(OFFSET(I$9,1,0):OFFSET(I110,-1,0))=0,"Очікую",0),IF(COUNTIF(OFFSET(I$9,1,0):OFFSET(I110,-1,0),">=7")=0,0,COUNTIF(OFFSET(I$9,1,0):OFFSET(I110,-1,0),">=7")/OFFSET($D110,-1,0)*100)) -> Очікую | J112: =IF(SUM(OFFSET(J$9,1,0):OFFSET(J110,-1,0))=0,IF(COUNTA(OFFSET(J$9,1,0):OFFSET(J110,-1,0))=0,"Очікую",0),IF(COUNTIF(OFFSET(J$9,1,0):OFFSET(J110,-1,0),">=7")=0,0,COUNTIF(OFFSET(J$9,1,0):OFFSET(J110,-1,0),">=7")/OFFSET($D110,-1,0)*100)) -> Очікую | K112: =IF(SUM(OFFSET(K$9,1,0):OFFSET(K110,-1,0))=0,IF(COUNTA(OFFSET(K$9,1,0):OFFSET(K110,-1,0))=0,"Очікую",0),IF(COUNTIF(OFFSET(K$9,1,0):OFFSET(K110,-1,0),">=7")=0,0,COUNTIF(OFFSET(K$9,1,0):OFFSET(K110,-1,0),">=7")/OFFSET($D110,-1,0)*100)) -> Очікую | L112: =IF(SUM(OFFSET(L$9,1,0):OFFSET(L110,-1,0))=0,IF(COUNTA(OFFSET(L$9,1,0):OFFSET(L110,-1,0))=0,"Очікую",0),IF(COUNTIF(OFFSET(L$9,1,0):OFFSET(L110,-1,0),">=7")=0,0,COUNTIF(OFFSET(L$9,1,0):OFFSET(L110,-1,0),">=7")/OFFSET($D110,-1,0)*100)) -> Очікую | M112: =IF(SUM(OFFSET(M$9,1,0):OFFSET(M110,-1,0))=0,IF(COUNTA(OFFSET(M$9,1,0):OFFSET(M110,-1,0))=0,"Очікую",0),IF(COUNTIF(OFFSET(M$9,1,0):OFFSET(M110,-1,0),">=7")=0,0,COUNTIF(OFFSET(M$9,1,0):OFFSET(M110,-1,0),">=7")/OFFSET($D110,-1,0)*100)) -> Очікую | ... T112: =IF(SUM(OFFSET(T$9,1,0):OFFSET(T110,-1,0))=0,IF(COUNTA(OFFSET(T$9,1,0):OFFSET(T110,-1,0))=0,"Очікую",0),IF(COUNTIF(OFFSET(T$9,1,0):OFFSET(T110,-1,0),">=7")=0,0,COUNTIF(OFFSET(T$9,1,0):OFFSET(T110,-1,0),">=7")/OFFSET($D110,-1,0)*100)) -> Очікую
E113: Абсолютна успішність по групі | F113: =IFERROR(AVERAGE(OFFSET(E111,0,1):OFFSET(U111,0,-1)),"Очікую") -> Очікую
E114: Якісна успішність по групі | F114: =IFERROR(AVERAGE(OFFSET(E112,0,1):OFFSET(U112,0,-1)),"Очікую") -> Очікую
E115: Кількість бюджетників | F115: =IF(COUNTIF(OFFSET(C$9,1,0):OFFSET(C110,-1,0),"=Б")=0,IF(COUNTIF(OFFSET(C$9,1,0):OFFSET(C110,-1,0),"=К")=0,"Очікую",0),COUNTIF(OFFSET(C$9,1,0):OFFSET(C110,-1,0),"=Б")) -> Очікую
E116: Кількість контрактників | F116: =IF(COUNTIF(OFFSET(C$9,1,0):OFFSET(C110,-1,0),"=К")=0,IF(COUNTIF(OFFSET(C$9,1,0):OFFSET(C110,-1,0),"=Б")=0,"Очікую",0),COUNTIF(OFFSET(C$9,1,0):OFFSET(C110,-1,0),"=К")) -> Очікую | H116: Класний керівник | P116: ХХХ
E117: Кількість соціального контингенту
E118: Вийшли на стипендію | F118: =IF(F115="Очікую","Очікую",IF(F115-COUNTIF(OFFSET(U$9,1,0):OFFSET(U110,-1,0)," - ")<ROUNDDOWN(F115*0.4,0),F115-COUNTIF(OFFSET(U$9,1,0):OFFSET(U110,-1,0)," - "),ROUNDDOWN(F115*0.4,0))) -> Очікую | H118: Завідувач відділення ПЗСО | P118: Маргарита БРІТІКОВА

Sheet З3
A1: S
C3: ВІДОКРЕМЛЕНИЙ СТРУКТУРНИЙ ПІДРОЗДІЛ «ФАХОВИЙ КОЛЕДЖ НАФТОГАЗОВИХ ТЕХНОЛОГІЙ, ІНЖЕНЕРІЇ ТА ІНФРАСТРУКТУРИ СЕРВІСУ ОДЕСЬКОГО НАЦІОНАЛЬНОГО ТЕХНОЛОГІЧНОГО УНІВЕРСИТЕТУ»
C4: ЗВЕДЕНА ВІДОМІСТЬ
C5: Успішності студентів спеціальності XXX «XXXXX»
C6: За X семестр XXXX-XXXX н.р.
C7: Група XXXX курс X
C8: Б/К | D8: № п/п | E8: Прізвище, ім’я, по батькові | F8: Підсумкові оцінки дисциплін
F9: Астрономія XXXXX | G9: Біологія XXXXX | H9: Всесвітня історія XXXXX | I9: Географія XXXXX | J9: Зарубіжна література XXXXX | K9: Захист України XXXXX | L9: Іноземна мова XXXXX | M9: Інформатика XXXXX | N9: Історія України XXXXX | O9: Математика XXXXX | P9: Українська література XXXXX | Q9: Українська мова XXXXX | R9: Фізика XXXXX | S9: Фізична культура XXXXX | T9: Хімія XXXXX | U9: Середній бал
D10: 1 | U10: =IF(COUNTIF(OFFSET($E10,0,1):OFFSET(U10,0,-1),"=*")>0,IF($C10="К","-"," - "),IF(COUNTIF(OFFSET($E10,0,1):OFFSET(U10,0,-1),"<4")>0,IF(C10="К","-"," - "),(IFERROR(AVERAGE(OFFSET($E10,0,1):OFFSET(U10,0,-1)),"Очікую")))) -> Очікую
D11: 2 | U11: =IF(COUNTIF(OFFSET($E11,0,1):OFFSET(U11,0,-1),"=*")>0,IF($C11="К","-"," - "),IF(COUNTIF(OFFSET($E11,0,1):OFFSET(U11,0,-1),"<4")>0,IF(C11="К","-"," - "),(IFERROR(AVERAGE(OFFSET($E11,0,1):OFFSET(U11,0,-1)),"Очікую")))) -> Очікую
D12: 3 | U12: =IF(COUNTIF(OFFSET($E12,0,1):OFFSET(U12,0,-1),"=*")>0,IF($C12="К","-"," - "),IF(COUNTIF(OFFSET($E12,0,1):OFFSET(U12,0,-1),"<4")>0,IF(C12="К","-"," - "),(IFERROR(AVERAGE(OFFSET($E12,0,1):OFFSET(U12,0,-1)),"Очікую")))) -> Очікую
D13: 4 | U13: =IF(COUNTIF(OFFSET($E13,0,1):OFFSET(U13,0,-1),"=*")>0,IF($C13="К","-"," - "),IF(COUNTIF(OFFSET($E13,0,1):OFFSET(U13,0,-1),"<4")>0,IF(C13="К","-"," - "),(IFERROR(AVERAGE(OFFSET($E13,0,1):OFFSET(U13,0,-1)),"Очікую")))) -> Очікую
D14: 5 | U14: =IF(COUNTIF(OFFSET($E14,0,1):OFFSET(U14,0,-1),"=*")>0,IF($C14="К","-"," - "),IF(COUNTIF(OFFSET($E14,0,1):OFFSET(U14,0,-1),"<4")>0,IF(C14="К","-"," - "),(IFERROR(AVERAGE(OFFSET($E14,0,1):OFFSET(U14,0,-1)),"Очікую")))) -> Очікую
D15: 6 | U15: =IF(COUNTIF(OFFSET($E15,0,1):OFFSET(U15,0,-1),"=*")>0,IF($C15="К","-"," - "),IF(COUNTIF(OFFSET($E15,0,1):OFFSET(U15,0,-1),"<4")>0,IF(C15="К","-"," - "),(IFERROR(AVERAGE(OFFSET($E15,0,1):OFFSET(U15,0,-1)),"Очікую")))) -> Очікую
D16: 7 | U16: =IF(COUNTIF(OFFSET($E16,0,1):OFFSET(U16,0,-1),"=*")>0,IF($C16="К","-"," - "),IF(COUNTIF(OFFSET($E16,0,1):OFFSET(U16,0,-1),"<4")>0,IF(C16="К","-"," - "),(IFERROR(AVERAGE(OFFSET($E16,0,1):OFFSET(U16,0,-1)),"Очікую")))) -> Очікую
D17: 8 | U17: =IF(COUNTIF(OFFSET($E17,0,1):OFFSET(U17,0,-1),"=*")>0,IF($C17="К","-"," - "),IF(COUNTIF(OFFSET($E17,0,1):OFFSET(U17,0,-1),"<4")>0,IF(C17="К","-"," - "),(IFERROR(AVERAGE(OFFSET($E17,0,1):OFFSET(U17,0,-1)),"Очікую")))) -> Очікую
D18: 9 | U18: =IF(COUNTIF(OFFSET($E18,0,1):OFFSET(U18,0,-1),"=*")>0,IF($C18="К","-"," - "),IF(COUNTIF(OFFSET($E18,0,1):OFFSET(U18,0,-1),"<4")>0,IF(C18="К","-"," - "),(IFERROR(AVERAGE(OFFSET($E18,0,1):OFFSET(U18,0,-1)),"Очікую")))) -> Очікую
D19: 10 | U19: =IF(COUNTIF(OFFSET($E19,0,1):OFFSET(U19,0,-1),"=*")>0,IF($C19="К","-"," - "),IF(COUNTIF(OFFSET($E19,0,1):OFFSET(U19,0,-1),"<4")>0,IF(C19="К","-"," - "),(IFERROR(AVERAGE(OFFSET($E19,0,1):OFFSET(U19,0,-1)),"Очікую")))) -> Очікую
D20: 11 | U20: =IF(COUNTIF(OFFSET($E20,0,1):OFFSET(U20,0,-1),"=*")>0,IF($C20="К","-"," - "),IF(COUNTIF(OFFSET($E20,0,1):OFFSET(U20,0,-1),"<4")>0,IF(C20="К","-"," - "),(IFERROR(AVERAGE(OFFSET($E20,0,1):OFFSET(U20,0,-1)),"Очікую")))) -> Очікую
D21: 12 | U21: =IF(COUNTIF(OFFSET($E21,0,1):OFFSET(U21,0,-1),"=*")>0,IF($C21="К","-"," - "),IF(COUNTIF(OFFSET($E21,0,1):OFFSET(U21,0,-1),"<4")>0,IF(C21="К","-"," - "),(IFERROR(AVERAGE(OFFSET($E21,0,1):OFFSET(U21,0,-1)),"Очікую")))) -> Очікую
... D108: 99 | U108: =IF(COUNTIF(OFFSET($E108,0,1):OFFSET(U108,0,-1),"=*")>0,IF($C108="К","-"," - "),IF(COUNTIF(OFFSET($E108,0,1):OFFSET(U108,0,-1),"<4")>0,IF(C108="К","-"," - "),(IFERROR(AVERAGE(OFFSET($E108,0,1):OFFSET(U108,0,-1)),"Очікую")))) -> Очікую
D109: 100 | U109: =IFERROR(AVERAGE(OFFSET($E109,0,1):OFFSET(U109,0,-1)),"Очікую") -> Очікую
E110: Середній бал успішності з дисципліни | F110: =IF(SUM(OFFSET(F$9,1,0):OFFSET(F110,-1,0))=0,IF(COUNTA(OFFSET(F$9,1,0):OFFSET(F110,-1,0))=0,"Очікую",0),SUM(OFFSET(F$9,1,0):OFFSET(F110,-1,0))/OFFSET($D110,-1,0)) -> Очікую | G110: =IF(SUM(OFFSET(G$9,1,0):OFFSET(G110,-1,0))=0,IF(COUNTA(OFFSET(G$9,1,0):OFFSET(G110,-1,0))=0,"Очікую",0),SUM(OFFSET(G$9,1,0):OFFSET(G110,-1,0))/OFFSET($D110,-1,0)) -> Очікую | H110: =IF(SUM(OFFSET(H$9,1,0):OFFSET(H110,-1,0))=0,IF(COUNTA(OFFSET(H$9,1,0):OFFSET(H110,-1,0))=0,"Очікую",0),SUM(OFFSET(H$9,1,0):OFFSET(H110,-1,0))/OFFSET($D110,-1,0)) -> Очікую | I110: =IF(SUM(OFFSET(I$9,1,0):OFFSET(I110,-1,0))=0,IF(COUNTA(OFFSET(I$9,1,0):OFFSET(I110,-1,0))=0,"Очікую",0),SUM(OFFSET(I$9,1,0):OFFSET(I110,-1,0))/OFFSET($D110,-1,0)) -> Очікую | J110: =IF(SUM(OFFSET(J$9,1,0):OFFSET(J110,-1,0))=0,IF(COUNTA(OFFSET(J$9,1,0):OFFSET(J110,-1,0))=0,"Очікую",0),SUM(OFFSET(J$9,1,0):OFFSET(J110,-1,0))/OFFSET($D110,-1,0)) -> Очікую | K110: =IF(SUM(OFFSET(K$9,1,0):OFFSET(K110,-1,0))=0,IF(COUNTA(OFFSET(K$9,1,0):OFFSET(K110,-1,0))=0,"Очікую",0),SUM(OFFSET(K$9,1,0):OFFSET(K110,-1,0))/OFFSET($D110,-1,0)) -> Очікую | L110: =IF(SUM(OFFSET(L$9,1,0):OFFSET(L110,-1,0))=0,IF(COUNTA(OFFSET(L$9,1,0):OFFSET(L110,-1,0))=0,"Очікую",0),SUM(OFFSET(L$9,1,0):OFFSET(L110,-1,0))/OFFSET($D110,-1,0)) -> Очікую | M110: =IF(SUM(OFFSET(M$9,1,0):OFFSET(M110,-1,0))=0,IF(COUNTA(OFFSET(M$9,1,0):OFFSET(M110,-1,0))=0,"Очікую",0),SUM(OFFSET(M$9,1,0):OFFSET(M110,-1,0))/OFFSET($D110,-1,0)) -> Очікую | ... T110: =IF(SUM(OFFSET(T$9,1,0):OFFSET(T110,-1,0))=0,IF(COUNTA(OFFSET(T$9,1,0):OFFSET(T110,-1,0))=0,"Очікую",0),SUM(OFFSET(T$9,1,0):OFFSET(T110,-1,0))/OFFSET($D110,-1,0)) -> Очікую | U110: =IFERROR(AVERAGE(OFFSET($E110,0,1):OFFSET(U110,0,-1)),"Очікую") -> Очікую
E111: Абсолютна успішність | F111: =IF(SUM(OFFSET(F$9,1,0):OFFSET(F110,-1,0))=0,IF(COUNTA(OFFSET(F$9,1,0):OFFSET(F110,-1,0))=0,"Очікую",0),IF(COUNTIF(OFFSET(F$9,1,0):OFFSET(F110,-1,0),">=4")=0,0,COUNTIF(OFFSET(F$9,1,0):OFFSET(F110,-1,0),">=4")/OFFSET($D110,-1,0)*100)) -> Очікую | G111: =IF(SUM(OFFSET(G$9,1,0):OFFSET(G110,-1,0))=0,IF(COUNTA(OFFSET(G$9,1,0):OFFSET(G110,-1,0))=0,"Очікую",0),IF(COUNTIF(OFFSET(G$9,1,0):OFFSET(G110,-1,0),">=4")=0,0,COUNTIF(OFFSET(G$9,1,0):OFFSET(G110,-1,0),">=4")/OFFSET($D110,-1,0)*100)) -> Очікую | H111: =IF(SUM(OFFSET(H$9,1,0):OFFSET(H110,-1,0))=0,IF(COUNTA(OFFSET(H$9,1,0):OFFSET(H110,-1,0))=0,"Очікую",0),IF(COUNTIF(OFFSET(H$9,1,0):OFFSET(H110,-1,0),">=4")=0,0,COUNTIF(OFFSET(H$9,1,0):OFFSET(H110,-1,0),">=4")/OFFSET($D110,-1,0)*100)) -> Очікую | I111: =IF(SUM(OFFSET(I$9,1,0):OFFSET(I110,-1,0))=0,IF(COUNTA(OFFSET(I$9,1,0):OFFSET(I110,-1,0))=0,"Очікую",0),IF(COUNTIF(OFFSET(I$9,1,0):OFFSET(I110,-1,0),">=4")=0,0,COUNTIF(OFFSET(I$9,1,0):OFFSET(I110,-1,0),">=4")/OFFSET($D110,-1,0)*100)) -> Очікую | J111: =IF(SUM(OFFSET(J$9,1,0):OFFSET(J110,-1,0))=0,IF(COUNTA(OFFSET(J$9,1,0):OFFSET(J110,-1,0))=0,"Очікую",0),IF(COUNTIF(OFFSET(J$9,1,0):OFFSET(J110,-1,0),">=4")=0,0,COUNTIF(OFFSET(J$9,1,0):OFFSET(J110,-1,0),">=4")/OFFSET($D110,-1,0)*100)) -> Очікую | K111: =IF(SUM(OFFSET(K$9,1,0):OFFSET(K110,-1,0))=0,IF(COUNTA(OFFSET(K$9,1,0):OFFSET(K110,-1,0))=0,"Очікую",0),IF(COUNTIF(OFFSET(K$9,1,0):OFFSET(K110,-1,0),">=4")=0,0,COUNTIF(OFFSET(K$9,1,0):OFFSET(K110,-1,0),">=4")/OFFSET($D110,-1,0)*100)) -> Очікую | L111: =IF(SUM(OFFSET(L$9,1,0):OFFSET(L110,-1,0))=0,IF(COUNTA(OFFSET(L$9,1,0):OFFSET(L110,-1,0))=0,"Очікую",0),IF(COUNTIF(OFFSET(L$9,1,0):OFFSET(L110,-1,0),">=4")=0,0,COUNTIF(OFFSET(L$9,1,0):OFFSET(L110,-1,0),">=4")/OFFSET($D110,-1,0)*100)) -> Очікую | M111: =IF(SUM(OFFSET(M$9,1,0):OFFSET(M110,-1,0))=0,IF(COUNTA(OFFSET(M$9,1,0):OFFSET(M110,-1,0))=0,"Очікую",0),IF(COUNTIF(OFFSET(M$9,1,0):OFFSET(M110,-1,0),">=4")=0,0,COUNTIF(OFFSET(M$9,1,0):OFFSET(M110,-1,0),">=4")/OFFSET($D110,-1,0)*100)) -> Очікую | ... T111: =IF(SUM(OFFSET(T$9,1,0):OFFSET(T110,-1,0))=0,IF(COUNTA(OFFSET(T$9,1,0):OFFSET(T110,-1,0))=0,"Очікую",0),IF(COUNTIF(OFFSET(T$9,1,0):OFFSET(T110,-1,0),">=4")=0,0,COUNTIF(OFFSET(T$9,1,0):OFFSET(T110,-1,0),">=4")/OFFSET($D110,-1,0)*100)) -> Очікую
E112: Якісна успішність | F112: =IF(SUM(OFFSET(F$9,1,0):OFFSET(F110,-1,0))=0,IF(COUNTA(OFFSET(F$9,1,0):OFFSET(F110,-1,0))=0,"Очікую",0),IF(COUNTIF(OFFSET(F$9,1,0):OFFSET(F110,-1,0),">=7")=0,0,COUNTIF(OFFSET(F$9,1,0):OFFSET(F110,-1,0),">=7")/OFFSET($D110,-1,0)*100)) -> Очікую | G112: =IF(SUM(OFFSET(G$9,1,0):OFFSET(G110,-1,0))=0,IF(COUNTA(OFFSET(G$9,1,0):OFFSET(G110,-1,0))=0,"Очікую",0),IF(COUNTIF(OFFSET(G$9,1,0):OFFSET(G110,-1,0),">=7")=0,0,COUNTIF(OFFSET(G$9,1,0):OFFSET(G110,-1,0),">=7")/OFFSET($D110,-1,0)*100)) -> Очікую | H112: =IF(SUM(OFFSET(H$9,1,0):OFFSET(H110,-1,0))=0,IF(COUNTA(OFFSET(H$9,1,0):OFFSET(H110,-1,0))=0,"Очікую",0),IF(COUNTIF(OFFSET(H$9,1,0):OFFSET(H110,-1,0),">=7")=0,0,COUNTIF(OFFSET(H$9,1,0):OFFSET(H110,-1,0),">=7")/OFFSET($D110,-1,0)*100)) -> Очікую | I112: =IF(SUM(OFFSET(I$9,1,0):OFFSET(I110,-1,0))=0,IF(COUNTA(OFFSET(I$9,1,0):OFFSET(I110,-1,0))=0,"Очікую",0),IF(COUNTIF(OFFSET(I$9,1,0):OFFSET(I110,-1,0),">=7")=0,0,COUNTIF(OFFSET(I$9,1,0):OFFSET(I110,-1,0),">=7")/OFFSET($D110,-1,0)*100)) -> Очікую | J112: =IF(SUM(OFFSET(J$9,1,0):OFFSET(J110,-1,0))=0,IF(COUNTA(OFFSET(J$9,1,0):OFFSET(J110,-1,0))=0,"Очікую",0),IF(COUNTIF(OFFSET(J$9,1,0):OFFSET(J110,-1,0),">=7")=0,0,COUNTIF(OFFSET(J$9,1,0):OFFSET(J110,-1,0),">=7")/OFFSET($D110,-1,0)*100)) -> Очікую | K112: =IF(SUM(OFFSET(K$9,1,0):OFFSET(K110,-1,0))=0,IF(COUNTA(OFFSET(K$9,1,0):OFFSET(K110,-1,0))=0,"Очікую",0),IF(COUNTIF(OFFSET(K$9,1,0):OFFSET(K110,-1,0),">=7")=0,0,COUNTIF(OFFSET(K$9,1,0):OFFSET(K110,-1,0),">=7")/OFFSET($D110,-1,0)*100)) -> Очікую | L112: =IF(SUM(OFFSET(L$9,1,0):OFFSET(L110,-1,0))=0,IF(COUNTA(OFFSET(L$9,1,0):OFFSET(L110,-1,0))=0,"Очікую",0),IF(COUNTIF(OFFSET(L$9,1,0):OFFSET(L110,-1,0),">=7")=0,0,COUNTIF(OFFSET(L$9,1,0):OFFSET(L110,-1,0),">=7")/OFFSET($D110,-1,0)*100)) -> Очікую | M112: =IF(SUM(OFFSET(M$9,1,0):OFFSET(M110,-1,0))=0,IF(COUNTA(OFFSET(M$9,1,0):OFFSET(M110,-1,0))=0,"Очікую",0),IF(COUNTIF(OFFSET(M$9,1,0):OFFSET(M110,-1,0),">=7")=0,0,COUNTIF(OFFSET(M$9,1,0):OFFSET(M110,-1,0),">=7")/OFFSET($D110,-1,0)*100)) -> Очікую | ... T112: =IF(SUM(OFFSET(T$9,1,0):OFFSET(T110,-1,0))=0,IF(COUNTA(OFFSET(T$9,1,0):OFFSET(T110,-1,0))=0,"Очікую",0),IF(COUNTIF(OFFSET(T$9,1,0):OFFSET(T110,-1,0),">=7")=0,0,COUNTIF(OFFSET(T$9,1,0):OFFSET(T110,-1,0),">=7")/OFFSET($D110,-1,0)*100)) -> Очікую
E113: Абсолютна успішність по групі | F113: =IFERROR(AVERAGE(OFFSET(E111,0,1):OFFSET(U111,0,-1)),"Очікую") -> Очікую
E114: Якісна успішність по групі | F114: =IFERROR(AVERAGE(OFFSET(E112,0,1):OFFSET(U112,0,-1)),"Очікую") -> Очікую
E115: Кількість бюджетників | F115: =IF(COUNTIF(OFFSET(C$9,1,0):OFFSET(C110,-1,0),"=Б")=0,IF(COUNTIF(OFFSET(C$9,1,0):OFFSET(C110,-1,0),"=К")=0,"Очікую",0),COUNTIF(OFFSET(C$9,1,0):OFFSET(C110,-1,0),"=Б")) -> Очікую
E116: Кількість контрактників | F116: =IF(COUNTIF(OFFSET(C$9,1,0):OFFSET(C110,-1,0),"=К")=0,IF(COUNTIF(OFFSET(C$9,1,0):OFFSET(C110,-1,0),"=Б")=0,"Очікую",0),COUNTIF(OFFSET(C$9,1,0):OFFSET(C110,-1,0),"=К")) -> Очікую | H116: Класний керівник | P116: ХХХ
E117: Кількість соціального контингенту
E118: Вийшли на стипендію | F118: =IF(F115="Очікую","Очікую",IF(F115-COUNTIF(OFFSET(U$9,1,0):OFFSET(U110,-1,0)," - ")<ROUNDDOWN(F115*0.4,0),F115-COUNTIF(OFFSET(U$9,1,0):OFFSET(U110,-1,0)," - "),ROUNDDOWN(F115*0.4,0))) -> Очікую | H118: Завідувач відділення ПЗСО | P118: Маргарита БРІТІКОВА

Sheet З4
A1: S
C3: ВІДОКРЕМЛЕНИЙ СТРУКТУРНИЙ ПІДРОЗДІЛ «ФАХОВИЙ КОЛЕДЖ НАФТОГАЗОВИХ ТЕХНОЛОГІЙ, ІНЖЕНЕРІЇ ТА ІНФРАСТРУКТУРИ СЕРВІСУ ОДЕСЬКОГО НАЦІОНАЛЬНОГО ТЕХНОЛОГІЧНОГО УНІВЕРСИТЕТУ»
C4: ЗВЕДЕНА ВІДОМІСТЬ
C5: Успішності студентів спеціальності XXX «XXXXX»
C6: За X семестр XXXX-XXXX н.р.
C7: Група XXXX курс X
C8: Б/К | D8: № п/п | E8: Прізвище, ім’я, по батькові | F8: Підсумкові оцінки дисциплін
F9: Астрономія XXXXX | G9: Біологія XXXXX | H9: Всесвітня історія XXXXX | I9: Географія XXXXX | J9: Зарубіжна література XXXXX | K9: Захист України XXXXX | L9: Іноземна мова XXXXX | M9: Інформатика XXXXX | N9: Історія України XXXXX | O9: Математика XXXXX | P9: Українська література XXXXX | Q9: Українська мова XXXXX | R9: Фізика XXXXX | S9: Фізична культура XXXXX | T9: Хімія XXXXX | U9: Середній бал
D10: 1 | U10: =IF(COUNTIF(OFFSET($E10,0,1):OFFSET(U10,0,-1),"=*")>0,IF($C10="К","-"," - "),IF(COUNTIF(OFFSET($E10,0,1):OFFSET(U10,0,-1),"<4")>0,IF(C10="К","-"," - "),(IFERROR(AVERAGE(OFFSET($E10,0,1):OFFSET(U10,0,-1)),"Очікую")))) -> Очікую
D11: 2 | U11: =IF(COUNTIF(OFFSET($E11,0,1):OFFSET(U11,0,-1),"=*")>0,IF($C11="К","-"," - "),IF(COUNTIF(OFFSET($E11,0,1):OFFSET(U11,0,-1),"<4")>0,IF(C11="К","-"," - "),(IFERROR(AVERAGE(OFFSET($E11,0,1):OFFSET(U11,0,-1)),"Очікую")))) -> Очікую
D12: 3 | U12: =IF(COUNTIF(OFFSET($E12,0,1):OFFSET(U12,0,-1),"=*")>0,IF($C12="К","-"," - "),IF(COUNTIF(OFFSET($E12,0,1):OFFSET(U12,0,-1),"<4")>0,IF(C12="К","-"," - "),(IFERROR(AVERAGE(OFFSET($E12,0,1):OFFSET(U12,0,-1)),"Очікую")))) -> Очікую
D13: 4 | U13: =IF(COUNTIF(OFFSET($E13,0,1):OFFSET(U13,0,-1),"=*")>0,IF($C13="К","-"," - "),IF(COUNTIF(OFFSET($E13,0,1):OFFSET(U13,0,-1),"<4")>0,IF(C13="К","-"," - "),(IFERROR(AVERAGE(OFFSET($E13,0,1):OFFSET(U13,0,-1)),"Очікую")))) -> Очікую
D14: 5 | U14: =IF(COUNTIF(OFFSET($E14,0,1):OFFSET(U14,0,-1),"=*")>0,IF($C14="К","-"," - "),IF(COUNTIF(OFFSET($E14,0,1):OFFSET(U14,0,-1),"<4")>0,IF(C14="К","-"," - "),(IFERROR(AVERAGE(OFFSET($E14,0,1):OFFSET(U14,0,-1)),"Очікую")))) -> Очікую
D15: 6 | U15: =IF(COUNTIF(OFFSET($E15,0,1):OFFSET(U15,0,-1),"=*")>0,IF($C15="К","-"," - "),IF(COUNTIF(OFFSET($E15,0,1):OFFSET(U15,0,-1),"<4")>0,IF(C15="К","-"," - "),(IFERROR(AVERAGE(OFFSET($E15,0,1):OFFSET(U15,0,-1)),"Очікую")))) -> Очікую
D16: 7 | U16: =IF(COUNTIF(OFFSET($E16,0,1):OFFSET(U16,0,-1),"=*")>0,IF($C16="К","-"," - "),IF(COUNTIF(OFFSET($E16,0,1):OFFSET(U16,0,-1),"<4")>0,IF(C16="К","-"," - "),(IFERROR(AVERAGE(OFFSET($E16,0,1):OFFSET(U16,0,-1)),"Очікую")))) -> Очікую
D17: 8 | U17: =IF(COUNTIF(OFFSET($E17,0,1):OFFSET(U17,0,-1),"=*")>0,IF($C17="К","-"," - "),IF(COUNTIF(OFFSET($E17,0,1):OFFSET(U17,0,-1),"<4")>0,IF(C17="К","-"," - "),(IFERROR(AVERAGE(OFFSET($E17,0,1):OFFSET(U17,0,-1)),"Очікую")))) -> Очікую
D18: 9 | U18: =IF(COUNTIF(OFFSET($E18,0,1):OFFSET(U18,0,-1),"=*")>0,IF($C18="К","-"," - "),IF(COUNTIF(OFFSET($E18,0,1):OFFSET(U18,0,-1),"<4")>0,IF(C18="К","-"," - "),(IFERROR(AVERAGE(OFFSET($E18,0,1):OFFSET(U18,0,-1)),"Очікую")))) -> Очікую
D19: 10 | U19: =IF(COUNTIF(OFFSET($E19,0,1):OFFSET(U19,0,-1),"=*")>0,IF($C19="К","-"," - "),IF(COUNTIF(OFFSET($E19,0,1):OFFSET(U19,0,-1),"<4")>0,IF(C19="К","-"," - "),(IFERROR(AVERAGE(OFFSET($E19,0,1):OFFSET(U19,0,-1)),"Очікую")))) -> Очікую
D20: 11 | U20: =IF(COUNTIF(OFFSET($E20,0,1):OFFSET(U20,0,-1),"=*")>0,IF($C20="К","-"," - "),IF(COUNTIF(OFFSET($E20,0,1):OFFSET(U20,0,-1),"<4")>0,IF(C20="К","-"," - "),(IFERROR(AVERAGE(OFFSET($E20,0,1):OFFSET(U20,0,-1)),"Очікую")))) -> Очікую
D21: 12 | U21: =IF(COUNTIF(OFFSET($E21,0,1):OFFSET(U21,0,-1),"=*")>0,IF($C21="К","-"," - "),IF(COUNTIF(OFFSET($E21,0,1):OFFSET(U21,0,-1),"<4")>0,IF(C21="К","-"," - "),(IFERROR(AVERAGE(OFFSET($E21,0,1):OFFSET(U21,0,-1)),"Очікую")))) -> Очікую
... D108: 99 | U108: =IF(COUNTIF(OFFSET($E108,0,1):OFFSET(U108,0,-1),"=*")>0,IF($C108="К","-"," - "),IF(COUNTIF(OFFSET($E108,0,1):OFFSET(U108,0,-1),"<4")>0,IF(C108="К","-"," - "),(IFERROR(AVERAGE(OFFSET($E108,0,1):OFFSET(U108,0,-1)),"Очікую")))) -> Очікую
D109: 100 | U109: =IFERROR(AVERAGE(OFFSET($E109,0,1):OFFSET(U109,0,-1)),"Очікую") -> Очікую
E110: Середній бал успішності з дисципліни | F110: =IF(SUM(OFFSET(F$9,1,0):OFFSET(F110,-1,0))=0,IF(COUNTA(OFFSET(F$9,1,0):OFFSET(F110,-1,0))=0,"Очікую",0),SUM(OFFSET(F$9,1,0):OFFSET(F110,-1,0))/OFFSET($D110,-1,0)) -> Очікую | G110: =IF(SUM(OFFSET(G$9,1,0):OFFSET(G110,-1,0))=0,IF(COUNTA(OFFSET(G$9,1,0):OFFSET(G110,-1,0))=0,"Очікую",0),SUM(OFFSET(G$9,1,0):OFFSET(G110,-1,0))/OFFSET($D110,-1,0)) -> Очікую | H110: =IF(SUM(OFFSET(H$9,1,0):OFFSET(H110,-1,0))=0,IF(COUNTA(OFFSET(H$9,1,0):OFFSET(H110,-1,0))=0,"Очікую",0),SUM(OFFSET(H$9,1,0):OFFSET(H110,-1,0))/OFFSET($D110,-1,0)) -> Очікую | I110: =IF(SUM(OFFSET(I$9,1,0):OFFSET(I110,-1,0))=0,IF(COUNTA(OFFSET(I$9,1,0):OFFSET(I110,-1,0))=0,"Очікую",0),SUM(OFFSET(I$9,1,0):OFFSET(I110,-1,0))/OFFSET($D110,-1,0)) -> Очікую | J110: =IF(SUM(OFFSET(J$9,1,0):OFFSET(J110,-1,0))=0,IF(COUNTA(OFFSET(J$9,1,0):OFFSET(J110,-1,0))=0,"Очікую",0),SUM(OFFSET(J$9,1,0):OFFSET(J110,-1,0))/OFFSET($D110,-1,0)) -> Очікую | K110: =IF(SUM(OFFSET(K$9,1,0):OFFSET(K110,-1,0))=0,IF(COUNTA(OFFSET(K$9,1,0):OFFSET(K110,-1,0))=0,"Очікую",0),SUM(OFFSET(K$9,1,0):OFFSET(K110,-1,0))/OFFSET($D110,-1,0)) -> Очікую | L110: =IF(SUM(OFFSET(L$9,1,0):OFFSET(L110,-1,0))=0,IF(COUNTA(OFFSET(L$9,1,0):OFFSET(L110,-1,0))=0,"Очікую",0),SUM(OFFSET(L$9,1,0):OFFSET(L110,-1,0))/OFFSET($D110,-1,0)) -> Очікую | M110: =IF(SUM(OFFSET(M$9,1,0):OFFSET(M110,-1,0))=0,IF(COUNTA(OFFSET(M$9,1,0):OFFSET(M110,-1,0))=0,"Очікую",0),SUM(OFFSET(M$9,1,0):OFFSET(M110,-1,0))/OFFSET($D110,-1,0)) -> Очікую | ... T110: =IF(SUM(OFFSET(T$9,1,0):OFFSET(T110,-1,0))=0,IF(COUNTA(OFFSET(T$9,1,0):OFFSET(T110,-1,0))=0,"Очікую",0),SUM(OFFSET(T$9,1,0):OFFSET(T110,-1,0))/OFFSET($D110,-1,0)) -> Очікую | U110: =IFERROR(AVERAGE(OFFSET($E110,0,1):OFFSET(U110,0,-1)),"Очікую") -> Очікую
E111: Абсолютна успішність | F111: =IF(SUM(OFFSET(F$9,1,0):OFFSET(F110,-1,0))=0,IF(COUNTA(OFFSET(F$9,1,0):OFFSET(F110,-1,0))=0,"Очікую",0),IF(COUNTIF(OFFSET(F$9,1,0):OFFSET(F110,-1,0),">=4")=0,0,COUNTIF(OFFSET(F$9,1,0):OFFSET(F110,-1,0),">=4")/OFFSET($D110,-1,0)*100)) -> Очікую | G111: =IF(SUM(OFFSET(G$9,1,0):OFFSET(G110,-1,0))=0,IF(COUNTA(OFFSET(G$9,1,0):OFFSET(G110,-1,0))=0,"Очікую",0),IF(COUNTIF(OFFSET(G$9,1,0):OFFSET(G110,-1,0),">=4")=0,0,COUNTIF(OFFSET(G$9,1,0):OFFSET(G110,-1,0),">=4")/OFFSET($D110,-1,0)*100)) -> Очікую | H111: =IF(SUM(OFFSET(H$9,1,0):OFFSET(H110,-1,0))=0,IF(COUNTA(OFFSET(H$9,1,0):OFFSET(H110,-1,0))=0,"Очікую",0),IF(COUNTIF(OFFSET(H$9,1,0):OFFSET(H110,-1,0),">=4")=0,0,COUNTIF(OFFSET(H$9,1,0):OFFSET(H110,-1,0),">=4")/OFFSET($D110,-1,0)*100)) -> Очікую | I111: =IF(SUM(OFFSET(I$9,1,0):OFFSET(I110,-1,0))=0,IF(COUNTA(OFFSET(I$9,1,0):OFFSET(I110,-1,0))=0,"Очікую",0),IF(COUNTIF(OFFSET(I$9,1,0):OFFSET(I110,-1,0),">=4")=0,0,COUNTIF(OFFSET(I$9,1,0):OFFSET(I110,-1,0),">=4")/OFFSET($D110,-1,0)*100)) -> Очікую | J111: =IF(SUM(OFFSET(J$9,1,0):OFFSET(J110,-1,0))=0,IF(COUNTA(OFFSET(J$9,1,0):OFFSET(J110,-1,0))=0,"Очікую",0),IF(COUNTIF(OFFSET(J$9,1,0):OFFSET(J110,-1,0),">=4")=0,0,COUNTIF(OFFSET(J$9,1,0):OFFSET(J110,-1,0),">=4")/OFFSET($D110,-1,0)*100)) -> Очікую | K111: =IF(SUM(OFFSET(K$9,1,0):OFFSET(K110,-1,0))=0,IF(COUNTA(OFFSET(K$9,1,0):OFFSET(K110,-1,0))=0,"Очікую",0),IF(COUNTIF(OFFSET(K$9,1,0):OFFSET(K110,-1,0),">=4")=0,0,COUNTIF(OFFSET(K$9,1,0):OFFSET(K110,-1,0),">=4")/OFFSET($D110,-1,0)*100)) -> Очікую | L111: =IF(SUM(OFFSET(L$9,1,0):OFFSET(L110,-1,0))=0,IF(COUNTA(OFFSET(L$9,1,0):OFFSET(L110,-1,0))=0,"Очікую",0),IF(COUNTIF(OFFSET(L$9,1,0):OFFSET(L110,-1,0),">=4")=0,0,COUNTIF(OFFSET(L$9,1,0):OFFSET(L110,-1,0),">=4")/OFFSET($D110,-1,0)*100)) -> Очікую | M111: =IF(SUM(OFFSET(M$9,1,0):OFFSET(M110,-1,0))=0,IF(COUNTA(OFFSET(M$9,1,0):OFFSET(M110,-1,0))=0,"Очікую",0),IF(COUNTIF(OFFSET(M$9,1,0):OFFSET(M110,-1,0),">=4")=0,0,COUNTIF(OFFSET(M$9,1,0):OFFSET(M110,-1,0),">=4")/OFFSET($D110,-1,0)*100)) -> Очікую | ... T111: =IF(SUM(OFFSET(T$9,1,0):OFFSET(T110,-1,0))=0,IF(COUNTA(OFFSET(T$9,1,0):OFFSET(T110,-1,0))=0,"Очікую",0),IF(COUNTIF(OFFSET(T$9,1,0):OFFSET(T110,-1,0),">=4")=0,0,COUNTIF(OFFSET(T$9,1,0):OFFSET(T110,-1,0),">=4")/OFFSET($D110,-1,0)*100)) -> Очікую
E112: Якісна успішність | F112: =IF(SUM(OFFSET(F$9,1,0):OFFSET(F110,-1,0))=0,IF(COUNTA(OFFSET(F$9,1,0):OFFSET(F110,-1,0))=0,"Очікую",0),IF(COUNTIF(OFFSET(F$9,1,0):OFFSET(F110,-1,0),">=7")=0,0,COUNTIF(OFFSET(F$9,1,0):OFFSET(F110,-1,0),">=7")/OFFSET($D110,-1,0)*100)) -> Очікую | G112: =IF(SUM(OFFSET(G$9,1,0):OFFSET(G110,-1,0))=0,IF(COUNTA(OFFSET(G$9,1,0):OFFSET(G110,-1,0))=0,"Очікую",0),IF(COUNTIF(OFFSET(G$9,1,0):OFFSET(G110,-1,0),">=7")=0,0,COUNTIF(OFFSET(G$9,1,0):OFFSET(G110,-1,0),">=7")/OFFSET($D110,-1,0)*100)) -> Очікую | H112: =IF(SUM(OFFSET(H$9,1,0):OFFSET(H110,-1,0))=0,IF(COUNTA(OFFSET(H$9,1,0):OFFSET(H110,-1,0))=0,"Очікую",0),IF(COUNTIF(OFFSET(H$9,1,0):OFFSET(H110,-1,0),">=7")=0,0,COUNTIF(OFFSET(H$9,1,0):OFFSET(H110,-1,0),">=7")/OFFSET($D110,-1,0)*100)) -> Очікую | I112: =IF(SUM(OFFSET(I$9,1,0):OFFSET(I110,-1,0))=0,IF(COUNTA(OFFSET(I$9,1,0):OFFSET(I110,-1,0))=0,"Очікую",0),IF(COUNTIF(OFFSET(I$9,1,0):OFFSET(I110,-1,0),">=7")=0,0,COUNTIF(OFFSET(I$9,1,0):OFFSET(I110,-1,0),">=7")/OFFSET($D110,-1,0)*100)) -> Очікую | J112: =IF(SUM(OFFSET(J$9,1,0):OFFSET(J110,-1,0))=0,IF(COUNTA(OFFSET(J$9,1,0):OFFSET(J110,-1,0))=0,"Очікую",0),IF(COUNTIF(OFFSET(J$9,1,0):OFFSET(J110,-1,0),">=7")=0,0,COUNTIF(OFFSET(J$9,1,0):OFFSET(J110,-1,0),">=7")/OFFSET($D110,-1,0)*100)) -> Очікую | K112: =IF(SUM(OFFSET(K$9,1,0):OFFSET(K110,-1,0))=0,IF(COUNTA(OFFSET(K$9,1,0):OFFSET(K110,-1,0))=0,"Очікую",0),IF(COUNTIF(OFFSET(K$9,1,0):OFFSET(K110,-1,0),">=7")=0,0,COUNTIF(OFFSET(K$9,1,0):OFFSET(K110,-1,0),">=7")/OFFSET($D110,-1,0)*100)) -> Очікую | L112: =IF(SUM(OFFSET(L$9,1,0):OFFSET(L110,-1,0))=0,IF(COUNTA(OFFSET(L$9,1,0):OFFSET(L110,-1,0))=0,"Очікую",0),IF(COUNTIF(OFFSET(L$9,1,0):OFFSET(L110,-1,0),">=7")=0,0,COUNTIF(OFFSET(L$9,1,0):OFFSET(L110,-1,0),">=7")/OFFSET($D110,-1,0)*100)) -> Очікую | M112: =IF(SUM(OFFSET(M$9,1,0):OFFSET(M110,-1,0))=0,IF(COUNTA(OFFSET(M$9,1,0):OFFSET(M110,-1,0))=0,"Очікую",0),IF(COUNTIF(OFFSET(M$9,1,0):OFFSET(M110,-1,0),">=7")=0,0,COUNTIF(OFFSET(M$9,1,0):OFFSET(M110,-1,0),">=7")/OFFSET($D110,-1,0)*100)) -> Очікую | ... T112: =IF(SUM(OFFSET(T$9,1,0):OFFSET(T110,-1,0))=0,IF(COUNTA(OFFSET(T$9,1,0):OFFSET(T110,-1,0))=0,"Очікую",0),IF(COUNTIF(OFFSET(T$9,1,0):OFFSET(T110,-1,0),">=7")=0,0,COUNTIF(OFFSET(T$9,1,0):OFFSET(T110,-1,0),">=7")/OFFSET($D110,-1,0)*100)) -> Очікую
E113: Абсолютна успішність по групі | F113: =IFERROR(AVERAGE(OFFSET(E111,0,1):OFFSET(U111,0,-1)),"Очікую") -> Очікую
E114: Якісна успішність по групі | F114: =IFERROR(AVERAGE(OFFSET(E112,0,1):OFFSET(U112,0,-1)),"Очікую") -> Очікую
E115: Кількість бюджетників | F115: =IF(COUNTIF(OFFSET(C$9,1,0):OFFSET(C110,-1,0),"=Б")=0,IF(COUNTIF(OFFSET(C$9,1,0):OFFSET(C110,-1,0),"=К")=0,"Очікую",0),COUNTIF(OFFSET(C$9,1,0):OFFSET(C110,-1,0),"=Б")) -> Очікую
E116: Кількість контрактників | F116: =IF(COUNTIF(OFFSET(C$9,1,0):OFFSET(C110,-1,0),"=К")=0,IF(COUNTIF(OFFSET(C$9,1,0):OFFSET(C110,-1,0),"=Б")=0,"Очікую",0),COUNTIF(OFFSET(C$9,1,0):OFFSET(C110,-1,0),"=К")) -> Очікую | H116: Класний керівник | P116: ХХХ
E117: Кількість соціального контингенту
E118: Вийшли на стипендію | F118: =IF(F115="Очікую","Очікую",IF(F115-COUNTIF(OFFSET(U$9,1,0):OFFSET(U110,-1,0)," - ")<ROUNDDOWN(F115*0.4,0),F115-COUNTIF(OFFSET(U$9,1,0):OFFSET(U110,-1,0)," - "),ROUNDDOWN(F115*0.4,0))) -> Очікую | H118: Завідувач відділення ПЗСО | P118: Маргарита БРІТІКОВА

Sheet З5
A1: S
C3: ВІДОКРЕМЛЕНИЙ СТРУКТУРНИЙ ПІДРОЗДІЛ «ФАХОВИЙ КОЛЕДЖ НАФТОГАЗОВИХ ТЕХНОЛОГІЙ, ІНЖЕНЕРІЇ ТА ІНФРАСТРУКТУРИ СЕРВІСУ ОДЕСЬКОГО НАЦІОНАЛЬНОГО ТЕХНОЛОГІЧНОГО УНІВЕРСИТЕТУ»
C4: ЗВЕДЕНА ВІДОМІСТЬ
C5: Успішності студентів спеціальності XXX «XXXXX»
C6: За X семестр XXXX-XXXX н.р.
C7: Група XXXX курс X
C8: Б/К | D8: № п/п | E8: Прізвище, ім’я, по батькові | F8: Підсумкові оцінки дисциплін
F9: Астрономія XXXXX | G9: Біологія XXXXX | H9: Всесвітня історія XXXXX | I9: Географія XXXXX | J9: Зарубіжна література XXXXX | K9: Захист України XXXXX | L9: Іноземна мова XXXXX | M9: Інформатика XXXXX | N9: Історія України XXXXX | O9: Математика XXXXX | P9: Українська література XXXXX | Q9: Українська мова XXXXX | R9: Фізика XXXXX | S9: Фізична культура XXXXX | T9: Хімія XXXXX | U9: Середній бал
D10: 1 | U10: =IF(COUNTIF(OFFSET($E10,0,1):OFFSET(U10,0,-1),"=*")>0,IF($C10="К","-"," - "),IF(COUNTIF(OFFSET($E10,0,1):OFFSET(U10,0,-1),"<4")>0,IF(C10="К","-"," - "),(IFERROR(AVERAGE(OFFSET($E10,0,1):OFFSET(U10,0,-1)),"Очікую")))) -> Очікую
D11: 2 | U11: =IF(COUNTIF(OFFSET($E11,0,1):OFFSET(U11,0,-1),"=*")>0,IF($C11="К","-"," - "),IF(COUNTIF(OFFSET($E11,0,1):OFFSET(U11,0,-1),"<4")>0,IF(C11="К","-"," - "),(IFERROR(AVERAGE(OFFSET($E11,0,1):OFFSET(U11,0,-1)),"Очікую")))) -> Очікую
D12: 3 | U12: =IF(COUNTIF(OFFSET($E12,0,1):OFFSET(U12,0,-1),"=*")>0,IF($C12="К","-"," - "),IF(COUNTIF(OFFSET($E12,0,1):OFFSET(U12,0,-1),"<4")>0,IF(C12="К","-"," - "),(IFERROR(AVERAGE(OFFSET($E12,0,1):OFFSET(U12,0,-1)),"Очікую")))) -> Очікую
D13: 4 | U13: =IF(COUNTIF(OFFSET($E13,0,1):OFFSET(U13,0,-1),"=*")>0,IF($C13="К","-"," - "),IF(COUNTIF(OFFSET($E13,0,1):OFFSET(U13,0,-1),"<4")>0,IF(C13="К","-"," - "),(IFERROR(AVERAGE(OFFSET($E13,0,1):OFFSET(U13,0,-1)),"Очікую")))) -> Очікую
D14: 5 | U14: =IF(COUNTIF(OFFSET($E14,0,1):OFFSET(U14,0,-1),"=*")>0,IF($C14="К","-"," - "),IF(COUNTIF(OFFSET($E14,0,1):OFFSET(U14,0,-1),"<4")>0,IF(C14="К","-"," - "),(IFERROR(AVERAGE(OFFSET($E14,0,1):OFFSET(U14,0,-1)),"Очікую")))) -> Очікую
D15: 6 | U15: =IF(COUNTIF(OFFSET($E15,0,1):OFFSET(U15,0,-1),"=*")>0,IF($C15="К","-"," - "),IF(COUNTIF(OFFSET($E15,0,1):OFFSET(U15,0,-1),"<4")>0,IF(C15="К","-"," - "),(IFERROR(AVERAGE(OFFSET($E15,0,1):OFFSET(U15,0,-1)),"Очікую")))) -> Очікую
D16: 7 | U16: =IF(COUNTIF(OFFSET($E16,0,1):OFFSET(U16,0,-1),"=*")>0,IF($C16="К","-"," - "),IF(COUNTIF(OFFSET($E16,0,1):OFFSET(U16,0,-1),"<4")>0,IF(C16="К","-"," - "),(IFERROR(AVERAGE(OFFSET($E16,0,1):OFFSET(U16,0,-1)),"Очікую")))) -> Очікую
D17: 8 | U17: =IF(COUNTIF(OFFSET($E17,0,1):OFFSET(U17,0,-1),"=*")>0,IF($C17="К","-"," - "),IF(COUNTIF(OFFSET($E17,0,1):OFFSET(U17,0,-1),"<4")>0,IF(C17="К","-"," - "),(IFERROR(AVERAGE(OFFSET($E17,0,1):OFFSET(U17,0,-1)),"Очікую")))) -> Очікую
D18: 9 | U18: =IF(COUNTIF(OFFSET($E18,0,1):OFFSET(U18,0,-1),"=*")>0,IF($C18="К","-"," - "),IF(COUNTIF(OFFSET($E18,0,1):OFFSET(U18,0,-1),"<4")>0,IF(C18="К","-"," - "),(IFERROR(AVERAGE(OFFSET($E18,0,1):OFFSET(U18,0,-1)),"Очікую")))) -> Очікую
D19: 10 | U19: =IF(COUNTIF(OFFSET($E19,0,1):OFFSET(U19,0,-1),"=*")>0,IF($C19="К","-"," - "),IF(COUNTIF(OFFSET($E19,0,1):OFFSET(U19,0,-1),"<4")>0,IF(C19="К","-"," - "),(IFERROR(AVERAGE(OFFSET($E19,0,1):OFFSET(U19,0,-1)),"Очікую")))) -> Очікую
D20: 11 | U20: =IF(COUNTIF(OFFSET($E20,0,1):OFFSET(U20,0,-1),"=*")>0,IF($C20="К","-"," - "),IF(COUNTIF(OFFSET($E20,0,1):OFFSET(U20,0,-1),"<4")>0,IF(C20="К","-"," - "),(IFERROR(AVERAGE(OFFSET($E20,0,1):OFFSET(U20,0,-1)),"Очікую")))) -> Очікую
D21: 12 | U21: =IF(COUNTIF(OFFSET($E21,0,1):OFFSET(U21,0,-1),"=*")>0,IF($C21="К","-"," - "),IF(COUNTIF(OFFSET($E21,0,1):OFFSET(U21,0,-1),"<4")>0,IF(C21="К","-"," - "),(IFERROR(AVERAGE(OFFSET($E21,0,1):OFFSET(U21,0,-1)),"Очікую")))) -> Очікую
... D108: 99 | U108: =IF(COUNTIF(OFFSET($E108,0,1):OFFSET(U108,0,-1),"=*")>0,IF($C108="К","-"," - "),IF(COUNTIF(OFFSET($E108,0,1):OFFSET(U108,0,-1),"<4")>0,IF(C108="К","-"," - "),(IFERROR(AVERAGE(OFFSET($E108,0,1):OFFSET(U108,0,-1)),"Очікую")))) -> Очікую
D109: 100 | U109: =IFERROR(AVERAGE(OFFSET($E109,0,1):OFFSET(U109,0,-1)),"Очікую") -> Очікую
E110: Середній бал успішності з дисципліни | F110: =IF(SUM(OFFSET(F$9,1,0):OFFSET(F110,-1,0))=0,IF(COUNTA(OFFSET(F$9,1,0):OFFSET(F110,-1,0))=0,"Очікую",0),SUM(OFFSET(F$9,1,0):OFFSET(F110,-1,0))/OFFSET($D110,-1,0)) -> Очікую | G110: =IF(SUM(OFFSET(G$9,1,0):OFFSET(G110,-1,0))=0,IF(COUNTA(OFFSET(G$9,1,0):OFFSET(G110,-1,0))=0,"Очікую",0),SUM(OFFSET(G$9,1,0):OFFSET(G110,-1,0))/OFFSET($D110,-1,0)) -> Очікую | H110: =IF(SUM(OFFSET(H$9,1,0):OFFSET(H110,-1,0))=0,IF(COUNTA(OFFSET(H$9,1,0):OFFSET(H110,-1,0))=0,"Очікую",0),SUM(OFFSET(H$9,1,0):OFFSET(H110,-1,0))/OFFSET($D110,-1,0)) -> Очікую | I110: =IF(SUM(OFFSET(I$9,1,0):OFFSET(I110,-1,0))=0,IF(COUNTA(OFFSET(I$9,1,0):OFFSET(I110,-1,0))=0,"Очікую",0),SUM(OFFSET(I$9,1,0):OFFSET(I110,-1,0))/OFFSET($D110,-1,0)) -> Очікую | J110: =IF(SUM(OFFSET(J$9,1,0):OFFSET(J110,-1,0))=0,IF(COUNTA(OFFSET(J$9,1,0):OFFSET(J110,-1,0))=0,"Очікую",0),SUM(OFFSET(J$9,1,0):OFFSET(J110,-1,0))/OFFSET($D110,-1,0)) -> Очікую | K110: =IF(SUM(OFFSET(K$9,1,0):OFFSET(K110,-1,0))=0,IF(COUNTA(OFFSET(K$9,1,0):OFFSET(K110,-1,0))=0,"Очікую",0),SUM(OFFSET(K$9,1,0):OFFSET(K110,-1,0))/OFFSET($D110,-1,0)) -> Очікую | L110: =IF(SUM(OFFSET(L$9,1,0):OFFSET(L110,-1,0))=0,IF(COUNTA(OFFSET(L$9,1,0):OFFSET(L110,-1,0))=0,"Очікую",0),SUM(OFFSET(L$9,1,0):OFFSET(L110,-1,0))/OFFSET($D110,-1,0)) -> Очікую | M110: =IF(SUM(OFFSET(M$9,1,0):OFFSET(M110,-1,0))=0,IF(COUNTA(OFFSET(M$9,1,0):OFFSET(M110,-1,0))=0,"Очікую",0),SUM(OFFSET(M$9,1,0):OFFSET(M110,-1,0))/OFFSET($D110,-1,0)) -> Очікую | ... T110: =IF(SUM(OFFSET(T$9,1,0):OFFSET(T110,-1,0))=0,IF(COUNTA(OFFSET(T$9,1,0):OFFSET(T110,-1,0))=0,"Очікую",0),SUM(OFFSET(T$9,1,0):OFFSET(T110,-1,0))/OFFSET($D110,-1,0)) -> Очікую | U110: =IFERROR(AVERAGE(OFFSET($E110,0,1):OFFSET(U110,0,-1)),"Очікую") -> Очікую
E111: Абсолютна успішність | F111: =IF(SUM(OFFSET(F$9,1,0):OFFSET(F110,-1,0))=0,IF(COUNTA(OFFSET(F$9,1,0):OFFSET(F110,-1,0))=0,"Очікую",0),IF(COUNTIF(OFFSET(F$9,1,0):OFFSET(F110,-1,0),">=4")=0,0,COUNTIF(OFFSET(F$9,1,0):OFFSET(F110,-1,0),">=4")/OFFSET($D110,-1,0)*100)) -> Очікую | G111: =IF(SUM(OFFSET(G$9,1,0):OFFSET(G110,-1,0))=0,IF(COUNTA(OFFSET(G$9,1,0):OFFSET(G110,-1,0))=0,"Очікую",0),IF(COUNTIF(OFFSET(G$9,1,0):OFFSET(G110,-1,0),">=4")=0,0,COUNTIF(OFFSET(G$9,1,0):OFFSET(G110,-1,0),">=4")/OFFSET($D110,-1,0)*100)) -> Очікую | H111: =IF(SUM(OFFSET(H$9,1,0):OFFSET(H110,-1,0))=0,IF(COUNTA(OFFSET(H$9,1,0):OFFSET(H110,-1,0))=0,"Очікую",0),IF(COUNTIF(OFFSET(H$9,1,0):OFFSET(H110,-1,0),">=4")=0,0,COUNTIF(OFFSET(H$9,1,0):OFFSET(H110,-1,0),">=4")/OFFSET($D110,-1,0)*100)) -> Очікую | I111: =IF(SUM(OFFSET(I$9,1,0):OFFSET(I110,-1,0))=0,IF(COUNTA(OFFSET(I$9,1,0):OFFSET(I110,-1,0))=0,"Очікую",0),IF(COUNTIF(OFFSET(I$9,1,0):OFFSET(I110,-1,0),">=4")=0,0,COUNTIF(OFFSET(I$9,1,0):OFFSET(I110,-1,0),">=4")/OFFSET($D110,-1,0)*100)) -> Очікую | J111: =IF(SUM(OFFSET(J$9,1,0):OFFSET(J110,-1,0))=0,IF(COUNTA(OFFSET(J$9,1,0):OFFSET(J110,-1,0))=0,"Очікую",0),IF(COUNTIF(OFFSET(J$9,1,0):OFFSET(J110,-1,0),">=4")=0,0,COUNTIF(OFFSET(J$9,1,0):OFFSET(J110,-1,0),">=4")/OFFSET($D110,-1,0)*100)) -> Очікую | K111: =IF(SUM(OFFSET(K$9,1,0):OFFSET(K110,-1,0))=0,IF(COUNTA(OFFSET(K$9,1,0):OFFSET(K110,-1,0))=0,"Очікую",0),IF(COUNTIF(OFFSET(K$9,1,0):OFFSET(K110,-1,0),">=4")=0,0,COUNTIF(OFFSET(K$9,1,0):OFFSET(K110,-1,0),">=4")/OFFSET($D110,-1,0)*100)) -> Очікую | L111: =IF(SUM(OFFSET(L$9,1,0):OFFSET(L110,-1,0))=0,IF(COUNTA(OFFSET(L$9,1,0):OFFSET(L110,-1,0))=0,"Очікую",0),IF(COUNTIF(OFFSET(L$9,1,0):OFFSET(L110,-1,0),">=4")=0,0,COUNTIF(OFFSET(L$9,1,0):OFFSET(L110,-1,0),">=4")/OFFSET($D110,-1,0)*100)) -> Очікую | M111: =IF(SUM(OFFSET(M$9,1,0):OFFSET(M110,-1,0))=0,IF(COUNTA(OFFSET(M$9,1,0):OFFSET(M110,-1,0))=0,"Очікую",0),IF(COUNTIF(OFFSET(M$9,1,0):OFFSET(M110,-1,0),">=4")=0,0,COUNTIF(OFFSET(M$9,1,0):OFFSET(M110,-1,0),">=4")/OFFSET($D110,-1,0)*100)) -> Очікую | ... T111: =IF(SUM(OFFSET(T$9,1,0):OFFSET(T110,-1,0))=0,IF(COUNTA(OFFSET(T$9,1,0):OFFSET(T110,-1,0))=0,"Очікую",0),IF(COUNTIF(OFFSET(T$9,1,0):OFFSET(T110,-1,0),">=4")=0,0,COUNTIF(OFFSET(T$9,1,0):OFFSET(T110,-1,0),">=4")/OFFSET($D110,-1,0)*100)) -> Очікую
E112: Якісна успішність | F112: =IF(SUM(OFFSET(F$9,1,0):OFFSET(F110,-1,0))=0,IF(COUNTA(OFFSET(F$9,1,0):OFFSET(F110,-1,0))=0,"Очікую",0),IF(COUNTIF(OFFSET(F$9,1,0):OFFSET(F110,-1,0),">=7")=0,0,COUNTIF(OFFSET(F$9,1,0):OFFSET(F110,-1,0),">=7")/OFFSET($D110,-1,0)*100)) -> Очікую | G112: =IF(SUM(OFFSET(G$9,1,0):OFFSET(G110,-1,0))=0,IF(COUNTA(OFFSET(G$9,1,0):OFFSET(G110,-1,0))=0,"Очікую",0),IF(COUNTIF(OFFSET(G$9,1,0):OFFSET(G110,-1,0),">=7")=0,0,COUNTIF(OFFSET(G$9,1,0):OFFSET(G110,-1,0),">=7")/OFFSET($D110,-1,0)*100)) -> Очікую | H112: =IF(SUM(OFFSET(H$9,1,0):OFFSET(H110,-1,0))=0,IF(COUNTA(OFFSET(H$9,1,0):OFFSET(H110,-1,0))=0,"Очікую",0),IF(COUNTIF(OFFSET(H$9,1,0):OFFSET(H110,-1,0),">=7")=0,0,COUNTIF(OFFSET(H$9,1,0):OFFSET(H110,-1,0),">=7")/OFFSET($D110,-1,0)*100)) -> Очікую | I112: =IF(SUM(OFFSET(I$9,1,0):OFFSET(I110,-1,0))=0,IF(COUNTA(OFFSET(I$9,1,0):OFFSET(I110,-1,0))=0,"Очікую",0),IF(COUNTIF(OFFSET(I$9,1,0):OFFSET(I110,-1,0),">=7")=0,0,COUNTIF(OFFSET(I$9,1,0):OFFSET(I110,-1,0),">=7")/OFFSET($D110,-1,0)*100)) -> Очікую | J112: =IF(SUM(OFFSET(J$9,1,0):OFFSET(J110,-1,0))=0,IF(COUNTA(OFFSET(J$9,1,0):OFFSET(J110,-1,0))=0,"Очікую",0),IF(COUNTIF(OFFSET(J$9,1,0):OFFSET(J110,-1,0),">=7")=0,0,COUNTIF(OFFSET(J$9,1,0):OFFSET(J110,-1,0),">=7")/OFFSET($D110,-1,0)*100)) -> Очікую | K112: =IF(SUM(OFFSET(K$9,1,0):OFFSET(K110,-1,0))=0,IF(COUNTA(OFFSET(K$9,1,0):OFFSET(K110,-1,0))=0,"Очікую",0),IF(COUNTIF(OFFSET(K$9,1,0):OFFSET(K110,-1,0),">=7")=0,0,COUNTIF(OFFSET(K$9,1,0):OFFSET(K110,-1,0),">=7")/OFFSET($D110,-1,0)*100)) -> Очікую | L112: =IF(SUM(OFFSET(L$9,1,0):OFFSET(L110,-1,0))=0,IF(COUNTA(OFFSET(L$9,1,0):OFFSET(L110,-1,0))=0,"Очікую",0),IF(COUNTIF(OFFSET(L$9,1,0):OFFSET(L110,-1,0),">=7")=0,0,COUNTIF(OFFSET(L$9,1,0):OFFSET(L110,-1,0),">=7")/OFFSET($D110,-1,0)*100)) -> Очікую | M112: =IF(SUM(OFFSET(M$9,1,0):OFFSET(M110,-1,0))=0,IF(COUNTA(OFFSET(M$9,1,0):OFFSET(M110,-1,0))=0,"Очікую",0),IF(COUNTIF(OFFSET(M$9,1,0):OFFSET(M110,-1,0),">=7")=0,0,COUNTIF(OFFSET(M$9,1,0):OFFSET(M110,-1,0),">=7")/OFFSET($D110,-1,0)*100)) -> Очікую | ... T112: =IF(SUM(OFFSET(T$9,1,0):OFFSET(T110,-1,0))=0,IF(COUNTA(OFFSET(T$9,1,0):OFFSET(T110,-1,0))=0,"Очікую",0),IF(COUNTIF(OFFSET(T$9,1,0):OFFSET(T110,-1,0),">=7")=0,0,COUNTIF(OFFSET(T$9,1,0):OFFSET(T110,-1,0),">=7")/OFFSET($D110,-1,0)*100)) -> Очікую
E113: Абсолютна успішність по групі | F113: =IFERROR(AVERAGE(OFFSET(E111,0,1):OFFSET(U111,0,-1)),"Очікую") -> Очікую
E114: Якісна успішність по групі | F114: =IFERROR(AVERAGE(OFFSET(E112,0,1):OFFSET(U112,0,-1)),"Очікую") -> Очікую
E115: Кількість бюджетників | F115: =IF(COUNTIF(OFFSET(C$9,1,0):OFFSET(C110,-1,0),"=Б")=0,IF(COUNTIF(OFFSET(C$9,1,0):OFFSET(C110,-1,0),"=К")=0,"Очікую",0),COUNTIF(OFFSET(C$9,1,0):OFFSET(C110,-1,0),"=Б")) -> Очікую
E116: Кількість контрактників | F116: =IF(COUNTIF(OFFSET(C$9,1,0):OFFSET(C110,-1,0),"=К")=0,IF(COUNTIF(OFFSET(C$9,1,0):OFFSET(C110,-1,0),"=Б")=0,"Очікую",0),COUNTIF(OFFSET(C$9,1,0):OFFSET(C110,-1,0),"=К")) -> Очікую | H116: Класний керівник | P116: ХХХ
E117: Кількість соціального контингенту
E118: Вийшли на стипендію | F118: =IF(F115="Очікую","Очікую",IF(F115-COUNTIF(OFFSET(U$9,1,0):OFFSET(U110,-1,0)," - ")<ROUNDDOWN(F115*0.4,0),F115-COUNTIF(OFFSET(U$9,1,0):OFFSET(U110,-1,0)," - "),ROUNDDOWN(F115*0.4,0))) -> Очікую | H118: Завідувач відділення ПЗСО | P118: Маргарита БРІТІКОВА

Sheet З6
A1: S
C3: ВІДОКРЕМЛЕНИЙ СТРУКТУРНИЙ ПІДРОЗДІЛ «ФАХОВИЙ КОЛЕДЖ НАФТОГАЗОВИХ ТЕХНОЛОГІЙ, ІНЖЕНЕРІЇ ТА ІНФРАСТРУКТУРИ СЕРВІСУ ОДЕСЬКОГО НАЦІОНАЛЬНОГО ТЕХНОЛОГІЧНОГО УНІВЕРСИТЕТУ»
C4: ЗВЕДЕНА ВІДОМІСТЬ
C5: Успішності студентів спеціальності XXX «XXXXX»
C6: За X семестр XXXX-XXXX н.р.
C7: Група XXXX курс X
C8: Б/К | D8: № п/п | E8: Прізвище, ім’я, по батькові | F8: Підсумкові оцінки дисциплін
F9: Астрономія XXXXX | G9: Біологія XXXXX | H9: Всесвітня історія XXXXX | I9: Географія XXXXX | J9: Зарубіжна література XXXXX | K9: Захист України XXXXX | L9: Іноземна мова XXXXX | M9: Інформатика XXXXX | N9: Історія України XXXXX | O9: Математика XXXXX | P9: Українська література XXXXX | Q9: Українська мова XXXXX | R9: Фізика XXXXX | S9: Фізична культура XXXXX | T9: Хімія XXXXX | U9: Середній бал
D10: 1 | U10: =IF(COUNTIF(OFFSET($E10,0,1):OFFSET(U10,0,-1),"=*")>0,IF($C10="К","-"," - "),IF(COUNTIF(OFFSET($E10,0,1):OFFSET(U10,0,-1),"<4")>0,IF(C10="К","-"," - "),(IFERROR(AVERAGE(OFFSET($E10,0,1):OFFSET(U10,0,-1)),"Очікую")))) -> Очікую
D11: 2 | U11: =IF(COUNTIF(OFFSET($E11,0,1):OFFSET(U11,0,-1),"=*")>0,IF($C11="К","-"," - "),IF(COUNTIF(OFFSET($E11,0,1):OFFSET(U11,0,-1),"<4")>0,IF(C11="К","-"," - "),(IFERROR(AVERAGE(OFFSET($E11,0,1):OFFSET(U11,0,-1)),"Очікую")))) -> Очікую
D12: 3 | U12: =IF(COUNTIF(OFFSET($E12,0,1):OFFSET(U12,0,-1),"=*")>0,IF($C12="К","-"," - "),IF(COUNTIF(OFFSET($E12,0,1):OFFSET(U12,0,-1),"<4")>0,IF(C12="К","-"," - "),(IFERROR(AVERAGE(OFFSET($E12,0,1):OFFSET(U12,0,-1)),"Очікую")))) -> Очікую
D13: 4 | U13: =IF(COUNTIF(OFFSET($E13,0,1):OFFSET(U13,0,-1),"=*")>0,IF($C13="К","-"," - "),IF(COUNTIF(OFFSET($E13,0,1):OFFSET(U13,0,-1),"<4")>0,IF(C13="К","-"," - "),(IFERROR(AVERAGE(OFFSET($E13,0,1):OFFSET(U13,0,-1)),"Очікую")))) -> Очікую
D14: 5 | U14: =IF(COUNTIF(OFFSET($E14,0,1):OFFSET(U14,0,-1),"=*")>0,IF($C14="К","-"," - "),IF(COUNTIF(OFFSET($E14,0,1):OFFSET(U14,0,-1),"<4")>0,IF(C14="К","-"," - "),(IFERROR(AVERAGE(OFFSET($E14,0,1):OFFSET(U14,0,-1)),"Очікую")))) -> Очікую
D15: 6 | U15: =IF(COUNTIF(OFFSET($E15,0,1):OFFSET(U15,0,-1),"=*")>0,IF($C15="К","-"," - "),IF(COUNTIF(OFFSET($E15,0,1):OFFSET(U15,0,-1),"<4")>0,IF(C15="К","-"," - "),(IFERROR(AVERAGE(OFFSET($E15,0,1):OFFSET(U15,0,-1)),"Очікую")))) -> Очікую
D16: 7 | U16: =IF(COUNTIF(OFFSET($E16,0,1):OFFSET(U16,0,-1),"=*")>0,IF($C16="К","-"," - "),IF(COUNTIF(OFFSET($E16,0,1):OFFSET(U16,0,-1),"<4")>0,IF(C16="К","-"," - "),(IFERROR(AVERAGE(OFFSET($E16,0,1):OFFSET(U16,0,-1)),"Очікую")))) -> Очікую
D17: 8 | U17: =IF(COUNTIF(OFFSET($E17,0,1):OFFSET(U17,0,-1),"=*")>0,IF($C17="К","-"," - "),IF(COUNTIF(OFFSET($E17,0,1):OFFSET(U17,0,-1),"<4")>0,IF(C17="К","-"," - "),(IFERROR(AVERAGE(OFFSET($E17,0,1):OFFSET(U17,0,-1)),"Очікую")))) -> Очікую
D18: 9 | U18: =IF(COUNTIF(OFFSET($E18,0,1):OFFSET(U18,0,-1),"=*")>0,IF($C18="К","-"," - "),IF(COUNTIF(OFFSET($E18,0,1):OFFSET(U18,0,-1),"<4")>0,IF(C18="К","-"," - "),(IFERROR(AVERAGE(OFFSET($E18,0,1):OFFSET(U18,0,-1)),"Очікую")))) -> Очікую
D19: 10 | U19: =IF(COUNTIF(OFFSET($E19,0,1):OFFSET(U19,0,-1),"=*")>0,IF($C19="К","-"," - "),IF(COUNTIF(OFFSET($E19,0,1):OFFSET(U19,0,-1),"<4")>0,IF(C19="К","-"," - "),(IFERROR(AVERAGE(OFFSET($E19,0,1):OFFSET(U19,0,-1)),"Очікую")))) -> Очікую
D20: 11 | U20: =IF(COUNTIF(OFFSET($E20,0,1):OFFSET(U20,0,-1),"=*")>0,IF($C20="К","-"," - "),IF(COUNTIF(OFFSET($E20,0,1):OFFSET(U20,0,-1),"<4")>0,IF(C20="К","-"," - "),(IFERROR(AVERAGE(OFFSET($E20,0,1):OFFSET(U20,0,-1)),"Очікую")))) -> Очікую
D21: 12 | U21: =IF(COUNTIF(OFFSET($E21,0,1):OFFSET(U21,0,-1),"=*")>0,IF($C21="К","-"," - "),IF(COUNTIF(OFFSET($E21,0,1):OFFSET(U21,0,-1),"<4")>0,IF(C21="К","-"," - "),(IFERROR(AVERAGE(OFFSET($E21,0,1):OFFSET(U21,0,-1)),"Очікую")))) -> Очікую
... D108: 99 | U108: =IF(COUNTIF(OFFSET($E108,0,1):OFFSET(U108,0,-1),"=*")>0,IF($C108="К","-"," - "),IF(COUNTIF(OFFSET($E108,0,1):OFFSET(U108,0,-1),"<4")>0,IF(C108="К","-"," - "),(IFERROR(AVERAGE(OFFSET($E108,0,1):OFFSET(U108,0,-1)),"Очікую")))) -> Очікую
D109: 100 | U109: =IFERROR(AVERAGE(OFFSET($E109,0,1):OFFSET(U109,0,-1)),"Очікую") -> Очікую
E110: Середній бал успішності з дисципліни | F110: =IF(SUM(OFFSET(F$9,1,0):OFFSET(F110,-1,0))=0,IF(COUNTA(OFFSET(F$9,1,0):OFFSET(F110,-1,0))=0,"Очікую",0),SUM(OFFSET(F$9,1,0):OFFSET(F110,-1,0))/OFFSET($D110,-1,0)) -> Очікую | G110: =IF(SUM(OFFSET(G$9,1,0):OFFSET(G110,-1,0))=0,IF(COUNTA(OFFSET(G$9,1,0):OFFSET(G110,-1,0))=0,"Очікую",0),SUM(OFFSET(G$9,1,0):OFFSET(G110,-1,0))/OFFSET($D110,-1,0)) -> Очікую | H110: =IF(SUM(OFFSET(H$9,1,0):OFFSET(H110,-1,0))=0,IF(COUNTA(OFFSET(H$9,1,0):OFFSET(H110,-1,0))=0,"Очікую",0),SUM(OFFSET(H$9,1,0):OFFSET(H110,-1,0))/OFFSET($D110,-1,0)) -> Очікую | I110: =IF(SUM(OFFSET(I$9,1,0):OFFSET(I110,-1,0))=0,IF(COUNTA(OFFSET(I$9,1,0):OFFSET(I110,-1,0))=0,"Очікую",0),SUM(OFFSET(I$9,1,0):OFFSET(I110,-1,0))/OFFSET($D110,-1,0)) -> Очікую | J110: =IF(SUM(OFFSET(J$9,1,0):OFFSET(J110,-1,0))=0,IF(COUNTA(OFFSET(J$9,1,0):OFFSET(J110,-1,0))=0,"Очікую",0),SUM(OFFSET(J$9,1,0):OFFSET(J110,-1,0))/OFFSET($D110,-1,0)) -> Очікую | K110: =IF(SUM(OFFSET(K$9,1,0):OFFSET(K110,-1,0))=0,IF(COUNTA(OFFSET(K$9,1,0):OFFSET(K110,-1,0))=0,"Очікую",0),SUM(OFFSET(K$9,1,0):OFFSET(K110,-1,0))/OFFSET($D110,-1,0)) -> Очікую | L110: =IF(SUM(OFFSET(L$9,1,0):OFFSET(L110,-1,0))=0,IF(COUNTA(OFFSET(L$9,1,0):OFFSET(L110,-1,0))=0,"Очікую",0),SUM(OFFSET(L$9,1,0):OFFSET(L110,-1,0))/OFFSET($D110,-1,0)) -> Очікую | M110: =IF(SUM(OFFSET(M$9,1,0):OFFSET(M110,-1,0))=0,IF(COUNTA(OFFSET(M$9,1,0):OFFSET(M110,-1,0))=0,"Очікую",0),SUM(OFFSET(M$9,1,0):OFFSET(M110,-1,0))/OFFSET($D110,-1,0)) -> Очікую | ... T110: =IF(SUM(OFFSET(T$9,1,0):OFFSET(T110,-1,0))=0,IF(COUNTA(OFFSET(T$9,1,0):OFFSET(T110,-1,0))=0,"Очікую",0),SUM(OFFSET(T$9,1,0):OFFSET(T110,-1,0))/OFFSET($D110,-1,0)) -> Очікую | U110: =IFERROR(AVERAGE(OFFSET($E110,0,1):OFFSET(U110,0,-1)),"Очікую") -> Очікую
E111: Абсолютна успішність | F111: =IF(SUM(OFFSET(F$9,1,0):OFFSET(F110,-1,0))=0,IF(COUNTA(OFFSET(F$9,1,0):OFFSET(F110,-1,0))=0,"Очікую",0),IF(COUNTIF(OFFSET(F$9,1,0):OFFSET(F110,-1,0),">=4")=0,0,COUNTIF(OFFSET(F$9,1,0):OFFSET(F110,-1,0),">=4")/OFFSET($D110,-1,0)*100)) -> Очікую | G111: =IF(SUM(OFFSET(G$9,1,0):OFFSET(G110,-1,0))=0,IF(COUNTA(OFFSET(G$9,1,0):OFFSET(G110,-1,0))=0,"Очікую",0),IF(COUNTIF(OFFSET(G$9,1,0):OFFSET(G110,-1,0),">=4")=0,0,COUNTIF(OFFSET(G$9,1,0):OFFSET(G110,-1,0),">=4")/OFFSET($D110,-1,0)*100)) -> Очікую | H111: =IF(SUM(OFFSET(H$9,1,0):OFFSET(H110,-1,0))=0,IF(COUNTA(OFFSET(H$9,1,0):OFFSET(H110,-1,0))=0,"Очікую",0),IF(COUNTIF(OFFSET(H$9,1,0):OFFSET(H110,-1,0),">=4")=0,0,COUNTIF(OFFSET(H$9,1,0):OFFSET(H110,-1,0),">=4")/OFFSET($D110,-1,0)*100)) -> Очікую | I111: =IF(SUM(OFFSET(I$9,1,0):OFFSET(I110,-1,0))=0,IF(COUNTA(OFFSET(I$9,1,0):OFFSET(I110,-1,0))=0,"Очікую",0),IF(COUNTIF(OFFSET(I$9,1,0):OFFSET(I110,-1,0),">=4")=0,0,COUNTIF(OFFSET(I$9,1,0):OFFSET(I110,-1,0),">=4")/OFFSET($D110,-1,0)*100)) -> Очікую | J111: =IF(SUM(OFFSET(J$9,1,0):OFFSET(J110,-1,0))=0,IF(COUNTA(OFFSET(J$9,1,0):OFFSET(J110,-1,0))=0,"Очікую",0),IF(COUNTIF(OFFSET(J$9,1,0):OFFSET(J110,-1,0),">=4")=0,0,COUNTIF(OFFSET(J$9,1,0):OFFSET(J110,-1,0),">=4")/OFFSET($D110,-1,0)*100)) -> Очікую | K111: =IF(SUM(OFFSET(K$9,1,0):OFFSET(K110,-1,0))=0,IF(COUNTA(OFFSET(K$9,1,0):OFFSET(K110,-1,0))=0,"Очікую",0),IF(COUNTIF(OFFSET(K$9,1,0):OFFSET(K110,-1,0),">=4")=0,0,COUNTIF(OFFSET(K$9,1,0):OFFSET(K110,-1,0),">=4")/OFFSET($D110,-1,0)*100)) -> Очікую | L111: =IF(SUM(OFFSET(L$9,1,0):OFFSET(L110,-1,0))=0,IF(COUNTA(OFFSET(L$9,1,0):OFFSET(L110,-1,0))=0,"Очікую",0),IF(COUNTIF(OFFSET(L$9,1,0):OFFSET(L110,-1,0),">=4")=0,0,COUNTIF(OFFSET(L$9,1,0):OFFSET(L110,-1,0),">=4")/OFFSET($D110,-1,0)*100)) -> Очікую | M111: =IF(SUM(OFFSET(M$9,1,0):OFFSET(M110,-1,0))=0,IF(COUNTA(OFFSET(M$9,1,0):OFFSET(M110,-1,0))=0,"Очікую",0),IF(COUNTIF(OFFSET(M$9,1,0):OFFSET(M110,-1,0),">=4")=0,0,COUNTIF(OFFSET(M$9,1,0):OFFSET(M110,-1,0),">=4")/OFFSET($D110,-1,0)*100)) -> Очікую | ... T111: =IF(SUM(OFFSET(T$9,1,0):OFFSET(T110,-1,0))=0,IF(COUNTA(OFFSET(T$9,1,0):OFFSET(T110,-1,0))=0,"Очікую",0),IF(COUNTIF(OFFSET(T$9,1,0):OFFSET(T110,-1,0),">=4")=0,0,COUNTIF(OFFSET(T$9,1,0):OFFSET(T110,-1,0),">=4")/OFFSET($D110,-1,0)*100)) -> Очікую
E112: Якісна успішність | F112: =IF(SUM(OFFSET(F$9,1,0):OFFSET(F110,-1,0))=0,IF(COUNTA(OFFSET(F$9,1,0):OFFSET(F110,-1,0))=0,"Очікую",0),IF(COUNTIF(OFFSET(F$9,1,0):OFFSET(F110,-1,0),">=7")=0,0,COUNTIF(OFFSET(F$9,1,0):OFFSET(F110,-1,0),">=7")/OFFSET($D110,-1,0)*100)) -> Очікую | G112: =IF(SUM(OFFSET(G$9,1,0):OFFSET(G110,-1,0))=0,IF(COUNTA(OFFSET(G$9,1,0):OFFSET(G110,-1,0))=0,"Очікую",0),IF(COUNTIF(OFFSET(G$9,1,0):OFFSET(G110,-1,0),">=7")=0,0,COUNTIF(OFFSET(G$9,1,0):OFFSET(G110,-1,0),">=7")/OFFSET($D110,-1,0)*100)) -> Очікую | H112: =IF(SUM(OFFSET(H$9,1,0):OFFSET(H110,-1,0))=0,IF(COUNTA(OFFSET(H$9,1,0):OFFSET(H110,-1,0))=0,"Очікую",0),IF(COUNTIF(OFFSET(H$9,1,0):OFFSET(H110,-1,0),">=7")=0,0,COUNTIF(OFFSET(H$9,1,0):OFFSET(H110,-1,0),">=7")/OFFSET($D110,-1,0)*100)) -> Очікую | I112: =IF(SUM(OFFSET(I$9,1,0):OFFSET(I110,-1,0))=0,IF(COUNTA(OFFSET(I$9,1,0):OFFSET(I110,-1,0))=0,"Очікую",0),IF(COUNTIF(OFFSET(I$9,1,0):OFFSET(I110,-1,0),">=7")=0,0,COUNTIF(OFFSET(I$9,1,0):OFFSET(I110,-1,0),">=7")/OFFSET($D110,-1,0)*100)) -> Очікую | J112: =IF(SUM(OFFSET(J$9,1,0):OFFSET(J110,-1,0))=0,IF(COUNTA(OFFSET(J$9,1,0):OFFSET(J110,-1,0))=0,"Очікую",0),IF(COUNTIF(OFFSET(J$9,1,0):OFFSET(J110,-1,0),">=7")=0,0,COUNTIF(OFFSET(J$9,1,0):OFFSET(J110,-1,0),">=7")/OFFSET($D110,-1,0)*100)) -> Очікую | K112: =IF(SUM(OFFSET(K$9,1,0):OFFSET(K110,-1,0))=0,IF(COUNTA(OFFSET(K$9,1,0):OFFSET(K110,-1,0))=0,"Очікую",0),IF(COUNTIF(OFFSET(K$9,1,0):OFFSET(K110,-1,0),">=7")=0,0,COUNTIF(OFFSET(K$9,1,0):OFFSET(K110,-1,0),">=7")/OFFSET($D110,-1,0)*100)) -> Очікую | L112: =IF(SUM(OFFSET(L$9,1,0):OFFSET(L110,-1,0))=0,IF(COUNTA(OFFSET(L$9,1,0):OFFSET(L110,-1,0))=0,"Очікую",0),IF(COUNTIF(OFFSET(L$9,1,0):OFFSET(L110,-1,0),">=7")=0,0,COUNTIF(OFFSET(L$9,1,0):OFFSET(L110,-1,0),">=7")/OFFSET($D110,-1,0)*100)) -> Очікую | M112: =IF(SUM(OFFSET(M$9,1,0):OFFSET(M110,-1,0))=0,IF(COUNTA(OFFSET(M$9,1,0):OFFSET(M110,-1,0))=0,"Очікую",0),IF(COUNTIF(OFFSET(M$9,1,0):OFFSET(M110,-1,0),">=7")=0,0,COUNTIF(OFFSET(M$9,1,0):OFFSET(M110,-1,0),">=7")/OFFSET($D110,-1,0)*100)) -> Очікую | ... T112: =IF(SUM(OFFSET(T$9,1,0):OFFSET(T110,-1,0))=0,IF(COUNTA(OFFSET(T$9,1,0):OFFSET(T110,-1,0))=0,"Очікую",0),IF(COUNTIF(OFFSET(T$9,1,0):OFFSET(T110,-1,0),">=7")=0,0,COUNTIF(OFFSET(T$9,1,0):OFFSET(T110,-1,0),">=7")/OFFSET($D110,-1,0)*100)) -> Очікую
E113: Абсолютна успішність по групі | F113: =IFERROR(AVERAGE(OFFSET(E111,0,1):OFFSET(U111,0,-1)),"Очікую") -> Очікую
E114: Якісна успішність по групі | F114: =IFERROR(AVERAGE(OFFSET(E112,0,1):OFFSET(U112,0,-1)),"Очікую") -> Очікую
E115: Кількість бюджетників | F115: =IF(COUNTIF(OFFSET(C$9,1,0):OFFSET(C110,-1,0),"=Б")=0,IF(COUNTIF(OFFSET(C$9,1,0):OFFSET(C110,-1,0),"=К")=0,"Очікую",0),COUNTIF(OFFSET(C$9,1,0):OFFSET(C110,-1,0),"=Б")) -> Очікую
E116: Кількість контрактників | F116: =IF(COUNTIF(OFFSET(C$9,1,0):OFFSET(C110,-1,0),"=К")=0,IF(COUNTIF(OFFSET(C$9,1,0):OFFSET(C110,-1,0),"=Б")=0,"Очікую",0),COUNTIF(OFFSET(C$9,1,0):OFFSET(C110,-1,0),"=К")) -> Очікую | H116: Класний керівник | P116: ХХХ
E117: Кількість соціального контингенту
E118: Вийшли на стипендію | F118: =IF(F115="Очікую","Очікую",IF(F115-COUNTIF(OFFSET(U$9,1,0):OFFSET(U110,-1,0)," - ")<ROUNDDOWN(F115*0.4,0),F115-COUNTIF(OFFSET(U$9,1,0):OFFSET(U110,-1,0)," - "),ROUNDDOWN(F115*0.4,0))) -> Очікую | H118: Завідувач відділення ПЗСО | P118: Маргарита БРІТІКОВА

Sheet З7
A1: S
C3: ВІДОКРЕМЛЕНИЙ СТРУКТУРНИЙ ПІДРОЗДІЛ «ФАХОВИЙ КОЛЕДЖ НАФТОГАЗОВИХ ТЕХНОЛОГІЙ, ІНЖЕНЕРІЇ ТА ІНФРАСТРУКТУРИ СЕРВІСУ ОДЕСЬКОГО НАЦІОНАЛЬНОГО ТЕХНОЛОГІЧНОГО УНІВЕРСИТЕТУ»
C4: ЗВЕДЕНА ВІДОМІСТЬ
C5: Успішності студентів спеціальності XXX «XXXXX»
C6: За X семестр XXXX-XXXX н.р.
C7: Група XXXX курс X
C8: Б/К | D8: № п/п | E8: Прізвище, ім’я, по батькові | F8: Підсумкові оцінки дисциплін
F9: Астрономія XXXXX | G9: Біологія XXXXX | H9: Всесвітня історія XXXXX | I9: Географія XXXXX | J9: Зарубіжна література XXXXX | K9: Захист України XXXXX | L9: Іноземна мова XXXXX | M9: Інформатика XXXXX | N9: Історія України XXXXX | O9: Математика XXXXX | P9: Українська література XXXXX | Q9: Українська мова XXXXX | R9: Фізика XXXXX | S9: Фізична культура XXXXX | T9: Хімія XXXXX | U9: Середній бал
D10: 1 | U10: =IF(COUNTIF(OFFSET($E10,0,1):OFFSET(U10,0,-1),"=*")>0,IF($C10="К","-"," - "),IF(COUNTIF(OFFSET($E10,0,1):OFFSET(U10,0,-1),"<4")>0,IF(C10="К","-"," - "),(IFERROR(AVERAGE(OFFSET($E10,0,1):OFFSET(U10,0,-1)),"Очікую")))) -> Очікую
D11: 2 | U11: =IF(COUNTIF(OFFSET($E11,0,1):OFFSET(U11,0,-1),"=*")>0,IF($C11="К","-"," - "),IF(COUNTIF(OFFSET($E11,0,1):OFFSET(U11,0,-1),"<4")>0,IF(C11="К","-"," - "),(IFERROR(AVERAGE(OFFSET($E11,0,1):OFFSET(U11,0,-1)),"Очікую")))) -> Очікую
D12: 3 | U12: =IF(COUNTIF(OFFSET($E12,0,1):OFFSET(U12,0,-1),"=*")>0,IF($C12="К","-"," - "),IF(COUNTIF(OFFSET($E12,0,1):OFFSET(U12,0,-1),"<4")>0,IF(C12="К","-"," - "),(IFERROR(AVERAGE(OFFSET($E12,0,1):OFFSET(U12,0,-1)),"Очікую")))) -> Очікую
D13: 4 | U13: =IF(COUNTIF(OFFSET($E13,0,1):OFFSET(U13,0,-1),"=*")>0,IF($C13="К","-"," - "),IF(COUNTIF(OFFSET($E13,0,1):OFFSET(U13,0,-1),"<4")>0,IF(C13="К","-"," - "),(IFERROR(AVERAGE(OFFSET($E13,0,1):OFFSET(U13,0,-1)),"Очікую")))) -> Очікую
D14: 5 | U14: =IF(COUNTIF(OFFSET($E14,0,1):OFFSET(U14,0,-1),"=*")>0,IF($C14="К","-"," - "),IF(COUNTIF(OFFSET($E14,0,1):OFFSET(U14,0,-1),"<4")>0,IF(C14="К","-"," - "),(IFERROR(AVERAGE(OFFSET($E14,0,1):OFFSET(U14,0,-1)),"Очікую")))) -> Очікую
D15: 6 | U15: =IF(COUNTIF(OFFSET($E15,0,1):OFFSET(U15,0,-1),"=*")>0,IF($C15="К","-"," - "),IF(COUNTIF(OFFSET($E15,0,1):OFFSET(U15,0,-1),"<4")>0,IF(C15="К","-"," - "),(IFERROR(AVERAGE(OFFSET($E15,0,1):OFFSET(U15,0,-1)),"Очікую")))) -> Очікую
D16: 7 | U16: =IF(COUNTIF(OFFSET($E16,0,1):OFFSET(U16,0,-1),"=*")>0,IF($C16="К","-"," - "),IF(COUNTIF(OFFSET($E16,0,1):OFFSET(U16,0,-1),"<4")>0,IF(C16="К","-"," - "),(IFERROR(AVERAGE(OFFSET($E16,0,1):OFFSET(U16,0,-1)),"Очікую")))) -> Очікую
D17: 8 | U17: =IF(COUNTIF(OFFSET($E17,0,1):OFFSET(U17,0,-1),"=*")>0,IF($C17="К","-"," - "),IF(COUNTIF(OFFSET($E17,0,1):OFFSET(U17,0,-1),"<4")>0,IF(C17="К","-"," - "),(IFERROR(AVERAGE(OFFSET($E17,0,1):OFFSET(U17,0,-1)),"Очікую")))) -> Очікую
D18: 9 | U18: =IF(COUNTIF(OFFSET($E18,0,1):OFFSET(U18,0,-1),"=*")>0,IF($C18="К","-"," - "),IF(COUNTIF(OFFSET($E18,0,1):OFFSET(U18,0,-1),"<4")>0,IF(C18="К","-"," - "),(IFERROR(AVERAGE(OFFSET($E18,0,1):OFFSET(U18,0,-1)),"Очікую")))) -> Очікую
D19: 10 | U19: =IF(COUNTIF(OFFSET($E19,0,1):OFFSET(U19,0,-1),"=*")>0,IF($C19="К","-"," - "),IF(COUNTIF(OFFSET($E19,0,1):OFFSET(U19,0,-1),"<4")>0,IF(C19="К","-"," - "),(IFERROR(AVERAGE(OFFSET($E19,0,1):OFFSET(U19,0,-1)),"Очікую")))) -> Очікую
D20: 11 | U20: =IF(COUNTIF(OFFSET($E20,0,1):OFFSET(U20,0,-1),"=*")>0,IF($C20="К","-"," - "),IF(COUNTIF(OFFSET($E20,0,1):OFFSET(U20,0,-1),"<4")>0,IF(C20="К","-"," - "),(IFERROR(AVERAGE(OFFSET($E20,0,1):OFFSET(U20,0,-1)),"Очікую")))) -> Очікую
D21: 12 | U21: =IF(COUNTIF(OFFSET($E21,0,1):OFFSET(U21,0,-1),"=*")>0,IF($C21="К","-"," - "),IF(COUNTIF(OFFSET($E21,0,1):OFFSET(U21,0,-1),"<4")>0,IF(C21="К","-"," - "),(IFERROR(AVERAGE(OFFSET($E21,0,1):OFFSET(U21,0,-1)),"Очікую")))) -> Очікую
... D108: 99 | U108: =IF(COUNTIF(OFFSET($E108,0,1):OFFSET(U108,0,-1),"=*")>0,IF($C108="К","-"," - "),IF(COUNTIF(OFFSET($E108,0,1):OFFSET(U108,0,-1),"<4")>0,IF(C108="К","-"," - "),(IFERROR(AVERAGE(OFFSET($E108,0,1):OFFSET(U108,0,-1)),"Очікую")))) -> Очікую
D109: 100 | U109: =IFERROR(AVERAGE(OFFSET($E109,0,1):OFFSET(U109,0,-1)),"Очікую") -> Очікую
E110: Середній бал успішності з дисципліни | F110: =IF(SUM(OFFSET(F$9,1,0):OFFSET(F110,-1,0))=0,IF(COUNTA(OFFSET(F$9,1,0):OFFSET(F110,-1,0))=0,"Очікую",0),SUM(OFFSET(F$9,1,0):OFFSET(F110,-1,0))/OFFSET($D110,-1,0)) -> Очікую | G110: =IF(SUM(OFFSET(G$9,1,0):OFFSET(G110,-1,0))=0,IF(COUNTA(OFFSET(G$9,1,0):OFFSET(G110,-1,0))=0,"Очікую",0),SUM(OFFSET(G$9,1,0):OFFSET(G110,-1,0))/OFFSET($D110,-1,0)) -> Очікую | H110: =IF(SUM(OFFSET(H$9,1,0):OFFSET(H110,-1,0))=0,IF(COUNTA(OFFSET(H$9,1,0):OFFSET(H110,-1,0))=0,"Очікую",0),SUM(OFFSET(H$9,1,0):OFFSET(H110,-1,0))/OFFSET($D110,-1,0)) -> Очікую | I110: =IF(SUM(OFFSET(I$9,1,0):OFFSET(I110,-1,0))=0,IF(COUNTA(OFFSET(I$9,1,0):OFFSET(I110,-1,0))=0,"Очікую",0),SUM(OFFSET(I$9,1,0):OFFSET(I110,-1,0))/OFFSET($D110,-1,0)) -> Очікую | J110: =IF(SUM(OFFSET(J$9,1,0):OFFSET(J110,-1,0))=0,IF(COUNTA(OFFSET(J$9,1,0):OFFSET(J110,-1,0))=0,"Очікую",0),SUM(OFFSET(J$9,1,0):OFFSET(J110,-1,0))/OFFSET($D110,-1,0)) -> Очікую | K110: =IF(SUM(OFFSET(K$9,1,0):OFFSET(K110,-1,0))=0,IF(COUNTA(OFFSET(K$9,1,0):OFFSET(K110,-1,0))=0,"Очікую",0),SUM(OFFSET(K$9,1,0):OFFSET(K110,-1,0))/OFFSET($D110,-1,0)) -> Очікую | L110: =IF(SUM(OFFSET(L$9,1,0):OFFSET(L110,-1,0))=0,IF(COUNTA(OFFSET(L$9,1,0):OFFSET(L110,-1,0))=0,"Очікую",0),SUM(OFFSET(L$9,1,0):OFFSET(L110,-1,0))/OFFSET($D110,-1,0)) -> Очікую | M110: =IF(SUM(OFFSET(M$9,1,0):OFFSET(M110,-1,0))=0,IF(COUNTA(OFFSET(M$9,1,0):OFFSET(M110,-1,0))=0,"Очікую",0),SUM(OFFSET(M$9,1,0):OFFSET(M110,-1,0))/OFFSET($D110,-1,0)) -> Очікую | ... T110: =IF(SUM(OFFSET(T$9,1,0):OFFSET(T110,-1,0))=0,IF(COUNTA(OFFSET(T$9,1,0):OFFSET(T110,-1,0))=0,"Очікую",0),SUM(OFFSET(T$9,1,0):OFFSET(T110,-1,0))/OFFSET($D110,-1,0)) -> Очікую | U110: =IFERROR(AVERAGE(OFFSET($E110,0,1):OFFSET(U110,0,-1)),"Очікую") -> Очікую
E111: Абсолютна успішність | F111: =IF(SUM(OFFSET(F$9,1,0):OFFSET(F110,-1,0))=0,IF(COUNTA(OFFSET(F$9,1,0):OFFSET(F110,-1,0))=0,"Очікую",0),IF(COUNTIF(OFFSET(F$9,1,0):OFFSET(F110,-1,0),">=4")=0,0,COUNTIF(OFFSET(F$9,1,0):OFFSET(F110,-1,0),">=4")/OFFSET($D110,-1,0)*100)) -> Очікую | G111: =IF(SUM(OFFSET(G$9,1,0):OFFSET(G110,-1,0))=0,IF(COUNTA(OFFSET(G$9,1,0):OFFSET(G110,-1,0))=0,"Очікую",0),IF(COUNTIF(OFFSET(G$9,1,0):OFFSET(G110,-1,0),">=4")=0,0,COUNTIF(OFFSET(G$9,1,0):OFFSET(G110,-1,0),">=4")/OFFSET($D110,-1,0)*100)) -> Очікую | H111: =IF(SUM(OFFSET(H$9,1,0):OFFSET(H110,-1,0))=0,IF(COUNTA(OFFSET(H$9,1,0):OFFSET(H110,-1,0))=0,"Очікую",0),IF(COUNTIF(OFFSET(H$9,1,0):OFFSET(H110,-1,0),">=4")=0,0,COUNTIF(OFFSET(H$9,1,0):OFFSET(H110,-1,0),">=4")/OFFSET($D110,-1,0)*100)) -> Очікую | I111: =IF(SUM(OFFSET(I$9,1,0):OFFSET(I110,-1,0))=0,IF(COUNTA(OFFSET(I$9,1,0):OFFSET(I110,-1,0))=0,"Очікую",0),IF(COUNTIF(OFFSET(I$9,1,0):OFFSET(I110,-1,0),">=4")=0,0,COUNTIF(OFFSET(I$9,1,0):OFFSET(I110,-1,0),">=4")/OFFSET($D110,-1,0)*100)) -> Очікую | J111: =IF(SUM(OFFSET(J$9,1,0):OFFSET(J110,-1,0))=0,IF(COUNTA(OFFSET(J$9,1,0):OFFSET(J110,-1,0))=0,"Очікую",0),IF(COUNTIF(OFFSET(J$9,1,0):OFFSET(J110,-1,0),">=4")=0,0,COUNTIF(OFFSET(J$9,1,0):OFFSET(J110,-1,0),">=4")/OFFSET($D110,-1,0)*100)) -> Очікую | K111: =IF(SUM(OFFSET(K$9,1,0):OFFSET(K110,-1,0))=0,IF(COUNTA(OFFSET(K$9,1,0):OFFSET(K110,-1,0))=0,"Очікую",0),IF(COUNTIF(OFFSET(K$9,1,0):OFFSET(K110,-1,0),">=4")=0,0,COUNTIF(OFFSET(K$9,1,0):OFFSET(K110,-1,0),">=4")/OFFSET($D110,-1,0)*100)) -> Очікую | L111: =IF(SUM(OFFSET(L$9,1,0):OFFSET(L110,-1,0))=0,IF(COUNTA(OFFSET(L$9,1,0):OFFSET(L110,-1,0))=0,"Очікую",0),IF(COUNTIF(OFFSET(L$9,1,0):OFFSET(L110,-1,0),">=4")=0,0,COUNTIF(OFFSET(L$9,1,0):OFFSET(L110,-1,0),">=4")/OFFSET($D110,-1,0)*100)) -> Очікую | M111: =IF(SUM(OFFSET(M$9,1,0):OFFSET(M110,-1,0))=0,IF(COUNTA(OFFSET(M$9,1,0):OFFSET(M110,-1,0))=0,"Очікую",0),IF(COUNTIF(OFFSET(M$9,1,0):OFFSET(M110,-1,0),">=4")=0,0,COUNTIF(OFFSET(M$9,1,0):OFFSET(M110,-1,0),">=4")/OFFSET($D110,-1,0)*100)) -> Очікую | ... T111: =IF(SUM(OFFSET(T$9,1,0):OFFSET(T110,-1,0))=0,IF(COUNTA(OFFSET(T$9,1,0):OFFSET(T110,-1,0))=0,"Очікую",0),IF(COUNTIF(OFFSET(T$9,1,0):OFFSET(T110,-1,0),">=4")=0,0,COUNTIF(OFFSET(T$9,1,0):OFFSET(T110,-1,0),">=4")/OFFSET($D110,-1,0)*100)) -> Очікую
E112: Якісна успішність | F112: =IF(SUM(OFFSET(F$9,1,0):OFFSET(F110,-1,0))=0,IF(COUNTA(OFFSET(F$9,1,0):OFFSET(F110,-1,0))=0,"Очікую",0),IF(COUNTIF(OFFSET(F$9,1,0):OFFSET(F110,-1,0),">=7")=0,0,COUNTIF(OFFSET(F$9,1,0):OFFSET(F110,-1,0),">=7")/OFFSET($D110,-1,0)*100)) -> Очікую | G112: =IF(SUM(OFFSET(G$9,1,0):OFFSET(G110,-1,0))=0,IF(COUNTA(OFFSET(G$9,1,0):OFFSET(G110,-1,0))=0,"Очікую",0),IF(COUNTIF(OFFSET(G$9,1,0):OFFSET(G110,-1,0),">=7")=0,0,COUNTIF(OFFSET(G$9,1,0):OFFSET(G110,-1,0),">=7")/OFFSET($D110,-1,0)*100)) -> Очікую | H112: =IF(SUM(OFFSET(H$9,1,0):OFFSET(H110,-1,0))=0,IF(COUNTA(OFFSET(H$9,1,0):OFFSET(H110,-1,0))=0,"Очікую",0),IF(COUNTIF(OFFSET(H$9,1,0):OFFSET(H110,-1,0),">=7")=0,0,COUNTIF(OFFSET(H$9,1,0):OFFSET(H110,-1,0),">=7")/OFFSET($D110,-1,0)*100)) -> Очікую | I112: =IF(SUM(OFFSET(I$9,1,0):OFFSET(I110,-1,0))=0,IF(COUNTA(OFFSET(I$9,1,0):OFFSET(I110,-1,0))=0,"Очікую",0),IF(COUNTIF(OFFSET(I$9,1,0):OFFSET(I110,-1,0),">=7")=0,0,COUNTIF(OFFSET(I$9,1,0):OFFSET(I110,-1,0),">=7")/OFFSET($D110,-1,0)*100)) -> Очікую | J112: =IF(SUM(OFFSET(J$9,1,0):OFFSET(J110,-1,0))=0,IF(COUNTA(OFFSET(J$9,1,0):OFFSET(J110,-1,0))=0,"Очікую",0),IF(COUNTIF(OFFSET(J$9,1,0):OFFSET(J110,-1,0),">=7")=0,0,COUNTIF(OFFSET(J$9,1,0):OFFSET(J110,-1,0),">=7")/OFFSET($D110,-1,0)*100)) -> Очікую | K112: =IF(SUM(OFFSET(K$9,1,0):OFFSET(K110,-1,0))=0,IF(COUNTA(OFFSET(K$9,1,0):OFFSET(K110,-1,0))=0,"Очікую",0),IF(COUNTIF(OFFSET(K$9,1,0):OFFSET(K110,-1,0),">=7")=0,0,COUNTIF(OFFSET(K$9,1,0):OFFSET(K110,-1,0),">=7")/OFFSET($D110,-1,0)*100)) -> Очікую | L112: =IF(SUM(OFFSET(L$9,1,0):OFFSET(L110,-1,0))=0,IF(COUNTA(OFFSET(L$9,1,0):OFFSET(L110,-1,0))=0,"Очікую",0),IF(COUNTIF(OFFSET(L$9,1,0):OFFSET(L110,-1,0),">=7")=0,0,COUNTIF(OFFSET(L$9,1,0):OFFSET(L110,-1,0),">=7")/OFFSET($D110,-1,0)*100)) -> Очікую | M112: =IF(SUM(OFFSET(M$9,1,0):OFFSET(M110,-1,0))=0,IF(COUNTA(OFFSET(M$9,1,0):OFFSET(M110,-1,0))=0,"Очікую",0),IF(COUNTIF(OFFSET(M$9,1,0):OFFSET(M110,-1,0),">=7")=0,0,COUNTIF(OFFSET(M$9,1,0):OFFSET(M110,-1,0),">=7")/OFFSET($D110,-1,0)*100)) -> Очікую | ... T112: =IF(SUM(OFFSET(T$9,1,0):OFFSET(T110,-1,0))=0,IF(COUNTA(OFFSET(T$9,1,0):OFFSET(T110,-1,0))=0,"Очікую",0),IF(COUNTIF(OFFSET(T$9,1,0):OFFSET(T110,-1,0),">=7")=0,0,COUNTIF(OFFSET(T$9,1,0):OFFSET(T110,-1,0),">=7")/OFFSET($D110,-1,0)*100)) -> Очікую
E113: Абсолютна успішність по групі | F113: =IFERROR(AVERAGE(OFFSET(E111,0,1):OFFSET(U111,0,-1)),"Очікую") -> Очікую
E114: Якісна успішність по групі | F114: =IFERROR(AVERAGE(OFFSET(E112,0,1):OFFSET(U112,0,-1)),"Очікую") -> Очікую
E115: Кількість бюджетників | F115: =IF(COUNTIF(OFFSET(C$9,1,0):OFFSET(C110,-1,0),"=Б")=0,IF(COUNTIF(OFFSET(C$9,1,0):OFFSET(C110,-1,0),"=К")=0,"Очікую",0),COUNTIF(OFFSET(C$9,1,0):OFFSET(C110,-1,0),"=Б")) -> Очікую
E116: Кількість контрактників | F116: =IF(COUNTIF(OFFSET(C$9,1,0):OFFSET(C110,-1,0),"=К")=0,IF(COUNTIF(OFFSET(C$9,1,0):OFFSET(C110,-1,0),"=Б")=0,"Очікую",0),COUNTIF(OFFSET(C$9,1,0):OFFSET(C110,-1,0),"=К")) -> Очікую | H116: Класний керівник | P116: ХХХ
E117: Кількість соціального контингенту
E118: Вийшли на стипендію | F118: =IF(F115="Очікую","Очікую",IF(F115-COUNTIF(OFFSET(U$9,1,0):OFFSET(U110,-1,0)," - ")<ROUNDDOWN(F115*0.4,0),F115-COUNTIF(OFFSET(U$9,1,0):OFFSET(U110,-1,0)," - "),ROUNDDOWN(F115*0.4,0))) -> Очікую | H118: Завідувач відділення ПЗСО | P118: Маргарита БРІТІКОВА

Sheet З8
A1: S
C3: ВІДОКРЕМЛЕНИЙ СТРУКТУРНИЙ ПІДРОЗДІЛ «ФАХОВИЙ КОЛЕДЖ НАФТОГАЗОВИХ ТЕХНОЛОГІЙ, ІНЖЕНЕРІЇ ТА ІНФРАСТРУКТУРИ СЕРВІСУ ОДЕСЬКОГО НАЦІОНАЛЬНОГО ТЕХНОЛОГІЧНОГО УНІВЕРСИТЕТУ»
C4: ЗВЕДЕНА ВІДОМІСТЬ
C5: Успішності студентів спеціальності XXX «XXXXX»
C6: За X семестр XXXX-XXXX н.р.
C7: Група XXXX курс X
C8: Б/К | D8: № п/п | E8: Прізвище, ім’я, по батькові | F8: Підсумкові оцінки дисциплін
F9: Астрономія XXXXX | G9: Біологія XXXXX | H9: Всесвітня історія XXXXX | I9: Географія XXXXX | J9: Зарубіжна література XXXXX | K9: Захист України XXXXX | L9: Іноземна мова XXXXX | M9: Інформатика XXXXX | N9: Історія України XXXXX | O9: Математика XXXXX | P9: Українська література XXXXX | Q9: Українська мова XXXXX | R9: Фізика XXXXX | S9: Фізична культура XXXXX | T9: Хімія XXXXX | U9: Середній бал
D10: 1 | U10: =IF(COUNTIF(OFFSET($E10,0,1):OFFSET(U10,0,-1),"=*")>0,IF($C10="К","-"," - "),IF(COUNTIF(OFFSET($E10,0,1):OFFSET(U10,0,-1),"<4")>0,IF(C10="К","-"," - "),(IFERROR(AVERAGE(OFFSET($E10,0,1):OFFSET(U10,0,-1)),"Очікую")))) -> Очікую
D11: 2 | U11: =IF(COUNTIF(OFFSET($E11,0,1):OFFSET(U11,0,-1),"=*")>0,IF($C11="К","-"," - "),IF(COUNTIF(OFFSET($E11,0,1):OFFSET(U11,0,-1),"<4")>0,IF(C11="К","-"," - "),(IFERROR(AVERAGE(OFFSET($E11,0,1):OFFSET(U11,0,-1)),"Очікую")))) -> Очікую
D12: 3 | U12: =IF(COUNTIF(OFFSET($E12,0,1):OFFSET(U12,0,-1),"=*")>0,IF($C12="К","-"," - "),IF(COUNTIF(OFFSET($E12,0,1):OFFSET(U12,0,-1),"<4")>0,IF(C12="К","-"," - "),(IFERROR(AVERAGE(OFFSET($E12,0,1):OFFSET(U12,0,-1)),"Очікую")))) -> Очікую
D13: 4 | U13: =IF(COUNTIF(OFFSET($E13,0,1):OFFSET(U13,0,-1),"=*")>0,IF($C13="К","-"," - "),IF(COUNTIF(OFFSET($E13,0,1):OFFSET(U13,0,-1),"<4")>0,IF(C13="К","-"," - "),(IFERROR(AVERAGE(OFFSET($E13,0,1):OFFSET(U13,0,-1)),"Очікую")))) -> Очікую
D14: 5 | U14: =IF(COUNTIF(OFFSET($E14,0,1):OFFSET(U14,0,-1),"=*")>0,IF($C14="К","-"," - "),IF(COUNTIF(OFFSET($E14,0,1):OFFSET(U14,0,-1),"<4")>0,IF(C14="К","-"," - "),(IFERROR(AVERAGE(OFFSET($E14,0,1):OFFSET(U14,0,-1)),"Очікую")))) -> Очікую
D15: 6 | U15: =IF(COUNTIF(OFFSET($E15,0,1):OFFSET(U15,0,-1),"=*")>0,IF($C15="К","-"," - "),IF(COUNTIF(OFFSET($E15,0,1):OFFSET(U15,0,-1),"<4")>0,IF(C15="К","-"," - "),(IFERROR(AVERAGE(OFFSET($E15,0,1):OFFSET(U15,0,-1)),"Очікую")))) -> Очікую
D16: 7 | U16: =IF(COUNTIF(OFFSET($E16,0,1):OFFSET(U16,0,-1),"=*")>0,IF($C16="К","-"," - "),IF(COUNTIF(OFFSET($E16,0,1):OFFSET(U16,0,-1),"<4")>0,IF(C16="К","-"," - "),(IFERROR(AVERAGE(OFFSET($E16,0,1):OFFSET(U16,0,-1)),"Очікую")))) -> Очікую
D17: 8 | U17: =IF(COUNTIF(OFFSET($E17,0,1):OFFSET(U17,0,-1),"=*")>0,IF($C17="К","-"," - "),IF(COUNTIF(OFFSET($E17,0,1):OFFSET(U17,0,-1),"<4")>0,IF(C17="К","-"," - "),(IFERROR(AVERAGE(OFFSET($E17,0,1):OFFSET(U17,0,-1)),"Очікую")))) -> Очікую
D18: 9 | U18: =IF(COUNTIF(OFFSET($E18,0,1):OFFSET(U18,0,-1),"=*")>0,IF($C18="К","-"," - "),IF(COUNTIF(OFFSET($E18,0,1):OFFSET(U18,0,-1),"<4")>0,IF(C18="К","-"," - "),(IFERROR(AVERAGE(OFFSET($E18,0,1):OFFSET(U18,0,-1)),"Очікую")))) -> Очікую
D19: 10 | U19: =IF(COUNTIF(OFFSET($E19,0,1):OFFSET(U19,0,-1),"=*")>0,IF($C19="К","-"," - "),IF(COUNTIF(OFFSET($E19,0,1):OFFSET(U19,0,-1),"<4")>0,IF(C19="К","-"," - "),(IFERROR(AVERAGE(OFFSET($E19,0,1):OFFSET(U19,0,-1)),"Очікую")))) -> Очікую
D20: 11 | U20: =IF(COUNTIF(OFFSET($E20,0,1):OFFSET(U20,0,-1),"=*")>0,IF($C20="К","-"," - "),IF(COUNTIF(OFFSET($E20,0,1):OFFSET(U20,0,-1),"<4")>0,IF(C20="К","-"," - "),(IFERROR(AVERAGE(OFFSET($E20,0,1):OFFSET(U20,0,-1)),"Очікую")))) -> Очікую
D21: 12 | U21: =IF(COUNTIF(OFFSET($E21,0,1):OFFSET(U21,0,-1),"=*")>0,IF($C21="К","-"," - "),IF(COUNTIF(OFFSET($E21,0,1):OFFSET(U21,0,-1),"<4")>0,IF(C21="К","-"," - "),(IFERROR(AVERAGE(OFFSET($E21,0,1):OFFSET(U21,0,-1)),"Очікую")))) -> Очікую
... D108: 99 | U108: =IF(COUNTIF(OFFSET($E108,0,1):OFFSET(U108,0,-1),"=*")>0,IF($C108="К","-"," - "),IF(COUNTIF(OFFSET($E108,0,1):OFFSET(U108,0,-1),"<4")>0,IF(C108="К","-"," - "),(IFERROR(AVERAGE(OFFSET($E108,0,1):OFFSET(U108,0,-1)),"Очікую")))) -> Очікую
D109: 100 | U109: =IFERROR(AVERAGE(OFFSET($E109,0,1):OFFSET(U109,0,-1)),"Очікую") -> Очікую
E110: Середній бал успішності з дисципліни | F110: =IF(SUM(OFFSET(F$9,1,0):OFFSET(F110,-1,0))=0,IF(COUNTA(OFFSET(F$9,1,0):OFFSET(F110,-1,0))=0,"Очікую",0),SUM(OFFSET(F$9,1,0):OFFSET(F110,-1,0))/OFFSET($D110,-1,0)) -> Очікую | G110: =IF(SUM(OFFSET(G$9,1,0):OFFSET(G110,-1,0))=0,IF(COUNTA(OFFSET(G$9,1,0):OFFSET(G110,-1,0))=0,"Очікую",0),SUM(OFFSET(G$9,1,0):OFFSET(G110,-1,0))/OFFSET($D110,-1,0)) -> Очікую | H110: =IF(SUM(OFFSET(H$9,1,0):OFFSET(H110,-1,0))=0,IF(COUNTA(OFFSET(H$9,1,0):OFFSET(H110,-1,0))=0,"Очікую",0),SUM(OFFSET(H$9,1,0):OFFSET(H110,-1,0))/OFFSET($D110,-1,0)) -> Очікую | I110: =IF(SUM(OFFSET(I$9,1,0):OFFSET(I110,-1,0))=0,IF(COUNTA(OFFSET(I$9,1,0):OFFSET(I110,-1,0))=0,"Очікую",0),SUM(OFFSET(I$9,1,0):OFFSET(I110,-1,0))/OFFSET($D110,-1,0)) -> Очікую | J110: =IF(SUM(OFFSET(J$9,1,0):OFFSET(J110,-1,0))=0,IF(COUNTA(OFFSET(J$9,1,0):OFFSET(J110,-1,0))=0,"Очікую",0),SUM(OFFSET(J$9,1,0):OFFSET(J110,-1,0))/OFFSET($D110,-1,0)) -> Очікую | K110: =IF(SUM(OFFSET(K$9,1,0):OFFSET(K110,-1,0))=0,IF(COUNTA(OFFSET(K$9,1,0):OFFSET(K110,-1,0))=0,"Очікую",0),SUM(OFFSET(K$9,1,0):OFFSET(K110,-1,0))/OFFSET($D110,-1,0)) -> Очікую | L110: =IF(SUM(OFFSET(L$9,1,0):OFFSET(L110,-1,0))=0,IF(COUNTA(OFFSET(L$9,1,0):OFFSET(L110,-1,0))=0,"Очікую",0),SUM(OFFSET(L$9,1,0):OFFSET(L110,-1,0))/OFFSET($D110,-1,0)) -> Очікую | M110: =IF(SUM(OFFSET(M$9,1,0):OFFSET(M110,-1,0))=0,IF(COUNTA(OFFSET(M$9,1,0):OFFSET(M110,-1,0))=0,"Очікую",0),SUM(OFFSET(M$9,1,0):OFFSET(M110,-1,0))/OFFSET($D110,-1,0)) -> Очікую | ... T110: =IF(SUM(OFFSET(T$9,1,0):OFFSET(T110,-1,0))=0,IF(COUNTA(OFFSET(T$9,1,0):OFFSET(T110,-1,0))=0,"Очікую",0),SUM(OFFSET(T$9,1,0):OFFSET(T110,-1,0))/OFFSET($D110,-1,0)) -> Очікую | U110: =IFERROR(AVERAGE(OFFSET($E110,0,1):OFFSET(U110,0,-1)),"Очікую") -> Очікую
E111: Абсолютна успішність | F111: =IF(SUM(OFFSET(F$9,1,0):OFFSET(F110,-1,0))=0,IF(COUNTA(OFFSET(F$9,1,0):OFFSET(F110,-1,0))=0,"Очікую",0),IF(COUNTIF(OFFSET(F$9,1,0):OFFSET(F110,-1,0),">=4")=0,0,COUNTIF(OFFSET(F$9,1,0):OFFSET(F110,-1,0),">=4")/OFFSET($D110,-1,0)*100)) -> Очікую | G111: =IF(SUM(OFFSET(G$9,1,0):OFFSET(G110,-1,0))=0,IF(COUNTA(OFFSET(G$9,1,0):OFFSET(G110,-1,0))=0,"Очікую",0),IF(COUNTIF(OFFSET(G$9,1,0):OFFSET(G110,-1,0),">=4")=0,0,COUNTIF(OFFSET(G$9,1,0):OFFSET(G110,-1,0),">=4")/OFFSET($D110,-1,0)*100)) -> Очікую | H111: =IF(SUM(OFFSET(H$9,1,0):OFFSET(H110,-1,0))=0,IF(COUNTA(OFFSET(H$9,1,0):OFFSET(H110,-1,0))=0,"Очікую",0),IF(COUNTIF(OFFSET(H$9,1,0):OFFSET(H110,-1,0),">=4")=0,0,COUNTIF(OFFSET(H$9,1,0):OFFSET(H110,-1,0),">=4")/OFFSET($D110,-1,0)*100)) -> Очікую | I111: =IF(SUM(OFFSET(I$9,1,0):OFFSET(I110,-1,0))=0,IF(COUNTA(OFFSET(I$9,1,0):OFFSET(I110,-1,0))=0,"Очікую",0),IF(COUNTIF(OFFSET(I$9,1,0):OFFSET(I110,-1,0),">=4")=0,0,COUNTIF(OFFSET(I$9,1,0):OFFSET(I110,-1,0),">=4")/OFFSET($D110,-1,0)*100)) -> Очікую | J111: =IF(SUM(OFFSET(J$9,1,0):OFFSET(J110,-1,0))=0,IF(COUNTA(OFFSET(J$9,1,0):OFFSET(J110,-1,0))=0,"Очікую",0),IF(COUNTIF(OFFSET(J$9,1,0):OFFSET(J110,-1,0),">=4")=0,0,COUNTIF(OFFSET(J$9,1,0):OFFSET(J110,-1,0),">=4")/OFFSET($D110,-1,0)*100)) -> Очікую | K111: =IF(SUM(OFFSET(K$9,1,0):OFFSET(K110,-1,0))=0,IF(COUNTA(OFFSET(K$9,1,0):OFFSET(K110,-1,0))=0,"Очікую",0),IF(COUNTIF(OFFSET(K$9,1,0):OFFSET(K110,-1,0),">=4")=0,0,COUNTIF(OFFSET(K$9,1,0):OFFSET(K110,-1,0),">=4")/OFFSET($D110,-1,0)*100)) -> Очікую | L111: =IF(SUM(OFFSET(L$9,1,0):OFFSET(L110,-1,0))=0,IF(COUNTA(OFFSET(L$9,1,0):OFFSET(L110,-1,0))=0,"Очікую",0),IF(COUNTIF(OFFSET(L$9,1,0):OFFSET(L110,-1,0),">=4")=0,0,COUNTIF(OFFSET(L$9,1,0):OFFSET(L110,-1,0),">=4")/OFFSET($D110,-1,0)*100)) -> Очікую | M111: =IF(SUM(OFFSET(M$9,1,0):OFFSET(M110,-1,0))=0,IF(COUNTA(OFFSET(M$9,1,0):OFFSET(M110,-1,0))=0,"Очікую",0),IF(COUNTIF(OFFSET(M$9,1,0):OFFSET(M110,-1,0),">=4")=0,0,COUNTIF(OFFSET(M$9,1,0):OFFSET(M110,-1,0),">=4")/OFFSET($D110,-1,0)*100)) -> Очікую | ... T111: =IF(SUM(OFFSET(T$9,1,0):OFFSET(T110,-1,0))=0,IF(COUNTA(OFFSET(T$9,1,0):OFFSET(T110,-1,0))=0,"Очікую",0),IF(COUNTIF(OFFSET(T$9,1,0):OFFSET(T110,-1,0),">=4")=0,0,COUNTIF(OFFSET(T$9,1,0):OFFSET(T110,-1,0),">=4")/OFFSET($D110,-1,0)*100)) -> Очікую
E112: Якісна успішність | F112: =IF(SUM(OFFSET(F$9,1,0):OFFSET(F110,-1,0))=0,IF(COUNTA(OFFSET(F$9,1,0):OFFSET(F110,-1,0))=0,"Очікую",0),IF(COUNTIF(OFFSET(F$9,1,0):OFFSET(F110,-1,0),">=7")=0,0,COUNTIF(OFFSET(F$9,1,0):OFFSET(F110,-1,0),">=7")/OFFSET($D110,-1,0)*100)) -> Очікую | G112: =IF(SUM(OFFSET(G$9,1,0):OFFSET(G110,-1,0))=0,IF(COUNTA(OFFSET(G$9,1,0):OFFSET(G110,-1,0))=0,"Очікую",0),IF(COUNTIF(OFFSET(G$9,1,0):OFFSET(G110,-1,0),">=7")=0,0,COUNTIF(OFFSET(G$9,1,0):OFFSET(G110,-1,0),">=7")/OFFSET($D110,-1,0)*100)) -> Очікую | H112: =IF(SUM(OFFSET(H$9,1,0):OFFSET(H110,-1,0))=0,IF(COUNTA(OFFSET(H$9,1,0):OFFSET(H110,-1,0))=0,"Очікую",0),IF(COUNTIF(OFFSET(H$9,1,0):OFFSET(H110,-1,0),">=7")=0,0,COUNTIF(OFFSET(H$9,1,0):OFFSET(H110,-1,0),">=7")/OFFSET($D110,-1,0)*100)) -> Очікую | I112: =IF(SUM(OFFSET(I$9,1,0):OFFSET(I110,-1,0))=0,IF(COUNTA(OFFSET(I$9,1,0):OFFSET(I110,-1,0))=0,"Очікую",0),IF(COUNTIF(OFFSET(I$9,1,0):OFFSET(I110,-1,0),">=7")=0,0,COUNTIF(OFFSET(I$9,1,0):OFFSET(I110,-1,0),">=7")/OFFSET($D110,-1,0)*100)) -> Очікую | J112: =IF(SUM(OFFSET(J$9,1,0):OFFSET(J110,-1,0))=0,IF(COUNTA(OFFSET(J$9,1,0):OFFSET(J110,-1,0))=0,"Очікую",0),IF(COUNTIF(OFFSET(J$9,1,0):OFFSET(J110,-1,0),">=7")=0,0,COUNTIF(OFFSET(J$9,1,0):OFFSET(J110,-1,0),">=7")/OFFSET($D110,-1,0)*100)) -> Очікую | K112: =IF(SUM(OFFSET(K$9,1,0):OFFSET(K110,-1,0))=0,IF(COUNTA(OFFSET(K$9,1,0):OFFSET(K110,-1,0))=0,"Очікую",0),IF(COUNTIF(OFFSET(K$9,1,0):OFFSET(K110,-1,0),">=7")=0,0,COUNTIF(OFFSET(K$9,1,0):OFFSET(K110,-1,0),">=7")/OFFSET($D110,-1,0)*100)) -> Очікую | L112: =IF(SUM(OFFSET(L$9,1,0):OFFSET(L110,-1,0))=0,IF(COUNTA(OFFSET(L$9,1,0):OFFSET(L110,-1,0))=0,"Очікую",0),IF(COUNTIF(OFFSET(L$9,1,0):OFFSET(L110,-1,0),">=7")=0,0,COUNTIF(OFFSET(L$9,1,0):OFFSET(L110,-1,0),">=7")/OFFSET($D110,-1,0)*100)) -> Очікую | M112: =IF(SUM(OFFSET(M$9,1,0):OFFSET(M110,-1,0))=0,IF(COUNTA(OFFSET(M$9,1,0):OFFSET(M110,-1,0))=0,"Очікую",0),IF(COUNTIF(OFFSET(M$9,1,0):OFFSET(M110,-1,0),">=7")=0,0,COUNTIF(OFFSET(M$9,1,0):OFFSET(M110,-1,0),">=7")/OFFSET($D110,-1,0)*100)) -> Очікую | ... T112: =IF(SUM(OFFSET(T$9,1,0):OFFSET(T110,-1,0))=0,IF(COUNTA(OFFSET(T$9,1,0):OFFSET(T110,-1,0))=0,"Очікую",0),IF(COUNTIF(OFFSET(T$9,1,0):OFFSET(T110,-1,0),">=7")=0,0,COUNTIF(OFFSET(T$9,1,0):OFFSET(T110,-1,0),">=7")/OFFSET($D110,-1,0)*100)) -> Очікую
E113: Абсолютна успішність по групі | F113: =IFERROR(AVERAGE(OFFSET(E111,0,1):OFFSET(U111,0,-1)),"Очікую") -> Очікую
E114: Якісна успішність по групі | F114: =IFERROR(AVERAGE(OFFSET(E112,0,1):OFFSET(U112,0,-1)),"Очікую") -> Очікую
E115: Кількість бюджетників | F115: =IF(COUNTIF(OFFSET(C$9,1,0):OFFSET(C110,-1,0),"=Б")=0,IF(COUNTIF(OFFSET(C$9,1,0):OFFSET(C110,-1,0),"=К")=0,"Очікую",0),COUNTIF(OFFSET(C$9,1,0):OFFSET(C110,-1,0),"=Б")) -> Очікую
E116: Кількість контрактників | F116: =IF(COUNTIF(OFFSET(C$9,1,0):OFFSET(C110,-1,0),"=К")=0,IF(COUNTIF(OFFSET(C$9,1,0):OFFSET(C110,-1,0),"=Б")=0,"Очікую",0),COUNTIF(OFFSET(C$9,1,0):OFFSET(C110,-1,0),"=К")) -> Очікую | H116: Класний керівник | P116: ХХХ
E117: Кількість соціального контингенту
E118: Вийшли на стипендію | F118: =IF(F115="Очікую","Очікую",IF(F115-COUNTIF(OFFSET(U$9,1,0):OFFSET(U110,-1,0)," - ")<ROUNDDOWN(F115*0.4,0),F115-COUNTIF(OFFSET(U$9,1,0):OFFSET(U110,-1,0)," - "),ROUNDDOWN(F115*0.4,0))) -> Очікую | H118: Завідувач відділення ПЗСО | P118: Маргарита БРІТІКОВА

Sheet З9
A1: S
C3: ВІДОКРЕМЛЕНИЙ СТРУКТУРНИЙ ПІДРОЗДІЛ «ФАХОВИЙ КОЛЕДЖ НАФТОГАЗОВИХ ТЕХНОЛОГІЙ, ІНЖЕНЕРІЇ ТА ІНФРАСТРУКТУРИ СЕРВІСУ ОДЕСЬКОГО НАЦІОНАЛЬНОГО ТЕХНОЛОГІЧНОГО УНІВЕРСИТЕТУ»
C4: ЗВЕДЕНА ВІДОМІСТЬ
C5: Успішності студентів спеціальності XXX «XXXXX»
C6: За X семестр XXXX-XXXX н.р.
C7: Група XXXX курс X
C8: Б/К | D8: № п/п | E8: Прізвище, ім’я, по батькові | F8: Підсумкові оцінки дисциплін
F9: Астрономія XXXXX | G9: Біологія XXXXX | H9: Всесвітня історія XXXXX | I9: Географія XXXXX | J9: Зарубіжна література XXXXX | K9: Захист України XXXXX | L9: Іноземна мова XXXXX | M9: Інформатика XXXXX | N9: Історія України XXXXX | O9: Математика XXXXX | P9: Українська література XXXXX | Q9: Українська мова XXXXX | R9: Фізика XXXXX | S9: Фізична культура XXXXX | T9: Хімія XXXXX | U9: Середній бал
D10: 1 | U10: =IF(COUNTIF(OFFSET($E10,0,1):OFFSET(U10,0,-1),"=*")>0,IF($C10="К","-"," - "),IF(COUNTIF(OFFSET($E10,0,1):OFFSET(U10,0,-1),"<4")>0,IF(C10="К","-"," - "),(IFERROR(AVERAGE(OFFSET($E10,0,1):OFFSET(U10,0,-1)),"Очікую")))) -> Очікую
D11: 2 | U11: =IF(COUNTIF(OFFSET($E11,0,1):OFFSET(U11,0,-1),"=*")>0,IF($C11="К","-"," - "),IF(COUNTIF(OFFSET($E11,0,1):OFFSET(U11,0,-1),"<4")>0,IF(C11="К","-"," - "),(IFERROR(AVERAGE(OFFSET($E11,0,1):OFFSET(U11,0,-1)),"Очікую")))) -> Очікую
D12: 3 | U12: =IF(COUNTIF(OFFSET($E12,0,1):OFFSET(U12,0,-1),"=*")>0,IF($C12="К","-"," - "),IF(COUNTIF(OFFSET($E12,0,1):OFFSET(U12,0,-1),"<4")>0,IF(C12="К","-"," - "),(IFERROR(AVERAGE(OFFSET($E12,0,1):OFFSET(U12,0,-1)),"Очікую")))) -> Очікую
D13: 4 | U13: =IF(COUNTIF(OFFSET($E13,0,1):OFFSET(U13,0,-1),"=*")>0,IF($C13="К","-"," - "),IF(COUNTIF(OFFSET($E13,0,1):OFFSET(U13,0,-1),"<4")>0,IF(C13="К","-"," - "),(IFERROR(AVERAGE(OFFSET($E13,0,1):OFFSET(U13,0,-1)),"Очікую")))) -> Очікую
D14: 5 | U14: =IF(COUNTIF(OFFSET($E14,0,1):OFFSET(U14,0,-1),"=*")>0,IF($C14="К","-"," - "),IF(COUNTIF(OFFSET($E14,0,1):OFFSET(U14,0,-1),"<4")>0,IF(C14="К","-"," - "),(IFERROR(AVERAGE(OFFSET($E14,0,1):OFFSET(U14,0,-1)),"Очікую")))) -> Очікую
D15: 6 | U15: =IF(COUNTIF(OFFSET($E15,0,1):OFFSET(U15,0,-1),"=*")>0,IF($C15="К","-"," - "),IF(COUNTIF(OFFSET($E15,0,1):OFFSET(U15,0,-1),"<4")>0,IF(C15="К","-"," - "),(IFERROR(AVERAGE(OFFSET($E15,0,1):OFFSET(U15,0,-1)),"Очікую")))) -> Очікую
D16: 7 | U16: =IF(COUNTIF(OFFSET($E16,0,1):OFFSET(U16,0,-1),"=*")>0,IF($C16="К","-"," - "),IF(COUNTIF(OFFSET($E16,0,1):OFFSET(U16,0,-1),"<4")>0,IF(C16="К","-"," - "),(IFERROR(AVERAGE(OFFSET($E16,0,1):OFFSET(U16,0,-1)),"Очікую")))) -> Очікую
D17: 8 | U17: =IF(COUNTIF(OFFSET($E17,0,1):OFFSET(U17,0,-1),"=*")>0,IF($C17="К","-"," - "),IF(COUNTIF(OFFSET($E17,0,1):OFFSET(U17,0,-1),"<4")>0,IF(C17="К","-"," - "),(IFERROR(AVERAGE(OFFSET($E17,0,1):OFFSET(U17,0,-1)),"Очікую")))) -> Очікую
D18: 9 | U18: =IF(COUNTIF(OFFSET($E18,0,1):OFFSET(U18,0,-1),"=*")>0,IF($C18="К","-"," - "),IF(COUNTIF(OFFSET($E18,0,1):OFFSET(U18,0,-1),"<4")>0,IF(C18="К","-"," - "),(IFERROR(AVERAGE(OFFSET($E18,0,1):OFFSET(U18,0,-1)),"Очікую")))) -> Очікую
D19: 10 | U19: =IF(COUNTIF(OFFSET($E19,0,1):OFFSET(U19,0,-1),"=*")>0,IF($C19="К","-"," - "),IF(COUNTIF(OFFSET($E19,0,1):OFFSET(U19,0,-1),"<4")>0,IF(C19="К","-"," - "),(IFERROR(AVERAGE(OFFSET($E19,0,1):OFFSET(U19,0,-1)),"Очікую")))) -> Очікую
D20: 11 | U20: =IF(COUNTIF(OFFSET($E20,0,1):OFFSET(U20,0,-1),"=*")>0,IF($C20="К","-"," - "),IF(COUNTIF(OFFSET($E20,0,1):OFFSET(U20,0,-1),"<4")>0,IF(C20="К","-"," - "),(IFERROR(AVERAGE(OFFSET($E20,0,1):OFFSET(U20,0,-1)),"Очікую")))) -> Очікую
D21: 12 | U21: =IF(COUNTIF(OFFSET($E21,0,1):OFFSET(U21,0,-1),"=*")>0,IF($C21="К","-"," - "),IF(COUNTIF(OFFSET($E21,0,1):OFFSET(U21,0,-1),"<4")>0,IF(C21="К","-"," - "),(IFERROR(AVERAGE(OFFSET($E21,0,1):OFFSET(U21,0,-1)),"Очікую")))) -> Очікую
... D108: 99 | U108: =IF(COUNTIF(OFFSET($E108,0,1):OFFSET(U108,0,-1),"=*")>0,IF($C108="К","-"," - "),IF(COUNTIF(OFFSET($E108,0,1):OFFSET(U108,0,-1),"<4")>0,IF(C108="К","-"," - "),(IFERROR(AVERAGE(OFFSET($E108,0,1):OFFSET(U108,0,-1)),"Очікую")))) -> Очікую
D109: 100 | U109: =IFERROR(AVERAGE(OFFSET($E109,0,1):OFFSET(U109,0,-1)),"Очікую") -> Очікую
E110: Середній бал успішності з дисципліни | F110: =IF(SUM(OFFSET(F$9,1,0):OFFSET(F110,-1,0))=0,IF(COUNTA(OFFSET(F$9,1,0):OFFSET(F110,-1,0))=0,"Очікую",0),SUM(OFFSET(F$9,1,0):OFFSET(F110,-1,0))/OFFSET($D110,-1,0)) -> Очікую | G110: =IF(SUM(OFFSET(G$9,1,0):OFFSET(G110,-1,0))=0,IF(COUNTA(OFFSET(G$9,1,0):OFFSET(G110,-1,0))=0,"Очікую",0),SUM(OFFSET(G$9,1,0):OFFSET(G110,-1,0))/OFFSET($D110,-1,0)) -> Очікую | H110: =IF(SUM(OFFSET(H$9,1,0):OFFSET(H110,-1,0))=0,IF(COUNTA(OFFSET(H$9,1,0):OFFSET(H110,-1,0))=0,"Очікую",0),SUM(OFFSET(H$9,1,0):OFFSET(H110,-1,0))/OFFSET($D110,-1,0)) -> Очікую | I110: =IF(SUM(OFFSET(I$9,1,0):OFFSET(I110,-1,0))=0,IF(COUNTA(OFFSET(I$9,1,0):OFFSET(I110,-1,0))=0,"Очікую",0),SUM(OFFSET(I$9,1,0):OFFSET(I110,-1,0))/OFFSET($D110,-1,0)) -> Очікую | J110: =IF(SUM(OFFSET(J$9,1,0):OFFSET(J110,-1,0))=0,IF(COUNTA(OFFSET(J$9,1,0):OFFSET(J110,-1,0))=0,"Очікую",0),SUM(OFFSET(J$9,1,0):OFFSET(J110,-1,0))/OFFSET($D110,-1,0)) -> Очікую | K110: =IF(SUM(OFFSET(K$9,1,0):OFFSET(K110,-1,0))=0,IF(COUNTA(OFFSET(K$9,1,0):OFFSET(K110,-1,0))=0,"Очікую",0),SUM(OFFSET(K$9,1,0):OFFSET(K110,-1,0))/OFFSET($D110,-1,0)) -> Очікую | L110: =IF(SUM(OFFSET(L$9,1,0):OFFSET(L110,-1,0))=0,IF(COUNTA(OFFSET(L$9,1,0):OFFSET(L110,-1,0))=0,"Очікую",0),SUM(OFFSET(L$9,1,0):OFFSET(L110,-1,0))/OFFSET($D110,-1,0)) -> Очікую | M110: =IF(SUM(OFFSET(M$9,1,0):OFFSET(M110,-1,0))=0,IF(COUNTA(OFFSET(M$9,1,0):OFFSET(M110,-1,0))=0,"Очікую",0),SUM(OFFSET(M$9,1,0):OFFSET(M110,-1,0))/OFFSET($D110,-1,0)) -> Очікую | ... T110: =IF(SUM(OFFSET(T$9,1,0):OFFSET(T110,-1,0))=0,IF(COUNTA(OFFSET(T$9,1,0):OFFSET(T110,-1,0))=0,"Очікую",0),SUM(OFFSET(T$9,1,0):OFFSET(T110,-1,0))/OFFSET($D110,-1,0)) -> Очікую | U110: =IFERROR(AVERAGE(OFFSET($E110,0,1):OFFSET(U110,0,-1)),"Очікую") -> Очікую
E111: Абсолютна успішність | F111: =IF(SUM(OFFSET(F$9,1,0):OFFSET(F110,-1,0))=0,IF(COUNTA(OFFSET(F$9,1,0):OFFSET(F110,-1,0))=0,"Очікую",0),IF(COUNTIF(OFFSET(F$9,1,0):OFFSET(F110,-1,0),">=4")=0,0,COUNTIF(OFFSET(F$9,1,0):OFFSET(F110,-1,0),">=4")/OFFSET($D110,-1,0)*100)) -> Очікую | G111: =IF(SUM(OFFSET(G$9,1,0):OFFSET(G110,-1,0))=0,IF(COUNTA(OFFSET(G$9,1,0):OFFSET(G110,-1,0))=0,"Очікую",0),IF(COUNTIF(OFFSET(G$9,1,0):OFFSET(G110,-1,0),">=4")=0,0,COUNTIF(OFFSET(G$9,1,0):OFFSET(G110,-1,0),">=4")/OFFSET($D110,-1,0)*100)) -> Очікую | H111: =IF(SUM(OFFSET(H$9,1,0):OFFSET(H110,-1,0))=0,IF(COUNTA(OFFSET(H$9,1,0):OFFSET(H110,-1,0))=0,"Очікую",0),IF(COUNTIF(OFFSET(H$9,1,0):OFFSET(H110,-1,0),">=4")=0,0,COUNTIF(OFFSET(H$9,1,0):OFFSET(H110,-1,0),">=4")/OFFSET($D110,-1,0)*100)) -> Очікую | I111: =IF(SUM(OFFSET(I$9,1,0):OFFSET(I110,-1,0))=0,IF(COUNTA(OFFSET(I$9,1,0):OFFSET(I110,-1,0))=0,"Очікую",0),IF(COUNTIF(OFFSET(I$9,1,0):OFFSET(I110,-1,0),">=4")=0,0,COUNTIF(OFFSET(I$9,1,0):OFFSET(I110,-1,0),">=4")/OFFSET($D110,-1,0)*100)) -> Очікую | J111: =IF(SUM(OFFSET(J$9,1,0):OFFSET(J110,-1,0))=0,IF(COUNTA(OFFSET(J$9,1,0):OFFSET(J110,-1,0))=0,"Очікую",0),IF(COUNTIF(OFFSET(J$9,1,0):OFFSET(J110,-1,0),">=4")=0,0,COUNTIF(OFFSET(J$9,1,0):OFFSET(J110,-1,0),">=4")/OFFSET($D110,-1,0)*100)) -> Очікую | K111: =IF(SUM(OFFSET(K$9,1,0):OFFSET(K110,-1,0))=0,IF(COUNTA(OFFSET(K$9,1,0):OFFSET(K110,-1,0))=0,"Очікую",0),IF(COUNTIF(OFFSET(K$9,1,0):OFFSET(K110,-1,0),">=4")=0,0,COUNTIF(OFFSET(K$9,1,0):OFFSET(K110,-1,0),">=4")/OFFSET($D110,-1,0)*100)) -> Очікую | L111: =IF(SUM(OFFSET(L$9,1,0):OFFSET(L110,-1,0))=0,IF(COUNTA(OFFSET(L$9,1,0):OFFSET(L110,-1,0))=0,"Очікую",0),IF(COUNTIF(OFFSET(L$9,1,0):OFFSET(L110,-1,0),">=4")=0,0,COUNTIF(OFFSET(L$9,1,0):OFFSET(L110,-1,0),">=4")/OFFSET($D110,-1,0)*100)) -> Очікую | M111: =IF(SUM(OFFSET(M$9,1,0):OFFSET(M110,-1,0))=0,IF(COUNTA(OFFSET(M$9,1,0):OFFSET(M110,-1,0))=0,"Очікую",0),IF(COUNTIF(OFFSET(M$9,1,0):OFFSET(M110,-1,0),">=4")=0,0,COUNTIF(OFFSET(M$9,1,0):OFFSET(M110,-1,0),">=4")/OFFSET($D110,-1,0)*100)) -> Очікую | ... T111: =IF(SUM(OFFSET(T$9,1,0):OFFSET(T110,-1,0))=0,IF(COUNTA(OFFSET(T$9,1,0):OFFSET(T110,-1,0))=0,"Очікую",0),IF(COUNTIF(OFFSET(T$9,1,0):OFFSET(T110,-1,0),">=4")=0,0,COUNTIF(OFFSET(T$9,1,0):OFFSET(T110,-1,0),">=4")/OFFSET($D110,-1,0)*100)) -> Очікую
E112: Якісна успішність | F112: =IF(SUM(OFFSET(F$9,1,0):OFFSET(F110,-1,0))=0,IF(COUNTA(OFFSET(F$9,1,0):OFFSET(F110,-1,0))=0,"Очікую",0),IF(COUNTIF(OFFSET(F$9,1,0):OFFSET(F110,-1,0),">=7")=0,0,COUNTIF(OFFSET(F$9,1,0):OFFSET(F110,-1,0),">=7")/OFFSET($D110,-1,0)*100)) -> Очікую | G112: =IF(SUM(OFFSET(G$9,1,0):OFFSET(G110,-1,0))=0,IF(COUNTA(OFFSET(G$9,1,0):OFFSET(G110,-1,0))=0,"Очікую",0),IF(COUNTIF(OFFSET(G$9,1,0):OFFSET(G110,-1,0),">=7")=0,0,COUNTIF(OFFSET(G$9,1,0):OFFSET(G110,-1,0),">=7")/OFFSET($D110,-1,0)*100)) -> Очікую | H112: =IF(SUM(OFFSET(H$9,1,0):OFFSET(H110,-1,0))=0,IF(COUNTA(OFFSET(H$9,1,0):OFFSET(H110,-1,0))=0,"Очікую",0),IF(COUNTIF(OFFSET(H$9,1,0):OFFSET(H110,-1,0),">=7")=0,0,COUNTIF(OFFSET(H$9,1,0):OFFSET(H110,-1,0),">=7")/OFFSET($D110,-1,0)*100)) -> Очікую | I112: =IF(SUM(OFFSET(I$9,1,0):OFFSET(I110,-1,0))=0,IF(COUNTA(OFFSET(I$9,1,0):OFFSET(I110,-1,0))=0,"Очікую",0),IF(COUNTIF(OFFSET(I$9,1,0):OFFSET(I110,-1,0),">=7")=0,0,COUNTIF(OFFSET(I$9,1,0):OFFSET(I110,-1,0),">=7")/OFFSET($D110,-1,0)*100)) -> Очікую | J112: =IF(SUM(OFFSET(J$9,1,0):OFFSET(J110,-1,0))=0,IF(COUNTA(OFFSET(J$9,1,0):OFFSET(J110,-1,0))=0,"Очікую",0),IF(COUNTIF(OFFSET(J$9,1,0):OFFSET(J110,-1,0),">=7")=0,0,COUNTIF(OFFSET(J$9,1,0):OFFSET(J110,-1,0),">=7")/OFFSET($D110,-1,0)*100)) -> Очікую | K112: =IF(SUM(OFFSET(K$9,1,0):OFFSET(K110,-1,0))=0,IF(COUNTA(OFFSET(K$9,1,0):OFFSET(K110,-1,0))=0,"Очікую",0),IF(COUNTIF(OFFSET(K$9,1,0):OFFSET(K110,-1,0),">=7")=0,0,COUNTIF(OFFSET(K$9,1,0):OFFSET(K110,-1,0),">=7")/OFFSET($D110,-1,0)*100)) -> Очікую | L112: =IF(SUM(OFFSET(L$9,1,0):OFFSET(L110,-1,0))=0,IF(COUNTA(OFFSET(L$9,1,0):OFFSET(L110,-1,0))=0,"Очікую",0),IF(COUNTIF(OFFSET(L$9,1,0):OFFSET(L110,-1,0),">=7")=0,0,COUNTIF(OFFSET(L$9,1,0):OFFSET(L110,-1,0),">=7")/OFFSET($D110,-1,0)*100)) -> Очікую | M112: =IF(SUM(OFFSET(M$9,1,0):OFFSET(M110,-1,0))=0,IF(COUNTA(OFFSET(M$9,1,0):OFFSET(M110,-1,0))=0,"Очікую",0),IF(COUNTIF(OFFSET(M$9,1,0):OFFSET(M110,-1,0),">=7")=0,0,COUNTIF(OFFSET(M$9,1,0):OFFSET(M110,-1,0),">=7")/OFFSET($D110,-1,0)*100)) -> Очікую | ... T112: =IF(SUM(OFFSET(T$9,1,0):OFFSET(T110,-1,0))=0,IF(COUNTA(OFFSET(T$9,1,0):OFFSET(T110,-1,0))=0,"Очікую",0),IF(COUNTIF(OFFSET(T$9,1,0):OFFSET(T110,-1,0),">=7")=0,0,COUNTIF(OFFSET(T$9,1,0):OFFSET(T110,-1,0),">=7")/OFFSET($D110,-1,0)*100)) -> Очікую
E113: Абсолютна успішність по групі | F113: =IFERROR(AVERAGE(OFFSET(E111,0,1):OFFSET(U111,0,-1)),"Очікую") -> Очікую
E114: Якісна успішність по групі | F114: =IFERROR(AVERAGE(OFFSET(E112,0,1):OFFSET(U112,0,-1)),"Очікую") -> Очікую
E115: Кількість бюджетників | F115: =IF(COUNTIF(OFFSET(C$9,1,0):OFFSET(C110,-1,0),"=Б")=0,IF(COUNTIF(OFFSET(C$9,1,0):OFFSET(C110,-1,0),"=К")=0,"Очікую",0),COUNTIF(OFFSET(C$9,1,0):OFFSET(C110,-1,0),"=Б")) -> Очікую
E116: Кількість контрактників | F116: =IF(COUNTIF(OFFSET(C$9,1,0):OFFSET(C110,-1,0),"=К")=0,IF(COUNTIF(OFFSET(C$9,1,0):OFFSET(C110,-1,0),"=Б")=0,"Очікую",0),COUNTIF(OFFSET(C$9,1,0):OFFSET(C110,-1,0),"=К")) -> Очікую | H116: Класний керівник | P116: ХХХ
E117: Кількість соціального контингенту
E118: Вийшли на стипендію | F118: =IF(F115="Очікую","Очікую",IF(F115-COUNTIF(OFFSET(U$9,1,0):OFFSET(U110,-1,0)," - ")<ROUNDDOWN(F115*0.4,0),F115-COUNTIF(OFFSET(U$9,1,0):OFFSET(U110,-1,0)," - "),ROUNDDOWN(F115*0.4,0))) -> Очікую | H118: Завідувач відділення ПЗСО | P118: Маргарита БРІТІКОВА

Sheet Р1
A1: S
C3: ВІДОКРЕМЛЕНИЙ СТРУКТУРНИЙ ПІДРОЗДІЛ «ФАХОВИЙ КОЛЕДЖ НАФТОГАЗОВИХ ТЕХНОЛОГІЙ, ІНЖЕНЕРІЇ ТА ІНФРАСТРУКТУРИ СЕРВІСУ ОДЕСЬКОГО НАЦІОНАЛЬНОГО ТЕХНОЛОГІЧНОГО УНІВЕРСИТЕТУ»
C4: РЕЙТИНГОВА ВІДОМІСТЬ
C5: Успішності студентів спеціальності XXX «XXXXX»
C6: За X семестр XXXX-XXXX н.р.
C7: Група XXXX курс X
C8: Б/К | D8: № п/п | E8: Прізвище, ім’я, по батькові | F8: Підсумкові оцінки дисциплін
F9: Астрономія XXXXX | G9: Біологія XXXXX | H9: Всесвітня історія XXXXX | I9: Географія XXXXX | J9: Зарубіжна література XXXXX | K9: Захист України XXXXX | L9: Іноземна мова XXXXX | M9: Інформатика XXXXX | N9: Історія України XXXXX | O9: Математика XXXXX | P9: Українська література XXXXX | Q9: Українська мова XXXXX | R9: Фізика XXXXX | S9: Фізична культура XXXXX | T9: Хімія XXXXX | U9: Середній бал | V9: Рейтинговий бал
D10: 1 | U10: =IF(COUNTIF(OFFSET($E10,0,1):OFFSET(U10,0,-1),"=*")>0,IF($C10="К","-"," - "),IF(COUNTIF(OFFSET($E10,0,1):OFFSET(U10,0,-1),"<4")>0,IF(C10="К","-"," - "),(IFERROR(AVERAGE(OFFSET($E10,0,1):OFFSET(U10,0,-1)),"Очікую")))) -> Очікую | V10: =IFERROR(U10/12*90,"Очікую") -> Очікую
D11: 2 | U11: =IF(COUNTIF(OFFSET($E11,0,1):OFFSET(U11,0,-1),"=*")>0,IF($C11="К","-"," - "),IF(COUNTIF(OFFSET($E11,0,1):OFFSET(U11,0,-1),"<4")>0,IF(C11="К","-"," - "),(IFERROR(AVERAGE(OFFSET($E11,0,1):OFFSET(U11,0,-1)),"Очікую")))) -> Очікую | V11: =IFERROR(U11/12*90,"Очікую") -> Очікую
D12: 3 | U12: =IF(COUNTIF(OFFSET($E12,0,1):OFFSET(U12,0,-1),"=*")>0,IF($C12="К","-"," - "),IF(COUNTIF(OFFSET($E12,0,1):OFFSET(U12,0,-1),"<4")>0,IF(C12="К","-"," - "),(IFERROR(AVERAGE(OFFSET($E12,0,1):OFFSET(U12,0,-1)),"Очікую")))) -> Очікую | V12: =IFERROR(U12/12*90,"Очікую") -> Очікую
D13: 4 | U13: =IF(COUNTIF(OFFSET($E13,0,1):OFFSET(U13,0,-1),"=*")>0,IF($C13="К","-"," - "),IF(COUNTIF(OFFSET($E13,0,1):OFFSET(U13,0,-1),"<4")>0,IF(C13="К","-"," - "),(IFERROR(AVERAGE(OFFSET($E13,0,1):OFFSET(U13,0,-1)),"Очікую")))) -> Очікую | V13: =IFERROR(U13/12*90,"Очікую") -> Очікую
D14: 5 | U14: =IF(COUNTIF(OFFSET($E14,0,1):OFFSET(U14,0,-1),"=*")>0,IF($C14="К","-"," - "),IF(COUNTIF(OFFSET($E14,0,1):OFFSET(U14,0,-1),"<4")>0,IF(C14="К","-"," - "),(IFERROR(AVERAGE(OFFSET($E14,0,1):OFFSET(U14,0,-1)),"Очікую")))) -> Очікую | V14: =IFERROR(U14/12*90,"Очікую") -> Очікую
D15: 6 | U15: =IF(COUNTIF(OFFSET($E15,0,1):OFFSET(U15,0,-1),"=*")>0,IF($C15="К","-"," - "),IF(COUNTIF(OFFSET($E15,0,1):OFFSET(U15,0,-1),"<4")>0,IF(C15="К","-"," - "),(IFERROR(AVERAGE(OFFSET($E15,0,1):OFFSET(U15,0,-1)),"Очікую")))) -> Очікую | V15: =IFERROR(U15/12*90,"Очікую") -> Очікую
D16: 7 | U16: =IF(COUNTIF(OFFSET($E16,0,1):OFFSET(U16,0,-1),"=*")>0,IF($C16="К","-"," - "),IF(COUNTIF(OFFSET($E16,0,1):OFFSET(U16,0,-1),"<4")>0,IF(C16="К","-"," - "),(IFERROR(AVERAGE(OFFSET($E16,0,1):OFFSET(U16,0,-1)),"Очікую")))) -> Очікую | V16: =IFERROR(U16/12*90,"Очікую") -> Очікую
D17: 8 | U17: =IF(COUNTIF(OFFSET($E17,0,1):OFFSET(U17,0,-1),"=*")>0,IF($C17="К","-"," - "),IF(COUNTIF(OFFSET($E17,0,1):OFFSET(U17,0,-1),"<4")>0,IF(C17="К","-"," - "),(IFERROR(AVERAGE(OFFSET($E17,0,1):OFFSET(U17,0,-1)),"Очікую")))) -> Очікую | V17: =IFERROR(U17/12*90,"Очікую") -> Очікую
D18: 9 | U18: =IF(COUNTIF(OFFSET($E18,0,1):OFFSET(U18,0,-1),"=*")>0,IF($C18="К","-"," - "),IF(COUNTIF(OFFSET($E18,0,1):OFFSET(U18,0,-1),"<4")>0,IF(C18="К","-"," - "),(IFERROR(AVERAGE(OFFSET($E18,0,1):OFFSET(U18,0,-1)),"Очікую")))) -> Очікую | V18: =IFERROR(U18/12*90,"Очікую") -> Очікую
D19: 10 | U19: =IF(COUNTIF(OFFSET($E19,0,1):OFFSET(U19,0,-1),"=*")>0,IF($C19="К","-"," - "),IF(COUNTIF(OFFSET($E19,0,1):OFFSET(U19,0,-1),"<4")>0,IF(C19="К","-"," - "),(IFERROR(AVERAGE(OFFSET($E19,0,1):OFFSET(U19,0,-1)),"Очікую")))) -> Очікую | V19: =IFERROR(U19/12*90,"Очікую") -> Очікую
D20: 11 | U20: =IF(COUNTIF(OFFSET($E20,0,1):OFFSET(U20,0,-1),"=*")>0,IF($C20="К","-"," - "),IF(COUNTIF(OFFSET($E20,0,1):OFFSET(U20,0,-1),"<4")>0,IF(C20="К","-"," - "),(IFERROR(AVERAGE(OFFSET($E20,0,1):OFFSET(U20,0,-1)),"Очікую")))) -> Очікую | V20: =IFERROR(U20/12*90,"Очікую") -> Очікую
D21: 12 | U21: =IF(COUNTIF(OFFSET($E21,0,1):OFFSET(U21,0,-1),"=*")>0,IF($C21="К","-"," - "),IF(COUNTIF(OFFSET($E21,0,1):OFFSET(U21,0,-1),"<4")>0,IF(C21="К","-"," - "),(IFERROR(AVERAGE(OFFSET($E21,0,1):OFFSET(U21,0,-1)),"Очікую")))) -> Очікую | V21: =IFERROR(U21/12*90,"Очікую") -> Очікую
... D109: 100 | U109: =IF(COUNTIF(OFFSET($E109,0,1):OFFSET(U109,0,-1),"=*")>0,IF($C109="К","-"," - "),IF(COUNTIF(OFFSET($E109,0,1):OFFSET(U109,0,-1),"<4")>0,IF(C109="К","-"," - "),(IFERROR(AVERAGE(OFFSET($E109,0,1):OFFSET(U109,0,-1)),"Очікую")))) -> Очікую | V109: =IFERROR(U109/12*90,"Очікую") -> Очікую
E110: Кількість бюджетників | F110: =З1!F115 -> Очікую
E111: Кількість контрактників | F111: =З1!F116 -> Очікую | H111: Класний керівник | P111: ХХХ
E112: Кількість соціального контингенту | F112: =З1!F117 -> 0
E113: Вийшли на стипендію | F113: =З1!F118 -> Очікую | H113: Завідувач відділення ПЗСО | P113: Маргарита БРІТІКОВА

Sheet Р2
A1: S
C3: ВІДОКРЕМЛЕНИЙ СТРУКТУРНИЙ ПІДРОЗДІЛ «ФАХОВИЙ КОЛЕДЖ НАФТОГАЗОВИХ ТЕХНОЛОГІЙ, ІНЖЕНЕРІЇ ТА ІНФРАСТРУКТУРИ СЕРВІСУ ОДЕСЬКОГО НАЦІОНАЛЬНОГО ТЕХНОЛОГІЧНОГО УНІВЕРСИТЕТУ»
C4: РЕЙТИНГОВА ВІДОМІСТЬ
C5: Успішності студентів спеціальності XXX «XXXXX»
C6: За X семестр XXXX-XXXX н.р.
C7: Група XXXX курс X
C8: Б/К | D8: № п/п | E8: Прізвище, ім’я, по батькові | F8: Підсумкові оцінки дисциплін
F9: Астрономія XXXXX | G9: Біологія XXXXX | H9: Всесвітня історія XXXXX | I9: Географія XXXXX | J9: Зарубіжна література XXXXX | K9: Захист України XXXXX | L9: Іноземна мова XXXXX | M9: Інформатика XXXXX | N9: Історія України XXXXX | O9: Математика XXXXX | P9: Українська література XXXXX | Q9: Українська мова XXXXX | R9: Фізика XXXXX | S9: Фізична культура XXXXX | T9: Хімія XXXXX | U9: Середній бал | V9: Рейтинговий бал
D10: 1 | U10: =IF(COUNTIF(OFFSET($E10,0,1):OFFSET(U10,0,-1),"=*")>0,IF($C10="К","-"," - "),IF(COUNTIF(OFFSET($E10,0,1):OFFSET(U10,0,-1),"<4")>0,IF(C10="К","-"," - "),(IFERROR(AVERAGE(OFFSET($E10,0,1):OFFSET(U10,0,-1)),"Очікую")))) -> Очікую | V10: =IFERROR(U10/12*90,"Очікую") -> Очікую
D11: 2 | U11: =IF(COUNTIF(OFFSET($E11,0,1):OFFSET(U11,0,-1),"=*")>0,IF($C11="К","-"," - "),IF(COUNTIF(OFFSET($E11,0,1):OFFSET(U11,0,-1),"<4")>0,IF(C11="К","-"," - "),(IFERROR(AVERAGE(OFFSET($E11,0,1):OFFSET(U11,0,-1)),"Очікую")))) -> Очікую | V11: =IFERROR(U11/12*90,"Очікую") -> Очікую
D12: 3 | U12: =IF(COUNTIF(OFFSET($E12,0,1):OFFSET(U12,0,-1),"=*")>0,IF($C12="К","-"," - "),IF(COUNTIF(OFFSET($E12,0,1):OFFSET(U12,0,-1),"<4")>0,IF(C12="К","-"," - "),(IFERROR(AVERAGE(OFFSET($E12,0,1):OFFSET(U12,0,-1)),"Очікую")))) -> Очікую | V12: =IFERROR(U12/12*90,"Очікую") -> Очікую
D13: 4 | U13: =IF(COUNTIF(OFFSET($E13,0,1):OFFSET(U13,0,-1),"=*")>0,IF($C13="К","-"," - "),IF(COUNTIF(OFFSET($E13,0,1):OFFSET(U13,0,-1),"<4")>0,IF(C13="К","-"," - "),(IFERROR(AVERAGE(OFFSET($E13,0,1):OFFSET(U13,0,-1)),"Очікую")))) -> Очікую | V13: =IFERROR(U13/12*90,"Очікую") -> Очікую
D14: 5 | U14: =IF(COUNTIF(OFFSET($E14,0,1):OFFSET(U14,0,-1),"=*")>0,IF($C14="К","-"," - "),IF(COUNTIF(OFFSET($E14,0,1):OFFSET(U14,0,-1),"<4")>0,IF(C14="К","-"," - "),(IFERROR(AVERAGE(OFFSET($E14,0,1):OFFSET(U14,0,-1)),"Очікую")))) -> Очікую | V14: =IFERROR(U14/12*90,"Очікую") -> Очікую
D15: 6 | U15: =IF(COUNTIF(OFFSET($E15,0,1):OFFSET(U15,0,-1),"=*")>0,IF($C15="К","-"," - "),IF(COUNTIF(OFFSET($E15,0,1):OFFSET(U15,0,-1),"<4")>0,IF(C15="К","-"," - "),(IFERROR(AVERAGE(OFFSET($E15,0,1):OFFSET(U15,0,-1)),"Очікую")))) -> Очікую | V15: =IFERROR(U15/12*90,"Очікую") -> Очікую
D16: 7 | U16: =IF(COUNTIF(OFFSET($E16,0,1):OFFSET(U16,0,-1),"=*")>0,IF($C16="К","-"," - "),IF(COUNTIF(OFFSET($E16,0,1):OFFSET(U16,0,-1),"<4")>0,IF(C16="К","-"," - "),(IFERROR(AVERAGE(OFFSET($E16,0,1):OFFSET(U16,0,-1)),"Очікую")))) -> Очікую | V16: =IFERROR(U16/12*90,"Очікую") -> Очікую
D17: 8 | U17: =IF(COUNTIF(OFFSET($E17,0,1):OFFSET(U17,0,-1),"=*")>0,IF($C17="К","-"," - "),IF(COUNTIF(OFFSET($E17,0,1):OFFSET(U17,0,-1),"<4")>0,IF(C17="К","-"," - "),(IFERROR(AVERAGE(OFFSET($E17,0,1):OFFSET(U17,0,-1)),"Очікую")))) -> Очікую | V17: =IFERROR(U17/12*90,"Очікую") -> Очікую
D18: 9 | U18: =IF(COUNTIF(OFFSET($E18,0,1):OFFSET(U18,0,-1),"=*")>0,IF($C18="К","-"," - "),IF(COUNTIF(OFFSET($E18,0,1):OFFSET(U18,0,-1),"<4")>0,IF(C18="К","-"," - "),(IFERROR(AVERAGE(OFFSET($E18,0,1):OFFSET(U18,0,-1)),"Очікую")))) -> Очікую | V18: =IFERROR(U18/12*90,"Очікую") -> Очікую
D19: 10 | U19: =IF(COUNTIF(OFFSET($E19,0,1):OFFSET(U19,0,-1),"=*")>0,IF($C19="К","-"," - "),IF(COUNTIF(OFFSET($E19,0,1):OFFSET(U19,0,-1),"<4")>0,IF(C19="К","-"," - "),(IFERROR(AVERAGE(OFFSET($E19,0,1):OFFSET(U19,0,-1)),"Очікую")))) -> Очікую | V19: =IFERROR(U19/12*90,"Очікую") -> Очікую
D20: 11 | U20: =IF(COUNTIF(OFFSET($E20,0,1):OFFSET(U20,0,-1),"=*")>0,IF($C20="К","-"," - "),IF(COUNTIF(OFFSET($E20,0,1):OFFSET(U20,0,-1),"<4")>0,IF(C20="К","-"," - "),(IFERROR(AVERAGE(OFFSET($E20,0,1):OFFSET(U20,0,-1)),"Очікую")))) -> Очікую | V20: =IFERROR(U20/12*90,"Очікую") -> Очікую
D21: 12 | U21: =IF(COUNTIF(OFFSET($E21,0,1):OFFSET(U21,0,-1),"=*")>0,IF($C21="К","-"," - "),IF(COUNTIF(OFFSET($E21,0,1):OFFSET(U21,0,-1),"<4")>0,IF(C21="К","-"," - "),(IFERROR(AVERAGE(OFFSET($E21,0,1):OFFSET(U21,0,-1)),"Очікую")))) -> Очікую | V21: =IFERROR(U21/12*90,"Очікую") -> Очікую
... D109: 100 | U109: =IF(COUNTIF(OFFSET($E109,0,1):OFFSET(U109,0,-1),"=*")>0,IF($C109="К","-"," - "),IF(COUNTIF(OFFSET($E109,0,1):OFFSET(U109,0,-1),"<4")>0,IF(C109="К","-"," - "),(IFERROR(AVERAGE(OFFSET($E109,0,1):OFFSET(U109,0,-1)),"Очікую")))) -> Очікую | V109: =IFERROR(U109/12*90,"Очікую") -> Очікую
E110: Кількість бюджетників | F110: =З2!F115 -> Очікую
E111: Кількість контрактників | F111: =З2!F116 -> Очікую | H111: Класний керівник | P111: ХХХ
E112: Кількість соціального контингенту | F112: =З2!F117 -> 0
E113: Вийшли на стипендію | F113: =З2!F118 -> Очікую | H113: Завідувач відділення ПЗСО | P113: Маргарита БРІТІКОВА

Sheet Р3
A1: S
C3: ВІДОКРЕМЛЕНИЙ СТРУКТУРНИЙ ПІДРОЗДІЛ «ФАХОВИЙ КОЛЕДЖ НАФТОГАЗОВИХ ТЕХНОЛОГІЙ, ІНЖЕНЕРІЇ ТА ІНФРАСТРУКТУРИ СЕРВІСУ ОДЕСЬКОГО НАЦІОНАЛЬНОГО ТЕХНОЛОГІЧНОГО УНІВЕРСИТЕТУ»
C4: РЕЙТИНГОВА ВІДОМІСТЬ
C5: Успішності студентів спеціальності XXX «XXXXX»
C6: За X семестр XXXX-XXXX н.р.
C7: Група XXXX курс X
C8: Б/К | D8: № п/п | E8: Прізвище, ім’я, по батькові | F8: Підсумкові оцінки дисциплін
F9: Астрономія XXXXX | G9: Біологія XXXXX | H9: Всесвітня історія XXXXX | I9: Географія XXXXX | J9: Зарубіжна література XXXXX | K9: Захист України XXXXX | L9: Іноземна мова XXXXX | M9: Інформатика XXXXX | N9: Історія України XXXXX | O9: Математика XXXXX | P9: Українська література XXXXX | Q9: Українська мова XXXXX | R9: Фізика XXXXX | S9: Фізична культура XXXXX | T9: Хімія XXXXX | U9: Середній бал | V9: Рейтинговий бал
D10: 1 | U10: =IF(COUNTIF(OFFSET($E10,0,1):OFFSET(U10,0,-1),"=*")>0,IF($C10="К","-"," - "),IF(COUNTIF(OFFSET($E10,0,1):OFFSET(U10,0,-1),"<4")>0,IF(C10="К","-"," - "),(IFERROR(AVERAGE(OFFSET($E10,0,1):OFFSET(U10,0,-1)),"Очікую")))) -> Очікую | V10: =IFERROR(U10/12*90,"Очікую") -> Очікую
D11: 2 | U11: =IF(COUNTIF(OFFSET($E11,0,1):OFFSET(U11,0,-1),"=*")>0,IF($C11="К","-"," - "),IF(COUNTIF(OFFSET($E11,0,1):OFFSET(U11,0,-1),"<4")>0,IF(C11="К","-"," - "),(IFERROR(AVERAGE(OFFSET($E11,0,1):OFFSET(U11,0,-1)),"Очікую")))) -> Очікую | V11: =IFERROR(U11/12*90,"Очікую") -> Очікую
D12: 3 | U12: =IF(COUNTIF(OFFSET($E12,0,1):OFFSET(U12,0,-1),"=*")>0,IF($C12="К","-"," - "),IF(COUNTIF(OFFSET($E12,0,1):OFFSET(U12,0,-1),"<4")>0,IF(C12="К","-"," - "),(IFERROR(AVERAGE(OFFSET($E12,0,1):OFFSET(U12,0,-1)),"Очікую")))) -> Очікую | V12: =IFERROR(U12/12*90,"Очікую") -> Очікую
D13: 4 | U13: =IF(COUNTIF(OFFSET($E13,0,1):OFFSET(U13,0,-1),"=*")>0,IF($C13="К","-"," - "),IF(COUNTIF(OFFSET($E13,0,1):OFFSET(U13,0,-1),"<4")>0,IF(C13="К","-"," - "),(IFERROR(AVERAGE(OFFSET($E13,0,1):OFFSET(U13,0,-1)),"Очікую")))) -> Очікую | V13: =IFERROR(U13/12*90,"Очікую") -> Очікую
D14: 5 | U14: =IF(COUNTIF(OFFSET($E14,0,1):OFFSET(U14,0,-1),"=*")>0,IF($C14="К","-"," - "),IF(COUNTIF(OFFSET($E14,0,1):OFFSET(U14,0,-1),"<4")>0,IF(C14="К","-"," - "),(IFERROR(AVERAGE(OFFSET($E14,0,1):OFFSET(U14,0,-1)),"Очікую")))) -> Очікую | V14: =IFERROR(U14/12*90,"Очікую") -> Очікую
D15: 6 | U15: =IF(COUNTIF(OFFSET($E15,0,1):OFFSET(U15,0,-1),"=*")>0,IF($C15="К","-"," - "),IF(COUNTIF(OFFSET($E15,0,1):OFFSET(U15,0,-1),"<4")>0,IF(C15="К","-"," - "),(IFERROR(AVERAGE(OFFSET($E15,0,1):OFFSET(U15,0,-1)),"Очікую")))) -> Очікую | V15: =IFERROR(U15/12*90,"Очікую") -> Очікую
D16: 7 | U16: =IF(COUNTIF(OFFSET($E16,0,1):OFFSET(U16,0,-1),"=*")>0,IF($C16="К","-"," - "),IF(COUNTIF(OFFSET($E16,0,1):OFFSET(U16,0,-1),"<4")>0,IF(C16="К","-"," - "),(IFERROR(AVERAGE(OFFSET($E16,0,1):OFFSET(U16,0,-1)),"Очікую")))) -> Очікую | V16: =IFERROR(U16/12*90,"Очікую") -> Очікую
D17: 8 | U17: =IF(COUNTIF(OFFSET($E17,0,1):OFFSET(U17,0,-1),"=*")>0,IF($C17="К","-"," - "),IF(COUNTIF(OFFSET($E17,0,1):OFFSET(U17,0,-1),"<4")>0,IF(C17="К","-"," - "),(IFERROR(AVERAGE(OFFSET($E17,0,1):OFFSET(U17,0,-1)),"Очікую")))) -> Очікую | V17: =IFERROR(U17/12*90,"Очікую") -> Очікую
D18: 9 | U18: =IF(COUNTIF(OFFSET($E18,0,1):OFFSET(U18,0,-1),"=*")>0,IF($C18="К","-"," - "),IF(COUNTIF(OFFSET($E18,0,1):OFFSET(U18,0,-1),"<4")>0,IF(C18="К","-"," - "),(IFERROR(AVERAGE(OFFSET($E18,0,1):OFFSET(U18,0,-1)),"Очікую")))) -> Очікую | V18: =IFERROR(U18/12*90,"Очікую") -> Очікую
D19: 10 | U19: =IF(COUNTIF(OFFSET($E19,0,1):OFFSET(U19,0,-1),"=*")>0,IF($C19="К","-"," - "),IF(COUNTIF(OFFSET($E19,0,1):OFFSET(U19,0,-1),"<4")>0,IF(C19="К","-"," - "),(IFERROR(AVERAGE(OFFSET($E19,0,1):OFFSET(U19,0,-1)),"Очікую")))) -> Очікую | V19: =IFERROR(U19/12*90,"Очікую") -> Очікую
D20: 11 | U20: =IF(COUNTIF(OFFSET($E20,0,1):OFFSET(U20,0,-1),"=*")>0,IF($C20="К","-"," - "),IF(COUNTIF(OFFSET($E20,0,1):OFFSET(U20,0,-1),"<4")>0,IF(C20="К","-"," - "),(IFERROR(AVERAGE(OFFSET($E20,0,1):OFFSET(U20,0,-1)),"Очікую")))) -> Очікую | V20: =IFERROR(U20/12*90,"Очікую") -> Очікую
D21: 12 | U21: =IF(COUNTIF(OFFSET($E21,0,1):OFFSET(U21,0,-1),"=*")>0,IF($C21="К","-"," - "),IF(COUNTIF(OFFSET($E21,0,1):OFFSET(U21,0,-1),"<4")>0,IF(C21="К","-"," - "),(IFERROR(AVERAGE(OFFSET($E21,0,1):OFFSET(U21,0,-1)),"Очікую")))) -> Очікую | V21: =IFERROR(U21/12*90,"Очікую") -> Очікую
... D109: 100 | U109: =IF(COUNTIF(OFFSET($E109,0,1):OFFSET(U109,0,-1),"=*")>0,IF($C109="К","-"," - "),IF(COUNTIF(OFFSET($E109,0,1):OFFSET(U109,0,-1),"<4")>0,IF(C109="К","-"," - "),(IFERROR(AVERAGE(OFFSET($E109,0,1):OFFSET(U109,0,-1)),"Очікую")))) -> Очікую | V109: =IFERROR(U109/12*90,"Очікую") -> Очікую
E110: Кількість бюджетників | F110: =З3!F115 -> Очікую
E111: Кількість контрактників | F111: =З3!F116 -> Очікую | H111: Класний керівник | P111: ХХХ
E112: Кількість соціального контингенту | F112: =З3!F117 -> 0
E113: Вийшли на стипендію | F113: =З3!F118 -> Очікую | H113: Завідувач відділення ПЗСО | P113: Маргарита БРІТІКОВА

Sheet Р4
A1: S
C3: ВІДОКРЕМЛЕНИЙ СТРУКТУРНИЙ ПІДРОЗДІЛ «ФАХОВИЙ КОЛЕДЖ НАФТОГАЗОВИХ ТЕХНОЛОГІЙ, ІНЖЕНЕРІЇ ТА ІНФРАСТРУКТУРИ СЕРВІСУ ОДЕСЬКОГО НАЦІОНАЛЬНОГО ТЕХНОЛОГІЧНОГО УНІВЕРСИТЕТУ»
C4: РЕЙТИНГОВА ВІДОМІСТЬ
C5: Успішності студентів спеціальності XXX «XXXXX»
C6: За X семестр XXXX-XXXX н.р.
C7: Група XXXX курс X
C8: Б/К | D8: № п/п | E8: Прізвище, ім’я, по батькові | F8: Підсумкові оцінки дисциплін
F9: Астрономія XXXXX | G9: Біологія XXXXX | H9: Всесвітня історія XXXXX | I9: Географія XXXXX | J9: Зарубіжна література XXXXX | K9: Захист України XXXXX | L9: Іноземна мова XXXXX | M9: Інформатика XXXXX | N9: Історія України XXXXX | O9: Математика XXXXX | P9: Українська література XXXXX | Q9: Українська мова XXXXX | R9: Фізика XXXXX | S9: Фізична культура XXXXX | T9: Хімія XXXXX | U9: Середній бал | V9: Рейтинговий бал
D10: 1 | U10: =IF(COUNTIF(OFFSET($E10,0,1):OFFSET(U10,0,-1),"=*")>0,IF($C10="К","-"," - "),IF(COUNTIF(OFFSET($E10,0,1):OFFSET(U10,0,-1),"<4")>0,IF(C10="К","-"," - "),(IFERROR(AVERAGE(OFFSET($E10,0,1):OFFSET(U10,0,-1)),"Очікую")))) -> Очікую | V10: =IFERROR(U10/12*90,"Очікую") -> Очікую
D11: 2 | U11: =IF(COUNTIF(OFFSET($E11,0,1):OFFSET(U11,0,-1),"=*")>0,IF($C11="К","-"," - "),IF(COUNTIF(OFFSET($E11,0,1):OFFSET(U11,0,-1),"<4")>0,IF(C11="К","-"," - "),(IFERROR(AVERAGE(OFFSET($E11,0,1):OFFSET(U11,0,-1)),"Очікую")))) -> Очікую | V11: =IFERROR(U11/12*90,"Очікую") -> Очікую
D12: 3 | U12: =IF(COUNTIF(OFFSET($E12,0,1):OFFSET(U12,0,-1),"=*")>0,IF($C12="К","-"," - "),IF(COUNTIF(OFFSET($E12,0,1):OFFSET(U12,0,-1),"<4")>0,IF(C12="К","-"," - "),(IFERROR(AVERAGE(OFFSET($E12,0,1):OFFSET(U12,0,-1)),"Очікую")))) -> Очікую | V12: =IFERROR(U12/12*90,"Очікую") -> Очікую
D13: 4 | U13: =IF(COUNTIF(OFFSET($E13,0,1):OFFSET(U13,0,-1),"=*")>0,IF($C13="К","-"," - "),IF(COUNTIF(OFFSET($E13,0,1):OFFSET(U13,0,-1),"<4")>0,IF(C13="К","-"," - "),(IFERROR(AVERAGE(OFFSET($E13,0,1):OFFSET(U13,0,-1)),"Очікую")))) -> Очікую | V13: =IFERROR(U13/12*90,"Очікую") -> Очікую
D14: 5 | U14: =IF(COUNTIF(OFFSET($E14,0,1):OFFSET(U14,0,-1),"=*")>0,IF($C14="К","-"," - "),IF(COUNTIF(OFFSET($E14,0,1):OFFSET(U14,0,-1),"<4")>0,IF(C14="К","-"," - "),(IFERROR(AVERAGE(OFFSET($E14,0,1):OFFSET(U14,0,-1)),"Очікую")))) -> Очікую | V14: =IFERROR(U14/12*90,"Очікую") -> Очікую
D15: 6 | U15: =IF(COUNTIF(OFFSET($E15,0,1):OFFSET(U15,0,-1),"=*")>0,IF($C15="К","-"," - "),IF(COUNTIF(OFFSET($E15,0,1):OFFSET(U15,0,-1),"<4")>0,IF(C15="К","-"," - "),(IFERROR(AVERAGE(OFFSET($E15,0,1):OFFSET(U15,0,-1)),"Очікую")))) -> Очікую | V15: =IFERROR(U15/12*90,"Очікую") -> Очікую
D16: 7 | U16: =IF(COUNTIF(OFFSET($E16,0,1):OFFSET(U16,0,-1),"=*")>0,IF($C16="К","-"," - "),IF(COUNTIF(OFFSET($E16,0,1):OFFSET(U16,0,-1),"<4")>0,IF(C16="К","-"," - "),(IFERROR(AVERAGE(OFFSET($E16,0,1):OFFSET(U16,0,-1)),"Очікую")))) -> Очікую | V16: =IFERROR(U16/12*90,"Очікую") -> Очікую
D17: 8 | U17: =IF(COUNTIF(OFFSET($E17,0,1):OFFSET(U17,0,-1),"=*")>0,IF($C17="К","-"," - "),IF(COUNTIF(OFFSET($E17,0,1):OFFSET(U17,0,-1),"<4")>0,IF(C17="К","-"," - "),(IFERROR(AVERAGE(OFFSET($E17,0,1):OFFSET(U17,0,-1)),"Очікую")))) -> Очікую | V17: =IFERROR(U17/12*90,"Очікую") -> Очікую
D18: 9 | U18: =IF(COUNTIF(OFFSET($E18,0,1):OFFSET(U18,0,-1),"=*")>0,IF($C18="К","-"," - "),IF(COUNTIF(OFFSET($E18,0,1):OFFSET(U18,0,-1),"<4")>0,IF(C18="К","-"," - "),(IFERROR(AVERAGE(OFFSET($E18,0,1):OFFSET(U18,0,-1)),"Очікую")))) -> Очікую | V18: =IFERROR(U18/12*90,"Очікую") -> Очікую
D19: 10 | U19: =IF(COUNTIF(OFFSET($E19,0,1):OFFSET(U19,0,-1),"=*")>0,IF($C19="К","-"," - "),IF(COUNTIF(OFFSET($E19,0,1):OFFSET(U19,0,-1),"<4")>0,IF(C19="К","-"," - "),(IFERROR(AVERAGE(OFFSET($E19,0,1):OFFSET(U19,0,-1)),"Очікую")))) -> Очікую | V19: =IFERROR(U19/12*90,"Очікую") -> Очікую
D20: 11 | U20: =IF(COUNTIF(OFFSET($E20,0,1):OFFSET(U20,0,-1),"=*")>0,IF($C20="К","-"," - "),IF(COUNTIF(OFFSET($E20,0,1):OFFSET(U20,0,-1),"<4")>0,IF(C20="К","-"," - "),(IFERROR(AVERAGE(OFFSET($E20,0,1):OFFSET(U20,0,-1)),"Очікую")))) -> Очікую | V20: =IFERROR(U20/12*90,"Очікую") -> Очікую
D21: 12 | U21: =IF(COUNTIF(OFFSET($E21,0,1):OFFSET(U21,0,-1),"=*")>0,IF($C21="К","-"," - "),IF(COUNTIF(OFFSET($E21,0,1):OFFSET(U21,0,-1),"<4")>0,IF(C21="К","-"," - "),(IFERROR(AVERAGE(OFFSET($E21,0,1):OFFSET(U21,0,-1)),"Очікую")))) -> Очікую | V21: =IFERROR(U21/12*90,"Очікую") -> Очікую
... D109: 100 | U109: =IF(COUNTIF(OFFSET($E109,0,1):OFFSET(U109,0,-1),"=*")>0,IF($C109="К","-"," - "),IF(COUNTIF(OFFSET($E109,0,1):OFFSET(U109,0,-1),"<4")>0,IF(C109="К","-"," - "),(IFERROR(AVERAGE(OFFSET($E109,0,1):OFFSET(U109,0,-1)),"Очікую")))) -> Очікую | V109: =IFERROR(U109/12*90,"Очікую") -> Очікую
E110: Кількість бюджетників | F110: =З4!F115 -> Очікую
E111: Кількість контрактників | F111: =З4!F116 -> Очікую | H111: Класний керівник | P111: ХХХ
E112: Кількість соціального контингенту | F112: =З4!F117 -> 0
E113: Вийшли на стипендію | F113: =З4!F118 -> Очікую | H113: Завідувач відділення ПЗСО | P113: Маргарита БРІТІКОВА

Sheet Р5
A1: S
C3: ВІДОКРЕМЛЕНИЙ СТРУКТУРНИЙ ПІДРОЗДІЛ «ФАХОВИЙ КОЛЕДЖ НАФТОГАЗОВИХ ТЕХНОЛОГІЙ, ІНЖЕНЕРІЇ ТА ІНФРАСТРУКТУРИ СЕРВІСУ ОДЕСЬКОГО НАЦІОНАЛЬНОГО ТЕХНОЛОГІЧНОГО УНІВЕРСИТЕТУ»
C4: РЕЙТИНГОВА ВІДОМІСТЬ
C5: Успішності студентів спеціальності XXX «XXXXX»
C6: За X семестр XXXX-XXXX н.р.
C7: Група XXXX курс X
C8: Б/К | D8: № п/п | E8: Прізвище, ім’я, по батькові | F8: Підсумкові оцінки дисциплін
F9: Астрономія XXXXX | G9: Біологія XXXXX | H9: Всесвітня історія XXXXX | I9: Географія XXXXX | J9: Зарубіжна література XXXXX | K9: Захист України XXXXX | L9: Іноземна мова XXXXX | M9: Інформатика XXXXX | N9: Історія України XXXXX | O9: Математика XXXXX | P9: Українська література XXXXX | Q9: Українська мова XXXXX | R9: Фізика XXXXX | S9: Фізична культура XXXXX | T9: Хімія XXXXX | U9: Середній бал | V9: Рейтинговий бал
D10: 1 | U10: =IF(COUNTIF(OFFSET($E10,0,1):OFFSET(U10,0,-1),"=*")>0,IF($C10="К","-"," - "),IF(COUNTIF(OFFSET($E10,0,1):OFFSET(U10,0,-1),"<4")>0,IF(C10="К","-"," - "),(IFERROR(AVERAGE(OFFSET($E10,0,1):OFFSET(U10,0,-1)),"Очікую")))) -> Очікую | V10: =IFERROR(U10/12*90,"Очікую") -> Очікую
D11: 2 | U11: =IF(COUNTIF(OFFSET($E11,0,1):OFFSET(U11,0,-1),"=*")>0,IF($C11="К","-"," - "),IF(COUNTIF(OFFSET($E11,0,1):OFFSET(U11,0,-1),"<4")>0,IF(C11="К","-"," - "),(IFERROR(AVERAGE(OFFSET($E11,0,1):OFFSET(U11,0,-1)),"Очікую")))) -> Очікую | V11: =IFERROR(U11/12*90,"Очікую") -> Очікую
D12: 3 | U12: =IF(COUNTIF(OFFSET($E12,0,1):OFFSET(U12,0,-1),"=*")>0,IF($C12="К","-"," - "),IF(COUNTIF(OFFSET($E12,0,1):OFFSET(U12,0,-1),"<4")>0,IF(C12="К","-"," - "),(IFERROR(AVERAGE(OFFSET($E12,0,1):OFFSET(U12,0,-1)),"Очікую")))) -> Очікую | V12: =IFERROR(U12/12*90,"Очікую") -> Очікую
D13: 4 | U13: =IF(COUNTIF(OFFSET($E13,0,1):OFFSET(U13,0,-1),"=*")>0,IF($C13="К","-"," - "),IF(COUNTIF(OFFSET($E13,0,1):OFFSET(U13,0,-1),"<4")>0,IF(C13="К","-"," - "),(IFERROR(AVERAGE(OFFSET($E13,0,1):OFFSET(U13,0,-1)),"Очікую")))) -> Очікую | V13: =IFERROR(U13/12*90,"Очікую") -> Очікую
D14: 5 | U14: =IF(COUNTIF(OFFSET($E14,0,1):OFFSET(U14,0,-1),"=*")>0,IF($C14="К","-"," - "),IF(COUNTIF(OFFSET($E14,0,1):OFFSET(U14,0,-1),"<4")>0,IF(C14="К","-"," - "),(IFERROR(AVERAGE(OFFSET($E14,0,1):OFFSET(U14,0,-1)),"Очікую")))) -> Очікую | V14: =IFERROR(U14/12*90,"Очікую") -> Очікую
D15: 6 | U15: =IF(COUNTIF(OFFSET($E15,0,1):OFFSET(U15,0,-1),"=*")>0,IF($C15="К","-"," - "),IF(COUNTIF(OFFSET($E15,0,1):OFFSET(U15,0,-1),"<4")>0,IF(C15="К","-"," - "),(IFERROR(AVERAGE(OFFSET($E15,0,1):OFFSET(U15,0,-1)),"Очікую")))) -> Очікую | V15: =IFERROR(U15/12*90,"Очікую") -> Очікую
D16: 7 | U16: =IF(COUNTIF(OFFSET($E16,0,1):OFFSET(U16,0,-1),"=*")>0,IF($C16="К","-"," - "),IF(COUNTIF(OFFSET($E16,0,1):OFFSET(U16,0,-1),"<4")>0,IF(C16="К","-"," - "),(IFERROR(AVERAGE(OFFSET($E16,0,1):OFFSET(U16,0,-1)),"Очікую")))) -> Очікую | V16: =IFERROR(U16/12*90,"Очікую") -> Очікую
D17: 8 | U17: =IF(COUNTIF(OFFSET($E17,0,1):OFFSET(U17,0,-1),"=*")>0,IF($C17="К","-"," - "),IF(COUNTIF(OFFSET($E17,0,1):OFFSET(U17,0,-1),"<4")>0,IF(C17="К","-"," - "),(IFERROR(AVERAGE(OFFSET($E17,0,1):OFFSET(U17,0,-1)),"Очікую")))) -> Очікую | V17: =IFERROR(U17/12*90,"Очікую") -> Очікую
D18: 9 | U18: =IF(COUNTIF(OFFSET($E18,0,1):OFFSET(U18,0,-1),"=*")>0,IF($C18="К","-"," - "),IF(COUNTIF(OFFSET($E18,0,1):OFFSET(U18,0,-1),"<4")>0,IF(C18="К","-"," - "),(IFERROR(AVERAGE(OFFSET($E18,0,1):OFFSET(U18,0,-1)),"Очікую")))) -> Очікую | V18: =IFERROR(U18/12*90,"Очікую") -> Очікую
D19: 10 | U19: =IF(COUNTIF(OFFSET($E19,0,1):OFFSET(U19,0,-1),"=*")>0,IF($C19="К","-"," - "),IF(COUNTIF(OFFSET($E19,0,1):OFFSET(U19,0,-1),"<4")>0,IF(C19="К","-"," - "),(IFERROR(AVERAGE(OFFSET($E19,0,1):OFFSET(U19,0,-1)),"Очікую")))) -> Очікую | V19: =IFERROR(U19/12*90,"Очікую") -> Очікую
D20: 11 | U20: =IF(COUNTIF(OFFSET($E20,0,1):OFFSET(U20,0,-1),"=*")>0,IF($C20="К","-"," - "),IF(COUNTIF(OFFSET($E20,0,1):OFFSET(U20,0,-1),"<4")>0,IF(C20="К","-"," - "),(IFERROR(AVERAGE(OFFSET($E20,0,1):OFFSET(U20,0,-1)),"Очікую")))) -> Очікую | V20: =IFERROR(U20/12*90,"Очікую") -> Очікую
D21: 12 | U21: =IF(COUNTIF(OFFSET($E21,0,1):OFFSET(U21,0,-1),"=*")>0,IF($C21="К","-"," - "),IF(COUNTIF(OFFSET($E21,0,1):OFFSET(U21,0,-1),"<4")>0,IF(C21="К","-"," - "),(IFERROR(AVERAGE(OFFSET($E21,0,1):OFFSET(U21,0,-1)),"Очікую")))) -> Очікую | V21: =IFERROR(U21/12*90,"Очікую") -> Очікую
... D109: 100 | U109: =IF(COUNTIF(OFFSET($E109,0,1):OFFSET(U109,0,-1),"=*")>0,IF($C109="К","-"," - "),IF(COUNTIF(OFFSET($E109,0,1):OFFSET(U109,0,-1),"<4")>0,IF(C109="К","-"," - "),(IFERROR(AVERAGE(OFFSET($E109,0,1):OFFSET(U109,0,-1)),"Очікую")))) -> Очікую | V109: =IFERROR(U109/12*90,"Очікую") -> Очікую
E110: Кількість бюджетників | F110: =З5!F115 -> Очікую
E111: Кількість контрактників | F111: =З5!F116 -> Очікую | H111: Класний керівник | P111: ХХХ
E112: Кількість соціального контингенту | F112: =З5!F117 -> 0
E113: Вийшли на стипендію | F113: =З5!F118 -> Очікую | H113: Завідувач відділення ПЗСО | P113: Маргарита БРІТІКОВА

Sheet Р6
A1: S
C3: ВІДОКРЕМЛЕНИЙ СТРУКТУРНИЙ ПІДРОЗДІЛ «ФАХОВИЙ КОЛЕДЖ НАФТОГАЗОВИХ ТЕХНОЛОГІЙ, ІНЖЕНЕРІЇ ТА ІНФРАСТРУКТУРИ СЕРВІСУ ОДЕСЬКОГО НАЦІОНАЛЬНОГО ТЕХНОЛОГІЧНОГО УНІВЕРСИТЕТУ»
C4: РЕЙТИНГОВА ВІДОМІСТЬ
C5: Успішності студентів спеціальності XXX «XXXXX»
C6: За X семестр XXXX-XXXX н.р.
C7: Група XXXX курс X
C8: Б/К | D8: № п/п | E8: Прізвище, ім’я, по батькові | F8: Підсумкові оцінки дисциплін
F9: Астрономія XXXXX | G9: Біологія XXXXX | H9: Всесвітня історія XXXXX | I9: Географія XXXXX | J9: Зарубіжна література XXXXX | K9: Захист України XXXXX | L9: Іноземна мова XXXXX | M9: Інформатика XXXXX | N9: Історія України XXXXX | O9: Математика XXXXX | P9: Українська література XXXXX | Q9: Українська мова XXXXX | R9: Фізика XXXXX | S9: Фізична культура XXXXX | T9: Хімія XXXXX | U9: Середній бал | V9: Рейтинговий бал
D10: 1 | U10: =IF(COUNTIF(OFFSET($E10,0,1):OFFSET(U10,0,-1),"=*")>0,IF($C10="К","-"," - "),IF(COUNTIF(OFFSET($E10,0,1):OFFSET(U10,0,-1),"<4")>0,IF(C10="К","-"," - "),(IFERROR(AVERAGE(OFFSET($E10,0,1):OFFSET(U10,0,-1)),"Очікую")))) -> Очікую | V10: =IFERROR(U10/12*90,"Очікую") -> Очікую
D11: 2 | U11: =IF(COUNTIF(OFFSET($E11,0,1):OFFSET(U11,0,-1),"=*")>0,IF($C11="К","-"," - "),IF(COUNTIF(OFFSET($E11,0,1):OFFSET(U11,0,-1),"<4")>0,IF(C11="К","-"," - "),(IFERROR(AVERAGE(OFFSET($E11,0,1):OFFSET(U11,0,-1)),"Очікую")))) -> Очікую | V11: =IFERROR(U11/12*90,"Очікую") -> Очікую
D12: 3 | U12: =IF(COUNTIF(OFFSET($E12,0,1):OFFSET(U12,0,-1),"=*")>0,IF($C12="К","-"," - "),IF(COUNTIF(OFFSET($E12,0,1):OFFSET(U12,0,-1),"<4")>0,IF(C12="К","-"," - "),(IFERROR(AVERAGE(OFFSET($E12,0,1):OFFSET(U12,0,-1)),"Очікую")))) -> Очікую | V12: =IFERROR(U12/12*90,"Очікую") -> Очікую
D13: 4 | U13: =IF(COUNTIF(OFFSET($E13,0,1):OFFSET(U13,0,-1),"=*")>0,IF($C13="К","-"," - "),IF(COUNTIF(OFFSET($E13,0,1):OFFSET(U13,0,-1),"<4")>0,IF(C13="К","-"," - "),(IFERROR(AVERAGE(OFFSET($E13,0,1):OFFSET(U13,0,-1)),"Очікую")))) -> Очікую | V13: =IFERROR(U13/12*90,"Очікую") -> Очікую
D14: 5 | U14: =IF(COUNTIF(OFFSET($E14,0,1):OFFSET(U14,0,-1),"=*")>0,IF($C14="К","-"," - "),IF(COUNTIF(OFFSET($E14,0,1):OFFSET(U14,0,-1),"<4")>0,IF(C14="К","-"," - "),(IFERROR(AVERAGE(OFFSET($E14,0,1):OFFSET(U14,0,-1)),"Очікую")))) -> Очікую | V14: =IFERROR(U14/12*90,"Очікую") -> Очікую
D15: 6 | U15: =IF(COUNTIF(OFFSET($E15,0,1):OFFSET(U15,0,-1),"=*")>0,IF($C15="К","-"," - "),IF(COUNTIF(OFFSET($E15,0,1):OFFSET(U15,0,-1),"<4")>0,IF(C15="К","-"," - "),(IFERROR(AVERAGE(OFFSET($E15,0,1):OFFSET(U15,0,-1)),"Очікую")))) -> Очікую | V15: =IFERROR(U15/12*90,"Очікую") -> Очікую
D16: 7 | U16: =IF(COUNTIF(OFFSET($E16,0,1):OFFSET(U16,0,-1),"=*")>0,IF($C16="К","-"," - "),IF(COUNTIF(OFFSET($E16,0,1):OFFSET(U16,0,-1),"<4")>0,IF(C16="К","-"," - "),(IFERROR(AVERAGE(OFFSET($E16,0,1):OFFSET(U16,0,-1)),"Очікую")))) -> Очікую | V16: =IFERROR(U16/12*90,"Очікую") -> Очікую
D17: 8 | U17: =IF(COUNTIF(OFFSET($E17,0,1):OFFSET(U17,0,-1),"=*")>0,IF($C17="К","-"," - "),IF(COUNTIF(OFFSET($E17,0,1):OFFSET(U17,0,-1),"<4")>0,IF(C17="К","-"," - "),(IFERROR(AVERAGE(OFFSET($E17,0,1):OFFSET(U17,0,-1)),"Очікую")))) -> Очікую | V17: =IFERROR(U17/12*90,"Очікую") -> Очікую
D18: 9 | U18: =IF(COUNTIF(OFFSET($E18,0,1):OFFSET(U18,0,-1),"=*")>0,IF($C18="К","-"," - "),IF(COUNTIF(OFFSET($E18,0,1):OFFSET(U18,0,-1),"<4")>0,IF(C18="К","-"," - "),(IFERROR(AVERAGE(OFFSET($E18,0,1):OFFSET(U18,0,-1)),"Очікую")))) -> Очікую | V18: =IFERROR(U18/12*90,"Очікую") -> Очікую
D19: 10 | U19: =IF(COUNTIF(OFFSET($E19,0,1):OFFSET(U19,0,-1),"=*")>0,IF($C19="К","-"," - "),IF(COUNTIF(OFFSET($E19,0,1):OFFSET(U19,0,-1),"<4")>0,IF(C19="К","-"," - "),(IFERROR(AVERAGE(OFFSET($E19,0,1):OFFSET(U19,0,-1)),"Очікую")))) -> Очікую | V19: =IFERROR(U19/12*90,"Очікую") -> Очікую
D20: 11 | U20: =IF(COUNTIF(OFFSET($E20,0,1):OFFSET(U20,0,-1),"=*")>0,IF($C20="К","-"," - "),IF(COUNTIF(OFFSET($E20,0,1):OFFSET(U20,0,-1),"<4")>0,IF(C20="К","-"," - "),(IFERROR(AVERAGE(OFFSET($E20,0,1):OFFSET(U20,0,-1)),"Очікую")))) -> Очікую | V20: =IFERROR(U20/12*90,"Очікую") -> Очікую
D21: 12 | U21: =IF(COUNTIF(OFFSET($E21,0,1):OFFSET(U21,0,-1),"=*")>0,IF($C21="К","-"," - "),IF(COUNTIF(OFFSET($E21,0,1):OFFSET(U21,0,-1),"<4")>0,IF(C21="К","-"," - "),(IFERROR(AVERAGE(OFFSET($E21,0,1):OFFSET(U21,0,-1)),"Очікую")))) -> Очікую | V21: =IFERROR(U21/12*90,"Очікую") -> Очікую
... D109: 100 | U109: =IF(COUNTIF(OFFSET($E109,0,1):OFFSET(U109,0,-1),"=*")>0,IF($C109="К","-"," - "),IF(COUNTIF(OFFSET($E109,0,1):OFFSET(U109,0,-1),"<4")>0,IF(C109="К","-"," - "),(IFERROR(AVERAGE(OFFSET($E109,0,1):OFFSET(U109,0,-1)),"Очікую")))) -> Очікую | V109: =IFERROR(U109/12*90,"Очікую") -> Очікую
E110: Кількість бюджетників | F110: =З6!F115 -> Очікую
E111: Кількість контрактників | F111: =З6!F116 -> Очікую | H111: Класний керівник | P111: ХХХ
E112: Кількість соціального контингенту | F112: =З6!F117 -> 0
E113: Вийшли на стипендію | F113: =З6!F118 -> Очікую | H113: Завідувач відділення ПЗСО | P113: Маргарита БРІТІКОВА

Sheet Р7
A1: S
C3: ВІДОКРЕМЛЕНИЙ СТРУКТУРНИЙ ПІДРОЗДІЛ «ФАХОВИЙ КОЛЕДЖ НАФТОГАЗОВИХ ТЕХНОЛОГІЙ, ІНЖЕНЕРІЇ ТА ІНФРАСТРУКТУРИ СЕРВІСУ ОДЕСЬКОГО НАЦІОНАЛЬНОГО ТЕХНОЛОГІЧНОГО УНІВЕРСИТЕТУ»
C4: РЕЙТИНГОВА ВІДОМІСТЬ
C5: Успішності студентів спеціальності XXX «XXXXX»
C6: За X семестр XXXX-XXXX н.р.
C7: Група XXXX курс X
C8: Б/К | D8: № п/п | E8: Прізвище, ім’я, по батькові | F8: Підсумкові оцінки дисциплін
F9: Астрономія XXXXX | G9: Біологія XXXXX | H9: Всесвітня історія XXXXX | I9: Географія XXXXX | J9: Зарубіжна література XXXXX | K9: Захист України XXXXX | L9: Іноземна мова XXXXX | M9: Інформатика XXXXX | N9: Історія України XXXXX | O9: Математика XXXXX | P9: Українська література XXXXX | Q9: Українська мова XXXXX | R9: Фізика XXXXX | S9: Фізична культура XXXXX | T9: Хімія XXXXX | U9: Середній бал | V9: Рейтинговий бал
D10: 1 | U10: =IF(COUNTIF(OFFSET($E10,0,1):OFFSET(U10,0,-1),"=*")>0,IF($C10="К","-"," - "),IF(COUNTIF(OFFSET($E10,0,1):OFFSET(U10,0,-1),"<4")>0,IF(C10="К","-"," - "),(IFERROR(AVERAGE(OFFSET($E10,0,1):OFFSET(U10,0,-1)),"Очікую")))) -> Очікую | V10: =IFERROR(U10/12*90,"Очікую") -> Очікую
D11: 2 | U11: =IF(COUNTIF(OFFSET($E11,0,1):OFFSET(U11,0,-1),"=*")>0,IF($C11="К","-"," - "),IF(COUNTIF(OFFSET($E11,0,1):OFFSET(U11,0,-1),"<4")>0,IF(C11="К","-"," - "),(IFERROR(AVERAGE(OFFSET($E11,0,1):OFFSET(U11,0,-1)),"Очікую")))) -> Очікую | V11: =IFERROR(U11/12*90,"Очікую") -> Очікую
D12: 3 | U12: =IF(COUNTIF(OFFSET($E12,0,1):OFFSET(U12,0,-1),"=*")>0,IF($C12="К","-"," - "),IF(COUNTIF(OFFSET($E12,0,1):OFFSET(U12,0,-1),"<4")>0,IF(C12="К","-"," - "),(IFERROR(AVERAGE(OFFSET($E12,0,1):OFFSET(U12,0,-1)),"Очікую")))) -> Очікую | V12: =IFERROR(U12/12*90,"Очікую") -> Очікую
D13: 4 | U13: =IF(COUNTIF(OFFSET($E13,0,1):OFFSET(U13,0,-1),"=*")>0,IF($C13="К","-"," - "),IF(COUNTIF(OFFSET($E13,0,1):OFFSET(U13,0,-1),"<4")>0,IF(C13="К","-"," - "),(IFERROR(AVERAGE(OFFSET($E13,0,1):OFFSET(U13,0,-1)),"Очікую")))) -> Очікую | V13: =IFERROR(U13/12*90,"Очікую") -> Очікую
D14: 5 | U14: =IF(COUNTIF(OFFSET($E14,0,1):OFFSET(U14,0,-1),"=*")>0,IF($C14="К","-"," - "),IF(COUNTIF(OFFSET($E14,0,1):OFFSET(U14,0,-1),"<4")>0,IF(C14="К","-"," - "),(IFERROR(AVERAGE(OFFSET($E14,0,1):OFFSET(U14,0,-1)),"Очікую")))) -> Очікую | V14: =IFERROR(U14/12*90,"Очікую") -> Очікую
D15: 6 | U15: =IF(COUNTIF(OFFSET($E15,0,1):OFFSET(U15,0,-1),"=*")>0,IF($C15="К","-"," - "),IF(COUNTIF(OFFSET($E15,0,1):OFFSET(U15,0,-1),"<4")>0,IF(C15="К","-"," - "),(IFERROR(AVERAGE(OFFSET($E15,0,1):OFFSET(U15,0,-1)),"Очікую")))) -> Очікую | V15: =IFERROR(U15/12*90,"Очікую") -> Очікую
D16: 7 | U16: =IF(COUNTIF(OFFSET($E16,0,1):OFFSET(U16,0,-1),"=*")>0,IF($C16="К","-"," - "),IF(COUNTIF(OFFSET($E16,0,1):OFFSET(U16,0,-1),"<4")>0,IF(C16="К","-"," - "),(IFERROR(AVERAGE(OFFSET($E16,0,1):OFFSET(U16,0,-1)),"Очікую")))) -> Очікую | V16: =IFERROR(U16/12*90,"Очікую") -> Очікую
D17: 8 | U17: =IF(COUNTIF(OFFSET($E17,0,1):OFFSET(U17,0,-1),"=*")>0,IF($C17="К","-"," - "),IF(COUNTIF(OFFSET($E17,0,1):OFFSET(U17,0,-1),"<4")>0,IF(C17="К","-"," - "),(IFERROR(AVERAGE(OFFSET($E17,0,1):OFFSET(U17,0,-1)),"Очікую")))) -> Очікую | V17: =IFERROR(U17/12*90,"Очікую") -> Очікую
D18: 9 | U18: =IF(COUNTIF(OFFSET($E18,0,1):OFFSET(U18,0,-1),"=*")>0,IF($C18="К","-"," - "),IF(COUNTIF(OFFSET($E18,0,1):OFFSET(U18,0,-1),"<4")>0,IF(C18="К","-"," - "),(IFERROR(AVERAGE(OFFSET($E18,0,1):OFFSET(U18,0,-1)),"Очікую")))) -> Очікую | V18: =IFERROR(U18/12*90,"Очікую") -> Очікую
D19: 10 | U19: =IF(COUNTIF(OFFSET($E19,0,1):OFFSET(U19,0,-1),"=*")>0,IF($C19="К","-"," - "),IF(COUNTIF(OFFSET($E19,0,1):OFFSET(U19,0,-1),"<4")>0,IF(C19="К","-"," - "),(IFERROR(AVERAGE(OFFSET($E19,0,1):OFFSET(U19,0,-1)),"Очікую")))) -> Очікую | V19: =IFERROR(U19/12*90,"Очікую") -> Очікую
D20: 11 | U20: =IF(COUNTIF(OFFSET($E20,0,1):OFFSET(U20,0,-1),"=*")>0,IF($C20="К","-"," - "),IF(COUNTIF(OFFSET($E20,0,1):OFFSET(U20,0,-1),"<4")>0,IF(C20="К","-"," - "),(IFERROR(AVERAGE(OFFSET($E20,0,1):OFFSET(U20,0,-1)),"Очікую")))) -> Очікую | V20: =IFERROR(U20/12*90,"Очікую") -> Очікую
D21: 12 | U21: =IF(COUNTIF(OFFSET($E21,0,1):OFFSET(U21,0,-1),"=*")>0,IF($C21="К","-"," - "),IF(COUNTIF(OFFSET($E21,0,1):OFFSET(U21,0,-1),"<4")>0,IF(C21="К","-"," - "),(IFERROR(AVERAGE(OFFSET($E21,0,1):OFFSET(U21,0,-1)),"Очікую")))) -> Очікую | V21: =IFERROR(U21/12*90,"Очікую") -> Очікую
... D109: 100 | U109: =IF(COUNTIF(OFFSET($E109,0,1):OFFSET(U109,0,-1),"=*")>0,IF($C109="К","-"," - "),IF(COUNTIF(OFFSET($E109,0,1):OFFSET(U109,0,-1),"<4")>0,IF(C109="К","-"," - "),(IFERROR(AVERAGE(OFFSET($E109,0,1):OFFSET(U109,0,-1)),"Очікую")))) -> Очікую | V109: =IFERROR(U109/12*90,"Очікую") -> Очікую
E110: Кількість бюджетників | F110: =З7!F115 -> Очікую
E111: Кількість контрактників | F111: =З7!F116 -> Очікую | H111: Класний керівник | P111: ХХХ
E112: Кількість соціального контингенту | F112: =З7!F117 -> 0
E113: Вийшли на стипендію | F113: =З7!F118 -> Очікую | H113: Завідувач відділення ПЗСО | P113: Маргарита БРІТІКОВА

Sheet Р8
A1: S
C3: ВІДОКРЕМЛЕНИЙ СТРУКТУРНИЙ ПІДРОЗДІЛ «ФАХОВИЙ КОЛЕДЖ НАФТОГАЗОВИХ ТЕХНОЛОГІЙ, ІНЖЕНЕРІЇ ТА ІНФРАСТРУКТУРИ СЕРВІСУ ОДЕСЬКОГО НАЦІОНАЛЬНОГО ТЕХНОЛОГІЧНОГО УНІВЕРСИТЕТУ»
C4: РЕЙТИНГОВА ВІДОМІСТЬ
C5: Успішності студентів спеціальності XXX «XXXXX»
C6: За X семестр XXXX-XXXX н.р.
C7: Група XXXX курс X
C8: Б/К | D8: № п/п | E8: Прізвище, ім’я, по батькові | F8: Підсумкові оцінки дисциплін
F9: Астрономія XXXXX | G9: Біологія XXXXX | H9: Всесвітня історія XXXXX | I9: Географія XXXXX | J9: Зарубіжна література XXXXX | K9: Захист України XXXXX | L9: Іноземна мова XXXXX | M9: Інформатика XXXXX | N9: Історія України XXXXX | O9: Математика XXXXX | P9: Українська література XXXXX | Q9: Українська мова XXXXX | R9: Фізика XXXXX | S9: Фізична культура XXXXX | T9: Хімія XXXXX | U9: Середній бал | V9: Рейтинговий бал
D10: 1 | U10: =IF(COUNTIF(OFFSET($E10,0,1):OFFSET(U10,0,-1),"=*")>0,IF($C10="К","-"," - "),IF(COUNTIF(OFFSET($E10,0,1):OFFSET(U10,0,-1),"<4")>0,IF(C10="К","-"," - "),(IFERROR(AVERAGE(OFFSET($E10,0,1):OFFSET(U10,0,-1)),"Очікую")))) -> Очікую | V10: =IFERROR(U10/12*90,"Очікую") -> Очікую
D11: 2 | U11: =IF(COUNTIF(OFFSET($E11,0,1):OFFSET(U11,0,-1),"=*")>0,IF($C11="К","-"," - "),IF(COUNTIF(OFFSET($E11,0,1):OFFSET(U11,0,-1),"<4")>0,IF(C11="К","-"," - "),(IFERROR(AVERAGE(OFFSET($E11,0,1):OFFSET(U11,0,-1)),"Очікую")))) -> Очікую | V11: =IFERROR(U11/12*90,"Очікую") -> Очікую
D12: 3 | U12: =IF(COUNTIF(OFFSET($E12,0,1):OFFSET(U12,0,-1),"=*")>0,IF($C12="К","-"," - "),IF(COUNTIF(OFFSET($E12,0,1):OFFSET(U12,0,-1),"<4")>0,IF(C12="К","-"," - "),(IFERROR(AVERAGE(OFFSET($E12,0,1):OFFSET(U12,0,-1)),"Очікую")))) -> Очікую | V12: =IFERROR(U12/12*90,"Очікую") -> Очікую
D13: 4 | U13: =IF(COUNTIF(OFFSET($E13,0,1):OFFSET(U13,0,-1),"=*")>0,IF($C13="К","-"," - "),IF(COUNTIF(OFFSET($E13,0,1):OFFSET(U13,0,-1),"<4")>0,IF(C13="К","-"," - "),(IFERROR(AVERAGE(OFFSET($E13,0,1):OFFSET(U13,0,-1)),"Очікую")))) -> Очікую | V13: =IFERROR(U13/12*90,"Очікую") -> Очікую
D14: 5 | U14: =IF(COUNTIF(OFFSET($E14,0,1):OFFSET(U14,0,-1),"=*")>0,IF($C14="К","-"," - "),IF(COUNTIF(OFFSET($E14,0,1):OFFSET(U14,0,-1),"<4")>0,IF(C14="К","-"," - "),(IFERROR(AVERAGE(OFFSET($E14,0,1):OFFSET(U14,0,-1)),"Очікую")))) -> Очікую | V14: =IFERROR(U14/12*90,"Очікую") -> Очікую
D15: 6 | U15: =IF(COUNTIF(OFFSET($E15,0,1):OFFSET(U15,0,-1),"=*")>0,IF($C15="К","-"," - "),IF(COUNTIF(OFFSET($E15,0,1):OFFSET(U15,0,-1),"<4")>0,IF(C15="К","-"," - "),(IFERROR(AVERAGE(OFFSET($E15,0,1):OFFSET(U15,0,-1)),"Очікую")))) -> Очікую | V15: =IFERROR(U15/12*90,"Очікую") -> Очікую
D16: 7 | U16: =IF(COUNTIF(OFFSET($E16,0,1):OFFSET(U16,0,-1),"=*")>0,IF($C16="К","-"," - "),IF(COUNTIF(OFFSET($E16,0,1):OFFSET(U16,0,-1),"<4")>0,IF(C16="К","-"," - "),(IFERROR(AVERAGE(OFFSET($E16,0,1):OFFSET(U16,0,-1)),"Очікую")))) -> Очікую | V16: =IFERROR(U16/12*90,"Очікую") -> Очікую
D17: 8 | U17: =IF(COUNTIF(OFFSET($E17,0,1):OFFSET(U17,0,-1),"=*")>0,IF($C17="К","-"," - "),IF(COUNTIF(OFFSET($E17,0,1):OFFSET(U17,0,-1),"<4")>0,IF(C17="К","-"," - "),(IFERROR(AVERAGE(OFFSET($E17,0,1):OFFSET(U17,0,-1)),"Очікую")))) -> Очікую | V17: =IFERROR(U17/12*90,"Очікую") -> Очікую
D18: 9 | U18: =IF(COUNTIF(OFFSET($E18,0,1):OFFSET(U18,0,-1),"=*")>0,IF($C18="К","-"," - "),IF(COUNTIF(OFFSET($E18,0,1):OFFSET(U18,0,-1),"<4")>0,IF(C18="К","-"," - "),(IFERROR(AVERAGE(OFFSET($E18,0,1):OFFSET(U18,0,-1)),"Очікую")))) -> Очікую | V18: =IFERROR(U18/12*90,"Очікую") -> Очікую
D19: 10 | U19: =IF(COUNTIF(OFFSET($E19,0,1):OFFSET(U19,0,-1),"=*")>0,IF($C19="К","-"," - "),IF(COUNTIF(OFFSET($E19,0,1):OFFSET(U19,0,-1),"<4")>0,IF(C19="К","-"," - "),(IFERROR(AVERAGE(OFFSET($E19,0,1):OFFSET(U19,0,-1)),"Очікую")))) -> Очікую | V19: =IFERROR(U19/12*90,"Очікую") -> Очікую
D20: 11 | U20: =IF(COUNTIF(OFFSET($E20,0,1):OFFSET(U20,0,-1),"=*")>0,IF($C20="К","-"," - "),IF(COUNTIF(OFFSET($E20,0,1):OFFSET(U20,0,-1),"<4")>0,IF(C20="К","-"," - "),(IFERROR(AVERAGE(OFFSET($E20,0,1):OFFSET(U20,0,-1)),"Очікую")))) -> Очікую | V20: =IFERROR(U20/12*90,"Очікую") -> Очікую
D21: 12 | U21: =IF(COUNTIF(OFFSET($E21,0,1):OFFSET(U21,0,-1),"=*")>0,IF($C21="К","-"," - "),IF(COUNTIF(OFFSET($E21,0,1):OFFSET(U21,0,-1),"<4")>0,IF(C21="К","-"," - "),(IFERROR(AVERAGE(OFFSET($E21,0,1):OFFSET(U21,0,-1)),"Очікую")))) -> Очікую | V21: =IFERROR(U21/12*90,"Очікую") -> Очікую
... D109: 100 | U109: =IF(COUNTIF(OFFSET($E109,0,1):OFFSET(U109,0,-1),"=*")>0,IF($C109="К","-"," - "),IF(COUNTIF(OFFSET($E109,0,1):OFFSET(U109,0,-1),"<4")>0,IF(C109="К","-"," - "),(IFERROR(AVERAGE(OFFSET($E109,0,1):OFFSET(U109,0,-1)),"Очікую")))) -> Очікую | V109: =IFERROR(U109/12*90,"Очікую") -> Очікую
E110: Кількість бюджетників | F110: =З8!F115 -> Очікую
E111: Кількість контрактників | F111: =З8!F116 -> Очікую | H111: Класний керівник | P111: ХХХ
E112: Кількість соціального контингенту | F112: =З8!F117 -> 0
E113: Вийшли на стипендію | F113: =З8!F118 -> Очікую | H113: Завідувач відділення ПЗСО | P113: Маргарита БРІТІКОВА

Sheet Р9
A1: S
C3: ВІДОКРЕМЛЕНИЙ СТРУКТУРНИЙ ПІДРОЗДІЛ «ФАХОВИЙ КОЛЕДЖ НАФТОГАЗОВИХ ТЕХНОЛОГІЙ, ІНЖЕНЕРІЇ ТА ІНФРАСТРУКТУРИ СЕРВІСУ ОДЕСЬКОГО НАЦІОНАЛЬНОГО ТЕХНОЛОГІЧНОГО УНІВЕРСИТЕТУ»
C4: РЕЙТИНГОВА ВІДОМІСТЬ
C5: Успішності студентів спеціальності XXX «XXXXX»
C6: За X семестр XXXX-XXXX н.р.
C7: Група XXXX курс X
C8: Б/К | D8: № п/п | E8: Прізвище, ім’я, по батькові | F8: Підсумкові оцінки дисциплін
F9: Астрономія XXXXX | G9: Біологія XXXXX | H9: Всесвітня історія XXXXX | I9: Географія XXXXX | J9: Зарубіжна література XXXXX | K9: Захист України XXXXX | L9: Іноземна мова XXXXX | M9: Інформатика XXXXX | N9: Історія України XXXXX | O9: Математика XXXXX | P9: Українська література XXXXX | Q9: Українська мова XXXXX | R9: Фізика XXXXX | S9: Фізична культура XXXXX | T9: Хімія XXXXX | U9: Середній бал | V9: Рейтинговий бал
D10: 1 | U10: =IF(COUNTIF(OFFSET($E10,0,1):OFFSET(U10,0,-1),"=*")>0,IF($C10="К","-"," - "),IF(COUNTIF(OFFSET($E10,0,1):OFFSET(U10,0,-1),"<4")>0,IF(C10="К","-"," - "),(IFERROR(AVERAGE(OFFSET($E10,0,1):OFFSET(U10,0,-1)),"Очікую")))) -> Очікую | V10: =IFERROR(U10/12*90,"Очікую") -> Очікую
D11: 2 | U11: =IF(COUNTIF(OFFSET($E11,0,1):OFFSET(U11,0,-1),"=*")>0,IF($C11="К","-"," - "),IF(COUNTIF(OFFSET($E11,0,1):OFFSET(U11,0,-1),"<4")>0,IF(C11="К","-"," - "),(IFERROR(AVERAGE(OFFSET($E11,0,1):OFFSET(U11,0,-1)),"Очікую")))) -> Очікую | V11: =IFERROR(U11/12*90,"Очікую") -> Очікую
D12: 3 | U12: =IF(COUNTIF(OFFSET($E12,0,1):OFFSET(U12,0,-1),"=*")>0,IF($C12="К","-"," - "),IF(COUNTIF(OFFSET($E12,0,1):OFFSET(U12,0,-1),"<4")>0,IF(C12="К","-"," - "),(IFERROR(AVERAGE(OFFSET($E12,0,1):OFFSET(U12,0,-1)),"Очікую")))) -> Очікую | V12: =IFERROR(U12/12*90,"Очікую") -> Очікую
D13: 4 | U13: =IF(COUNTIF(OFFSET($E13,0,1):OFFSET(U13,0,-1),"=*")>0,IF($C13="К","-"," - "),IF(COUNTIF(OFFSET($E13,0,1):OFFSET(U13,0,-1),"<4")>0,IF(C13="К","-"," - "),(IFERROR(AVERAGE(OFFSET($E13,0,1):OFFSET(U13,0,-1)),"Очікую")))) -> Очікую | V13: =IFERROR(U13/12*90,"Очікую") -> Очікую
D14: 5 | U14: =IF(COUNTIF(OFFSET($E14,0,1):OFFSET(U14,0,-1),"=*")>0,IF($C14="К","-"," - "),IF(COUNTIF(OFFSET($E14,0,1):OFFSET(U14,0,-1),"<4")>0,IF(C14="К","-"," - "),(IFERROR(AVERAGE(OFFSET($E14,0,1):OFFSET(U14,0,-1)),"Очікую")))) -> Очікую | V14: =IFERROR(U14/12*90,"Очікую") -> Очікую
D15: 6 | U15: =IF(COUNTIF(OFFSET($E15,0,1):OFFSET(U15,0,-1),"=*")>0,IF($C15="К","-"," - "),IF(COUNTIF(OFFSET($E15,0,1):OFFSET(U15,0,-1),"<4")>0,IF(C15="К","-"," - "),(IFERROR(AVERAGE(OFFSET($E15,0,1):OFFSET(U15,0,-1)),"Очікую")))) -> Очікую | V15: =IFERROR(U15/12*90,"Очікую") -> Очікую
D16: 7 | U16: =IF(COUNTIF(OFFSET($E16,0,1):OFFSET(U16,0,-1),"=*")>0,IF($C16="К","-"," - "),IF(COUNTIF(OFFSET($E16,0,1):OFFSET(U16,0,-1),"<4")>0,IF(C16="К","-"," - "),(IFERROR(AVERAGE(OFFSET($E16,0,1):OFFSET(U16,0,-1)),"Очікую")))) -> Очікую | V16: =IFERROR(U16/12*90,"Очікую") -> Очікую
D17: 8 | U17: =IF(COUNTIF(OFFSET($E17,0,1):OFFSET(U17,0,-1),"=*")>0,IF($C17="К","-"," - "),IF(COUNTIF(OFFSET($E17,0,1):OFFSET(U17,0,-1),"<4")>0,IF(C17="К","-"," - "),(IFERROR(AVERAGE(OFFSET($E17,0,1):OFFSET(U17,0,-1)),"Очікую")))) -> Очікую | V17: =IFERROR(U17/12*90,"Очікую") -> Очікую
D18: 9 | U18: =IF(COUNTIF(OFFSET($E18,0,1):OFFSET(U18,0,-1),"=*")>0,IF($C18="К","-"," - "),IF(COUNTIF(OFFSET($E18,0,1):OFFSET(U18,0,-1),"<4")>0,IF(C18="К","-"," - "),(IFERROR(AVERAGE(OFFSET($E18,0,1):OFFSET(U18,0,-1)),"Очікую")))) -> Очікую | V18: =IFERROR(U18/12*90,"Очікую") -> Очікую
D19: 10 | U19: =IF(COUNTIF(OFFSET($E19,0,1):OFFSET(U19,0,-1),"=*")>0,IF($C19="К","-"," - "),IF(COUNTIF(OFFSET($E19,0,1):OFFSET(U19,0,-1),"<4")>0,IF(C19="К","-"," - "),(IFERROR(AVERAGE(OFFSET($E19,0,1):OFFSET(U19,0,-1)),"Очікую")))) -> Очікую | V19: =IFERROR(U19/12*90,"Очікую") -> Очікую
D20: 11 | U20: =IF(COUNTIF(OFFSET($E20,0,1):OFFSET(U20,0,-1),"=*")>0,IF($C20="К","-"," - "),IF(COUNTIF(OFFSET($E20,0,1):OFFSET(U20,0,-1),"<4")>0,IF(C20="К","-"," - "),(IFERROR(AVERAGE(OFFSET($E20,0,1):OFFSET(U20,0,-1)),"Очікую")))) -> Очікую | V20: =IFERROR(U20/12*90,"Очікую") -> Очікую
D21: 12 | U21: =IF(COUNTIF(OFFSET($E21,0,1):OFFSET(U21,0,-1),"=*")>0,IF($C21="К","-"," - "),IF(COUNTIF(OFFSET($E21,0,1):OFFSET(U21,0,-1),"<4")>0,IF(C21="К","-"," - "),(IFERROR(AVERAGE(OFFSET($E21,0,1):OFFSET(U21,0,-1)),"Очікую")))) -> Очікую | V21: =IFERROR(U21/12*90,"Очікую") -> Очікую
... D109: 100 | U109: =IF(COUNTIF(OFFSET($E109,0,1):OFFSET(U109,0,-1),"=*")>0,IF($C109="К","-"," - "),IF(COUNTIF(OFFSET($E109,0,1):OFFSET(U109,0,-1),"<4")>0,IF(C109="К","-"," - "),(IFERROR(AVERAGE(OFFSET($E109,0,1):OFFSET(U109,0,-1)),"Очікую")))) -> Очікую | V109: =IFERROR(U109/12*90,"Очікую") -> Очікую
E110: Кількість бюджетників | F110: =З9!F115 -> Очікую
E111: Кількість контрактників | F111: =З9!F116 -> Очікую | H111: Класний керівник | P111: ХХХ
E112: Кількість соціального контингенту | F112: =З9!F117 -> 0
E113: Вийшли на стипендію | F113: =З9!F118 -> Очікую | H113: Завідувач відділення ПЗСО | P113: Маргарита БРІТІКОВА
