Workbook
Name A1048577: #REF!
Name A1048577: #REF!
Name A1048577: #REF!
Name A1048577: #REF!
Name A1048577: #REF!
Name A1048577: #REF!
Name A1048577: #REF!
Name A1048577: #REF!
Name A1048577: #REF!
Name A1048577: #REF!
Name A1048577: #REF!
Name A1048577: #REF!
Name A1048577: #REF!
Name A1048577: #REF!
Name A1048577: #REF!
Name A1048577: #REF!
Name A1048577: #REF!
Name A1048577: #REF!
Name A1048577: #REF!
Name A1048577: #REF!
Name Ф80: #REF!
Name Ф80: #REF!
Name Ф80: #REF!
Name Ф80: #REF!
Name Ф80: #REF!
Name Ф80: #REF!
Name Ф80: #REF!
Name Ф80: #REF!
Name Ф80: #REF!
Name Ф80: #REF!
Name Ф80: #REF!
Name Ф80: #REF!
Name Ф80: #REF!
Name Ф80: #REF!
Name Ф80: #REF!
Name Ф80: #REF!
Name Ф80: #REF!
Name Ф80: #REF!
Name Ф80: #REF!
Name Ф80: #REF!

Sheet Л_Загальна
A1: S
C3: ЗАГАЛЬНА ВІДОМІСТЬ З УСІМА СПЕЦІАЛЬНОСТЯМИ. НЕ ДЛЯ ДРУКУ. ЗВІДСИ ОЦІНКИ АВТОМАТИЧНО ПЕРЕНОСЯТЬСЯ ДО ВІДОМОСТЕЙ. СТВОРЕНО ДЛЯ ЛЕГШОГО ЗАПОВНЕННЯ ОЦІНОК
C8: Б/К | D8: № п/п | E8: Прізвище, ім’я, по батькові | F8: Підсумкові оцінки дисциплін | Z8: Середній бал
F9: 1 | G9: 2 | H9: 3 | I9: 4 | J9: 5 | K9: 6 | L9: 7 | M9: 8 | N9: 9 | O9: 10 | P9: 11 | Q9: 12 | R9: 13 | S9: 14 | T9: 15 | U9: 16 | V9: 17 | W9: 18 | X9: 19 | Y9: 20
D10: 1 | Z10: =IF(COUNTIF(F10:Y10,"=*")>0,IF($C10="К","-"," - "),IF(COUNTIF(F10:Y10,"<4")>0,IF(C10="К","-"," - "),(IFERROR(AVERAGE(F10:Y10),"Очікую")))) -> Очікую
D11: 2 | Z11: =IF(COUNTIF(F11:Y11,"=*")>0,IF($C11="К","-"," - "),IF(COUNTIF(F11:Y11,"<4")>0,IF(C11="К","-"," - "),(IFERROR(AVERAGE(F11:Y11),"Очікую")))) -> Очікую
D12: 3 | Z12: =IF(COUNTIF(F12:Y12,"=*")>0,IF($C12="К","-"," - "),IF(COUNTIF(F12:Y12,"<4")>0,IF(C12="К","-"," - "),(IFERROR(AVERAGE(F12:Y12),"Очікую")))) -> Очікую
D13: 4 | Z13: =IF(COUNTIF(F13:Y13,"=*")>0,IF($C13="К","-"," - "),IF(COUNTIF(F13:Y13,"<4")>0,IF(C13="К","-"," - "),(IFERROR(AVERAGE(F13:Y13),"Очікую")))) -> Очікую
D14: 5 | Z14: =IF(COUNTIF(F14:Y14,"=*")>0,IF($C14="К","-"," - "),IF(COUNTIF(F14:Y14,"<4")>0,IF(C14="К","-"," - "),(IFERROR(AVERAGE(F14:Y14),"Очікую")))) -> Очікую
D15: 6 | Z15: =IF(COUNTIF(F15:Y15,"=*")>0,IF($C15="К","-"," - "),IF(COUNTIF(F15:Y15,"<4")>0,IF(C15="К","-"," - "),(IFERROR(AVERAGE(F15:Y15),"Очікую")))) -> Очікую
D16: 7 | Z16: =IF(COUNTIF(F16:Y16,"=*")>0,IF($C16="К","-"," - "),IF(COUNTIF(F16:Y16,"<4")>0,IF(C16="К","-"," - "),(IFERROR(AVERAGE(F16:Y16),"Очікую")))) -> Очікую
D17: 8 | Z17: =IF(COUNTIF(F17:Y17,"=*")>0,IF($C17="К","-"," - "),IF(COUNTIF(F17:Y17,"<4")>0,IF(C17="К","-"," - "),(IFERROR(AVERAGE(F17:Y17),"Очікую")))) -> Очікую
D18: 9 | Z18: =IF(COUNTIF(F18:Y18,"=*")>0,IF($C18="К","-"," - "),IF(COUNTIF(F18:Y18,"<4")>0,IF(C18="К","-"," - "),(IFERROR(AVERAGE(F18:Y18),"Очікую")))) -> Очікую
D19: 10 | Z19: =IF(COUNTIF(F19:Y19,"=*")>0,IF($C19="К","-"," - "),IF(COUNTIF(F19:Y19,"<4")>0,IF(C19="К","-"," - "),(IFERROR(AVERAGE(F19:Y19),"Очікую")))) -> Очікую
D20: 11 | Z20: =IF(COUNTIF(F20:Y20,"=*")>0,IF($C20="К","-"," - "),IF(COUNTIF(F20:Y20,"<4")>0,IF(C20="К","-"," - "),(IFERROR(AVERAGE(F20:Y20),"Очікую")))) -> Очікую
D21: 12 | Z21: =IF(COUNTIF(F21:Y21,"=*")>0,IF($C21="К","-"," - "),IF(COUNTIF(F21:Y21,"<4")>0,IF(C21="К","-"," - "),(IFERROR(AVERAGE(F21:Y21),"Очікую")))) -> Очікую
... D109: 100 | Z109: =IF(COUNTIF(F109:Y109,"=*")>0,IF($C109="К","-"," - "),IF(COUNTIF(F109:Y109,"<4")>0,IF(C109="К","-"," - "),(IFERROR(AVERAGE(F109:Y109),"Очікую")))) -> Очікую
E110: Середній бал успішності з дисципліни | F110: =IF(SUM(F10:F109)=0,IF(COUNTA(F10:F109)=0,"Очікую",0),SUM(F10:F109)/$D109) -> Очікую | G110: =IF(SUM(G10:G109)=0,IF(COUNTA(G10:G109)=0,"Очікую",0),SUM(G10:G109)/$D109) -> Очікую | H110: =IF(SUM(H10:H109)=0,IF(COUNTA(H10:H109)=0,"Очікую",0),SUM(H10:H109)/$D109) -> Очікую | I110: =IF(SUM(I10:I109)=0,IF(COUNTA(I10:I109)=0,"Очікую",0),SUM(I10:I109)/$D109) -> Очікую | J110: =IF(SUM(J10:J109)=0,IF(COUNTA(J10:J109)=0,"Очікую",0),SUM(J10:J109)/$D109) -> Очікую | K110: =IF(SUM(K10:K109)=0,IF(COUNTA(K10:K109)=0,"Очікую",0),SUM(K10:K109)/$D109) -> Очікую | L110: =IF(SUM(L10:L109)=0,IF(COUNTA(L10:L109)=0,"Очікую",0),SUM(L10:L109)/$D109) -> Очікую | M110: =IF(SUM(M10:M109)=0,IF(COUNTA(M10:M109)=0,"Очікую",0),SUM(M10:M109)/$D109) -> Очікую | ... Y110: =IF(SUM(Y10:Y109)=0,IF(COUNTA(Y10:Y109)=0,"Очікую",0),SUM(Y10:Y109)/$D109) -> Очікую | Z110: =IFERROR(AVERAGE(F110:Y110),"Очікую") -> Очікую
E111: Абсолютна успішність | F111: =IF(SUM(F10:F109)=0,IF(COUNTA(F10:F109)=0,"Очікую",0),IF(COUNTIF(F10:F109,">=4")=0,0,COUNTIF(F10:F109,">=4")/$D109*100)) -> Очікую | G111: =IF(SUM(G10:G109)=0,IF(COUNTA(G10:G109)=0,"Очікую",0),IF(COUNTIF(G10:G109,">=4")=0,0,COUNTIF(G10:G109,">=4")/$D109*100)) -> Очікую | H111: =IF(SUM(H10:H109)=0,IF(COUNTA(H10:H109)=0,"Очікую",0),IF(COUNTIF(H10:H109,">=4")=0,0,COUNTIF(H10:H109,">=4")/$D109*100)) -> Очікую | I111: =IF(SUM(I10:I109)=0,IF(COUNTA(I10:I109)=0,"Очікую",0),IF(COUNTIF(I10:I109,">=4")=0,0,COUNTIF(I10:I109,">=4")/$D109*100)) -> Очікую | J111: =IF(SUM(J10:J109)=0,IF(COUNTA(J10:J109)=0,"Очікую",0),IF(COUNTIF(J10:J109,">=4")=0,0,COUNTIF(J10:J109,">=4")/$D109*100)) -> Очікую | K111: =IF(SUM(K10:K109)=0,IF(COUNTA(K10:K109)=0,"Очікую",0),IF(COUNTIF(K10:K109,">=4")=0,0,COUNTIF(K10:K109,">=4")/$D109*100)) -> Очікую | L111: =IF(SUM(L10:L109)=0,IF(COUNTA(L10:L109)=0,"Очікую",0),IF(COUNTIF(L10:L109,">=4")=0,0,COUNTIF(L10:L109,">=4")/$D109*100)) -> Очікую | M111: =IF(SUM(M10:M109)=0,IF(COUNTA(M10:M109)=0,"Очікую",0),IF(COUNTIF(M10:M109,">=4")=0,0,COUNTIF(M10:M109,">=4")/$D109*100)) -> Очікую | ... Y111: =IF(SUM(Y10:Y109)=0,IF(COUNTA(Y10:Y109)=0,"Очікую",0),IF(COUNTIF(Y10:Y109,">=4")=0,0,COUNTIF(Y10:Y109,">=4")/$D109*100)) -> Очікую
E112: Якісна успішність | F112: =IF(SUM(F10:F109)=0,IF(COUNTA(F10:F109)=0,"Очікую",0),IF(COUNTIF(F10:F109,">=7")=0,0,COUNTIF(F10:F109,">=7")/$D109*100)) -> Очікую | G112: =IF(SUM(G10:G109)=0,IF(COUNTA(G10:G109)=0,"Очікую",0),IF(COUNTIF(G10:G109,">=7")=0,0,COUNTIF(G10:G109,">=7")/$D109*100)) -> Очікую | H112: =IF(SUM(H10:H109)=0,IF(COUNTA(H10:H109)=0,"Очікую",0),IF(COUNTIF(H10:H109,">=7")=0,0,COUNTIF(H10:H109,">=7")/$D109*100)) -> Очікую | I112: =IF(SUM(I10:I109)=0,IF(COUNTA(I10:I109)=0,"Очікую",0),IF(COUNTIF(I10:I109,">=7")=0,0,COUNTIF(I10:I109,">=7")/$D109*100)) -> Очікую | J112: =IF(SUM(J10:J109)=0,IF(COUNTA(J10:J109)=0,"Очікую",0),IF(COUNTIF(J10:J109,">=7")=0,0,COUNTIF(J10:J109,">=7")/$D109*100)) -> Очікую | K112: =IF(SUM(K10:K109)=0,IF(COUNTA(K10:K109)=0,"Очікую",0),IF(COUNTIF(K10:K109,">=7")=0,0,COUNTIF(K10:K109,">=7")/$D109*100)) -> Очікую | L112: =IF(SUM(L10:L109)=0,IF(COUNTA(L10:L109)=0,"Очікую",0),IF(COUNTIF(L10:L109,">=7")=0,0,COUNTIF(L10:L109,">=7")/$D109*100)) -> Очікую | M112: =IF(SUM(M10:M109)=0,IF(COUNTA(M10:M109)=0,"Очікую",0),IF(COUNTIF(M10:M109,">=7")=0,0,COUNTIF(M10:M109,">=7")/$D109*100)) -> Очікую | ... Y112: =IF(SUM(Y10:Y109)=0,IF(COUNTA(Y10:Y109)=0,"Очікую",0),IF(COUNTIF(Y10:Y109,">=7")=0,0,COUNTIF(Y10:Y109,">=7")/$D109*100)) -> Очікую
E113: Абсолютна успішність по групі | F113: =IFERROR(AVERAGE(F111:Y111),"Очікую") -> Очікую
E114: Якісна успішність по групі | F114: =IFERROR(AVERAGE(F112:Y112),"Очікую") -> Очікую
E115: Кількість бюджетників | F115: =IF(COUNTIF(C10:C109,"=Б")=0,IF(COUNTIF(C10:C109,"=К")=0,"Очікую",0),COUNTIF(C10:C109,"=Б")) -> Очікую
E116: Кількість контрактників | F116: =IF(COUNTIF(C10:C109,"=К")=0,IF(COUNTIF(C10:C109,"=Б")=0,"Очікую",0),COUNTIF(C10:C109,"=К")) -> Очікую | H116: Класний керівник
E117: Кількість соціального контингенту
E118: Вийшли на стипендію | F118: =IF(F115="Очікую","Очікую",IF(F115-COUNTIF(Z10:Z109," - ")<ROUNDDOWN(F115*0.4,0),F115-COUNTIF(Z10:Z109," - "),ROUNDDOWN(F115*0.4,0))) -> Очікую | H118: Завідувач відділення ПЗСО

Sheet ЛЗ1
A1: S
C3: ВІДОКРЕМЛЕНИЙ СТРУКТУРНИЙ ПІДРОЗДІЛ «ФАХОВИЙ КОЛЕДЖ НАФТОГАЗОВИХ ТЕХНОЛОГІЙ, ІНЖЕНЕРІЇ ТА ІНФРАСТРУКТУРИ СЕРВІСУ ОДЕСЬКОГО НАЦІОНАЛЬНОГО ТЕХНОЛОГІЧНОГО УНІВЕРСИТЕТУ»
C4: ЗВЕДЕНА ВІДОМІСТЬ
C5: Успішності студентів спеціальності XXX «XXXXX»
C6: За X семестр XXXX-XXXX н.р.
C7: Група XXXX курс X
C8: Б/К | D8: № п/п | E8: Прізвище, ім’я, по батькові | F8: Підсумкові оцінки дисциплін | Z8: Середній бал
F9: 1 | G9: 2 | H9: 3 | I9: 4 | J9: 5 | K9: 6 | L9: 7 | M9: 8 | N9: 9 | O9: 10 | P9: 11 | Q9: 12 | R9: 13 | S9: 14 | T9: 15 | U9: 16 | V9: 17 | W9: 18 | X9: 19 | Y9: 20
D10: 1 | Z10: =IF(COUNTIF(F10:Y10,"=*")>0,IF($C10="К","-"," - "),IF(COUNTIF(F10:Y10,"<4")>0,IF(C10="К","-"," - "),(IFERROR(AVERAGE(F10:Y10),"Очікую")))) -> Очікую
D11: 2 | Z11: =IF(COUNTIF(F11:Y11,"=*")>0,IF($C11="К","-"," - "),IF(COUNTIF(F11:Y11,"<4")>0,IF(C11="К","-"," - "),(IFERROR(AVERAGE(F11:Y11),"Очікую")))) -> Очікую
D12: 3 | Z12: =IF(COUNTIF(F12:Y12,"=*")>0,IF($C12="К","-"," - "),IF(COUNTIF(F12:Y12,"<4")>0,IF(C12="К","-"," - "),(IFERROR(AVERAGE(F12:Y12),"Очікую")))) -> Очікую
D13: 4 | Z13: =IF(COUNTIF(F13:Y13,"=*")>0,IF($C13="К","-"," - "),IF(COUNTIF(F13:Y13,"<4")>0,IF(C13="К","-"," - "),(IFERROR(AVERAGE(F13:Y13),"Очікую")))) -> Очікую
D14: 5 | Z14: =IF(COUNTIF(F14:Y14,"=*")>0,IF($C14="К","-"," - "),IF(COUNTIF(F14:Y14,"<4")>0,IF(C14="К","-"," - "),(IFERROR(AVERAGE(F14:Y14),"Очікую")))) -> Очікую
D15: 6 | Z15: =IF(COUNTIF(F15:Y15,"=*")>0,IF($C15="К","-"," - "),IF(COUNTIF(F15:Y15,"<4")>0,IF(C15="К","-"," - "),(IFERROR(AVERAGE(F15:Y15),"Очікую")))) -> Очікую
D16: 7 | Z16: =IF(COUNTIF(F16:Y16,"=*")>0,IF($C16="К","-"," - "),IF(COUNTIF(F16:Y16,"<4")>0,IF(C16="К","-"," - "),(IFERROR(AVERAGE(F16:Y16),"Очікую")))) -> Очікую
D17: 8 | Z17: =IF(COUNTIF(F17:Y17,"=*")>0,IF($C17="К","-"," - "),IF(COUNTIF(F17:Y17,"<4")>0,IF(C17="К","-"," - "),(IFERROR(AVERAGE(F17:Y17),"Очікую")))) -> Очікую
D18: 9 | Z18: =IF(COUNTIF(F18:Y18,"=*")>0,IF($C18="К","-"," - "),IF(COUNTIF(F18:Y18,"<4")>0,IF(C18="К","-"," - "),(IFERROR(AVERAGE(F18:Y18),"Очікую")))) -> Очікую
D19: 10 | Z19: =IF(COUNTIF(F19:Y19,"=*")>0,IF($C19="К","-"," - "),IF(COUNTIF(F19:Y19,"<4")>0,IF(C19="К","-"," - "),(IFERROR(AVERAGE(F19:Y19),"Очікую")))) -> Очікую
D20: 11 | Z20: =IF(COUNTIF(F20:Y20,"=*")>0,IF($C20="К","-"," - "),IF(COUNTIF(F20:Y20,"<4")>0,IF(C20="К","-"," - "),(IFERROR(AVERAGE(F20:Y20),"Очікую")))) -> Очікую
D21: 12 | Z21: =IF(COUNTIF(F21:Y21,"=*")>0,IF($C21="К","-"," - "),IF(COUNTIF(F21:Y21,"<4")>0,IF(C21="К","-"," - "),(IFERROR(AVERAGE(F21:Y21),"Очікую")))) -> Очікую
... D109: 100 | Z109: =IF(COUNTIF(F109:Y109,"=*")>0,IF($C109="К","-"," - "),IF(COUNTIF(F109:Y109,"<4")>0,IF(C109="К","-"," - "),(IFERROR(AVERAGE(F109:Y109),"Очікую")))) -> Очікую
E110: Середній бал успішності з дисципліни | F110: =IF(SUM(F10:F109)=0,IF(COUNTA(F10:F109)=0,"Очікую",0),SUM(F10:F109)/$D109) -> Очікую | G110: =IF(SUM(G10:G109)=0,IF(COUNTA(G10:G109)=0,"Очікую",0),SUM(G10:G109)/$D109) -> Очікую | H110: =IF(SUM(H10:H109)=0,IF(COUNTA(H10:H109)=0,"Очікую",0),SUM(H10:H109)/$D109) -> Очікую | I110: =IF(SUM(I10:I109)=0,IF(COUNTA(I10:I109)=0,"Очікую",0),SUM(I10:I109)/$D109) -> Очікую | J110: =IF(SUM(J10:J109)=0,IF(COUNTA(J10:J109)=0,"Очікую",0),SUM(J10:J109)/$D109) -> Очікую | K110: =IF(SUM(K10:K109)=0,IF(COUNTA(K10:K109)=0,"Очікую",0),SUM(K10:K109)/$D109) -> Очікую | L110: =IF(SUM(L10:L109)=0,IF(COUNTA(L10:L109)=0,"Очікую",0),SUM(L10:L109)/$D109) -> Очікую | M110: =IF(SUM(M10:M109)=0,IF(COUNTA(M10:M109)=0,"Очікую",0),SUM(M10:M109)/$D109) -> Очікую | ... Y110: =IF(SUM(Y10:Y109)=0,IF(COUNTA(Y10:Y109)=0,"Очікую",0),SUM(Y10:Y109)/$D109) -> Очікую | Z110: =IFERROR(AVERAGE(F110:Y110),"Очікую") -> Очікую
E111: Абсолютна успішність | F111: =IF(SUM(F10:F109)=0,IF(COUNTA(F10:F109)=0,"Очікую",0),IF(COUNTIF(F10:F109,">=4")=0,0,COUNTIF(F10:F109,">=4")/$D109*100)) -> Очікую | G111: =IF(SUM(G10:G109)=0,IF(COUNTA(G10:G109)=0,"Очікую",0),IF(COUNTIF(G10:G109,">=4")=0,0,COUNTIF(G10:G109,">=4")/$D109*100)) -> Очікую | H111: =IF(SUM(H10:H109)=0,IF(COUNTA(H10:H109)=0,"Очікую",0),IF(COUNTIF(H10:H109,">=4")=0,0,COUNTIF(H10:H109,">=4")/$D109*100)) -> Очікую | I111: =IF(SUM(I10:I109)=0,IF(COUNTA(I10:I109)=0,"Очікую",0),IF(COUNTIF(I10:I109,">=4")=0,0,COUNTIF(I10:I109,">=4")/$D109*100)) -> Очікую | J111: =IF(SUM(J10:J109)=0,IF(COUNTA(J10:J109)=0,"Очікую",0),IF(COUNTIF(J10:J109,">=4")=0,0,COUNTIF(J10:J109,">=4")/$D109*100)) -> Очікую | K111: =IF(SUM(K10:K109)=0,IF(COUNTA(K10:K109)=0,"Очікую",0),IF(COUNTIF(K10:K109,">=4")=0,0,COUNTIF(K10:K109,">=4")/$D109*100)) -> Очікую | L111: =IF(SUM(L10:L109)=0,IF(COUNTA(L10:L109)=0,"Очікую",0),IF(COUNTIF(L10:L109,">=4")=0,0,COUNTIF(L10:L109,">=4")/$D109*100)) -> Очікую | M111: =IF(SUM(M10:M109)=0,IF(COUNTA(M10:M109)=0,"Очікую",0),IF(COUNTIF(M10:M109,">=4")=0,0,COUNTIF(M10:M109,">=4")/$D109*100)) -> Очікую | ... Y111: =IF(SUM(Y10:Y109)=0,IF(COUNTA(Y10:Y109)=0,"Очікую",0),IF(COUNTIF(Y10:Y109,">=4")=0,0,COUNTIF(Y10:Y109,">=4")/$D109*100)) -> Очікую
E112: Якісна успішність | F112: =IF(SUM(F10:F109)=0,IF(COUNTA(F10:F109)=0,"Очікую",0),IF(COUNTIF(F10:F109,">=7")=0,0,COUNTIF(F10:F109,">=7")/$D109*100)) -> Очікую | G112: =IF(SUM(G10:G109)=0,IF(COUNTA(G10:G109)=0,"Очікую",0),IF(COUNTIF(G10:G109,">=7")=0,0,COUNTIF(G10:G109,">=7")/$D109*100)) -> Очікую | H112: =IF(SUM(H10:H109)=0,IF(COUNTA(H10:H109)=0,"Очікую",0),IF(COUNTIF(H10:H109,">=7")=0,0,COUNTIF(H10:H109,">=7")/$D109*100)) -> Очікую | I112: =IF(SUM(I10:I109)=0,IF(COUNTA(I10:I109)=0,"Очікую",0),IF(COUNTIF(I10:I109,">=7")=0,0,COUNTIF(I10:I109,">=7")/$D109*100)) -> Очікую | J112: =IF(SUM(J10:J109)=0,IF(COUNTA(J10:J109)=0,"Очікую",0),IF(COUNTIF(J10:J109,">=7")=0,0,COUNTIF(J10:J109,">=7")/$D109*100)) -> Очікую | K112: =IF(SUM(K10:K109)=0,IF(COUNTA(K10:K109)=0,"Очікую",0),IF(COUNTIF(K10:K109,">=7")=0,0,COUNTIF(K10:K109,">=7")/$D109*100)) -> Очікую | L112: =IF(SUM(L10:L109)=0,IF(COUNTA(L10:L109)=0,"Очікую",0),IF(COUNTIF(L10:L109,">=7")=0,0,COUNTIF(L10:L109,">=7")/$D109*100)) -> Очікую | M112: =IF(SUM(M10:M109)=0,IF(COUNTA(M10:M109)=0,"Очікую",0),IF(COUNTIF(M10:M109,">=7")=0,0,COUNTIF(M10:M109,">=7")/$D109*100)) -> Очікую | ... Y112: =IF(SUM(Y10:Y109)=0,IF(COUNTA(Y10:Y109)=0,"Очікую",0),IF(COUNTIF(Y10:Y109,">=7")=0,0,COUNTIF(Y10:Y109,">=7")/$D109*100)) -> Очікую
E113: Абсолютна успішність по групі | F113: =IFERROR(AVERAGE(F111:Y111),"Очікую") -> Очікую
E114: Якісна успішність по групі | F114: =IFERROR(AVERAGE(F112:Y112),"Очікую") -> Очікую
E115: Кількість бюджетників | F115: =IF(COUNTIF(C10:C109,"=Б")=0,IF(COUNTIF(C10:C109,"=К")=0,"Очікую",0),COUNTIF(C10:C109,"=Б")) -> Очікую
E116: Кількість контрактників | F116: =IF(COUNTIF(C10:C109,"=К")=0,IF(COUNTIF(C10:C109,"=Б")=0,"Очікую",0),COUNTIF(C10:C109,"=К")) -> Очікую | H116: Класний керівник
E117: Кількість соціального контингенту
E118: Вийшли на стипендію | F118: =IF(F115="Очікую","Очікую",IF(F115-COUNTIF(Z10:Z109," - ")<ROUNDDOWN(F115*0.4,0),F115-COUNTIF(Z10:Z109," - "),ROUNDDOWN(F115*0.4,0))) -> Очікую | H118: Завідувач відділення ПЗСО

Sheet ЛЗ2
A1: S
C3: ВІДОКРЕМЛЕНИЙ СТРУКТУРНИЙ ПІДРОЗДІЛ «ФАХОВИЙ КОЛЕДЖ НАФТОГАЗОВИХ ТЕХНОЛОГІЙ, ІНЖЕНЕРІЇ ТА ІНФРАСТРУКТУРИ СЕРВІСУ ОДЕСЬКОГО НАЦІОНАЛЬНОГО ТЕХНОЛОГІЧНОГО УНІВЕРСИТЕТУ»
C4: ЗВЕДЕНА ВІДОМІСТЬ
C5: Успішності студентів спеціальності XXX «XXXXX»
C6: За X семестр XXXX-XXXX н.р.
C7: Група XXXX курс X
C8: Б/К | D8: № п/п | E8: Прізвище, ім’я, по батькові | F8: Підсумкові оцінки дисциплін | Z8: Середній бал
F9: 1 | G9: 2 | H9: 3 | I9: 4 | J9: 5 | K9: 6 | L9: 7 | M9: 8 | N9: 9 | O9: 10 | P9: 11 | Q9: 12 | R9: 13 | S9: 14 | T9: 15 | U9: 16 | V9: 17 | W9: 18 | X9: 19 | Y9: 20
D10: 1 | Z10: =IF(COUNTIF(F10:Y10,"=*")>0,IF($C10="К","-"," - "),IF(COUNTIF(F10:Y10,"<4")>0,IF(C10="К","-"," - "),(IFERROR(AVERAGE(F10:Y10),"Очікую")))) -> Очікую
D11: 2 | Z11: =IF(COUNTIF(F11:Y11,"=*")>0,IF($C11="К","-"," - "),IF(COUNTIF(F11:Y11,"<4")>0,IF(C11="К","-"," - "),(IFERROR(AVERAGE(F11:Y11),"Очікую")))) -> Очікую
D12: 3 | Z12: =IF(COUNTIF(F12:Y12,"=*")>0,IF($C12="К","-"," - "),IF(COUNTIF(F12:Y12,"<4")>0,IF(C12="К","-"," - "),(IFERROR(AVERAGE(F12:Y12),"Очікую")))) -> Очікую
D13: 4 | Z13: =IF(COUNTIF(F13:Y13,"=*")>0,IF($C13="К","-"," - "),IF(COUNTIF(F13:Y13,"<4")>0,IF(C13="К","-"," - "),(IFERROR(AVERAGE(F13:Y13),"Очікую")))) -> Очікую
D14: 5 | Z14: =IF(COUNTIF(F14:Y14,"=*")>0,IF($C14="К","-"," - "),IF(COUNTIF(F14:Y14,"<4")>0,IF(C14="К","-"," - "),(IFERROR(AVERAGE(F14:Y14),"Очікую")))) -> Очікую
D15: 6 | Z15: =IF(COUNTIF(F15:Y15,"=*")>0,IF($C15="К","-"," - "),IF(COUNTIF(F15:Y15,"<4")>0,IF(C15="К","-"," - "),(IFERROR(AVERAGE(F15:Y15),"Очікую")))) -> Очікую
D16: 7 | Z16: =IF(COUNTIF(F16:Y16,"=*")>0,IF($C16="К","-"," - "),IF(COUNTIF(F16:Y16,"<4")>0,IF(C16="К","-"," - "),(IFERROR(AVERAGE(F16:Y16),"Очікую")))) -> Очікую
D17: 8 | Z17: =IF(COUNTIF(F17:Y17,"=*")>0,IF($C17="К","-"," - "),IF(COUNTIF(F17:Y17,"<4")>0,IF(C17="К","-"," - "),(IFERROR(AVERAGE(F17:Y17),"Очікую")))) -> Очікую
D18: 9 | Z18: =IF(COUNTIF(F18:Y18,"=*")>0,IF($C18="К","-"," - "),IF(COUNTIF(F18:Y18,"<4")>0,IF(C18="К","-"," - "),(IFERROR(AVERAGE(F18:Y18),"Очікую")))) -> Очікую
D19: 10 | Z19: =IF(COUNTIF(F19:Y19,"=*")>0,IF($C19="К","-"," - "),IF(COUNTIF(F19:Y19,"<4")>0,IF(C19="К","-"," - "),(IFERROR(AVERAGE(F19:Y19),"Очікую")))) -> Очікую
D20: 11 | Z20: =IF(COUNTIF(F20:Y20,"=*")>0,IF($C20="К","-"," - "),IF(COUNTIF(F20:Y20,"<4")>0,IF(C20="К","-"," - "),(IFERROR(AVERAGE(F20:Y20),"Очікую")))) -> Очікую
D21: 12 | Z21: =IF(COUNTIF(F21:Y21,"=*")>0,IF($C21="К","-"," - "),IF(COUNTIF(F21:Y21,"<4")>0,IF(C21="К","-"," - "),(IFERROR(AVERAGE(F21:Y21),"Очікую")))) -> Очікую
... D109: 100 | Z109: =IF(COUNTIF(F109:Y109,"=*")>0,IF($C109="К","-"," - "),IF(COUNTIF(F109:Y109,"<4")>0,IF(C109="К","-"," - "),(IFERROR(AVERAGE(F109:Y109),"Очікую")))) -> Очікую
E110: Середній бал успішності з дисципліни | F110: =IF(SUM(F10:F109)=0,IF(COUNTA(F10:F109)=0,"Очікую",0),SUM(F10:F109)/$D109) -> Очікую | G110: =IF(SUM(G10:G109)=0,IF(COUNTA(G10:G109)=0,"Очікую",0),SUM(G10:G109)/$D109) -> Очікую | H110: =IF(SUM(H10:H109)=0,IF(COUNTA(H10:H109)=0,"Очікую",0),SUM(H10:H109)/$D109) -> Очікую | I110: =IF(SUM(I10:I109)=0,IF(COUNTA(I10:I109)=0,"Очікую",0),SUM(I10:I109)/$D109) -> Очікую | J110: =IF(SUM(J10:J109)=0,IF(COUNTA(J10:J109)=0,"Очікую",0),SUM(J10:J109)/$D109) -> Очікую | K110: =IF(SUM(K10:K109)=0,IF(COUNTA(K10:K109)=0,"Очікую",0),SUM(K10:K109)/$D109) -> Очікую | L110: =IF(SUM(L10:L109)=0,IF(COUNTA(L10:L109)=0,"Очікую",0),SUM(L10:L109)/$D109) -> Очікую | M110: =IF(SUM(M10:M109)=0,IF(COUNTA(M10:M109)=0,"Очікую",0),SUM(M10:M109)/$D109) -> Очікую | ... Y110: =IF(SUM(Y10:Y109)=0,IF(COUNTA(Y10:Y109)=0,"Очікую",0),SUM(Y10:Y109)/$D109) -> Очікую | Z110: =IFERROR(AVERAGE(F110:Y110),"Очікую") -> Очікую
E111: Абсолютна успішність | F111: =IF(SUM(F10:F109)=0,IF(COUNTA(F10:F109)=0,"Очікую",0),IF(COUNTIF(F10:F109,">=4")=0,0,COUNTIF(F10:F109,">=4")/$D109*100)) -> Очікую | G111: =IF(SUM(G10:G109)=0,IF(COUNTA(G10:G109)=0,"Очікую",0),IF(COUNTIF(G10:G109,">=4")=0,0,COUNTIF(G10:G109,">=4")/$D109*100)) -> Очікую | H111: =IF(SUM(H10:H109)=0,IF(COUNTA(H10:H109)=0,"Очікую",0),IF(COUNTIF(H10:H109,">=4")=0,0,COUNTIF(H10:H109,">=4")/$D109*100)) -> Очікую | I111: =IF(SUM(I10:I109)=0,IF(COUNTA(I10:I109)=0,"Очікую",0),IF(COUNTIF(I10:I109,">=4")=0,0,COUNTIF(I10:I109,">=4")/$D109*100)) -> Очікую | J111: =IF(SUM(J10:J109)=0,IF(COUNTA(J10:J109)=0,"Очікую",0),IF(COUNTIF(J10:J109,">=4")=0,0,COUNTIF(J10:J109,">=4")/$D109*100)) -> Очікую | K111: =IF(SUM(K10:K109)=0,IF(COUNTA(K10:K109)=0,"Очікую",0),IF(COUNTIF(K10:K109,">=4")=0,0,COUNTIF(K10:K109,">=4")/$D109*100)) -> Очікую | L111: =IF(SUM(L10:L109)=0,IF(COUNTA(L10:L109)=0,"Очікую",0),IF(COUNTIF(L10:L109,">=4")=0,0,COUNTIF(L10:L109,">=4")/$D109*100)) -> Очікую | M111: =IF(SUM(M10:M109)=0,IF(COUNTA(M10:M109)=0,"Очікую",0),IF(COUNTIF(M10:M109,">=4")=0,0,COUNTIF(M10:M109,">=4")/$D109*100)) -> Очікую | ... Y111: =IF(SUM(Y10:Y109)=0,IF(COUNTA(Y10:Y109)=0,"Очікую",0),IF(COUNTIF(Y10:Y109,">=4")=0,0,COUNTIF(Y10:Y109,">=4")/$D109*100)) -> Очікую
E112: Якісна успішність | F112: =IF(SUM(F10:F109)=0,IF(COUNTA(F10:F109)=0,"Очікую",0),IF(COUNTIF(F10:F109,">=7")=0,0,COUNTIF(F10:F109,">=7")/$D109*100)) -> Очікую | G112: =IF(SUM(G10:G109)=0,IF(COUNTA(G10:G109)=0,"Очікую",0),IF(COUNTIF(G10:G109,">=7")=0,0,COUNTIF(G10:G109,">=7")/$D109*100)) -> Очікую | H112: =IF(SUM(H10:H109)=0,IF(COUNTA(H10:H109)=0,"Очікую",0),IF(COUNTIF(H10:H109,">=7")=0,0,COUNTIF(H10:H109,">=7")/$D109*100)) -> Очікую | I112: =IF(SUM(I10:I109)=0,IF(COUNTA(I10:I109)=0,"Очікую",0),IF(COUNTIF(I10:I109,">=7")=0,0,COUNTIF(I10:I109,">=7")/$D109*100)) -> Очікую | J112: =IF(SUM(J10:J109)=0,IF(COUNTA(J10:J109)=0,"Очікую",0),IF(COUNTIF(J10:J109,">=7")=0,0,COUNTIF(J10:J109,">=7")/$D109*100)) -> Очікую | K112: =IF(SUM(K10:K109)=0,IF(COUNTA(K10:K109)=0,"Очікую",0),IF(COUNTIF(K10:K109,">=7")=0,0,COUNTIF(K10:K109,">=7")/$D109*100)) -> Очікую | L112: =IF(SUM(L10:L109)=0,IF(COUNTA(L10:L109)=0,"Очікую",0),IF(COUNTIF(L10:L109,">=7")=0,0,COUNTIF(L10:L109,">=7")/$D109*100)) -> Очікую | M112: =IF(SUM(M10:M109)=0,IF(COUNTA(M10:M109)=0,"Очікую",0),IF(COUNTIF(M10:M109,">=7")=0,0,COUNTIF(M10:M109,">=7")/$D109*100)) -> Очікую | ... Y112: =IF(SUM(Y10:Y109)=0,IF(COUNTA(Y10:Y109)=0,"Очікую",0),IF(COUNTIF(Y10:Y109,">=7")=0,0,COUNTIF(Y10:Y109,">=7")/$D109*100)) -> Очікую
E113: Абсолютна успішність по групі | F113: =IFERROR(AVERAGE(F111:Y111),"Очікую") -> Очікую
E114: Якісна успішність по групі | F114: =IFERROR(AVERAGE(F112:Y112),"Очікую") -> Очікую
E115: Кількість бюджетників | F115: =IF(COUNTIF(C10:C109,"=Б")=0,IF(COUNTIF(C10:C109,"=К")=0,"Очікую",0),COUNTIF(C10:C109,"=Б")) -> Очікую
E116: Кількість контрактників | F116: =IF(COUNTIF(C10:C109,"=К")=0,IF(COUNTIF(C10:C109,"=Б")=0,"Очікую",0),COUNTIF(C10:C109,"=К")) -> Очікую | H116: Класний керівник
E117: Кількість соціального контингенту
E118: Вийшли на стипендію | F118: =IF(F115="Очікую","Очікую",IF(F115-COUNTIF(Z10:Z109," - ")<ROUNDDOWN(F115*0.4,0),F115-COUNTIF(Z10:Z109," - "),ROUNDDOWN(F115*0.4,0))) -> Очікую | H118: Завідувач відділення ПЗСО

Sheet ЛЗ3
A1: S
C3: ВІДОКРЕМЛЕНИЙ СТРУКТУРНИЙ ПІДРОЗДІЛ «ФАХОВИЙ КОЛЕДЖ НАФТОГАЗОВИХ ТЕХНОЛОГІЙ, ІНЖЕНЕРІЇ ТА ІНФРАСТРУКТУРИ СЕРВІСУ ОДЕСЬКОГО НАЦІОНАЛЬНОГО ТЕХНОЛОГІЧНОГО УНІВЕРСИТЕТУ»
C4: ЗВЕДЕНА ВІДОМІСТЬ
C5: Успішності студентів спеціальності XXX «XXXXX»
C6: За X семестр XXXX-XXXX н.р.
C7: Група XXXX курс X
C8: Б/К | D8: № п/п | E8: Прізвище, ім’я, по батькові | F8: Підсумкові оцінки дисциплін | Z8: Середній бал
F9: 1 | G9: 2 | H9: 3 | I9: 4 | J9: 5 | K9: 6 | L9: 7 | M9: 8 | N9: 9 | O9: 10 | P9: 11 | Q9: 12 | R9: 13 | S9: 14 | T9: 15 | U9: 16 | V9: 17 | W9: 18 | X9: 19 | Y9: 20
D10: 1 | Z10: =IF(COUNTIF(F10:Y10,"=*")>0,IF($C10="К","-"," - "),IF(COUNTIF(F10:Y10,"<4")>0,IF(C10="К","-"," - "),(IFERROR(AVERAGE(F10:Y10),"Очікую")))) -> Очікую
D11: 2 | Z11: =IF(COUNTIF(F11:Y11,"=*")>0,IF($C11="К","-"," - "),IF(COUNTIF(F11:Y11,"<4")>0,IF(C11="К","-"," - "),(IFERROR(AVERAGE(F11:Y11),"Очікую")))) -> Очікую
D12: 3 | Z12: =IF(COUNTIF(F12:Y12,"=*")>0,IF($C12="К","-"," - "),IF(COUNTIF(F12:Y12,"<4")>0,IF(C12="К","-"," - "),(IFERROR(AVERAGE(F12:Y12),"Очікую")))) -> Очікую
D13: 4 | Z13: =IF(COUNTIF(F13:Y13,"=*")>0,IF($C13="К","-"," - "),IF(COUNTIF(F13:Y13,"<4")>0,IF(C13="К","-"," - "),(IFERROR(AVERAGE(F13:Y13),"Очікую")))) -> Очікую
D14: 5 | Z14: =IF(COUNTIF(F14:Y14,"=*")>0,IF($C14="К","-"," - "),IF(COUNTIF(F14:Y14,"<4")>0,IF(C14="К","-"," - "),(IFERROR(AVERAGE(F14:Y14),"Очікую")))) -> Очікую
D15: 6 | Z15: =IF(COUNTIF(F15:Y15,"=*")>0,IF($C15="К","-"," - "),IF(COUNTIF(F15:Y15,"<4")>0,IF(C15="К","-"," - "),(IFERROR(AVERAGE(F15:Y15),"Очікую")))) -> Очікую
D16: 7 | Z16: =IF(COUNTIF(F16:Y16,"=*")>0,IF($C16="К","-"," - "),IF(COUNTIF(F16:Y16,"<4")>0,IF(C16="К","-"," - "),(IFERROR(AVERAGE(F16:Y16),"Очікую")))) -> Очікую
D17: 8 | Z17: =IF(COUNTIF(F17:Y17,"=*")>0,IF($C17="К","-"," - "),IF(COUNTIF(F17:Y17,"<4")>0,IF(C17="К","-"," - "),(IFERROR(AVERAGE(F17:Y17),"Очікую")))) -> Очікую
D18: 9 | Z18: =IF(COUNTIF(F18:Y18,"=*")>0,IF($C18="К","-"," - "),IF(COUNTIF(F18:Y18,"<4")>0,IF(C18="К","-"," - "),(IFERROR(AVERAGE(F18:Y18),"Очікую")))) -> Очікую
D19: 10 | Z19: =IF(COUNTIF(F19:Y19,"=*")>0,IF($C19="К","-"," - "),IF(COUNTIF(F19:Y19,"<4")>0,IF(C19="К","-"," - "),(IFERROR(AVERAGE(F19:Y19),"Очікую")))) -> Очікую
D20: 11 | Z20: =IF(COUNTIF(F20:Y20,"=*")>0,IF($C20="К","-"," - "),IF(COUNTIF(F20:Y20,"<4")>0,IF(C20="К","-"," - "),(IFERROR(AVERAGE(F20:Y20),"Очікую")))) -> Очікую
D21: 12 | Z21: =IF(COUNTIF(F21:Y21,"=*")>0,IF($C21="К","-"," - "),IF(COUNTIF(F21:Y21,"<4")>0,IF(C21="К","-"," - "),(IFERROR(AVERAGE(F21:Y21),"Очікую")))) -> Очікую
... D109: 100 | Z109: =IF(COUNTIF(F109:Y109,"=*")>0,IF($C109="К","-"," - "),IF(COUNTIF(F109:Y109,"<4")>0,IF(C109="К","-"," - "),(IFERROR(AVERAGE(F109:Y109),"Очікую")))) -> Очікую
E110: Середній бал успішності з дисципліни | F110: =IF(SUM(F10:F109)=0,IF(COUNTA(F10:F109)=0,"Очікую",0),SUM(F10:F109)/$D109) -> Очікую | G110: =IF(SUM(G10:G109)=0,IF(COUNTA(G10:G109)=0,"Очікую",0),SUM(G10:G109)/$D109) -> Очікую | H110: =IF(SUM(H10:H109)=0,IF(COUNTA(H10:H109)=0,"Очікую",0),SUM(H10:H109)/$D109) -> Очікую | I110: =IF(SUM(I10:I109)=0,IF(COUNTA(I10:I109)=0,"Очікую",0),SUM(I10:I109)/$D109) -> Очікую | J110: =IF(SUM(J10:J109)=0,IF(COUNTA(J10:J109)=0,"Очікую",0),SUM(J10:J109)/$D109) -> Очікую | K110: =IF(SUM(K10:K109)=0,IF(COUNTA(K10:K109)=0,"Очікую",0),SUM(K10:K109)/$D109) -> Очікую | L110: =IF(SUM(L10:L109)=0,IF(COUNTA(L10:L109)=0,"Очікую",0),SUM(L10:L109)/$D109) -> Очікую | M110: =IF(SUM(M10:M109)=0,IF(COUNTA(M10:M109)=0,"Очікую",0),SUM(M10:M109)/$D109) -> Очікую | ... Y110: =IF(SUM(Y10:Y109)=0,IF(COUNTA(Y10:Y109)=0,"Очікую",0),SUM(Y10:Y109)/$D109) -> Очікую | Z110: =IFERROR(AVERAGE(F110:Y110),"Очікую") -> Очікую
E111: Абсолютна успішність | F111: =IF(SUM(F10:F109)=0,IF(COUNTA(F10:F109)=0,"Очікую",0),IF(COUNTIF(F10:F109,">=4")=0,0,COUNTIF(F10:F109,">=4")/$D109*100)) -> Очікую | G111: =IF(SUM(G10:G109)=0,IF(COUNTA(G10:G109)=0,"Очікую",0),IF(COUNTIF(G10:G109,">=4")=0,0,COUNTIF(G10:G109,">=4")/$D109*100)) -> Очікую | H111: =IF(SUM(H10:H109)=0,IF(COUNTA(H10:H109)=0,"Очікую",0),IF(COUNTIF(H10:H109,">=4")=0,0,COUNTIF(H10:H109,">=4")/$D109*100)) -> Очікую | I111: =IF(SUM(I10:I109)=0,IF(COUNTA(I10:I109)=0,"Очікую",0),IF(COUNTIF(I10:I109,">=4")=0,0,COUNTIF(I10:I109,">=4")/$D109*100)) -> Очікую | J111: =IF(SUM(J10:J109)=0,IF(COUNTA(J10:J109)=0,"Очікую",0),IF(COUNTIF(J10:J109,">=4")=0,0,COUNTIF(J10:J109,">=4")/$D109*100)) -> Очікую | K111: =IF(SUM(K10:K109)=0,IF(COUNTA(K10:K109)=0,"Очікую",0),IF(COUNTIF(K10:K109,">=4")=0,0,COUNTIF(K10:K109,">=4")/$D109*100)) -> Очікую | L111: =IF(SUM(L10:L109)=0,IF(COUNTA(L10:L109)=0,"Очікую",0),IF(COUNTIF(L10:L109,">=4")=0,0,COUNTIF(L10:L109,">=4")/$D109*100)) -> Очікую | M111: =IF(SUM(M10:M109)=0,IF(COUNTA(M10:M109)=0,"Очікую",0),IF(COUNTIF(M10:M109,">=4")=0,0,COUNTIF(M10:M109,">=4")/$D109*100)) -> Очікую | ... Y111: =IF(SUM(Y10:Y109)=0,IF(COUNTA(Y10:Y109)=0,"Очікую",0),IF(COUNTIF(Y10:Y109,">=4")=0,0,COUNTIF(Y10:Y109,">=4")/$D109*100)) -> Очікую
E112: Якісна успішність | F112: =IF(SUM(F10:F109)=0,IF(COUNTA(F10:F109)=0,"Очікую",0),IF(COUNTIF(F10:F109,">=7")=0,0,COUNTIF(F10:F109,">=7")/$D109*100)) -> Очікую | G112: =IF(SUM(G10:G109)=0,IF(COUNTA(G10:G109)=0,"Очікую",0),IF(COUNTIF(G10:G109,">=7")=0,0,COUNTIF(G10:G109,">=7")/$D109*100)) -> Очікую | H112: =IF(SUM(H10:H109)=0,IF(COUNTA(H10:H109)=0,"Очікую",0),IF(COUNTIF(H10:H109,">=7")=0,0,COUNTIF(H10:H109,">=7")/$D109*100)) -> Очікую | I112: =IF(SUM(I10:I109)=0,IF(COUNTA(I10:I109)=0,"Очікую",0),IF(COUNTIF(I10:I109,">=7")=0,0,COUNTIF(I10:I109,">=7")/$D109*100)) -> Очікую | J112: =IF(SUM(J10:J109)=0,IF(COUNTA(J10:J109)=0,"Очікую",0),IF(COUNTIF(J10:J109,">=7")=0,0,COUNTIF(J10:J109,">=7")/$D109*100)) -> Очікую | K112: =IF(SUM(K10:K109)=0,IF(COUNTA(K10:K109)=0,"Очікую",0),IF(COUNTIF(K10:K109,">=7")=0,0,COUNTIF(K10:K109,">=7")/$D109*100)) -> Очікую | L112: =IF(SUM(L10:L109)=0,IF(COUNTA(L10:L109)=0,"Очікую",0),IF(COUNTIF(L10:L109,">=7")=0,0,COUNTIF(L10:L109,">=7")/$D109*100)) -> Очікую | M112: =IF(SUM(M10:M109)=0,IF(COUNTA(M10:M109)=0,"Очікую",0),IF(COUNTIF(M10:M109,">=7")=0,0,COUNTIF(M10:M109,">=7")/$D109*100)) -> Очікую | ... Y112: =IF(SUM(Y10:Y109)=0,IF(COUNTA(Y10:Y109)=0,"Очікую",0),IF(COUNTIF(Y10:Y109,">=7")=0,0,COUNTIF(Y10:Y109,">=7")/$D109*100)) -> Очікую
E113: Абсолютна успішність по групі | F113: =IFERROR(AVERAGE(F111:Y111),"Очікую") -> Очікую
E114: Якісна успішність по групі | F114: =IFERROR(AVERAGE(F112:Y112),"Очікую") -> Очікую
E115: Кількість бюджетників | F115: =IF(COUNTIF(C10:C109,"=Б")=0,IF(COUNTIF(C10:C109,"=К")=0,"Очікую",0),COUNTIF(C10:C109,"=Б")) -> Очікую
E116: Кількість контрактників | F116: =IF(COUNTIF(C10:C109,"=К")=0,IF(COUNTIF(C10:C109,"=Б")=0,"Очікую",0),COUNTIF(C10:C109,"=К")) -> Очікую | H116: Класний керівник
E117: Кількість соціального контингенту
E118: Вийшли на стипендію | F118: =IF(F115="Очікую","Очікую",IF(F115-COUNTIF(Z10:Z109," - ")<ROUNDDOWN(F115*0.4,0),F115-COUNTIF(Z10:Z109," - "),ROUNDDOWN(F115*0.4,0))) -> Очікую | H118: Завідувач відділення ПЗСО

Sheet ЛЗ4
A1: S
C3: ВІДОКРЕМЛЕНИЙ СТРУКТУРНИЙ ПІДРОЗДІЛ «ФАХОВИЙ КОЛЕДЖ НАФТОГАЗОВИХ ТЕХНОЛОГІЙ, ІНЖЕНЕРІЇ ТА ІНФРАСТРУКТУРИ СЕРВІСУ ОДЕСЬКОГО НАЦІОНАЛЬНОГО ТЕХНОЛОГІЧНОГО УНІВЕРСИТЕТУ»
C4: ЗВЕДЕНА ВІДОМІСТЬ
C5: Успішності студентів спеціальності XXX «XXXXX»
C6: За X семестр XXXX-XXXX н.р.
C7: Група XXXX курс X
C8: Б/К | D8: № п/п | E8: Прізвище, ім’я, по батькові | F8: Підсумкові оцінки дисциплін | Z8: Середній бал
F9: 1 | G9: 2 | H9: 3 | I9: 4 | J9: 5 | K9: 6 | L9: 7 | M9: 8 | N9: 9 | O9: 10 | P9: 11 | Q9: 12 | R9: 13 | S9: 14 | T9: 15 | U9: 16 | V9: 17 | W9: 18 | X9: 19 | Y9: 20
D10: 1 | Z10: =IF(COUNTIF(F10:Y10,"=*")>0,IF($C10="К","-"," - "),IF(COUNTIF(F10:Y10,"<4")>0,IF(C10="К","-"," - "),(IFERROR(AVERAGE(F10:Y10),"Очікую")))) -> Очікую
D11: 2 | Z11: =IF(COUNTIF(F11:Y11,"=*")>0,IF($C11="К","-"," - "),IF(COUNTIF(F11:Y11,"<4")>0,IF(C11="К","-"," - "),(IFERROR(AVERAGE(F11:Y11),"Очікую")))) -> Очікую
D12: 3 | Z12: =IF(COUNTIF(F12:Y12,"=*")>0,IF($C12="К","-"," - "),IF(COUNTIF(F12:Y12,"<4")>0,IF(C12="К","-"," - "),(IFERROR(AVERAGE(F12:Y12),"Очікую")))) -> Очікую
D13: 4 | Z13: =IF(COUNTIF(F13:Y13,"=*")>0,IF($C13="К","-"," - "),IF(COUNTIF(F13:Y13,"<4")>0,IF(C13="К","-"," - "),(IFERROR(AVERAGE(F13:Y13),"Очікую")))) -> Очікую
D14: 5 | Z14: =IF(COUNTIF(F14:Y14,"=*")>0,IF($C14="К","-"," - "),IF(COUNTIF(F14:Y14,"<4")>0,IF(C14="К","-"," - "),(IFERROR(AVERAGE(F14:Y14),"Очікую")))) -> Очікую
D15: 6 | Z15: =IF(COUNTIF(F15:Y15,"=*")>0,IF($C15="К","-"," - "),IF(COUNTIF(F15:Y15,"<4")>0,IF(C15="К","-"," - "),(IFERROR(AVERAGE(F15:Y15),"Очікую")))) -> Очікую
D16: 7 | Z16: =IF(COUNTIF(F16:Y16,"=*")>0,IF($C16="К","-"," - "),IF(COUNTIF(F16:Y16,"<4")>0,IF(C16="К","-"," - "),(IFERROR(AVERAGE(F16:Y16),"Очікую")))) -> Очікую
D17: 8 | Z17: =IF(COUNTIF(F17:Y17,"=*")>0,IF($C17="К","-"," - "),IF(COUNTIF(F17:Y17,"<4")>0,IF(C17="К","-"," - "),(IFERROR(AVERAGE(F17:Y17),"Очікую")))) -> Очікую
D18: 9 | Z18: =IF(COUNTIF(F18:Y18,"=*")>0,IF($C18="К","-"," - "),IF(COUNTIF(F18:Y18,"<4")>0,IF(C18="К","-"," - "),(IFERROR(AVERAGE(F18:Y18),"Очікую")))) -> Очікую
D19: 10 | Z19: =IF(COUNTIF(F19:Y19,"=*")>0,IF($C19="К","-"," - "),IF(COUNTIF(F19:Y19,"<4")>0,IF(C19="К","-"," - "),(IFERROR(AVERAGE(F19:Y19),"Очікую")))) -> Очікую
D20: 11 | Z20: =IF(COUNTIF(F20:Y20,"=*")>0,IF($C20="К","-"," - "),IF(COUNTIF(F20:Y20,"<4")>0,IF(C20="К","-"," - "),(IFERROR(AVERAGE(F20:Y20),"Очікую")))) -> Очікую
D21: 12 | Z21: =IF(COUNTIF(F21:Y21,"=*")>0,IF($C21="К","-"," - "),IF(COUNTIF(F21:Y21,"<4")>0,IF(C21="К","-"," - "),(IFERROR(AVERAGE(F21:Y21),"Очікую")))) -> Очікую
... D109: 100 | Z109: =IF(COUNTIF(F109:Y109,"=*")>0,IF($C109="К","-"," - "),IF(COUNTIF(F109:Y109,"<4")>0,IF(C109="К","-"," - "),(IFERROR(AVERAGE(F109:Y109),"Очікую")))) -> Очікую
E110: Середній бал успішності з дисципліни | F110: =IF(SUM(F10:F109)=0,IF(COUNTA(F10:F109)=0,"Очікую",0),SUM(F10:F109)/$D109) -> Очікую | G110: =IF(SUM(G10:G109)=0,IF(COUNTA(G10:G109)=0,"Очікую",0),SUM(G10:G109)/$D109) -> Очікую | H110: =IF(SUM(H10:H109)=0,IF(COUNTA(H10:H109)=0,"Очікую",0),SUM(H10:H109)/$D109) -> Очікую | I110: =IF(SUM(I10:I109)=0,IF(COUNTA(I10:I109)=0,"Очікую",0),SUM(I10:I109)/$D109) -> Очікую | J110: =IF(SUM(J10:J109)=0,IF(COUNTA(J10:J109)=0,"Очікую",0),SUM(J10:J109)/$D109) -> Очікую | K110: =IF(SUM(K10:K109)=0,IF(COUNTA(K10:K109)=0,"Очікую",0),SUM(K10:K109)/$D109) -> Очікую | L110: =IF(SUM(L10:L109)=0,IF(COUNTA(L10:L109)=0,"Очікую",0),SUM(L10:L109)/$D109) -> Очікую | M110: =IF(SUM(M10:M109)=0,IF(COUNTA(M10:M109)=0,"Очікую",0),SUM(M10:M109)/$D109) -> Очікую | ... Y110: =IF(SUM(Y10:Y109)=0,IF(COUNTA(Y10:Y109)=0,"Очікую",0),SUM(Y10:Y109)/$D109) -> Очікую | Z110: =IFERROR(AVERAGE(F110:Y110),"Очікую") -> Очікую
E111: Абсолютна успішність | F111: =IF(SUM(F10:F109)=0,IF(COUNTA(F10:F109)=0,"Очікую",0),IF(COUNTIF(F10:F109,">=4")=0,0,COUNTIF(F10:F109,">=4")/$D109*100)) -> Очікую | G111: =IF(SUM(G10:G109)=0,IF(COUNTA(G10:G109)=0,"Очікую",0),IF(COUNTIF(G10:G109,">=4")=0,0,COUNTIF(G10:G109,">=4")/$D109*100)) -> Очікую | H111: =IF(SUM(H10:H109)=0,IF(COUNTA(H10:H109)=0,"Очікую",0),IF(COUNTIF(H10:H109,">=4")=0,0,COUNTIF(H10:H109,">=4")/$D109*100)) -> Очікую | I111: =IF(SUM(I10:I109)=0,IF(COUNTA(I10:I109)=0,"Очікую",0),IF(COUNTIF(I10:I109,">=4")=0,0,COUNTIF(I10:I109,">=4")/$D109*100)) -> Очікую | J111: =IF(SUM(J10:J109)=0,IF(COUNTA(J10:J109)=0,"Очікую",0),IF(COUNTIF(J10:J109,">=4")=0,0,COUNTIF(J10:J109,">=4")/$D109*100)) -> Очікую | K111: =IF(SUM(K10:K109)=0,IF(COUNTA(K10:K109)=0,"Очікую",0),IF(COUNTIF(K10:K109,">=4")=0,0,COUNTIF(K10:K109,">=4")/$D109*100)) -> Очікую | L111: =IF(SUM(L10:L109)=0,IF(COUNTA(L10:L109)=0,"Очікую",0),IF(COUNTIF(L10:L109,">=4")=0,0,COUNTIF(L10:L109,">=4")/$D109*100)) -> Очікую | M111: =IF(SUM(M10:M109)=0,IF(COUNTA(M10:M109)=0,"Очікую",0),IF(COUNTIF(M10:M109,">=4")=0,0,COUNTIF(M10:M109,">=4")/$D109*100)) -> Очікую | ... Y111: =IF(SUM(Y10:Y109)=0,IF(COUNTA(Y10:Y109)=0,"Очікую",0),IF(COUNTIF(Y10:Y109,">=4")=0,0,COUNTIF(Y10:Y109,">=4")/$D109*100)) -> Очікую
E112: Якісна успішність | F112: =IF(SUM(F10:F109)=0,IF(COUNTA(F10:F109)=0,"Очікую",0),IF(COUNTIF(F10:F109,">=7")=0,0,COUNTIF(F10:F109,">=7")/$D109*100)) -> Очікую | G112: =IF(SUM(G10:G109)=0,IF(COUNTA(G10:G109)=0,"Очікую",0),IF(COUNTIF(G10:G109,">=7")=0,0,COUNTIF(G10:G109,">=7")/$D109*100)) -> Очікую | H112: =IF(SUM(H10:H109)=0,IF(COUNTA(H10:H109)=0,"Очікую",0),IF(COUNTIF(H10:H109,">=7")=0,0,COUNTIF(H10:H109,">=7")/$D109*100)) -> Очікую | I112: =IF(SUM(I10:I109)=0,IF(COUNTA(I10:I109)=0,"Очікую",0),IF(COUNTIF(I10:I109,">=7")=0,0,COUNTIF(I10:I109,">=7")/$D109*100)) -> Очікую | J112: =IF(SUM(J10:J109)=0,IF(COUNTA(J10:J109)=0,"Очікую",0),IF(COUNTIF(J10:J109,">=7")=0,0,COUNTIF(J10:J109,">=7")/$D109*100)) -> Очікую | K112: =IF(SUM(K10:K109)=0,IF(COUNTA(K10:K109)=0,"Очікую",0),IF(COUNTIF(K10:K109,">=7")=0,0,COUNTIF(K10:K109,">=7")/$D109*100)) -> Очікую | L112: =IF(SUM(L10:L109)=0,IF(COUNTA(L10:L109)=0,"Очікую",0),IF(COUNTIF(L10:L109,">=7")=0,0,COUNTIF(L10:L109,">=7")/$D109*100)) -> Очікую | M112: =IF(SUM(M10:M109)=0,IF(COUNTA(M10:M109)=0,"Очікую",0),IF(COUNTIF(M10:M109,">=7")=0,0,COUNTIF(M10:M109,">=7")/$D109*100)) -> Очікую | ... Y112: =IF(SUM(Y10:Y109)=0,IF(COUNTA(Y10:Y109)=0,"Очікую",0),IF(COUNTIF(Y10:Y109,">=7")=0,0,COUNTIF(Y10:Y109,">=7")/$D109*100)) -> Очікую
E113: Абсолютна успішність по групі | F113: =IFERROR(AVERAGE(F111:Y111),"Очікую") -> Очікую
E114: Якісна успішність по групі | F114: =IFERROR(AVERAGE(F112:Y112),"Очікую") -> Очікую
E115: Кількість бюджетників | F115: =IF(COUNTIF(C10:C109,"=Б")=0,IF(COUNTIF(C10:C109,"=К")=0,"Очікую",0),COUNTIF(C10:C109,"=Б")) -> Очікую
E116: Кількість контрактників | F116: =IF(COUNTIF(C10:C109,"=К")=0,IF(COUNTIF(C10:C109,"=Б")=0,"Очікую",0),COUNTIF(C10:C109,"=К")) -> Очікую | H116: Класний керівник
E117: Кількість соціального контингенту
E118: Вийшли на стипендію | F118: =IF(F115="Очікую","Очікую",IF(F115-COUNTIF(Z10:Z109," - ")<ROUNDDOWN(F115*0.4,0),F115-COUNTIF(Z10:Z109," - "),ROUNDDOWN(F115*0.4,0))) -> Очікую | H118: Завідувач відділення ПЗСО

Sheet ЛЗ5
A1: S
C3: ВІДОКРЕМЛЕНИЙ СТРУКТУРНИЙ ПІДРОЗДІЛ «ФАХОВИЙ КОЛЕДЖ НАФТОГАЗОВИХ ТЕХНОЛОГІЙ, ІНЖЕНЕРІЇ ТА ІНФРАСТРУКТУРИ СЕРВІСУ ОДЕСЬКОГО НАЦІОНАЛЬНОГО ТЕХНОЛОГІЧНОГО УНІВЕРСИТЕТУ»
C4: ЗВЕДЕНА ВІДОМІСТЬ
C5: Успішності студентів спеціальності XXX «XXXXX»
C6: За X семестр XXXX-XXXX н.р.
C7: Група XXXX курс X
C8: Б/К | D8: № п/п | E8: Прізвище, ім’я, по батькові | F8: Підсумкові оцінки дисциплін | Z8: Середній бал
F9: 1 | G9: 2 | H9: 3 | I9: 4 | J9: 5 | K9: 6 | L9: 7 | M9: 8 | N9: 9 | O9: 10 | P9: 11 | Q9: 12 | R9: 13 | S9: 14 | T9: 15 | U9: 16 | V9: 17 | W9: 18 | X9: 19 | Y9: 20
D10: 1 | Z10: =IF(COUNTIF(F10:Y10,"=*")>0,IF($C10="К","-"," - "),IF(COUNTIF(F10:Y10,"<4")>0,IF(C10="К","-"," - "),(IFERROR(AVERAGE(F10:Y10),"Очікую")))) -> Очікую
D11: 2 | Z11: =IF(COUNTIF(F11:Y11,"=*")>0,IF($C11="К","-"," - "),IF(COUNTIF(F11:Y11,"<4")>0,IF(C11="К","-"," - "),(IFERROR(AVERAGE(F11:Y11),"Очікую")))) -> Очікую
D12: 3 | Z12: =IF(COUNTIF(F12:Y12,"=*")>0,IF($C12="К","-"," - "),IF(COUNTIF(F12:Y12,"<4")>0,IF(C12="К","-"," - "),(IFERROR(AVERAGE(F12:Y12),"Очікую")))) -> Очікую
D13: 4 | Z13: =IF(COUNTIF(F13:Y13,"=*")>0,IF($C13="К","-"," - "),IF(COUNTIF(F13:Y13,"<4")>0,IF(C13="К","-"," - "),(IFERROR(AVERAGE(F13:Y13),"Очікую")))) -> Очікую
D14: 5 | Z14: =IF(COUNTIF(F14:Y14,"=*")>0,IF($C14="К","-"," - "),IF(COUNTIF(F14:Y14,"<4")>0,IF(C14="К","-"," - "),(IFERROR(AVERAGE(F14:Y14),"Очікую")))) -> Очікую
D15: 6 | Z15: =IF(COUNTIF(F15:Y15,"=*")>0,IF($C15="К","-"," - "),IF(COUNTIF(F15:Y15,"<4")>0,IF(C15="К","-"," - "),(IFERROR(AVERAGE(F15:Y15),"Очікую")))) -> Очікую
D16: 7 | Z16: =IF(COUNTIF(F16:Y16,"=*")>0,IF($C16="К","-"," - "),IF(COUNTIF(F16:Y16,"<4")>0,IF(C16="К","-"," - "),(IFERROR(AVERAGE(F16:Y16),"Очікую")))) -> Очікую
D17: 8 | Z17: =IF(COUNTIF(F17:Y17,"=*")>0,IF($C17="К","-"," - "),IF(COUNTIF(F17:Y17,"<4")>0,IF(C17="К","-"," - "),(IFERROR(AVERAGE(F17:Y17),"Очікую")))) -> Очікую
D18: 9 | Z18: =IF(COUNTIF(F18:Y18,"=*")>0,IF($C18="К","-"," - "),IF(COUNTIF(F18:Y18,"<4")>0,IF(C18="К","-"," - "),(IFERROR(AVERAGE(F18:Y18),"Очікую")))) -> Очікую
D19: 10 | Z19: =IF(COUNTIF(F19:Y19,"=*")>0,IF($C19="К","-"," - "),IF(COUNTIF(F19:Y19,"<4")>0,IF(C19="К","-"," - "),(IFERROR(AVERAGE(F19:Y19),"Очікую")))) -> Очікую
D20: 11 | Z20: =IF(COUNTIF(F20:Y20,"=*")>0,IF($C20="К","-"," - "),IF(COUNTIF(F20:Y20,"<4")>0,IF(C20="К","-"," - "),(IFERROR(AVERAGE(F20:Y20),"Очікую")))) -> Очікую
D21: 12 | Z21: =IF(COUNTIF(F21:Y21,"=*")>0,IF($C21="К","-"," - "),IF(COUNTIF(F21:Y21,"<4")>0,IF(C21="К","-"," - "),(IFERROR(AVERAGE(F21:Y21),"Очікую")))) -> Очікую
... D109: 100 | Z109: =IF(COUNTIF(F109:Y109,"=*")>0,IF($C109="К","-"," - "),IF(COUNTIF(F109:Y109,"<4")>0,IF(C109="К","-"," - "),(IFERROR(AVERAGE(F109:Y109),"Очікую")))) -> Очікую
E110: Середній бал успішності з дисципліни | F110: =IF(SUM(F10:F109)=0,IF(COUNTA(F10:F109)=0,"Очікую",0),SUM(F10:F109)/$D109) -> Очікую | G110: =IF(SUM(G10:G109)=0,IF(COUNTA(G10:G109)=0,"Очікую",0),SUM(G10:G109)/$D109) -> Очікую | H110: =IF(SUM(H10:H109)=0,IF(COUNTA(H10:H109)=0,"Очікую",0),SUM(H10:H109)/$D109) -> Очікую | I110: =IF(SUM(I10:I109)=0,IF(COUNTA(I10:I109)=0,"Очікую",0),SUM(I10:I109)/$D109) -> Очікую | J110: =IF(SUM(J10:J109)=0,IF(COUNTA(J10:J109)=0,"Очікую",0),SUM(J10:J109)/$D109) -> Очікую | K110: =IF(SUM(K10:K109)=0,IF(COUNTA(K10:K109)=0,"Очікую",0),SUM(K10:K109)/$D109) -> Очікую | L110: =IF(SUM(L10:L109)=0,IF(COUNTA(L10:L109)=0,"Очікую",0),SUM(L10:L109)/$D109) -> Очікую | M110: =IF(SUM(M10:M109)=0,IF(COUNTA(M10:M109)=0,"Очікую",0),SUM(M10:M109)/$D109) -> Очікую | ... Y110: =IF(SUM(Y10:Y109)=0,IF(COUNTA(Y10:Y109)=0,"Очікую",0),SUM(Y10:Y109)/$D109) -> Очікую | Z110: =IFERROR(AVERAGE(F110:Y110),"Очікую") -> Очікую
E111: Абсолютна успішність | F111: =IF(SUM(F10:F109)=0,IF(COUNTA(F10:F109)=0,"Очікую",0),IF(COUNTIF(F10:F109,">=4")=0,0,COUNTIF(F10:F109,">=4")/$D109*100)) -> Очікую | G111: =IF(SUM(G10:G109)=0,IF(COUNTA(G10:G109)=0,"Очікую",0),IF(COUNTIF(G10:G109,">=4")=0,0,COUNTIF(G10:G109,">=4")/$D109*100)) -> Очікую | H111: =IF(SUM(H10:H109)=0,IF(COUNTA(H10:H109)=0,"Очікую",0),IF(COUNTIF(H10:H109,">=4")=0,0,COUNTIF(H10:H109,">=4")/$D109*100)) -> Очікую | I111: =IF(SUM(I10:I109)=0,IF(COUNTA(I10:I109)=0,"Очікую",0),IF(COUNTIF(I10:I109,">=4")=0,0,COUNTIF(I10:I109,">=4")/$D109*100)) -> Очікую | J111: =IF(SUM(J10:J109)=0,IF(COUNTA(J10:J109)=0,"Очікую",0),IF(COUNTIF(J10:J109,">=4")=0,0,COUNTIF(J10:J109,">=4")/$D109*100)) -> Очікую | K111: =IF(SUM(K10:K109)=0,IF(COUNTA(K10:K109)=0,"Очікую",0),IF(COUNTIF(K10:K109,">=4")=0,0,COUNTIF(K10:K109,">=4")/$D109*100)) -> Очікую | L111: =IF(SUM(L10:L109)=0,IF(COUNTA(L10:L109)=0,"Очікую",0),IF(COUNTIF(L10:L109,">=4")=0,0,COUNTIF(L10:L109,">=4")/$D109*100)) -> Очікую | M111: =IF(SUM(M10:M109)=0,IF(COUNTA(M10:M109)=0,"Очікую",0),IF(COUNTIF(M10:M109,">=4")=0,0,COUNTIF(M10:M109,">=4")/$D109*100)) -> Очікую | ... Y111: =IF(SUM(Y10:Y109)=0,IF(COUNTA(Y10:Y109)=0,"Очікую",0),IF(COUNTIF(Y10:Y109,">=4")=0,0,COUNTIF(Y10:Y109,">=4")/$D109*100)) -> Очікую
E112: Якісна успішність | F112: =IF(SUM(F10:F109)=0,IF(COUNTA(F10:F109)=0,"Очікую",0),IF(COUNTIF(F10:F109,">=7")=0,0,COUNTIF(F10:F109,">=7")/$D109*100)) -> Очікую | G112: =IF(SUM(G10:G109)=0,IF(COUNTA(G10:G109)=0,"Очікую",0),IF(COUNTIF(G10:G109,">=7")=0,0,COUNTIF(G10:G109,">=7")/$D109*100)) -> Очікую | H112: =IF(SUM(H10:H109)=0,IF(COUNTA(H10:H109)=0,"Очікую",0),IF(COUNTIF(H10:H109,">=7")=0,0,COUNTIF(H10:H109,">=7")/$D109*100)) -> Очікую | I112: =IF(SUM(I10:I109)=0,IF(COUNTA(I10:I109)=0,"Очікую",0),IF(COUNTIF(I10:I109,">=7")=0,0,COUNTIF(I10:I109,">=7")/$D109*100)) -> Очікую | J112: =IF(SUM(J10:J109)=0,IF(COUNTA(J10:J109)=0,"Очікую",0),IF(COUNTIF(J10:J109,">=7")=0,0,COUNTIF(J10:J109,">=7")/$D109*100)) -> Очікую | K112: =IF(SUM(K10:K109)=0,IF(COUNTA(K10:K109)=0,"Очікую",0),IF(COUNTIF(K10:K109,">=7")=0,0,COUNTIF(K10:K109,">=7")/$D109*100)) -> Очікую | L112: =IF(SUM(L10:L109)=0,IF(COUNTA(L10:L109)=0,"Очікую",0),IF(COUNTIF(L10:L109,">=7")=0,0,COUNTIF(L10:L109,">=7")/$D109*100)) -> Очікую | M112: =IF(SUM(M10:M109)=0,IF(COUNTA(M10:M109)=0,"Очікую",0),IF(COUNTIF(M10:M109,">=7")=0,0,COUNTIF(M10:M109,">=7")/$D109*100)) -> Очікую | ... Y112: =IF(SUM(Y10:Y109)=0,IF(COUNTA(Y10:Y109)=0,"Очікую",0),IF(COUNTIF(Y10:Y109,">=7")=0,0,COUNTIF(Y10:Y109,">=7")/$D109*100)) -> Очікую
E113: Абсолютна успішність по групі | F113: =IFERROR(AVERAGE(F111:Y111),"Очікую") -> Очікую
E114: Якісна успішність по групі | F114: =IFERROR(AVERAGE(F112:Y112),"Очікую") -> Очікую
E115: Кількість бюджетників | F115: =IF(COUNTIF(C10:C109,"=Б")=0,IF(COUNTIF(C10:C109,"=К")=0,"Очікую",0),COUNTIF(C10:C109,"=Б")) -> Очікую
E116: Кількість контрактників | F116: =IF(COUNTIF(C10:C109,"=К")=0,IF(COUNTIF(C10:C109,"=Б")=0,"Очікую",0),COUNTIF(C10:C109,"=К")) -> Очікую | H116: Класний керівник
E117: Кількість соціального контингенту
E118: Вийшли на стипендію | F118: =IF(F115="Очікую","Очікую",IF(F115-COUNTIF(Z10:Z109," - ")<ROUNDDOWN(F115*0.4,0),F115-COUNTIF(Z10:Z109," - "),ROUNDDOWN(F115*0.4,0))) -> Очікую | H118: Завідувач відділення ПЗСО

Sheet ЛЗ6
A1: S
C3: ВІДОКРЕМЛЕНИЙ СТРУКТУРНИЙ ПІДРОЗДІЛ «ФАХОВИЙ КОЛЕДЖ НАФТОГАЗОВИХ ТЕХНОЛОГІЙ, ІНЖЕНЕРІЇ ТА ІНФРАСТРУКТУРИ СЕРВІСУ ОДЕСЬКОГО НАЦІОНАЛЬНОГО ТЕХНОЛОГІЧНОГО УНІВЕРСИТЕТУ»
C4: ЗВЕДЕНА ВІДОМІСТЬ
C5: Успішності студентів спеціальності XXX «XXXXX»
C6: За X семестр XXXX-XXXX н.р.
C7: Група XXXX курс X
C8: Б/К | D8: № п/п | E8: Прізвище, ім’я, по батькові | F8: Підсумкові оцінки дисциплін | Z8: Середній бал
F9: 1 | G9: 2 | H9: 3 | I9: 4 | J9: 5 | K9: 6 | L9: 7 | M9: 8 | N9: 9 | O9: 10 | P9: 11 | Q9: 12 | R9: 13 | S9: 14 | T9: 15 | U9: 16 | V9: 17 | W9: 18 | X9: 19 | Y9: 20
D10: 1 | Z10: =IF(COUNTIF(F10:Y10,"=*")>0,IF($C10="К","-"," - "),IF(COUNTIF(F10:Y10,"<4")>0,IF(C10="К","-"," - "),(IFERROR(AVERAGE(F10:Y10),"Очікую")))) -> Очікую
D11: 2 | Z11: =IF(COUNTIF(F11:Y11,"=*")>0,IF($C11="К","-"," - "),IF(COUNTIF(F11:Y11,"<4")>0,IF(C11="К","-"," - "),(IFERROR(AVERAGE(F11:Y11),"Очікую")))) -> Очікую
D12: 3 | Z12: =IF(COUNTIF(F12:Y12,"=*")>0,IF($C12="К","-"," - "),IF(COUNTIF(F12:Y12,"<4")>0,IF(C12="К","-"," - "),(IFERROR(AVERAGE(F12:Y12),"Очікую")))) -> Очікую
D13: 4 | Z13: =IF(COUNTIF(F13:Y13,"=*")>0,IF($C13="К","-"," - "),IF(COUNTIF(F13:Y13,"<4")>0,IF(C13="К","-"," - "),(IFERROR(AVERAGE(F13:Y13),"Очікую")))) -> Очікую
D14: 5 | Z14: =IF(COUNTIF(F14:Y14,"=*")>0,IF($C14="К","-"," - "),IF(COUNTIF(F14:Y14,"<4")>0,IF(C14="К","-"," - "),(IFERROR(AVERAGE(F14:Y14),"Очікую")))) -> Очікую
D15: 6 | Z15: =IF(COUNTIF(F15:Y15,"=*")>0,IF($C15="К","-"," - "),IF(COUNTIF(F15:Y15,"<4")>0,IF(C15="К","-"," - "),(IFERROR(AVERAGE(F15:Y15),"Очікую")))) -> Очікую
D16: 7 | Z16: =IF(COUNTIF(F16:Y16,"=*")>0,IF($C16="К","-"," - "),IF(COUNTIF(F16:Y16,"<4")>0,IF(C16="К","-"," - "),(IFERROR(AVERAGE(F16:Y16),"Очікую")))) -> Очікую
D17: 8 | Z17: =IF(COUNTIF(F17:Y17,"=*")>0,IF($C17="К","-"," - "),IF(COUNTIF(F17:Y17,"<4")>0,IF(C17="К","-"," - "),(IFERROR(AVERAGE(F17:Y17),"Очікую")))) -> Очікую
D18: 9 | Z18: =IF(COUNTIF(F18:Y18,"=*")>0,IF($C18="К","-"," - "),IF(COUNTIF(F18:Y18,"<4")>0,IF(C18="К","-"," - "),(IFERROR(AVERAGE(F18:Y18),"Очікую")))) -> Очікую
D19: 10 | Z19: =IF(COUNTIF(F19:Y19,"=*")>0,IF($C19="К","-"," - "),IF(COUNTIF(F19:Y19,"<4")>0,IF(C19="К","-"," - "),(IFERROR(AVERAGE(F19:Y19),"Очікую")))) -> Очікую
D20: 11 | Z20: =IF(COUNTIF(F20:Y20,"=*")>0,IF($C20="К","-"," - "),IF(COUNTIF(F20:Y20,"<4")>0,IF(C20="К","-"," - "),(IFERROR(AVERAGE(F20:Y20),"Очікую")))) -> Очікую
D21: 12 | Z21: =IF(COUNTIF(F21:Y21,"=*")>0,IF($C21="К","-"," - "),IF(COUNTIF(F21:Y21,"<4")>0,IF(C21="К","-"," - "),(IFERROR(AVERAGE(F21:Y21),"Очікую")))) -> Очікую
... D109: 100 | Z109: =IF(COUNTIF(F109:Y109,"=*")>0,IF($C109="К","-"," - "),IF(COUNTIF(F109:Y109,"<4")>0,IF(C109="К","-"," - "),(IFERROR(AVERAGE(F109:Y109),"Очікую")))) -> Очікую
E110: Середній бал успішності з дисципліни | F110: =IF(SUM(F10:F109)=0,IF(COUNTA(F10:F109)=0,"Очікую",0),SUM(F10:F109)/$D109) -> Очікую | G110: =IF(SUM(G10:G109)=0,IF(COUNTA(G10:G109)=0,"Очікую",0),SUM(G10:G109)/$D109) -> Очікую | H110: =IF(SUM(H10:H109)=0,IF(COUNTA(H10:H109)=0,"Очікую",0),SUM(H10:H109)/$D109) -> Очікую | I110: =IF(SUM(I10:I109)=0,IF(COUNTA(I10:I109)=0,"Очікую",0),SUM(I10:I109)/$D109) -> Очікую | J110: =IF(SUM(J10:J109)=0,IF(COUNTA(J10:J109)=0,"Очікую",0),SUM(J10:J109)/$D109) -> Очікую | K110: =IF(SUM(K10:K109)=0,IF(COUNTA(K10:K109)=0,"Очікую",0),SUM(K10:K109)/$D109) -> Очікую | L110: =IF(SUM(L10:L109)=0,IF(COUNTA(L10:L109)=0,"Очікую",0),SUM(L10:L109)/$D109) -> Очікую | M110: =IF(SUM(M10:M109)=0,IF(COUNTA(M10:M109)=0,"Очікую",0),SUM(M10:M109)/$D109) -> Очікую | ... Y110: =IF(SUM(Y10:Y109)=0,IF(COUNTA(Y10:Y109)=0,"Очікую",0),SUM(Y10:Y109)/$D109) -> Очікую | Z110: =IFERROR(AVERAGE(F110:Y110),"Очікую") -> Очікую
E111: Абсолютна успішність | F111: =IF(SUM(F10:F109)=0,IF(COUNTA(F10:F109)=0,"Очікую",0),IF(COUNTIF(F10:F109,">=4")=0,0,COUNTIF(F10:F109,">=4")/$D109*100)) -> Очікую | G111: =IF(SUM(G10:G109)=0,IF(COUNTA(G10:G109)=0,"Очікую",0),IF(COUNTIF(G10:G109,">=4")=0,0,COUNTIF(G10:G109,">=4")/$D109*100)) -> Очікую | H111: =IF(SUM(H10:H109)=0,IF(COUNTA(H10:H109)=0,"Очікую",0),IF(COUNTIF(H10:H109,">=4")=0,0,COUNTIF(H10:H109,">=4")/$D109*100)) -> Очікую | I111: =IF(SUM(I10:I109)=0,IF(COUNTA(I10:I109)=0,"Очікую",0),IF(COUNTIF(I10:I109,">=4")=0,0,COUNTIF(I10:I109,">=4")/$D109*100)) -> Очікую | J111: =IF(SUM(J10:J109)=0,IF(COUNTA(J10:J109)=0,"Очікую",0),IF(COUNTIF(J10:J109,">=4")=0,0,COUNTIF(J10:J109,">=4")/$D109*100)) -> Очікую | K111: =IF(SUM(K10:K109)=0,IF(COUNTA(K10:K109)=0,"Очікую",0),IF(COUNTIF(K10:K109,">=4")=0,0,COUNTIF(K10:K109,">=4")/$D109*100)) -> Очікую | L111: =IF(SUM(L10:L109)=0,IF(COUNTA(L10:L109)=0,"Очікую",0),IF(COUNTIF(L10:L109,">=4")=0,0,COUNTIF(L10:L109,">=4")/$D109*100)) -> Очікую | M111: =IF(SUM(M10:M109)=0,IF(COUNTA(M10:M109)=0,"Очікую",0),IF(COUNTIF(M10:M109,">=4")=0,0,COUNTIF(M10:M109,">=4")/$D109*100)) -> Очікую | ... Y111: =IF(SUM(Y10:Y109)=0,IF(COUNTA(Y10:Y109)=0,"Очікую",0),IF(COUNTIF(Y10:Y109,">=4")=0,0,COUNTIF(Y10:Y109,">=4")/$D109*100)) -> Очікую
E112: Якісна успішність | F112: =IF(SUM(F10:F109)=0,IF(COUNTA(F10:F109)=0,"Очікую",0),IF(COUNTIF(F10:F109,">=7")=0,0,COUNTIF(F10:F109,">=7")/$D109*100)) -> Очікую | G112: =IF(SUM(G10:G109)=0,IF(COUNTA(G10:G109)=0,"Очікую",0),IF(COUNTIF(G10:G109,">=7")=0,0,COUNTIF(G10:G109,">=7")/$D109*100)) -> Очікую | H112: =IF(SUM(H10:H109)=0,IF(COUNTA(H10:H109)=0,"Очікую",0),IF(COUNTIF(H10:H109,">=7")=0,0,COUNTIF(H10:H109,">=7")/$D109*100)) -> Очікую | I112: =IF(SUM(I10:I109)=0,IF(COUNTA(I10:I109)=0,"Очікую",0),IF(COUNTIF(I10:I109,">=7")=0,0,COUNTIF(I10:I109,">=7")/$D109*100)) -> Очікую | J112: =IF(SUM(J10:J109)=0,IF(COUNTA(J10:J109)=0,"Очікую",0),IF(COUNTIF(J10:J109,">=7")=0,0,COUNTIF(J10:J109,">=7")/$D109*100)) -> Очікую | K112: =IF(SUM(K10:K109)=0,IF(COUNTA(K10:K109)=0,"Очікую",0),IF(COUNTIF(K10:K109,">=7")=0,0,COUNTIF(K10:K109,">=7")/$D109*100)) -> Очікую | L112: =IF(SUM(L10:L109)=0,IF(COUNTA(L10:L109)=0,"Очікую",0),IF(COUNTIF(L10:L109,">=7")=0,0,COUNTIF(L10:L109,">=7")/$D109*100)) -> Очікую | M112: =IF(SUM(M10:M109)=0,IF(COUNTA(M10:M109)=0,"Очікую",0),IF(COUNTIF(M10:M109,">=7")=0,0,COUNTIF(M10:M109,">=7")/$D109*100)) -> Очікую | ... Y112: =IF(SUM(Y10:Y109)=0,IF(COUNTA(Y10:Y109)=0,"Очікую",0),IF(COUNTIF(Y10:Y109,">=7")=0,0,COUNTIF(Y10:Y109,">=7")/$D109*100)) -> Очікую
E113: Абсолютна успішність по групі | F113: =IFERROR(AVERAGE(F111:Y111),"Очікую") -> Очікую
E114: Якісна успішність по групі | F114: =IFERROR(AVERAGE(F112:Y112),"Очікую") -> Очікую
E115: Кількість бюджетників | F115: =IF(COUNTIF(C10:C109,"=Б")=0,IF(COUNTIF(C10:C109,"=К")=0,"Очікую",0),COUNTIF(C10:C109,"=Б")) -> Очікую
E116: Кількість контрактників | F116: =IF(COUNTIF(C10:C109,"=К")=0,IF(COUNTIF(C10:C109,"=Б")=0,"Очікую",0),COUNTIF(C10:C109,"=К")) -> Очікую | H116: Класний керівник
E117: Кількість соціального контингенту
E118: Вийшли на стипендію | F118: =IF(F115="Очікую","Очікую",IF(F115-COUNTIF(Z10:Z109," - ")<ROUNDDOWN(F115*0.4,0),F115-COUNTIF(Z10:Z109," - "),ROUNDDOWN(F115*0.4,0))) -> Очікую | H118: Завідувач відділення ПЗСО

Sheet ЛЗ7
A1: S
C3: ВІДОКРЕМЛЕНИЙ СТРУКТУРНИЙ ПІДРОЗДІЛ «ФАХОВИЙ КОЛЕДЖ НАФТОГАЗОВИХ ТЕХНОЛОГІЙ, ІНЖЕНЕРІЇ ТА ІНФРАСТРУКТУРИ СЕРВІСУ ОДЕСЬКОГО НАЦІОНАЛЬНОГО ТЕХНОЛОГІЧНОГО УНІВЕРСИТЕТУ»
C4: ЗВЕДЕНА ВІДОМІСТЬ
C5: Успішності студентів спеціальності XXX «XXXXX»
C6: За X семестр XXXX-XXXX н.р.
C7: Група XXXX курс X
C8: Б/К | D8: № п/п | E8: Прізвище, ім’я, по батькові | F8: Підсумкові оцінки дисциплін | Z8: Середній бал
F9: 1 | G9: 2 | H9: 3 | I9: 4 | J9: 5 | K9: 6 | L9: 7 | M9: 8 | N9: 9 | O9: 10 | P9: 11 | Q9: 12 | R9: 13 | S9: 14 | T9: 15 | U9: 16 | V9: 17 | W9: 18 | X9: 19 | Y9: 20
D10: 1 | Z10: =IF(COUNTIF(F10:Y10,"=*")>0,IF($C10="К","-"," - "),IF(COUNTIF(F10:Y10,"<4")>0,IF(C10="К","-"," - "),(IFERROR(AVERAGE(F10:Y10),"Очікую")))) -> Очікую
D11: 2 | Z11: =IF(COUNTIF(F11:Y11,"=*")>0,IF($C11="К","-"," - "),IF(COUNTIF(F11:Y11,"<4")>0,IF(C11="К","-"," - "),(IFERROR(AVERAGE(F11:Y11),"Очікую")))) -> Очікую
D12: 3 | Z12: =IF(COUNTIF(F12:Y12,"=*")>0,IF($C12="К","-"," - "),IF(COUNTIF(F12:Y12,"<4")>0,IF(C12="К","-"," - "),(IFERROR(AVERAGE(F12:Y12),"Очікую")))) -> Очікую
D13: 4 | Z13: =IF(COUNTIF(F13:Y13,"=*")>0,IF($C13="К","-"," - "),IF(COUNTIF(F13:Y13,"<4")>0,IF(C13="К","-"," - "),(IFERROR(AVERAGE(F13:Y13),"Очікую")))) -> Очікую
D14: 5 | Z14: =IF(COUNTIF(F14:Y14,"=*")>0,IF($C14="К","-"," - "),IF(COUNTIF(F14:Y14,"<4")>0,IF(C14="К","-"," - "),(IFERROR(AVERAGE(F14:Y14),"Очікую")))) -> Очікую
D15: 6 | Z15: =IF(COUNTIF(F15:Y15,"=*")>0,IF($C15="К","-"," - "),IF(COUNTIF(F15:Y15,"<4")>0,IF(C15="К","-"," - "),(IFERROR(AVERAGE(F15:Y15),"Очікую")))) -> Очікую
D16: 7 | Z16: =IF(COUNTIF(F16:Y16,"=*")>0,IF($C16="К","-"," - "),IF(COUNTIF(F16:Y16,"<4")>0,IF(C16="К","-"," - "),(IFERROR(AVERAGE(F16:Y16),"Очікую")))) -> Очікую
D17: 8 | Z17: =IF(COUNTIF(F17:Y17,"=*")>0,IF($C17="К","-"," - "),IF(COUNTIF(F17:Y17,"<4")>0,IF(C17="К","-"," - "),(IFERROR(AVERAGE(F17:Y17),"Очікую")))) -> Очікую
D18: 9 | Z18: =IF(COUNTIF(F18:Y18,"=*")>0,IF($C18="К","-"," - "),IF(COUNTIF(F18:Y18,"<4")>0,IF(C18="К","-"," - "),(IFERROR(AVERAGE(F18:Y18),"Очікую")))) -> Очікую
D19: 10 | Z19: =IF(COUNTIF(F19:Y19,"=*")>0,IF($C19="К","-"," - "),IF(COUNTIF(F19:Y19,"<4")>0,IF(C19="К","-"," - "),(IFERROR(AVERAGE(F19:Y19),"Очікую")))) -> Очікую
D20: 11 | Z20: =IF(COUNTIF(F20:Y20,"=*")>0,IF($C20="К","-"," - "),IF(COUNTIF(F20:Y20,"<4")>0,IF(C20="К","-"," - "),(IFERROR(AVERAGE(F20:Y20),"Очікую")))) -> Очікую
D21: 12 | Z21: =IF(COUNTIF(F21:Y21,"=*")>0,IF($C21="К","-"," - "),IF(COUNTIF(F21:Y21,"<4")>0,IF(C21="К","-"," - "),(IFERROR(AVERAGE(F21:Y21),"Очікую")))) -> Очікую
... D109: 100 | Z109: =IF(COUNTIF(F109:Y109,"=*")>0,IF($C109="К","-"," - "),IF(COUNTIF(F109:Y109,"<4")>0,IF(C109="К","-"," - "),(IFERROR(AVERAGE(F109:Y109),"Очікую")))) -> Очікую
E110: Середній бал успішності з дисципліни | F110: =IF(SUM(F10:F109)=0,IF(COUNTA(F10:F109)=0,"Очікую",0),SUM(F10:F109)/$D109) -> Очікую | G110: =IF(SUM(G10:G109)=0,IF(COUNTA(G10:G109)=0,"Очікую",0),SUM(G10:G109)/$D109) -> Очікую | H110: =IF(SUM(H10:H109)=0,IF(COUNTA(H10:H109)=0,"Очікую",0),SUM(H10:H109)/$D109) -> Очікую | I110: =IF(SUM(I10:I109)=0,IF(COUNTA(I10:I109)=0,"Очікую",0),SUM(I10:I109)/$D109) -> Очікую | J110: =IF(SUM(J10:J109)=0,IF(COUNTA(J10:J109)=0,"Очікую",0),SUM(J10:J109)/$D109) -> Очікую | K110: =IF(SUM(K10:K109)=0,IF(COUNTA(K10:K109)=0,"Очікую",0),SUM(K10:K109)/$D109) -> Очікую | L110: =IF(SUM(L10:L109)=0,IF(COUNTA(L10:L109)=0,"Очікую",0),SUM(L10:L109)/$D109) -> Очікую | M110: =IF(SUM(M10:M109)=0,IF(COUNTA(M10:M109)=0,"Очікую",0),SUM(M10:M109)/$D109) -> Очікую | ... Y110: =IF(SUM(Y10:Y109)=0,IF(COUNTA(Y10:Y109)=0,"Очікую",0),SUM(Y10:Y109)/$D109) -> Очікую | Z110: =IFERROR(AVERAGE(F110:Y110),"Очікую") -> Очікую
E111: Абсолютна успішність | F111: =IF(SUM(F10:F109)=0,IF(COUNTA(F10:F109)=0,"Очікую",0),IF(COUNTIF(F10:F109,">=4")=0,0,COUNTIF(F10:F109,">=4")/$D109*100)) -> Очікую | G111: =IF(SUM(G10:G109)=0,IF(COUNTA(G10:G109)=0,"Очікую",0),IF(COUNTIF(G10:G109,">=4")=0,0,COUNTIF(G10:G109,">=4")/$D109*100)) -> Очікую | H111: =IF(SUM(H10:H109)=0,IF(COUNTA(H10:H109)=0,"Очікую",0),IF(COUNTIF(H10:H109,">=4")=0,0,COUNTIF(H10:H109,">=4")/$D109*100)) -> Очікую | I111: =IF(SUM(I10:I109)=0,IF(COUNTA(I10:I109)=0,"Очікую",0),IF(COUNTIF(I10:I109,">=4")=0,0,COUNTIF(I10:I109,">=4")/$D109*100)) -> Очікую | J111: =IF(SUM(J10:J109)=0,IF(COUNTA(J10:J109)=0,"Очікую",0),IF(COUNTIF(J10:J109,">=4")=0,0,COUNTIF(J10:J109,">=4")/$D109*100)) -> Очікую | K111: =IF(SUM(K10:K109)=0,IF(COUNTA(K10:K109)=0,"Очікую",0),IF(COUNTIF(K10:K109,">=4")=0,0,COUNTIF(K10:K109,">=4")/$D109*100)) -> Очікую | L111: =IF(SUM(L10:L109)=0,IF(COUNTA(L10:L109)=0,"Очікую",0),IF(COUNTIF(L10:L109,">=4")=0,0,COUNTIF(L10:L109,">=4")/$D109*100)) -> Очікую | M111: =IF(SUM(M10:M109)=0,IF(COUNTA(M10:M109)=0,"Очікую",0),IF(COUNTIF(M10:M109,">=4")=0,0,COUNTIF(M10:M109,">=4")/$D109*100)) -> Очікую | ... Y111: =IF(SUM(Y10:Y109)=0,IF(COUNTA(Y10:Y109)=0,"Очікую",0),IF(COUNTIF(Y10:Y109,">=4")=0,0,COUNTIF(Y10:Y109,">=4")/$D109*100)) -> Очікую
E112: Якісна успішність | F112: =IF(SUM(F10:F109)=0,IF(COUNTA(F10:F109)=0,"Очікую",0),IF(COUNTIF(F10:F109,">=7")=0,0,COUNTIF(F10:F109,">=7")/$D109*100)) -> Очікую | G112: =IF(SUM(G10:G109)=0,IF(COUNTA(G10:G109)=0,"Очікую",0),IF(COUNTIF(G10:G109,">=7")=0,0,COUNTIF(G10:G109,">=7")/$D109*100)) -> Очікую | H112: =IF(SUM(H10:H109)=0,IF(COUNTA(H10:H109)=0,"Очікую",0),IF(COUNTIF(H10:H109,">=7")=0,0,COUNTIF(H10:H109,">=7")/$D109*100)) -> Очікую | I112: =IF(SUM(I10:I109)=0,IF(COUNTA(I10:I109)=0,"Очікую",0),IF(COUNTIF(I10:I109,">=7")=0,0,COUNTIF(I10:I109,">=7")/$D109*100)) -> Очікую | J112: =IF(SUM(J10:J109)=0,IF(COUNTA(J10:J109)=0,"Очікую",0),IF(COUNTIF(J10:J109,">=7")=0,0,COUNTIF(J10:J109,">=7")/$D109*100)) -> Очікую | K112: =IF(SUM(K10:K109)=0,IF(COUNTA(K10:K109)=0,"Очікую",0),IF(COUNTIF(K10:K109,">=7")=0,0,COUNTIF(K10:K109,">=7")/$D109*100)) -> Очікую | L112: =IF(SUM(L10:L109)=0,IF(COUNTA(L10:L109)=0,"Очікую",0),IF(COUNTIF(L10:L109,">=7")=0,0,COUNTIF(L10:L109,">=7")/$D109*100)) -> Очікую | M112: =IF(SUM(M10:M109)=0,IF(COUNTA(M10:M109)=0,"Очікую",0),IF(COUNTIF(M10:M109,">=7")=0,0,COUNTIF(M10:M109,">=7")/$D109*100)) -> Очікую | ... Y112: =IF(SUM(Y10:Y109)=0,IF(COUNTA(Y10:Y109)=0,"Очікую",0),IF(COUNTIF(Y10:Y109,">=7")=0,0,COUNTIF(Y10:Y109,">=7")/$D109*100)) -> Очікую
E113: Абсолютна успішність по групі | F113: =IFERROR(AVERAGE(F111:Y111),"Очікую") -> Очікую
E114: Якісна успішність по групі | F114: =IFERROR(AVERAGE(F112:Y112),"Очікую") -> Очікую
E115: Кількість бюджетників | F115: =IF(COUNTIF(C10:C109,"=Б")=0,IF(COUNTIF(C10:C109,"=К")=0,"Очікую",0),COUNTIF(C10:C109,"=Б")) -> Очікую
E116: Кількість контрактників | F116: =IF(COUNTIF(C10:C109,"=К")=0,IF(COUNTIF(C10:C109,"=Б")=0,"Очікую",0),COUNTIF(C10:C109,"=К")) -> Очікую | H116: Класний керівник
E117: Кількість соціального контингенту
E118: Вийшли на стипендію | F118: =IF(F115="Очікую","Очікую",IF(F115-COUNTIF(Z10:Z109," - ")<ROUNDDOWN(F115*0.4,0),F115-COUNTIF(Z10:Z109," - "),ROUNDDOWN(F115*0.4,0))) -> Очікую | H118: Завідувач відділення ПЗСО

Sheet ЛЗ8
A1: S
C3: ВІДОКРЕМЛЕНИЙ СТРУКТУРНИЙ ПІДРОЗДІЛ «ФАХОВИЙ КОЛЕДЖ НАФТОГАЗОВИХ ТЕХНОЛОГІЙ, ІНЖЕНЕРІЇ ТА ІНФРАСТРУКТУРИ СЕРВІСУ ОДЕСЬКОГО НАЦІОНАЛЬНОГО ТЕХНОЛОГІЧНОГО УНІВЕРСИТЕТУ»
C4: ЗВЕДЕНА ВІДОМІСТЬ
C5: Успішності студентів спеціальності XXX «XXXXX»
C6: За X семестр XXXX-XXXX н.р.
C7: Група XXXX курс X
C8: Б/К | D8: № п/п | E8: Прізвище, ім’я, по батькові | F8: Підсумкові оцінки дисциплін | Z8: Середній бал
F9: 1 | G9: 2 | H9: 3 | I9: 4 | J9: 5 | K9: 6 | L9: 7 | M9: 8 | N9: 9 | O9: 10 | P9: 11 | Q9: 12 | R9: 13 | S9: 14 | T9: 15 | U9: 16 | V9: 17 | W9: 18 | X9: 19 | Y9: 20
D10: 1 | Z10: =IF(COUNTIF(F10:Y10,"=*")>0,IF($C10="К","-"," - "),IF(COUNTIF(F10:Y10,"<4")>0,IF(C10="К","-"," - "),(IFERROR(AVERAGE(F10:Y10),"Очікую")))) -> Очікую
D11: 2 | Z11: =IF(COUNTIF(F11:Y11,"=*")>0,IF($C11="К","-"," - "),IF(COUNTIF(F11:Y11,"<4")>0,IF(C11="К","-"," - "),(IFERROR(AVERAGE(F11:Y11),"Очікую")))) -> Очікую
D12: 3 | Z12: =IF(COUNTIF(F12:Y12,"=*")>0,IF($C12="К","-"," - "),IF(COUNTIF(F12:Y12,"<4")>0,IF(C12="К","-"," - "),(IFERROR(AVERAGE(F12:Y12),"Очікую")))) -> Очікую
D13: 4 | Z13: =IF(COUNTIF(F13:Y13,"=*")>0,IF($C13="К","-"," - "),IF(COUNTIF(F13:Y13,"<4")>0,IF(C13="К","-"," - "),(IFERROR(AVERAGE(F13:Y13),"Очікую")))) -> Очікую
D14: 5 | Z14: =IF(COUNTIF(F14:Y14,"=*")>0,IF($C14="К","-"," - "),IF(COUNTIF(F14:Y14,"<4")>0,IF(C14="К","-"," - "),(IFERROR(AVERAGE(F14:Y14),"Очікую")))) -> Очікую
D15: 6 | Z15: =IF(COUNTIF(F15:Y15,"=*")>0,IF($C15="К","-"," - "),IF(COUNTIF(F15:Y15,"<4")>0,IF(C15="К","-"," - "),(IFERROR(AVERAGE(F15:Y15),"Очікую")))) -> Очікую
D16: 7 | Z16: =IF(COUNTIF(F16:Y16,"=*")>0,IF($C16="К","-"," - "),IF(COUNTIF(F16:Y16,"<4")>0,IF(C16="К","-"," - "),(IFERROR(AVERAGE(F16:Y16),"Очікую")))) -> Очікую
D17: 8 | Z17: =IF(COUNTIF(F17:Y17,"=*")>0,IF($C17="К","-"," - "),IF(COUNTIF(F17:Y17,"<4")>0,IF(C17="К","-"," - "),(IFERROR(AVERAGE(F17:Y17),"Очікую")))) -> Очікую
D18: 9 | Z18: =IF(COUNTIF(F18:Y18,"=*")>0,IF($C18="К","-"," - "),IF(COUNTIF(F18:Y18,"<4")>0,IF(C18="К","-"," - "),(IFERROR(AVERAGE(F18:Y18),"Очікую")))) -> Очікую
D19: 10 | Z19: =IF(COUNTIF(F19:Y19,"=*")>0,IF($C19="К","-"," - "),IF(COUNTIF(F19:Y19,"<4")>0,IF(C19="К","-"," - "),(IFERROR(AVERAGE(F19:Y19),"Очікую")))) -> Очікую
D20: 11 | Z20: =IF(COUNTIF(F20:Y20,"=*")>0,IF($C20="К","-"," - "),IF(COUNTIF(F20:Y20,"<4")>0,IF(C20="К","-"," - "),(IFERROR(AVERAGE(F20:Y20),"Очікую")))) -> Очікую
D21: 12 | Z21: =IF(COUNTIF(F21:Y21,"=*")>0,IF($C21="К","-"," - "),IF(COUNTIF(F21:Y21,"<4")>0,IF(C21="К","-"," - "),(IFERROR(AVERAGE(F21:Y21),"Очікую")))) -> Очікую
... D109: 100 | Z109: =IF(COUNTIF(F109:Y109,"=*")>0,IF($C109="К","-"," - "),IF(COUNTIF(F109:Y109,"<4")>0,IF(C109="К","-"," - "),(IFERROR(AVERAGE(F109:Y109),"Очікую")))) -> Очікую
E110: Середній бал успішності з дисципліни | F110: =IF(SUM(F10:F109)=0,IF(COUNTA(F10:F109)=0,"Очікую",0),SUM(F10:F109)/$D109) -> Очікую | G110: =IF(SUM(G10:G109)=0,IF(COUNTA(G10:G109)=0,"Очікую",0),SUM(G10:G109)/$D109) -> Очікую | H110: =IF(SUM(H10:H109)=0,IF(COUNTA(H10:H109)=0,"Очікую",0),SUM(H10:H109)/$D109) -> Очікую | I110: =IF(SUM(I10:I109)=0,IF(COUNTA(I10:I109)=0,"Очікую",0),SUM(I10:I109)/$D109) -> Очікую | J110: =IF(SUM(J10:J109)=0,IF(COUNTA(J10:J109)=0,"Очікую",0),SUM(J10:J109)/$D109) -> Очікую | K110: =IF(SUM(K10:K109)=0,IF(COUNTA(K10:K109)=0,"Очікую",0),SUM(K10:K109)/$D109) -> Очікую | L110: =IF(SUM(L10:L109)=0,IF(COUNTA(L10:L109)=0,"Очікую",0),SUM(L10:L109)/$D109) -> Очікую | M110: =IF(SUM(M10:M109)=0,IF(COUNTA(M10:M109)=0,"Очікую",0),SUM(M10:M109)/$D109) -> Очікую | ... Y110: =IF(SUM(Y10:Y109)=0,IF(COUNTA(Y10:Y109)=0,"Очікую",0),SUM(Y10:Y109)/$D109) -> Очікую | Z110: =IFERROR(AVERAGE(F110:Y110),"Очікую") -> Очікую
E111: Абсолютна успішність | F111: =IF(SUM(F10:F109)=0,IF(COUNTA(F10:F109)=0,"Очікую",0),IF(COUNTIF(F10:F109,">=4")=0,0,COUNTIF(F10:F109,">=4")/$D109*100)) -> Очікую | G111: =IF(SUM(G10:G109)=0,IF(COUNTA(G10:G109)=0,"Очікую",0),IF(COUNTIF(G10:G109,">=4")=0,0,COUNTIF(G10:G109,">=4")/$D109*100)) -> Очікую | H111: =IF(SUM(H10:H109)=0,IF(COUNTA(H10:H109)=0,"Очікую",0),IF(COUNTIF(H10:H109,">=4")=0,0,COUNTIF(H10:H109,">=4")/$D109*100)) -> Очікую | I111: =IF(SUM(I10:I109)=0,IF(COUNTA(I10:I109)=0,"Очікую",0),IF(COUNTIF(I10:I109,">=4")=0,0,COUNTIF(I10:I109,">=4")/$D109*100)) -> Очікую | J111: =IF(SUM(J10:J109)=0,IF(COUNTA(J10:J109)=0,"Очікую",0),IF(COUNTIF(J10:J109,">=4")=0,0,COUNTIF(J10:J109,">=4")/$D109*100)) -> Очікую | K111: =IF(SUM(K10:K109)=0,IF(COUNTA(K10:K109)=0,"Очікую",0),IF(COUNTIF(K10:K109,">=4")=0,0,COUNTIF(K10:K109,">=4")/$D109*100)) -> Очікую | L111: =IF(SUM(L10:L109)=0,IF(COUNTA(L10:L109)=0,"Очікую",0),IF(COUNTIF(L10:L109,">=4")=0,0,COUNTIF(L10:L109,">=4")/$D109*100)) -> Очікую | M111: =IF(SUM(M10:M109)=0,IF(COUNTA(M10:M109)=0,"Очікую",0),IF(COUNTIF(M10:M109,">=4")=0,0,COUNTIF(M10:M109,">=4")/$D109*100)) -> Очікую | ... Y111: =IF(SUM(Y10:Y109)=0,IF(COUNTA(Y10:Y109)=0,"Очікую",0),IF(COUNTIF(Y10:Y109,">=4")=0,0,COUNTIF(Y10:Y109,">=4")/$D109*100)) -> Очікую
E112: Якісна успішність | F112: =IF(SUM(F10:F109)=0,IF(COUNTA(F10:F109)=0,"Очікую",0),IF(COUNTIF(F10:F109,">=7")=0,0,COUNTIF(F10:F109,">=7")/$D109*100)) -> Очікую | G112: =IF(SUM(G10:G109)=0,IF(COUNTA(G10:G109)=0,"Очікую",0),IF(COUNTIF(G10:G109,">=7")=0,0,COUNTIF(G10:G109,">=7")/$D109*100)) -> Очікую | H112: =IF(SUM(H10:H109)=0,IF(COUNTA(H10:H109)=0,"Очікую",0),IF(COUNTIF(H10:H109,">=7")=0,0,COUNTIF(H10:H109,">=7")/$D109*100)) -> Очікую | I112: =IF(SUM(I10:I109)=0,IF(COUNTA(I10:I109)=0,"Очікую",0),IF(COUNTIF(I10:I109,">=7")=0,0,COUNTIF(I10:I109,">=7")/$D109*100)) -> Очікую | J112: =IF(SUM(J10:J109)=0,IF(COUNTA(J10:J109)=0,"Очікую",0),IF(COUNTIF(J10:J109,">=7")=0,0,COUNTIF(J10:J109,">=7")/$D109*100)) -> Очікую | K112: =IF(SUM(K10:K109)=0,IF(COUNTA(K10:K109)=0,"Очікую",0),IF(COUNTIF(K10:K109,">=7")=0,0,COUNTIF(K10:K109,">=7")/$D109*100)) -> Очікую | L112: =IF(SUM(L10:L109)=0,IF(COUNTA(L10:L109)=0,"Очікую",0),IF(COUNTIF(L10:L109,">=7")=0,0,COUNTIF(L10:L109,">=7")/$D109*100)) -> Очікую | M112: =IF(SUM(M10:M109)=0,IF(COUNTA(M10:M109)=0,"Очікую",0),IF(COUNTIF(M10:M109,">=7")=0,0,COUNTIF(M10:M109,">=7")/$D109*100)) -> Очікую | ... Y112: =IF(SUM(Y10:Y109)=0,IF(COUNTA(Y10:Y109)=0,"Очікую",0),IF(COUNTIF(Y10:Y109,">=7")=0,0,COUNTIF(Y10:Y109,">=7")/$D109*100)) -> Очікую
E113: Абсолютна успішність по групі | F113: =IFERROR(AVERAGE(F111:Y111),"Очікую") -> Очікую
E114: Якісна успішність по групі | F114: =IFERROR(AVERAGE(F112:Y112),"Очікую") -> Очікую
E115: Кількість бюджетників | F115: =IF(COUNTIF(C10:C109,"=Б")=0,IF(COUNTIF(C10:C109,"=К")=0,"Очікую",0),COUNTIF(C10:C109,"=Б")) -> Очікую
E116: Кількість контрактників | F116: =IF(COUNTIF(C10:C109,"=К")=0,IF(COUNTIF(C10:C109,"=Б")=0,"Очікую",0),COUNTIF(C10:C109,"=К")) -> Очікую | H116: Класний керівник
E117: Кількість соціального контингенту
E118: Вийшли на стипендію | F118: =IF(F115="Очікую","Очікую",IF(F115-COUNTIF(Z10:Z109," - ")<ROUNDDOWN(F115*0.4,0),F115-COUNTIF(Z10:Z109," - "),ROUNDDOWN(F115*0.4,0))) -> Очікую | H118: Завідувач відділення ПЗСО

Sheet ЛЗ9
A1: S
C3: ВІДОКРЕМЛЕНИЙ СТРУКТУРНИЙ ПІДРОЗДІЛ «ФАХОВИЙ КОЛЕДЖ НАФТОГАЗОВИХ ТЕХНОЛОГІЙ, ІНЖЕНЕРІЇ ТА ІНФРАСТРУКТУРИ СЕРВІСУ ОДЕСЬКОГО НАЦІОНАЛЬНОГО ТЕХНОЛОГІЧНОГО УНІВЕРСИТЕТУ»
C4: ЗВЕДЕНА ВІДОМІСТЬ
C5: Успішності студентів спеціальності XXX «XXXXX»
C6: За X семестр XXXX-XXXX н.р.
C7: Група XXXX курс X
C8: Б/К | D8: № п/п | E8: Прізвище, ім’я, по батькові | F8: Підсумкові оцінки дисциплін | Z8: Середній бал
F9: 1 | G9: 2 | H9: 3 | I9: 4 | J9: 5 | K9: 6 | L9: 7 | M9: 8 | N9: 9 | O9: 10 | P9: 11 | Q9: 12 | R9: 13 | S9: 14 | T9: 15 | U9: 16 | V9: 17 | W9: 18 | X9: 19 | Y9: 20
D10: 1 | Z10: =IF(COUNTIF(F10:Y10,"=*")>0,IF($C10="К","-"," - "),IF(COUNTIF(F10:Y10,"<4")>0,IF(C10="К","-"," - "),(IFERROR(AVERAGE(F10:Y10),"Очікую")))) -> Очікую
D11: 2 | Z11: =IF(COUNTIF(F11:Y11,"=*")>0,IF($C11="К","-"," - "),IF(COUNTIF(F11:Y11,"<4")>0,IF(C11="К","-"," - "),(IFERROR(AVERAGE(F11:Y11),"Очікую")))) -> Очікую
D12: 3 | Z12: =IF(COUNTIF(F12:Y12,"=*")>0,IF($C12="К","-"," - "),IF(COUNTIF(F12:Y12,"<4")>0,IF(C12="К","-"," - "),(IFERROR(AVERAGE(F12:Y12),"Очікую")))) -> Очікую
D13: 4 | Z13: =IF(COUNTIF(F13:Y13,"=*")>0,IF($C13="К","-"," - "),IF(COUNTIF(F13:Y13,"<4")>0,IF(C13="К","-"," - "),(IFERROR(AVERAGE(F13:Y13),"Очікую")))) -> Очікую
D14: 5 | Z14: =IF(COUNTIF(F14:Y14,"=*")>0,IF($C14="К","-"," - "),IF(COUNTIF(F14:Y14,"<4")>0,IF(C14="К","-"," - "),(IFERROR(AVERAGE(F14:Y14),"Очікую")))) -> Очікую
D15: 6 | Z15: =IF(COUNTIF(F15:Y15,"=*")>0,IF($C15="К","-"," - "),IF(COUNTIF(F15:Y15,"<4")>0,IF(C15="К","-"," - "),(IFERROR(AVERAGE(F15:Y15),"Очікую")))) -> Очікую
D16: 7 | Z16: =IF(COUNTIF(F16:Y16,"=*")>0,IF($C16="К","-"," - "),IF(COUNTIF(F16:Y16,"<4")>0,IF(C16="К","-"," - "),(IFERROR(AVERAGE(F16:Y16),"Очікую")))) -> Очікую
D17: 8 | Z17: =IF(COUNTIF(F17:Y17,"=*")>0,IF($C17="К","-"," - "),IF(COUNTIF(F17:Y17,"<4")>0,IF(C17="К","-"," - "),(IFERROR(AVERAGE(F17:Y17),"Очікую")))) -> Очікую
D18: 9 | Z18: =IF(COUNTIF(F18:Y18,"=*")>0,IF($C18="К","-"," - "),IF(COUNTIF(F18:Y18,"<4")>0,IF(C18="К","-"," - "),(IFERROR(AVERAGE(F18:Y18),"Очікую")))) -> Очікую
D19: 10 | Z19: =IF(COUNTIF(F19:Y19,"=*")>0,IF($C19="К","-"," - "),IF(COUNTIF(F19:Y19,"<4")>0,IF(C19="К","-"," - "),(IFERROR(AVERAGE(F19:Y19),"Очікую")))) -> Очікую
D20: 11 | Z20: =IF(COUNTIF(F20:Y20,"=*")>0,IF($C20="К","-"," - "),IF(COUNTIF(F20:Y20,"<4")>0,IF(C20="К","-"," - "),(IFERROR(AVERAGE(F20:Y20),"Очікую")))) -> Очікую
D21: 12 | Z21: =IF(COUNTIF(F21:Y21,"=*")>0,IF($C21="К","-"," - "),IF(COUNTIF(F21:Y21,"<4")>0,IF(C21="К","-"," - "),(IFERROR(AVERAGE(F21:Y21),"Очікую")))) -> Очікую
... D109: 100 | Z109: =IF(COUNTIF(F109:Y109,"=*")>0,IF($C109="К","-"," - "),IF(COUNTIF(F109:Y109,"<4")>0,IF(C109="К","-"," - "),(IFERROR(AVERAGE(F109:Y109),"Очікую")))) -> Очікую
E110: Середній бал успішності з дисципліни | F110: =IF(SUM(F10:F109)=0,IF(COUNTA(F10:F109)=0,"Очікую",0),SUM(F10:F109)/$D109) -> Очікую | G110: =IF(SUM(G10:G109)=0,IF(COUNTA(G10:G109)=0,"Очікую",0),SUM(G10:G109)/$D109) -> Очікую | H110: =IF(SUM(H10:H109)=0,IF(COUNTA(H10:H109)=0,"Очікую",0),SUM(H10:H109)/$D109) -> Очікую | I110: =IF(SUM(I10:I109)=0,IF(COUNTA(I10:I109)=0,"Очікую",0),SUM(I10:I109)/$D109) -> Очікую | J110: =IF(SUM(J10:J109)=0,IF(COUNTA(J10:J109)=0,"Очікую",0),SUM(J10:J109)/$D109) -> Очікую | K110: =IF(SUM(K10:K109)=0,IF(COUNTA(K10:K109)=0,"Очікую",0),SUM(K10:K109)/$D109) -> Очікую | L110: =IF(SUM(L10:L109)=0,IF(COUNTA(L10:L109)=0,"Очікую",0),SUM(L10:L109)/$D109) -> Очікую | M110: =IF(SUM(M10:M109)=0,IF(COUNTA(M10:M109)=0,"Очікую",0),SUM(M10:M109)/$D109) -> Очікую | ... Y110: =IF(SUM(Y10:Y109)=0,IF(COUNTA(Y10:Y109)=0,"Очікую",0),SUM(Y10:Y109)/$D109) -> Очікую | Z110: =IFERROR(AVERAGE(F110:Y110),"Очікую") -> Очікую
E111: Абсолютна успішність | F111: =IF(SUM(F10:F109)=0,IF(COUNTA(F10:F109)=0,"Очікую",0),IF(COUNTIF(F10:F109,">=4")=0,0,COUNTIF(F10:F109,">=4")/$D109*100)) -> Очікую | G111: =IF(SUM(G10:G109)=0,IF(COUNTA(G10:G109)=0,"Очікую",0),IF(COUNTIF(G10:G109,">=4")=0,0,COUNTIF(G10:G109,">=4")/$D109*100)) -> Очікую | H111: =IF(SUM(H10:H109)=0,IF(COUNTA(H10:H109)=0,"Очікую",0),IF(COUNTIF(H10:H109,">=4")=0,0,COUNTIF(H10:H109,">=4")/$D109*100)) -> Очікую | I111: =IF(SUM(I10:I109)=0,IF(COUNTA(I10:I109)=0,"Очікую",0),IF(COUNTIF(I10:I109,">=4")=0,0,COUNTIF(I10:I109,">=4")/$D109*100)) -> Очікую | J111: =IF(SUM(J10:J109)=0,IF(COUNTA(J10:J109)=0,"Очікую",0),IF(COUNTIF(J10:J109,">=4")=0,0,COUNTIF(J10:J109,">=4")/$D109*100)) -> Очікую | K111: =IF(SUM(K10:K109)=0,IF(COUNTA(K10:K109)=0,"Очікую",0),IF(COUNTIF(K10:K109,">=4")=0,0,COUNTIF(K10:K109,">=4")/$D109*100)) -> Очікую | L111: =IF(SUM(L10:L109)=0,IF(COUNTA(L10:L109)=0,"Очікую",0),IF(COUNTIF(L10:L109,">=4")=0,0,COUNTIF(L10:L109,">=4")/$D109*100)) -> Очікую | M111: =IF(SUM(M10:M109)=0,IF(COUNTA(M10:M109)=0,"Очікую",0),IF(COUNTIF(M10:M109,">=4")=0,0,COUNTIF(M10:M109,">=4")/$D109*100)) -> Очікую | ... Y111: =IF(SUM(Y10:Y109)=0,IF(COUNTA(Y10:Y109)=0,"Очікую",0),IF(COUNTIF(Y10:Y109,">=4")=0,0,COUNTIF(Y10:Y109,">=4")/$D109*100)) -> Очікую
E112: Якісна успішність | F112: =IF(SUM(F10:F109)=0,IF(COUNTA(F10:F109)=0,"Очікую",0),IF(COUNTIF(F10:F109,">=7")=0,0,COUNTIF(F10:F109,">=7")/$D109*100)) -> Очікую | G112: =IF(SUM(G10:G109)=0,IF(COUNTA(G10:G109)=0,"Очікую",0),IF(COUNTIF(G10:G109,">=7")=0,0,COUNTIF(G10:G109,">=7")/$D109*100)) -> Очікую | H112: =IF(SUM(H10:H109)=0,IF(COUNTA(H10:H109)=0,"Очікую",0),IF(COUNTIF(H10:H109,">=7")=0,0,COUNTIF(H10:H109,">=7")/$D109*100)) -> Очікую | I112: =IF(SUM(I10:I109)=0,IF(COUNTA(I10:I109)=0,"Очікую",0),IF(COUNTIF(I10:I109,">=7")=0,0,COUNTIF(I10:I109,">=7")/$D109*100)) -> Очікую | J112: =IF(SUM(J10:J109)=0,IF(COUNTA(J10:J109)=0,"Очікую",0),IF(COUNTIF(J10:J109,">=7")=0,0,COUNTIF(J10:J109,">=7")/$D109*100)) -> Очікую | K112: =IF(SUM(K10:K109)=0,IF(COUNTA(K10:K109)=0,"Очікую",0),IF(COUNTIF(K10:K109,">=7")=0,0,COUNTIF(K10:K109,">=7")/$D109*100)) -> Очікую | L112: =IF(SUM(L10:L109)=0,IF(COUNTA(L10:L109)=0,"Очікую",0),IF(COUNTIF(L10:L109,">=7")=0,0,COUNTIF(L10:L109,">=7")/$D109*100)) -> Очікую | M112: =IF(SUM(M10:M109)=0,IF(COUNTA(M10:M109)=0,"Очікую",0),IF(COUNTIF(M10:M109,">=7")=0,0,COUNTIF(M10:M109,">=7")/$D109*100)) -> Очікую | ... Y112: =IF(SUM(Y10:Y109)=0,IF(COUNTA(Y10:Y109)=0,"Очікую",0),IF(COUNTIF(Y10:Y109,">=7")=0,0,COUNTIF(Y10:Y109,">=7")/$D109*100)) -> Очікую
E113: Абсолютна успішність по групі | F113: =IFERROR(AVERAGE(F111:Y111),"Очікую") -> Очікую
E114: Якісна успішність по групі | F114: =IFERROR(AVERAGE(F112:Y112),"Очікую") -> Очікую
E115: Кількість бюджетників | F115: =IF(COUNTIF(C10:C109,"=Б")=0,IF(COUNTIF(C10:C109,"=К")=0,"Очікую",0),COUNTIF(C10:C109,"=Б")) -> Очікую
E116: Кількість контрактників | F116: =IF(COUNTIF(C10:C109,"=К")=0,IF(COUNTIF(C10:C109,"=Б")=0,"Очікую",0),COUNTIF(C10:C109,"=К")) -> Очікую | H116: Класний керівник
E117: Кількість соціального контингенту
E118: Вийшли на стипендію | F118: =IF(F115="Очікую","Очікую",IF(F115-COUNTIF(Z10:Z109," - ")<ROUNDDOWN(F115*0.4,0),F115-COUNTIF(Z10:Z109," - "),ROUNDDOWN(F115*0.4,0))) -> Очікую | H118: Завідувач відділення ПЗСО

Sheet ЛР1
A1: S
C3: ВІДОКРЕМЛЕНИЙ СТРУКТУРНИЙ ПІДРОЗДІЛ «ФАХОВИЙ КОЛЕДЖ НАФТОГАЗОВИХ ТЕХНОЛОГІЙ, ІНЖЕНЕРІЇ ТА ІНФРАСТРУКТУРИ СЕРВІСУ ОДЕСЬКОГО НАЦІОНАЛЬНОГО ТЕХНОЛОГІЧНОГО УНІВЕРСИТЕТУ»
C4: РЕЙТИНГОВА ВІДОМІСТЬ
C5: =ЛЗ1!C5 -> Успішності студентів спеціальності XXX «XXXXX»
C6: =ЛЗ1!C6 -> За X семестр XXXX-XXXX н.р.
C7: =ЛЗ1!C7 -> Група XXXX курс X
C8: Б/К | D8: № п/п | E8: Прізвище, ім’я, по батькові | F8: Підсумкові оцінки дисциплін | Z8: Середній бал | AA8: Рейтинговий бал
F9: 1 | G9: 2 | H9: 3 | I9: 4 | J9: 5 | K9: 6 | L9: 7 | M9: 8 | N9: 9 | O9: 10 | P9: 11 | Q9: 12 | R9: 13 | S9: 14 | T9: 15 | U9: 16 | V9: 17 | W9: 18 | X9: 19 | Y9: 20
D10: 1 | Z10: =IF(COUNTIF(F10:Y10,"=*")>0,IF($C10="К","-"," - "),IF(COUNTIF(F10:Y10,"<4")>0,IF(C10="К","-"," - "),(IFERROR(AVERAGE(F10:Y10),"Очікую")))) -> Очікую | AA10: =IFERROR(Z10/12*90,"Очікую") -> Очікую
D11: 2 | Z11: =IF(COUNTIF(E11:X11,"=*")>0,IF($C11="К","-"," - "),IF(COUNTIF(E11:X11,"<4")>0,IF(B11="К","-"," - "),(IFERROR(AVERAGE(E11:X11),"Очікую")))) -> Очікую | AA11: =IFERROR(Z11/12*90,"Очікую") -> Очікую
D12: 3 | Z12: =IF(COUNTIF(E12:X12,"=*")>0,IF($C12="К","-"," - "),IF(COUNTIF(E12:X12,"<4")>0,IF(B12="К","-"," - "),(IFERROR(AVERAGE(E12:X12),"Очікую")))) -> Очікую | AA12: =IFERROR(Z12/12*90,"Очікую") -> Очікую
D13: 4 | Z13: =IF(COUNTIF(E13:X13,"=*")>0,IF($C13="К","-"," - "),IF(COUNTIF(E13:X13,"<4")>0,IF(B13="К","-"," - "),(IFERROR(AVERAGE(E13:X13),"Очікую")))) -> Очікую | AA13: =IFERROR(Z13/12*90,"Очікую") -> Очікую
D14: 5 | Z14: =IF(COUNTIF(E14:X14,"=*")>0,IF($C14="К","-"," - "),IF(COUNTIF(E14:X14,"<4")>0,IF(B14="К","-"," - "),(IFERROR(AVERAGE(E14:X14),"Очікую")))) -> Очікую | AA14: =IFERROR(Z14/12*90,"Очікую") -> Очікую
D15: 6 | Z15: =IF(COUNTIF(E15:X15,"=*")>0,IF($C15="К","-"," - "),IF(COUNTIF(E15:X15,"<4")>0,IF(B15="К","-"," - "),(IFERROR(AVERAGE(E15:X15),"Очікую")))) -> Очікую | AA15: =IFERROR(Z15/12*90,"Очікую") -> Очікую
D16: 7 | Z16: =IF(COUNTIF(E16:X16,"=*")>0,IF($C16="К","-"," - "),IF(COUNTIF(E16:X16,"<4")>0,IF(B16="К","-"," - "),(IFERROR(AVERAGE(E16:X16),"Очікую")))) -> Очікую | AA16: =IFERROR(Z16/12*90,"Очікую") -> Очікую
D17: 8 | Z17: =IF(COUNTIF(E17:X17,"=*")>0,IF($C17="К","-"," - "),IF(COUNTIF(E17:X17,"<4")>0,IF(B17="К","-"," - "),(IFERROR(AVERAGE(E17:X17),"Очікую")))) -> Очікую | AA17: =IFERROR(Z17/12*90,"Очікую") -> Очікую
D18: 9 | Z18: =IF(COUNTIF(E18:X18,"=*")>0,IF($C18="К","-"," - "),IF(COUNTIF(E18:X18,"<4")>0,IF(B18="К","-"," - "),(IFERROR(AVERAGE(E18:X18),"Очікую")))) -> Очікую | AA18: =IFERROR(Z18/12*90,"Очікую") -> Очікую
D19: 10 | Z19: =IF(COUNTIF(E19:X19,"=*")>0,IF($C19="К","-"," - "),IF(COUNTIF(E19:X19,"<4")>0,IF(B19="К","-"," - "),(IFERROR(AVERAGE(E19:X19),"Очікую")))) -> Очікую | AA19: =IFERROR(Z19/12*90,"Очікую") -> Очікую
D20: 11 | Z20: =IF(COUNTIF(E20:X20,"=*")>0,IF($C20="К","-"," - "),IF(COUNTIF(E20:X20,"<4")>0,IF(B20="К","-"," - "),(IFERROR(AVERAGE(E20:X20),"Очікую")))) -> Очікую | AA20: =IFERROR(Z20/12*90,"Очікую") -> Очікую
D21: 12 | Z21: =IF(COUNTIF(E21:X21,"=*")>0,IF($C21="К","-"," - "),IF(COUNTIF(E21:X21,"<4")>0,IF(B21="К","-"," - "),(IFERROR(AVERAGE(E21:X21),"Очікую")))) -> Очікую | AA21: =IFERROR(Z21/12*90,"Очікую") -> Очікую
D22: 13 | Z22: =IF(COUNTIF(E22:X22,"=*")>0,IF($C22="К","-"," - "),IF(COUNTIF(E22:X22,"<4")>0,IF(B22="К","-"," - "),(IFERROR(AVERAGE(E22:X22),"Очікую")))) -> Очікую | AA22: =IFERROR(Z22/12*90,"Очікую") -> Очікую
... D109: 100 | Z109: =IF(COUNTIF(E109:X109,"=*")>0,IF($C109="К","-"," - "),IF(COUNTIF(E109:X109,"<4")>0,IF(B109="К","-"," - "),(IFERROR(AVERAGE(E109:X109),"Очікую")))) -> Очікую | AA109: =IFERROR(Z109/12*90,"Очікую") -> Очікую
E110: Кількість бюджетників | F110: =ЛЗ1!F115 -> Очікую
E111: Кількість контрактників | F111: =ЛЗ1!F116 -> Очікую | H111: Класний керівник
E112: Кількість соціального контингенту | F112: =ЛЗ1!F117 -> 0
E113: Вийшли на стипендію | F113: =ЛЗ1!F118 -> Очікую | H113: Завідувач відділення ПЗСО

Sheet ЛР2
A1: S
C3: ВІДОКРЕМЛЕНИЙ СТРУКТУРНИЙ ПІДРОЗДІЛ «ФАХОВИЙ КОЛЕДЖ НАФТОГАЗОВИХ ТЕХНОЛОГІЙ, ІНЖЕНЕРІЇ ТА ІНФРАСТРУКТУРИ СЕРВІСУ ОДЕСЬКОГО НАЦІОНАЛЬНОГО ТЕХНОЛОГІЧНОГО УНІВЕРСИТЕТУ»
C4: РЕЙТИНГОВА ВІДОМІСТЬ
C5: =ЛЗ2!C5 -> Успішності студентів спеціальності XXX «XXXXX»
C6: =ЛЗ2!C6 -> За X семестр XXXX-XXXX н.р.
C7: =ЛЗ2!C7 -> Група XXXX курс X
C8: Б/К | D8: № п/п | E8: Прізвище, ім’я, по батькові | F8: Підсумкові оцінки дисциплін | Z8: Середній бал | AA8: Рейтинговий бал
F9: 1 | G9: 2 | H9: 3 | I9: 4 | J9: 5 | K9: 6 | L9: 7 | M9: 8 | N9: 9 | O9: 10 | P9: 11 | Q9: 12 | R9: 13 | S9: 14 | T9: 15 | U9: 16 | V9: 17 | W9: 18 | X9: 19 | Y9: 20
D10: 1 | Z10: =IF(COUNTIF(F10:Y10,"=*")>0,IF($C10="К","-"," - "),IF(COUNTIF(F10:Y10,"<4")>0,IF(C10="К","-"," - "),(IFERROR(AVERAGE(F10:Y10),"Очікую")))) -> Очікую | AA10: =IFERROR(Z10/12*90,"Очікую") -> Очікую
D11: 2 | Z11: =IF(COUNTIF(F11:Y11,"=*")>0,IF($C11="К","-"," - "),IF(COUNTIF(F11:Y11,"<4")>0,IF(C11="К","-"," - "),(IFERROR(AVERAGE(F11:Y11),"Очікую")))) -> Очікую | AA11: =IFERROR(Z11/12*90,"Очікую") -> Очікую
D12: 3 | Z12: =IF(COUNTIF(F12:Y12,"=*")>0,IF($C12="К","-"," - "),IF(COUNTIF(F12:Y12,"<4")>0,IF(C12="К","-"," - "),(IFERROR(AVERAGE(F12:Y12),"Очікую")))) -> Очікую | AA12: =IFERROR(Z12/12*90,"Очікую") -> Очікую
D13: 4 | Z13: =IF(COUNTIF(F13:Y13,"=*")>0,IF($C13="К","-"," - "),IF(COUNTIF(F13:Y13,"<4")>0,IF(C13="К","-"," - "),(IFERROR(AVERAGE(F13:Y13),"Очікую")))) -> Очікую | AA13: =IFERROR(Z13/12*90,"Очікую") -> Очікую
D14: 5 | Z14: =IF(COUNTIF(F14:Y14,"=*")>0,IF($C14="К","-"," - "),IF(COUNTIF(F14:Y14,"<4")>0,IF(C14="К","-"," - "),(IFERROR(AVERAGE(F14:Y14),"Очікую")))) -> Очікую | AA14: =IFERROR(Z14/12*90,"Очікую") -> Очікую
D15: 6 | Z15: =IF(COUNTIF(F15:Y15,"=*")>0,IF($C15="К","-"," - "),IF(COUNTIF(F15:Y15,"<4")>0,IF(C15="К","-"," - "),(IFERROR(AVERAGE(F15:Y15),"Очікую")))) -> Очікую | AA15: =IFERROR(Z15/12*90,"Очікую") -> Очікую
D16: 7 | Z16: =IF(COUNTIF(F16:Y16,"=*")>0,IF($C16="К","-"," - "),IF(COUNTIF(F16:Y16,"<4")>0,IF(C16="К","-"," - "),(IFERROR(AVERAGE(F16:Y16),"Очікую")))) -> Очікую | AA16: =IFERROR(Z16/12*90,"Очікую") -> Очікую
D17: 8 | Z17: =IF(COUNTIF(F17:Y17,"=*")>0,IF($C17="К","-"," - "),IF(COUNTIF(F17:Y17,"<4")>0,IF(C17="К","-"," - "),(IFERROR(AVERAGE(F17:Y17),"Очікую")))) -> Очікую | AA17: =IFERROR(Z17/12*90,"Очікую") -> Очікую
D18: 9 | Z18: =IF(COUNTIF(F18:Y18,"=*")>0,IF($C18="К","-"," - "),IF(COUNTIF(F18:Y18,"<4")>0,IF(C18="К","-"," - "),(IFERROR(AVERAGE(F18:Y18),"Очікую")))) -> Очікую | AA18: =IFERROR(Z18/12*90,"Очікую") -> Очікую
D19: 10 | Z19: =IF(COUNTIF(F19:Y19,"=*")>0,IF($C19="К","-"," - "),IF(COUNTIF(F19:Y19,"<4")>0,IF(C19="К","-"," - "),(IFERROR(AVERAGE(F19:Y19),"Очікую")))) -> Очікую | AA19: =IFERROR(Z19/12*90,"Очікую") -> Очікую
D20: 11 | Z20: =IF(COUNTIF(F20:Y20,"=*")>0,IF($C20="К","-"," - "),IF(COUNTIF(F20:Y20,"<4")>0,IF(C20="К","-"," - "),(IFERROR(AVERAGE(F20:Y20),"Очікую")))) -> Очікую | AA20: =IFERROR(Z20/12*90,"Очікую") -> Очікую
D21: 12 | Z21: =IF(COUNTIF(F21:Y21,"=*")>0,IF($C21="К","-"," - "),IF(COUNTIF(F21:Y21,"<4")>0,IF(C21="К","-"," - "),(IFERROR(AVERAGE(F21:Y21),"Очікую")))) -> Очікую | AA21: =IFERROR(Z21/12*90,"Очікую") -> Очікую
... D109: 100 | Z109: =IF(COUNTIF(F109:Y109,"=*")>0,IF($C109="К","-"," - "),IF(COUNTIF(F109:Y109,"<4")>0,IF(C109="К","-"," - "),(IFERROR(AVERAGE(F109:Y109),"Очікую")))) -> Очікую | AA109: =IFERROR(Z109/12*90,"Очікую") -> Очікую
E110: Кількість бюджетників | F110: =ЛЗ2!F115 -> Очікую
E111: Кількість контрактників | F111: =ЛЗ2!F116 -> Очікую | H111: Класний керівник
E112: Кількість соціального контингенту | F112: =ЛЗ2!F117 -> 0
E113: Вийшли на стипендію | F113: =ЛЗ2!F118 -> Очікую | H113: Завідувач відділення ПЗСО

Sheet ЛР3
A1: S
C3: ВІДОКРЕМЛЕНИЙ СТРУКТУРНИЙ ПІДРОЗДІЛ «ФАХОВИЙ КОЛЕДЖ НАФТОГАЗОВИХ ТЕХНОЛОГІЙ, ІНЖЕНЕРІЇ ТА ІНФРАСТРУКТУРИ СЕРВІСУ ОДЕСЬКОГО НАЦІОНАЛЬНОГО ТЕХНОЛОГІЧНОГО УНІВЕРСИТЕТУ»
C4: РЕЙТИНГОВА ВІДОМІСТЬ
C5: =ЛЗ3!C5 -> Успішності студентів спеціальності XXX «XXXXX»
C6: =ЛЗ3!C6 -> За X семестр XXXX-XXXX н.р.
C7: =ЛЗ3!C7 -> Група XXXX курс X
C8: Б/К | D8: № п/п | E8: Прізвище, ім’я, по батькові | F8: Підсумкові оцінки дисциплін | Z8: Середній бал | AA8: Рейтинговий бал
F9: 1 | G9: 2 | H9: 3 | I9: 4 | J9: 5 | K9: 6 | L9: 7 | M9: 8 | N9: 9 | O9: 10 | P9: 11 | Q9: 12 | R9: 13 | S9: 14 | T9: 15 | U9: 16 | V9: 17 | W9: 18 | X9: 19 | Y9: 20
D10: 1 | Z10: =IF(COUNTIF(F10:Y10,"=*")>0,IF($C10="К","-"," - "),IF(COUNTIF(F10:Y10,"<4")>0,IF(C10="К","-"," - "),(IFERROR(AVERAGE(F10:Y10),"Очікую")))) -> Очікую | AA10: =IFERROR(Z10/12*90,"Очікую") -> Очікую
D11: 2 | Z11: =IF(COUNTIF(F11:Y11,"=*")>0,IF($C11="К","-"," - "),IF(COUNTIF(F11:Y11,"<4")>0,IF(C11="К","-"," - "),(IFERROR(AVERAGE(F11:Y11),"Очікую")))) -> Очікую | AA11: =IFERROR(Z11/12*90,"Очікую") -> Очікую
D12: 3 | Z12: =IF(COUNTIF(F12:Y12,"=*")>0,IF($C12="К","-"," - "),IF(COUNTIF(F12:Y12,"<4")>0,IF(C12="К","-"," - "),(IFERROR(AVERAGE(F12:Y12),"Очікую")))) -> Очікую | AA12: =IFERROR(Z12/12*90,"Очікую") -> Очікую
D13: 4 | Z13: =IF(COUNTIF(F13:Y13,"=*")>0,IF($C13="К","-"," - "),IF(COUNTIF(F13:Y13,"<4")>0,IF(C13="К","-"," - "),(IFERROR(AVERAGE(F13:Y13),"Очікую")))) -> Очікую | AA13: =IFERROR(Z13/12*90,"Очікую") -> Очікую
D14: 5 | Z14: =IF(COUNTIF(F14:Y14,"=*")>0,IF($C14="К","-"," - "),IF(COUNTIF(F14:Y14,"<4")>0,IF(C14="К","-"," - "),(IFERROR(AVERAGE(F14:Y14),"Очікую")))) -> Очікую | AA14: =IFERROR(Z14/12*90,"Очікую") -> Очікую
D15: 6 | Z15: =IF(COUNTIF(F15:Y15,"=*")>0,IF($C15="К","-"," - "),IF(COUNTIF(F15:Y15,"<4")>0,IF(C15="К","-"," - "),(IFERROR(AVERAGE(F15:Y15),"Очікую")))) -> Очікую | AA15: =IFERROR(Z15/12*90,"Очікую") -> Очікую
D16: 7 | Z16: =IF(COUNTIF(F16:Y16,"=*")>0,IF($C16="К","-"," - "),IF(COUNTIF(F16:Y16,"<4")>0,IF(C16="К","-"," - "),(IFERROR(AVERAGE(F16:Y16),"Очікую")))) -> Очікую | AA16: =IFERROR(Z16/12*90,"Очікую") -> Очікую
D17: 8 | Z17: =IF(COUNTIF(F17:Y17,"=*")>0,IF($C17="К","-"," - "),IF(COUNTIF(F17:Y17,"<4")>0,IF(C17="К","-"," - "),(IFERROR(AVERAGE(F17:Y17),"Очікую")))) -> Очікую | AA17: =IFERROR(Z17/12*90,"Очікую") -> Очікую
D18: 9 | Z18: =IF(COUNTIF(F18:Y18,"=*")>0,IF($C18="К","-"," - "),IF(COUNTIF(F18:Y18,"<4")>0,IF(C18="К","-"," - "),(IFERROR(AVERAGE(F18:Y18),"Очікую")))) -> Очікую | AA18: =IFERROR(Z18/12*90,"Очікую") -> Очікую
D19: 10 | Z19: =IF(COUNTIF(F19:Y19,"=*")>0,IF($C19="К","-"," - "),IF(COUNTIF(F19:Y19,"<4")>0,IF(C19="К","-"," - "),(IFERROR(AVERAGE(F19:Y19),"Очікую")))) -> Очікую | AA19: =IFERROR(Z19/12*90,"Очікую") -> Очікую
D20: 11 | Z20: =IF(COUNTIF(F20:Y20,"=*")>0,IF($C20="К","-"," - "),IF(COUNTIF(F20:Y20,"<4")>0,IF(C20="К","-"," - "),(IFERROR(AVERAGE(F20:Y20),"Очікую")))) -> Очікую | AA20: =IFERROR(Z20/12*90,"Очікую") -> Очікую
D21: 12 | Z21: =IF(COUNTIF(F21:Y21,"=*")>0,IF($C21="К","-"," - "),IF(COUNTIF(F21:Y21,"<4")>0,IF(C21="К","-"," - "),(IFERROR(AVERAGE(F21:Y21),"Очікую")))) -> Очікую | AA21: =IFERROR(Z21/12*90,"Очікую") -> Очікую
... D109: 100 | Z109: =IF(COUNTIF(F109:Y109,"=*")>0,IF($C109="К","-"," - "),IF(COUNTIF(F109:Y109,"<4")>0,IF(C109="К","-"," - "),(IFERROR(AVERAGE(F109:Y109),"Очікую")))) -> Очікую | AA109: =IFERROR(Z109/12*90,"Очікую") -> Очікую
E110: Кількість бюджетників | F110: =ЛЗ3!F115 -> Очікую
E111: Кількість контрактників | F111: =ЛЗ3!F116 -> Очікую | H111: Класний керівник
E112: Кількість соціального контингенту | F112: =ЛЗ3!F117 -> 0
E113: Вийшли на стипендію | F113: =ЛЗ3!F118 -> Очікую | H113: Завідувач відділення ПЗСО

Sheet ЛР4
A1: S
C3: ВІДОКРЕМЛЕНИЙ СТРУКТУРНИЙ ПІДРОЗДІЛ «ФАХОВИЙ КОЛЕДЖ НАФТОГАЗОВИХ ТЕХНОЛОГІЙ, ІНЖЕНЕРІЇ ТА ІНФРАСТРУКТУРИ СЕРВІСУ ОДЕСЬКОГО НАЦІОНАЛЬНОГО ТЕХНОЛОГІЧНОГО УНІВЕРСИТЕТУ»
C4: РЕЙТИНГОВА ВІДОМІСТЬ
C5: =ЛЗ4!C5 -> Успішності студентів спеціальності XXX «XXXXX»
C6: =ЛЗ4!C6 -> За X семестр XXXX-XXXX н.р.
C7: =ЛЗ4!C7 -> Група XXXX курс X
C8: Б/К | D8: № п/п | E8: Прізвище, ім’я, по батькові | F8: Підсумкові оцінки дисциплін | Z8: Середній бал | AA8: Рейтинговий бал
F9: 1 | G9: 2 | H9: 3 | I9: 4 | J9: 5 | K9: 6 | L9: 7 | M9: 8 | N9: 9 | O9: 10 | P9: 11 | Q9: 12 | R9: 13 | S9: 14 | T9: 15 | U9: 16 | V9: 17 | W9: 18 | X9: 19 | Y9: 20
D10: 1 | Z10: =IF(COUNTIF(F10:Y10,"=*")>0,IF($C10="К","-"," - "),IF(COUNTIF(F10:Y10,"<4")>0,IF(C10="К","-"," - "),(IFERROR(AVERAGE(F10:Y10),"Очікую")))) -> Очікую | AA10: =IFERROR(Z10/12*90,"Очікую") -> Очікую
D11: 2 | Z11: =IF(COUNTIF(F11:Y11,"=*")>0,IF($C11="К","-"," - "),IF(COUNTIF(F11:Y11,"<4")>0,IF(C11="К","-"," - "),(IFERROR(AVERAGE(F11:Y11),"Очікую")))) -> Очікую | AA11: =IFERROR(Z11/12*90,"Очікую") -> Очікую
D12: 3 | Z12: =IF(COUNTIF(F12:Y12,"=*")>0,IF($C12="К","-"," - "),IF(COUNTIF(F12:Y12,"<4")>0,IF(C12="К","-"," - "),(IFERROR(AVERAGE(F12:Y12),"Очікую")))) -> Очікую | AA12: =IFERROR(Z12/12*90,"Очікую") -> Очікую
D13: 4 | Z13: =IF(COUNTIF(F13:Y13,"=*")>0,IF($C13="К","-"," - "),IF(COUNTIF(F13:Y13,"<4")>0,IF(C13="К","-"," - "),(IFERROR(AVERAGE(F13:Y13),"Очікую")))) -> Очікую | AA13: =IFERROR(Z13/12*90,"Очікую") -> Очікую
D14: 5 | Z14: =IF(COUNTIF(F14:Y14,"=*")>0,IF($C14="К","-"," - "),IF(COUNTIF(F14:Y14,"<4")>0,IF(C14="К","-"," - "),(IFERROR(AVERAGE(F14:Y14),"Очікую")))) -> Очікую | AA14: =IFERROR(Z14/12*90,"Очікую") -> Очікую
D15: 6 | Z15: =IF(COUNTIF(F15:Y15,"=*")>0,IF($C15="К","-"," - "),IF(COUNTIF(F15:Y15,"<4")>0,IF(C15="К","-"," - "),(IFERROR(AVERAGE(F15:Y15),"Очікую")))) -> Очікую | AA15: =IFERROR(Z15/12*90,"Очікую") -> Очікую
D16: 7 | Z16: =IF(COUNTIF(F16:Y16,"=*")>0,IF($C16="К","-"," - "),IF(COUNTIF(F16:Y16,"<4")>0,IF(C16="К","-"," - "),(IFERROR(AVERAGE(F16:Y16),"Очікую")))) -> Очікую | AA16: =IFERROR(Z16/12*90,"Очікую") -> Очікую
D17: 8 | Z17: =IF(COUNTIF(F17:Y17,"=*")>0,IF($C17="К","-"," - "),IF(COUNTIF(F17:Y17,"<4")>0,IF(C17="К","-"," - "),(IFERROR(AVERAGE(F17:Y17),"Очікую")))) -> Очікую | AA17: =IFERROR(Z17/12*90,"Очікую") -> Очікую
D18: 9 | Z18: =IF(COUNTIF(F18:Y18,"=*")>0,IF($C18="К","-"," - "),IF(COUNTIF(F18:Y18,"<4")>0,IF(C18="К","-"," - "),(IFERROR(AVERAGE(F18:Y18),"Очікую")))) -> Очікую | AA18: =IFERROR(Z18/12*90,"Очікую") -> Очікую
D19: 10 | Z19: =IF(COUNTIF(F19:Y19,"=*")>0,IF($C19="К","-"," - "),IF(COUNTIF(F19:Y19,"<4")>0,IF(C19="К","-"," - "),(IFERROR(AVERAGE(F19:Y19),"Очікую")))) -> Очікую | AA19: =IFERROR(Z19/12*90,"Очікую") -> Очікую
D20: 11 | Z20: =IF(COUNTIF(F20:Y20,"=*")>0,IF($C20="К","-"," - "),IF(COUNTIF(F20:Y20,"<4")>0,IF(C20="К","-"," - "),(IFERROR(AVERAGE(F20:Y20),"Очікую")))) -> Очікую | AA20: =IFERROR(Z20/12*90,"Очікую") -> Очікую
D21: 12 | Z21: =IF(COUNTIF(F21:Y21,"=*")>0,IF($C21="К","-"," - "),IF(COUNTIF(F21:Y21,"<4")>0,IF(C21="К","-"," - "),(IFERROR(AVERAGE(F21:Y21),"Очікую")))) -> Очікую | AA21: =IFERROR(Z21/12*90,"Очікую") -> Очікую
... D109: 100 | Z109: =IF(COUNTIF(F109:Y109,"=*")>0,IF($C109="К","-"," - "),IF(COUNTIF(F109:Y109,"<4")>0,IF(C109="К","-"," - "),(IFERROR(AVERAGE(F109:Y109),"Очікую")))) -> Очікую | AA109: =IFERROR(Z109/12*90,"Очікую") -> Очікую
E110: Кількість бюджетників | F110: =ЛЗ4!F115 -> Очікую
E111: Кількість контрактників | F111: =ЛЗ4!F116 -> Очікую | H111: Класний керівник
E112: Кількість соціального контингенту | F112: =ЛЗ4!F117 -> 0
E113: Вийшли на стипендію | F113: =ЛЗ4!F118 -> Очікую | H113: Завідувач відділення ПЗСО

Sheet ЛР5
A1: S
C3: ВІДОКРЕМЛЕНИЙ СТРУКТУРНИЙ ПІДРОЗДІЛ «ФАХОВИЙ КОЛЕДЖ НАФТОГАЗОВИХ ТЕХНОЛОГІЙ, ІНЖЕНЕРІЇ ТА ІНФРАСТРУКТУРИ СЕРВІСУ ОДЕСЬКОГО НАЦІОНАЛЬНОГО ТЕХНОЛОГІЧНОГО УНІВЕРСИТЕТУ»
C4: РЕЙТИНГОВА ВІДОМІСТЬ
C5: =ЛЗ5!C5 -> Успішності студентів спеціальності XXX «XXXXX»
C6: =ЛЗ5!C6 -> За X семестр XXXX-XXXX н.р.
C7: =ЛЗ5!C7 -> Група XXXX курс X
C8: Б/К | D8: № п/п | E8: Прізвище, ім’я, по батькові | F8: Підсумкові оцінки дисциплін | Z8: Середній бал | AA8: Рейтинговий бал
F9: 1 | G9: 2 | H9: 3 | I9: 4 | J9: 5 | K9: 6 | L9: 7 | M9: 8 | N9: 9 | O9: 10 | P9: 11 | Q9: 12 | R9: 13 | S9: 14 | T9: 15 | U9: 16 | V9: 17 | W9: 18 | X9: 19 | Y9: 20
D10: 1 | Z10: =IF(COUNTIF(F10:Y10,"=*")>0,IF($C10="К","-"," - "),IF(COUNTIF(F10:Y10,"<4")>0,IF(C10="К","-"," - "),(IFERROR(AVERAGE(F10:Y10),"Очікую")))) -> Очікую | AA10: =IFERROR(Z10/12*90,"Очікую") -> Очікую
D11: 2 | Z11: =IF(COUNTIF(F11:Y11,"=*")>0,IF($C11="К","-"," - "),IF(COUNTIF(F11:Y11,"<4")>0,IF(C11="К","-"," - "),(IFERROR(AVERAGE(F11:Y11),"Очікую")))) -> Очікую | AA11: =IFERROR(Z11/12*90,"Очікую") -> Очікую
D12: 3 | Z12: =IF(COUNTIF(F12:Y12,"=*")>0,IF($C12="К","-"," - "),IF(COUNTIF(F12:Y12,"<4")>0,IF(C12="К","-"," - "),(IFERROR(AVERAGE(F12:Y12),"Очікую")))) -> Очікую | AA12: =IFERROR(Z12/12*90,"Очікую") -> Очікую
D13: 4 | Z13: =IF(COUNTIF(F13:Y13,"=*")>0,IF($C13="К","-"," - "),IF(COUNTIF(F13:Y13,"<4")>0,IF(C13="К","-"," - "),(IFERROR(AVERAGE(F13:Y13),"Очікую")))) -> Очікую | AA13: =IFERROR(Z13/12*90,"Очікую") -> Очікую
D14: 5 | Z14: =IF(COUNTIF(F14:Y14,"=*")>0,IF($C14="К","-"," - "),IF(COUNTIF(F14:Y14,"<4")>0,IF(C14="К","-"," - "),(IFERROR(AVERAGE(F14:Y14),"Очікую")))) -> Очікую | AA14: =IFERROR(Z14/12*90,"Очікую") -> Очікую
D15: 6 | Z15: =IF(COUNTIF(F15:Y15,"=*")>0,IF($C15="К","-"," - "),IF(COUNTIF(F15:Y15,"<4")>0,IF(C15="К","-"," - "),(IFERROR(AVERAGE(F15:Y15),"Очікую")))) -> Очікую | AA15: =IFERROR(Z15/12*90,"Очікую") -> Очікую
D16: 7 | Z16: =IF(COUNTIF(F16:Y16,"=*")>0,IF($C16="К","-"," - "),IF(COUNTIF(F16:Y16,"<4")>0,IF(C16="К","-"," - "),(IFERROR(AVERAGE(F16:Y16),"Очікую")))) -> Очікую | AA16: =IFERROR(Z16/12*90,"Очікую") -> Очікую
D17: 8 | Z17: =IF(COUNTIF(F17:Y17,"=*")>0,IF($C17="К","-"," - "),IF(COUNTIF(F17:Y17,"<4")>0,IF(C17="К","-"," - "),(IFERROR(AVERAGE(F17:Y17),"Очікую")))) -> Очікую | AA17: =IFERROR(Z17/12*90,"Очікую") -> Очікую
D18: 9 | Z18: =IF(COUNTIF(F18:Y18,"=*")>0,IF($C18="К","-"," - "),IF(COUNTIF(F18:Y18,"<4")>0,IF(C18="К","-"," - "),(IFERROR(AVERAGE(F18:Y18),"Очікую")))) -> Очікую | AA18: =IFERROR(Z18/12*90,"Очікую") -> Очікую
D19: 10 | Z19: =IF(COUNTIF(F19:Y19,"=*")>0,IF($C19="К","-"," - "),IF(COUNTIF(F19:Y19,"<4")>0,IF(C19="К","-"," - "),(IFERROR(AVERAGE(F19:Y19),"Очікую")))) -> Очікую | AA19: =IFERROR(Z19/12*90,"Очікую") -> Очікую
D20: 11 | Z20: =IF(COUNTIF(F20:Y20,"=*")>0,IF($C20="К","-"," - "),IF(COUNTIF(F20:Y20,"<4")>0,IF(C20="К","-"," - "),(IFERROR(AVERAGE(F20:Y20),"Очікую")))) -> Очікую | AA20: =IFERROR(Z20/12*90,"Очікую") -> Очікую
D21: 12 | Z21: =IF(COUNTIF(F21:Y21,"=*")>0,IF($C21="К","-"," - "),IF(COUNTIF(F21:Y21,"<4")>0,IF(C21="К","-"," - "),(IFERROR(AVERAGE(F21:Y21),"Очікую")))) -> Очікую | AA21: =IFERROR(Z21/12*90,"Очікую") -> Очікую
... D109: 100 | Z109: =IF(COUNTIF(F109:Y109,"=*")>0,IF($C109="К","-"," - "),IF(COUNTIF(F109:Y109,"<4")>0,IF(C109="К","-"," - "),(IFERROR(AVERAGE(F109:Y109),"Очікую")))) -> Очікую | AA109: =IFERROR(Z109/12*90,"Очікую") -> Очікую
E110: Кількість бюджетників | F110: =ЛЗ5!F115 -> Очікую
E111: Кількість контрактників | F111: =ЛЗ5!F116 -> Очікую | H111: Класний керівник
E112: Кількість соціального контингенту | F112: =ЛЗ5!F117 -> 0
E113: Вийшли на стипендію | F113: =ЛЗ5!F118 -> Очікую | H113: Завідувач відділення ПЗСО

Sheet ЛР6
A1: S
C3: ВІДОКРЕМЛЕНИЙ СТРУКТУРНИЙ ПІДРОЗДІЛ «ФАХОВИЙ КОЛЕДЖ НАФТОГАЗОВИХ ТЕХНОЛОГІЙ, ІНЖЕНЕРІЇ ТА ІНФРАСТРУКТУРИ СЕРВІСУ ОДЕСЬКОГО НАЦІОНАЛЬНОГО ТЕХНОЛОГІЧНОГО УНІВЕРСИТЕТУ»
C4: РЕЙТИНГОВА ВІДОМІСТЬ
C5: =ЛЗ6!C5 -> Успішності студентів спеціальності XXX «XXXXX»
C6: =ЛЗ6!C6 -> За X семестр XXXX-XXXX н.р.
C7: =ЛЗ6!C7 -> Група XXXX курс X
C8: Б/К | D8: № п/п | E8: Прізвище, ім’я, по батькові | F8: Підсумкові оцінки дисциплін | Z8: Середній бал | AA8: Рейтинговий бал
F9: 1 | G9: 2 | H9: 3 | I9: 4 | J9: 5 | K9: 6 | L9: 7 | M9: 8 | N9: 9 | O9: 10 | P9: 11 | Q9: 12 | R9: 13 | S9: 14 | T9: 15 | U9: 16 | V9: 17 | W9: 18 | X9: 19 | Y9: 20
D10: 1 | Z10: =IF(COUNTIF(F10:Y10,"=*")>0,IF($C10="К","-"," - "),IF(COUNTIF(F10:Y10,"<4")>0,IF(C10="К","-"," - "),(IFERROR(AVERAGE(F10:Y10),"Очікую")))) -> Очікую | AA10: =IFERROR(Z10/12*90,"Очікую") -> Очікую
D11: 2 | Z11: =IF(COUNTIF(F11:Y11,"=*")>0,IF($C11="К","-"," - "),IF(COUNTIF(F11:Y11,"<4")>0,IF(C11="К","-"," - "),(IFERROR(AVERAGE(F11:Y11),"Очікую")))) -> Очікую | AA11: =IFERROR(Z11/12*90,"Очікую") -> Очікую
D12: 3 | Z12: =IF(COUNTIF(F12:Y12,"=*")>0,IF($C12="К","-"," - "),IF(COUNTIF(F12:Y12,"<4")>0,IF(C12="К","-"," - "),(IFERROR(AVERAGE(F12:Y12),"Очікую")))) -> Очікую | AA12: =IFERROR(Z12/12*90,"Очікую") -> Очікую
D13: 4 | Z13: =IF(COUNTIF(F13:Y13,"=*")>0,IF($C13="К","-"," - "),IF(COUNTIF(F13:Y13,"<4")>0,IF(C13="К","-"," - "),(IFERROR(AVERAGE(F13:Y13),"Очікую")))) -> Очікую | AA13: =IFERROR(Z13/12*90,"Очікую") -> Очікую
D14: 5 | Z14: =IF(COUNTIF(F14:Y14,"=*")>0,IF($C14="К","-"," - "),IF(COUNTIF(F14:Y14,"<4")>0,IF(C14="К","-"," - "),(IFERROR(AVERAGE(F14:Y14),"Очікую")))) -> Очікую | AA14: =IFERROR(Z14/12*90,"Очікую") -> Очікую
D15: 6 | Z15: =IF(COUNTIF(F15:Y15,"=*")>0,IF($C15="К","-"," - "),IF(COUNTIF(F15:Y15,"<4")>0,IF(C15="К","-"," - "),(IFERROR(AVERAGE(F15:Y15),"Очікую")))) -> Очікую | AA15: =IFERROR(Z15/12*90,"Очікую") -> Очікую
D16: 7 | Z16: =IF(COUNTIF(F16:Y16,"=*")>0,IF($C16="К","-"," - "),IF(COUNTIF(F16:Y16,"<4")>0,IF(C16="К","-"," - "),(IFERROR(AVERAGE(F16:Y16),"Очікую")))) -> Очікую | AA16: =IFERROR(Z16/12*90,"Очікую") -> Очікую
D17: 8 | Z17: =IF(COUNTIF(F17:Y17,"=*")>0,IF($C17="К","-"," - "),IF(COUNTIF(F17:Y17,"<4")>0,IF(C17="К","-"," - "),(IFERROR(AVERAGE(F17:Y17),"Очікую")))) -> Очікую | AA17: =IFERROR(Z17/12*90,"Очікую") -> Очікую
D18: 9 | Z18: =IF(COUNTIF(F18:Y18,"=*")>0,IF($C18="К","-"," - "),IF(COUNTIF(F18:Y18,"<4")>0,IF(C18="К","-"," - "),(IFERROR(AVERAGE(F18:Y18),"Очікую")))) -> Очікую | AA18: =IFERROR(Z18/12*90,"Очікую") -> Очікую
D19: 10 | Z19: =IF(COUNTIF(F19:Y19,"=*")>0,IF($C19="К","-"," - "),IF(COUNTIF(F19:Y19,"<4")>0,IF(C19="К","-"," - "),(IFERROR(AVERAGE(F19:Y19),"Очікую")))) -> Очікую | AA19: =IFERROR(Z19/12*90,"Очікую") -> Очікую
D20: 11 | Z20: =IF(COUNTIF(F20:Y20,"=*")>0,IF($C20="К","-"," - "),IF(COUNTIF(F20:Y20,"<4")>0,IF(C20="К","-"," - "),(IFERROR(AVERAGE(F20:Y20),"Очікую")))) -> Очікую | AA20: =IFERROR(Z20/12*90,"Очікую") -> Очікую
D21: 12 | Z21: =IF(COUNTIF(F21:Y21,"=*")>0,IF($C21="К","-"," - "),IF(COUNTIF(F21:Y21,"<4")>0,IF(C21="К","-"," - "),(IFERROR(AVERAGE(F21:Y21),"Очікую")))) -> Очікую | AA21: =IFERROR(Z21/12*90,"Очікую") -> Очікую
... D109: 100 | Z109: =IF(COUNTIF(F109:Y109,"=*")>0,IF($C109="К","-"," - "),IF(COUNTIF(F109:Y109,"<4")>0,IF(C109="К","-"," - "),(IFERROR(AVERAGE(F109:Y109),"Очікую")))) -> Очікую | AA109: =IFERROR(Z109/12*90,"Очікую") -> Очікую
E110: Кількість бюджетників | F110: =ЛЗ6!F115 -> Очікую
E111: Кількість контрактників | F111: =ЛЗ6!F116 -> Очікую | H111: Класний керівник
E112: Кількість соціального контингенту | F112: =ЛЗ6!F117 -> 0
E113: Вийшли на стипендію | F113: =ЛЗ6!F118 -> Очікую | H113: Завідувач відділення ПЗСО

Sheet ЛР7
A1: S
C3: ВІДОКРЕМЛЕНИЙ СТРУКТУРНИЙ ПІДРОЗДІЛ «ФАХОВИЙ КОЛЕДЖ НАФТОГАЗОВИХ ТЕХНОЛОГІЙ, ІНЖЕНЕРІЇ ТА ІНФРАСТРУКТУРИ СЕРВІСУ ОДЕСЬКОГО НАЦІОНАЛЬНОГО ТЕХНОЛОГІЧНОГО УНІВЕРСИТЕТУ»
C4: РЕЙТИНГОВА ВІДОМІСТЬ
C5: =ЛЗ7!C5 -> Успішності студентів спеціальності XXX «XXXXX»
C6: =ЛЗ7!C6 -> За X семестр XXXX-XXXX н.р.
C7: =ЛЗ7!C7 -> Група XXXX курс X
C8: Б/К | D8: № п/п | E8: Прізвище, ім’я, по батькові | F8: Підсумкові оцінки дисциплін | Z8: Середній бал | AA8: Рейтинговий бал
F9: 1 | G9: 2 | H9: 3 | I9: 4 | J9: 5 | K9: 6 | L9: 7 | M9: 8 | N9: 9 | O9: 10 | P9: 11 | Q9: 12 | R9: 13 | S9: 14 | T9: 15 | U9: 16 | V9: 17 | W9: 18 | X9: 19 | Y9: 20
D10: 1 | Z10: =IF(COUNTIF(F10:Y10,"=*")>0,IF($C10="К","-"," - "),IF(COUNTIF(F10:Y10,"<4")>0,IF(C10="К","-"," - "),(IFERROR(AVERAGE(F10:Y10),"Очікую")))) -> Очікую | AA10: =IFERROR(Z10/12*90,"Очікую") -> Очікую
D11: 2 | Z11: =IF(COUNTIF(F11:Y11,"=*")>0,IF($C11="К","-"," - "),IF(COUNTIF(F11:Y11,"<4")>0,IF(C11="К","-"," - "),(IFERROR(AVERAGE(F11:Y11),"Очікую")))) -> Очікую | AA11: =IFERROR(Z11/12*90,"Очікую") -> Очікую
D12: 3 | Z12: =IF(COUNTIF(F12:Y12,"=*")>0,IF($C12="К","-"," - "),IF(COUNTIF(F12:Y12,"<4")>0,IF(C12="К","-"," - "),(IFERROR(AVERAGE(F12:Y12),"Очікую")))) -> Очікую | AA12: =IFERROR(Z12/12*90,"Очікую") -> Очікую
D13: 4 | Z13: =IF(COUNTIF(F13:Y13,"=*")>0,IF($C13="К","-"," - "),IF(COUNTIF(F13:Y13,"<4")>0,IF(C13="К","-"," - "),(IFERROR(AVERAGE(F13:Y13),"Очікую")))) -> Очікую | AA13: =IFERROR(Z13/12*90,"Очікую") -> Очікую
D14: 5 | Z14: =IF(COUNTIF(F14:Y14,"=*")>0,IF($C14="К","-"," - "),IF(COUNTIF(F14:Y14,"<4")>0,IF(C14="К","-"," - "),(IFERROR(AVERAGE(F14:Y14),"Очікую")))) -> Очікую | AA14: =IFERROR(Z14/12*90,"Очікую") -> Очікую
D15: 6 | Z15: =IF(COUNTIF(F15:Y15,"=*")>0,IF($C15="К","-"," - "),IF(COUNTIF(F15:Y15,"<4")>0,IF(C15="К","-"," - "),(IFERROR(AVERAGE(F15:Y15),"Очікую")))) -> Очікую | AA15: =IFERROR(Z15/12*90,"Очікую") -> Очікую
D16: 7 | Z16: =IF(COUNTIF(F16:Y16,"=*")>0,IF($C16="К","-"," - "),IF(COUNTIF(F16:Y16,"<4")>0,IF(C16="К","-"," - "),(IFERROR(AVERAGE(F16:Y16),"Очікую")))) -> Очікую | AA16: =IFERROR(Z16/12*90,"Очікую") -> Очікую
D17: 8 | Z17: =IF(COUNTIF(F17:Y17,"=*")>0,IF($C17="К","-"," - "),IF(COUNTIF(F17:Y17,"<4")>0,IF(C17="К","-"," - "),(IFERROR(AVERAGE(F17:Y17),"Очікую")))) -> Очікую | AA17: =IFERROR(Z17/12*90,"Очікую") -> Очікую
D18: 9 | Z18: =IF(COUNTIF(F18:Y18,"=*")>0,IF($C18="К","-"," - "),IF(COUNTIF(F18:Y18,"<4")>0,IF(C18="К","-"," - "),(IFERROR(AVERAGE(F18:Y18),"Очікую")))) -> Очікую | AA18: =IFERROR(Z18/12*90,"Очікую") -> Очікую
D19: 10 | Z19: =IF(COUNTIF(F19:Y19,"=*")>0,IF($C19="К","-"," - "),IF(COUNTIF(F19:Y19,"<4")>0,IF(C19="К","-"," - "),(IFERROR(AVERAGE(F19:Y19),"Очікую")))) -> Очікую | AA19: =IFERROR(Z19/12*90,"Очікую") -> Очікую
D20: 11 | Z20: =IF(COUNTIF(F20:Y20,"=*")>0,IF($C20="К","-"," - "),IF(COUNTIF(F20:Y20,"<4")>0,IF(C20="К","-"," - "),(IFERROR(AVERAGE(F20:Y20),"Очікую")))) -> Очікую | AA20: =IFERROR(Z20/12*90,"Очікую") -> Очікую
D21: 12 | Z21: =IF(COUNTIF(F21:Y21,"=*")>0,IF($C21="К","-"," - "),IF(COUNTIF(F21:Y21,"<4")>0,IF(C21="К","-"," - "),(IFERROR(AVERAGE(F21:Y21),"Очікую")))) -> Очікую | AA21: =IFERROR(Z21/12*90,"Очікую") -> Очікую
... D109: 100 | Z109: =IF(COUNTIF(F109:Y109,"=*")>0,IF($C109="К","-"," - "),IF(COUNTIF(F109:Y109,"<4")>0,IF(C109="К","-"," - "),(IFERROR(AVERAGE(F109:Y109),"Очікую")))) -> Очікую | AA109: =IFERROR(Z109/12*90,"Очікую") -> Очікую
E110: Кількість бюджетників | F110: =ЛЗ7!F115 -> Очікую
E111: Кількість контрактників | F111: =ЛЗ7!F116 -> Очікую | H111: Класний керівник
E112: Кількість соціального контингенту | F112: =ЛЗ7!F117 -> 0
E113: Вийшли на стипендію | F113: =ЛЗ7!F118 -> Очікую | H113: Завідувач відділення ПЗСО

Sheet ЛР8
A1: S
C3: ВІДОКРЕМЛЕНИЙ СТРУКТУРНИЙ ПІДРОЗДІЛ «ФАХОВИЙ КОЛЕДЖ НАФТОГАЗОВИХ ТЕХНОЛОГІЙ, ІНЖЕНЕРІЇ ТА ІНФРАСТРУКТУРИ СЕРВІСУ ОДЕСЬКОГО НАЦІОНАЛЬНОГО ТЕХНОЛОГІЧНОГО УНІВЕРСИТЕТУ»
C4: РЕЙТИНГОВА ВІДОМІСТЬ
C5: =ЛЗ8!C5 -> Успішності студентів спеціальності XXX «XXXXX»
C6: =ЛЗ8!C6 -> За X семестр XXXX-XXXX н.р.
C7: =ЛЗ8!C7 -> Група XXXX курс X
C8: Б/К | D8: № п/п | E8: Прізвище, ім’я, по батькові | F8: Підсумкові оцінки дисциплін | Z8: Середній бал | AA8: Рейтинговий бал
F9: 1 | G9: 2 | H9: 3 | I9: 4 | J9: 5 | K9: 6 | L9: 7 | M9: 8 | N9: 9 | O9: 10 | P9: 11 | Q9: 12 | R9: 13 | S9: 14 | T9: 15 | U9: 16 | V9: 17 | W9: 18 | X9: 19 | Y9: 20
D10: 1 | Z10: =IF(COUNTIF(F10:Y10,"=*")>0,IF($C10="К","-"," - "),IF(COUNTIF(F10:Y10,"<4")>0,IF(C10="К","-"," - "),(IFERROR(AVERAGE(F10:Y10),"Очікую")))) -> Очікую | AA10: =IFERROR(Z10/12*90,"Очікую") -> Очікую
D11: 2 | Z11: =IF(COUNTIF(F11:Y11,"=*")>0,IF($C11="К","-"," - "),IF(COUNTIF(F11:Y11,"<4")>0,IF(C11="К","-"," - "),(IFERROR(AVERAGE(F11:Y11),"Очікую")))) -> Очікую | AA11: =IFERROR(Z11/12*90,"Очікую") -> Очікую
D12: 3 | Z12: =IF(COUNTIF(F12:Y12,"=*")>0,IF($C12="К","-"," - "),IF(COUNTIF(F12:Y12,"<4")>0,IF(C12="К","-"," - "),(IFERROR(AVERAGE(F12:Y12),"Очікую")))) -> Очікую | AA12: =IFERROR(Z12/12*90,"Очікую") -> Очікую
D13: 4 | Z13: =IF(COUNTIF(F13:Y13,"=*")>0,IF($C13="К","-"," - "),IF(COUNTIF(F13:Y13,"<4")>0,IF(C13="К","-"," - "),(IFERROR(AVERAGE(F13:Y13),"Очікую")))) -> Очікую | AA13: =IFERROR(Z13/12*90,"Очікую") -> Очікую
D14: 5 | Z14: =IF(COUNTIF(F14:Y14,"=*")>0,IF($C14="К","-"," - "),IF(COUNTIF(F14:Y14,"<4")>0,IF(C14="К","-"," - "),(IFERROR(AVERAGE(F14:Y14),"Очікую")))) -> Очікую | AA14: =IFERROR(Z14/12*90,"Очікую") -> Очікую
D15: 6 | Z15: =IF(COUNTIF(F15:Y15,"=*")>0,IF($C15="К","-"," - "),IF(COUNTIF(F15:Y15,"<4")>0,IF(C15="К","-"," - "),(IFERROR(AVERAGE(F15:Y15),"Очікую")))) -> Очікую | AA15: =IFERROR(Z15/12*90,"Очікую") -> Очікую
D16: 7 | Z16: =IF(COUNTIF(F16:Y16,"=*")>0,IF($C16="К","-"," - "),IF(COUNTIF(F16:Y16,"<4")>0,IF(C16="К","-"," - "),(IFERROR(AVERAGE(F16:Y16),"Очікую")))) -> Очікую | AA16: =IFERROR(Z16/12*90,"Очікую") -> Очікую
D17: 8 | Z17: =IF(COUNTIF(F17:Y17,"=*")>0,IF($C17="К","-"," - "),IF(COUNTIF(F17:Y17,"<4")>0,IF(C17="К","-"," - "),(IFERROR(AVERAGE(F17:Y17),"Очікую")))) -> Очікую | AA17: =IFERROR(Z17/12*90,"Очікую") -> Очікую
D18: 9 | Z18: =IF(COUNTIF(F18:Y18,"=*")>0,IF($C18="К","-"," - "),IF(COUNTIF(F18:Y18,"<4")>0,IF(C18="К","-"," - "),(IFERROR(AVERAGE(F18:Y18),"Очікую")))) -> Очікую | AA18: =IFERROR(Z18/12*90,"Очікую") -> Очікую
D19: 10 | Z19: =IF(COUNTIF(F19:Y19,"=*")>0,IF($C19="К","-"," - "),IF(COUNTIF(F19:Y19,"<4")>0,IF(C19="К","-"," - "),(IFERROR(AVERAGE(F19:Y19),"Очікую")))) -> Очікую | AA19: =IFERROR(Z19/12*90,"Очікую") -> Очікую
D20: 11 | Z20: =IF(COUNTIF(F20:Y20,"=*")>0,IF($C20="К","-"," - "),IF(COUNTIF(F20:Y20,"<4")>0,IF(C20="К","-"," - "),(IFERROR(AVERAGE(F20:Y20),"Очікую")))) -> Очікую | AA20: =IFERROR(Z20/12*90,"Очікую") -> Очікую
D21: 12 | Z21: =IF(COUNTIF(F21:Y21,"=*")>0,IF($C21="К","-"," - "),IF(COUNTIF(F21:Y21,"<4")>0,IF(C21="К","-"," - "),(IFERROR(AVERAGE(F21:Y21),"Очікую")))) -> Очікую | AA21: =IFERROR(Z21/12*90,"Очікую") -> Очікую
... D109: 100 | Z109: =IF(COUNTIF(F109:Y109,"=*")>0,IF($C109="К","-"," - "),IF(COUNTIF(F109:Y109,"<4")>0,IF(C109="К","-"," - "),(IFERROR(AVERAGE(F109:Y109),"Очікую")))) -> Очікую | AA109: =IFERROR(Z109/12*90,"Очікую") -> Очікую
E110: Кількість бюджетників | F110: =ЛЗ8!F115 -> Очікую
E111: Кількість контрактників | F111: =ЛЗ8!F116 -> Очікую | H111: Класний керівник
E112: Кількість соціального контингенту | F112: =ЛЗ8!F117 -> 0
E113: Вийшли на стипендію | F113: =ЛЗ8!F118 -> Очікую | H113: Завідувач відділення ПЗСО

Sheet ЛР9
A1: S
C3: ВІДОКРЕМЛЕНИЙ СТРУКТУРНИЙ ПІДРОЗДІЛ «ФАХОВИЙ КОЛЕДЖ НАФТОГАЗОВИХ ТЕХНОЛОГІЙ, ІНЖЕНЕРІЇ ТА ІНФРАСТРУКТУРИ СЕРВІСУ ОДЕСЬКОГО НАЦІОНАЛЬНОГО ТЕХНОЛОГІЧНОГО УНІВЕРСИТЕТУ»
C4: РЕЙТИНГОВА ВІДОМІСТЬ
C5: =ЛЗ9!C5 -> Успішності студентів спеціальності XXX «XXXXX»
C6: =ЛЗ9!C6 -> За X семестр XXXX-XXXX н.р.
C7: =ЛЗ9!C7 -> Група XXXX курс X
C8: Б/К | D8: № п/п | E8: Прізвище, ім’я, по батькові | F8: Підсумкові оцінки дисциплін | Z8: Середній бал | AA8: Рейтинговий бал
F9: 1 | G9: 2 | H9: 3 | I9: 4 | J9: 5 | K9: 6 | L9: 7 | M9: 8 | N9: 9 | O9: 10 | P9: 11 | Q9: 12 | R9: 13 | S9: 14 | T9: 15 | U9: 16 | V9: 17 | W9: 18 | X9: 19 | Y9: 20
D10: 1 | Z10: =IF(COUNTIF(F10:Y10,"=*")>0,IF($C10="К","-"," - "),IF(COUNTIF(F10:Y10,"<4")>0,IF(C10="К","-"," - "),(IFERROR(AVERAGE(F10:Y10),"Очікую")))) -> Очікую | AA10: =IFERROR(Z10/12*90,"Очікую") -> Очікую
D11: 2 | Z11: =IF(COUNTIF(F11:Y11,"=*")>0,IF($C11="К","-"," - "),IF(COUNTIF(F11:Y11,"<4")>0,IF(C11="К","-"," - "),(IFERROR(AVERAGE(F11:Y11),"Очікую")))) -> Очікую | AA11: =IFERROR(Z11/12*90,"Очікую") -> Очікую
D12: 3 | Z12: =IF(COUNTIF(F12:Y12,"=*")>0,IF($C12="К","-"," - "),IF(COUNTIF(F12:Y12,"<4")>0,IF(C12="К","-"," - "),(IFERROR(AVERAGE(F12:Y12),"Очікую")))) -> Очікую | AA12: =IFERROR(Z12/12*90,"Очікую") -> Очікую
D13: 4 | Z13: =IF(COUNTIF(F13:Y13,"=*")>0,IF($C13="К","-"," - "),IF(COUNTIF(F13:Y13,"<4")>0,IF(C13="К","-"," - "),(IFERROR(AVERAGE(F13:Y13),"Очікую")))) -> Очікую | AA13: =IFERROR(Z13/12*90,"Очікую") -> Очікую
D14: 5 | Z14: =IF(COUNTIF(F14:Y14,"=*")>0,IF($C14="К","-"," - "),IF(COUNTIF(F14:Y14,"<4")>0,IF(C14="К","-"," - "),(IFERROR(AVERAGE(F14:Y14),"Очікую")))) -> Очікую | AA14: =IFERROR(Z14/12*90,"Очікую") -> Очікую
D15: 6 | Z15: =IF(COUNTIF(F15:Y15,"=*")>0,IF($C15="К","-"," - "),IF(COUNTIF(F15:Y15,"<4")>0,IF(C15="К","-"," - "),(IFERROR(AVERAGE(F15:Y15),"Очікую")))) -> Очікую | AA15: =IFERROR(Z15/12*90,"Очікую") -> Очікую
D16: 7 | Z16: =IF(COUNTIF(F16:Y16,"=*")>0,IF($C16="К","-"," - "),IF(COUNTIF(F16:Y16,"<4")>0,IF(C16="К","-"," - "),(IFERROR(AVERAGE(F16:Y16),"Очікую")))) -> Очікую | AA16: =IFERROR(Z16/12*90,"Очікую") -> Очікую
D17: 8 | Z17: =IF(COUNTIF(F17:Y17,"=*")>0,IF($C17="К","-"," - "),IF(COUNTIF(F17:Y17,"<4")>0,IF(C17="К","-"," - "),(IFERROR(AVERAGE(F17:Y17),"Очікую")))) -> Очікую | AA17: =IFERROR(Z17/12*90,"Очікую") -> Очікую
D18: 9 | Z18: =IF(COUNTIF(F18:Y18,"=*")>0,IF($C18="К","-"," - "),IF(COUNTIF(F18:Y18,"<4")>0,IF(C18="К","-"," - "),(IFERROR(AVERAGE(F18:Y18),"Очікую")))) -> Очікую | AA18: =IFERROR(Z18/12*90,"Очікую") -> Очікую
D19: 10 | Z19: =IF(COUNTIF(F19:Y19,"=*")>0,IF($C19="К","-"," - "),IF(COUNTIF(F19:Y19,"<4")>0,IF(C19="К","-"," - "),(IFERROR(AVERAGE(F19:Y19),"Очікую")))) -> Очікую | AA19: =IFERROR(Z19/12*90,"Очікую") -> Очікую
D20: 11 | Z20: =IF(COUNTIF(F20:Y20,"=*")>0,IF($C20="К","-"," - "),IF(COUNTIF(F20:Y20,"<4")>0,IF(C20="К","-"," - "),(IFERROR(AVERAGE(F20:Y20),"Очікую")))) -> Очікую | AA20: =IFERROR(Z20/12*90,"Очікую") -> Очікую
D21: 12 | Z21: =IF(COUNTIF(F21:Y21,"=*")>0,IF($C21="К","-"," - "),IF(COUNTIF(F21:Y21,"<4")>0,IF(C21="К","-"," - "),(IFERROR(AVERAGE(F21:Y21),"Очікую")))) -> Очікую | AA21: =IFERROR(Z21/12*90,"Очікую") -> Очікую
... D109: 100 | Z109: =IF(COUNTIF(F109:Y109,"=*")>0,IF($C109="К","-"," - "),IF(COUNTIF(F109:Y109,"<4")>0,IF(C109="К","-"," - "),(IFERROR(AVERAGE(F109:Y109),"Очікую")))) -> Очікую | AA109: =IFERROR(Z109/12*90,"Очікую") -> Очікую
E110: Кількість бюджетників | F110: =ЛЗ9!F115 -> Очікую
E111: Кількість контрактників | F111: =ЛЗ9!F116 -> Очікую | H111: Класний керівник
E112: Кількість соціального контингенту | F112: =ЛЗ9!F117 -> 0
E113: Вийшли на стипендію | F113: =ЛЗ9!F118 -> Очікую | H113: Завідувач відділення ПЗСО
