Workbook
Name A1048577: #REF!
Name Ф80: #REF!
Name A1048577: #REF!
Name Ф80: #REF!
Name A1048577: #REF!
Name Ф80: #REF!
Name A1048577: #REF!
Name Ф80: #REF!
Name A1048577: #REF!
Name Ф80: #REF!
Name A1048577: #REF!
Name Ф80: #REF!
Name A1048577: #REF!
Name Ф80: #REF!

Sheet 25-1
A1: S
D3: Міністерство освіти і науки України
D4: Відокремлений структурний підрозділ "Фаховий коледж нафтогазових технологій, інженерії та інфраструктури сервісу Одеського національного технологічного університету"
C5: ВІДОМІСТЬ ОБЛІКУ ГОДИН РОБОТИ ВИКЛАДАЧА
C7: за вересень 2025 р.
C8: Спеціальнiсть 1 курс І група 25-1
C10: № | D10: Предмети | E10: Прізвище та ініціали викладача | F10: Числа місяця | AF10: Дано годин | AG10: Примітка
F11: 1 | G11: 2 | H11: 3 | I11: 4 | J11: 5 | K11: 6 | L11: 7 | M11: 8 | N11: 9 | O11: 10 | P11: 11 | Q11: 12 | R11: 13 | S11: 14 | T11: 15 | U11: 16 | V11: 17 | W11: 18 | X11: 19 | Y11: 20 | Z11: 21 | AA11: 22 | AB11: 23 | AC11: 24 | AD11: 25 | AE11: 26
C12: 1 | D12: Біологія | E12: Богданенко О.В. | J12: 2 | Q12: 2 | X12: 2 | AE12: 2 | AF12: =IF(SUM(F12:AE12)=0,"Очікую",SUM(F12:AE12))
C13: 2 | D13: Всесвітня Історія | E13: Мельничук С.А. | F13: 2 | M13: 2 | T13: 2 | AA13: 2 | AF13: =IF(SUM(F13:AE13)=0,"Очікую",SUM(F13:AE13))
C14: 3 | D14: Географія | E14: Наговська Т.С. | H14: 2 | O14: 2 | V14: 2 | AC14: 2 | AF14: =IF(SUM(F14:AE14)=0,"Очікую",SUM(F14:AE14))
C15: 4 | D15: Зарубіжна література | E15: Бабенко Л.Е. | U15: 2 | AB15: 2 | AF15: =IF(SUM(F15:AE15)=0,"Очікую",SUM(F15:AE15))
C16: 5 | D16: Захист України | E16: Лазар В.І. | H16: 2 | O16: 2 | V16: 2 | AC16: 2 | AF16: =IF(SUM(F16:AE16)=0,"Очікую",SUM(F16:AE16))
C17: 6 | D17: Іноземна мова | E17: Нічик Н.О. | H17: 2 | O17: 2 | V17: 2 | AC17: 2 | AF17: =IF(SUM(F17:AE17)=0,"Очікую",SUM(F17:AE17))
C18: 7 | D18: Інформатика | E18: Андрльє І.О. | I18: 2 | P18: 2 | W18: 2 | AD18: 2 | AF18: =IF(SUM(F18:AE18)=0,"Очікую",SUM(F18:AE18))
C19: 8 | D19: Історія України | E19: Левчук Т.Г. | G19: 2 | N19: 2 | U19: 2 | AB19: 2 | AF19: =IF(SUM(F19:AE19)=0,"Очікую",SUM(F19:AE19))
C20: 9 | D20: Математика | E20: Бондаренко О.С. | F20: 2 | G20: 2 | H20: 2 | M20: 2 | N20: 2 | O20: 2 | T20: 2 | V20: 2 | AA20: 2 | AC20: 2 | AF20: =IF(SUM(F20:AE20)=0,"Очікую",SUM(F20:AE20))
C21: 10 | D21: Українська література | E21: Юрченко О.Б. | I21: 2 | P21: 2 | W21: 2 | AD21: 2 | AF21: =IF(SUM(F21:AE21)=0,"Очікую",SUM(F21:AE21))
C22: 11 | D22: Українська мова | E22: Юрченко О.Б. | J22: 2 | Q22: 2 | X22: 2 | AE22: 2 | AF22: =IF(SUM(F22:AE22)=0,"Очікую",SUM(F22:AE22))
C23: 12 | D23: Фізика | E23: Калюта Н.М. | G23: 2 | I23: 2 | N23: 2 | P23: 2 | U23: 2 | W23: 2 | AB23: 2 | AD23: 2 | AF23: =IF(SUM(F23:AE23)=0,"Очікую",SUM(F23:AE23))
C24: 13 | D24: Фізична культура | E24: Возіян О.Г. | F24: 2 | M24: 2 | Q24: 2 | T24: 2 | AA24: 2 | AE24: 2 | AF24: =IF(SUM(F24:AE24)=0,"Очікую",SUM(F24:AE24))
C25: 14 | D25: Хімія | E25: Сахно Н.О. | G25: 2 | N25: 2 | U25: 2 | AB25: 2 | AF25: =IF(SUM(F25:AE25)=0,"Очікую",SUM(F25:AE25))
F26: =IF($AF26="Очікую","Оч",SUM(F12:F25)) | G26: =IF($AF26="Очікую","Оч",SUM(G12:G25)) | H26: =IF($AF26="Очікую","Оч",SUM(H12:H25)) | I26: =IF($AF26="Очікую","Оч",SUM(I12:I25)) | J26: =IF($AF26="Очікую","Оч",SUM(J12:J25)) | K26: =IF($AF26="Очікую","Оч",SUM(K12:K25)) | L26: =IF($AF26="Очікую","Оч",SUM(L12:L25)) | M26: =IF($AF26="Очікую","Оч",SUM(M12:M25)) | ... AE26: =IF($AF26="Очікую","Оч",SUM(AE12:AE25)) | AF26: =IF(SUM(AF12:AF25)=0,"Очікую",SUM(AF12:AF25))
C29: Завідувач відділення ПЗСО ______________ Маргарита БРІТІКОВА

Sheet 25-2
A1: S
D3: Міністерство освіти і науки України
D4: Відокремлений структурний підрозділ "Фаховий коледж нафтогазових технологій, інженерії та інфраструктури сервісу Одеського національного технологічного університету"
C5: ВІДОМІСТЬ ОБЛІКУ ГОДИН РОБОТИ ВИКЛАДАЧА
C7: за вересень 2025 р.
C8: Спеціальнiсть 1 курс І група 25-2
C10: № | D10: Предмети | E10: Прізвище та ініціали викладача | F10: Числа місяця | AF10: Дано годин | AG10: Примітка
F11: 1 | G11: 2 | H11: 3 | I11: 4 | J11: 5 | K11: 6 | L11: 7 | M11: 8 | N11: 9 | O11: 10 | P11: 11 | Q11: 12 | R11: 13 | S11: 14 | T11: 15 | U11: 16 | V11: 17 | W11: 18 | X11: 19 | Y11: 20 | Z11: 21 | AA11: 22 | AB11: 23 | AC11: 24 | AD11: 25 | AE11: 26
C12: 1 | D12: Біологія | E12: Богданенко О.В. | J12: 2 | Q12: 2 | X12: 2 | AE12: 2 | AF12: =IF(SUM(F12:AE12)=0,"Очікую",SUM(F12:AE12))
C13: 2 | D13: Всесвітня Історія | E13: Мельничук С.А. | F13: 2 | M13: 2 | T13: 2 | AA13: 2 | AF13: =IF(SUM(F13:AE13)=0,"Очікую",SUM(F13:AE13))
C14: 3 | D14: Географія | E14: Наговська Т.С. | H14: 2 | I14: 2 | O14: 2 | V14: 2 | AC14: 2 | AF14: =IF(SUM(F14:AE14)=0,"Очікую",SUM(F14:AE14))
C15: 4 | D15: Зарубіжна література | E15: Бабенко Л. Е. | P15: 2 | W15: 2 | AD15: 2 | AF15: =IF(SUM(F15:AE15)=0,"Очікую",SUM(F15:AE15))
C16: 5 | D16: Захист України | E16: Лазар В.І. | H16: 2 | O16: 2 | V16: 2 | AC16: 2 | AF16: =IF(SUM(F16:AE16)=0,"Очікую",SUM(F16:AE16))
C17: 6 | D17: Іноземна мова | E17: Нічик Н.О. | J17: 2 | Q17: 2 | X17: 2 | AE17: 2 | AF17: =IF(SUM(F17:AE17)=0,"Очікую",SUM(F17:AE17))
C18: 7 | D18: Інформатика | E18: Андрльє І.О. | F18: 2 | M18: 2 | T18: 2 | AA18: 2 | AF18: =IF(SUM(F18:AE18)=0,"Очікую",SUM(F18:AE18))
C19: 8 | D19: Історія України | E19: Левчук Т.Г. | G19: 2 | N19: 2 | U19: 2 | AB19: 2 | AF19: =IF(SUM(F19:AE19)=0,"Очікую",SUM(F19:AE19))
C20: 9 | D20: Математика | E20: Бондаренко О.С. | F20: 2 | H20: 2 | M20: 2 | O20: 2 | T20: 2 | V20: 2 | AA20: 2 | AC20: 2 | AF20: =IF(SUM(F20:AE20)=0,"Очікую",SUM(F20:AE20))
C21: 10 | D21: Українська література | E21: Антропова Л.І. | H21: 2 | O21: 2 | V21: 2 | AC21: 2 | AF21: =IF(SUM(F21:AE21)=0,"Очікую",SUM(F21:AE21))
C22: 11 | D22: Українська мова | E22: Антропова Л.І. | I22: 2 | P22: 2 | W22: 2 | AD22: 2 | AF22: =IF(SUM(F22:AE22)=0,"Очікую",SUM(F22:AE22))
C23: 12 | D23: Фізика | E23: Калюта Н.М. | G23: 2 | I23: 2 | N23: 2 | P23: 2 | U23: 2 | W23: 2 | AB23: 2 | AD23: 2 | AF23: =IF(SUM(F23:AE23)=0,"Очікую",SUM(F23:AE23))
C24: 13 | D24: Фізична культура | E24: Возіян О.Г. | F24: 2 | I24: 2 | M24: 2 | T24: 2 | W24: 2 | AA24: 2 | AF24: =IF(SUM(F24:AE24)=0,"Очікую",SUM(F24:AE24))
C25: 14 | D25: Хімія | E25: Сахно Н.О. | G25: 2 | N25: 2 | U25: 2 | AB25: 2 | AF25: =IF(SUM(F25:AE25)=0,"Очікую",SUM(F25:AE25))
F26: =IF($AF26="Очікую","Оч",SUM(F12:F25)) | G26: =IF($AF26="Очікую","Оч",SUM(G12:G25)) | H26: =IF($AF26="Очікую","Оч",SUM(H12:H25)) | I26: =IF($AF26="Очікую","Оч",SUM(I12:I25)) | J26: =IF($AF26="Очікую","Оч",SUM(J12:J25)) | K26: =IF($AF26="Очікую","Оч",SUM(K12:K25)) | L26: =IF($AF26="Очікую","Оч",SUM(L12:L25)) | M26: =IF($AF26="Очікую","Оч",SUM(M12:M25)) | ... AE26: =IF($AF26="Очікую","Оч",SUM(AE12:AE25)) | AF26: =IF(SUM(AF12:AF25)=0,"Очікую",SUM(AF12:AF25))
C29: Завідувач відділення ПЗСО ______________ Маргарита БРІТІКОВА

Sheet 25-3
A1: S
D3: Міністерство освіти і науки України
D4: Відокремлений структурний підрозділ "Фаховий коледж нафтогазових технологій, інженерії та інфраструктури сервісу Одеського національного технологічного університету"
C5: ВІДОМІСТЬ ОБЛІКУ ГОДИН РОБОТИ ВИКЛАДАЧА
C7: за вересень 2025 р.
C8: Спеціальнiсть 1 курс І група 25-3
C10: № | D10: Предмети | E10: Прізвище та ініціали викладача | F10: Числа місяця | AF10: Дано годин | AG10: Примітка
F11: 1 | G11: 2 | H11: 3 | I11: 4 | J11: 5 | K11: 6 | L11: 7 | M11: 8 | N11: 9 | O11: 10 | P11: 11 | Q11: 12 | R11: 13 | S11: 14 | T11: 15 | U11: 16 | V11: 17 | W11: 18 | X11: 19 | Y11: 20 | Z11: 21 | AA11: 22 | AB11: 23 | AC11: 24 | AD11: 25 | AE11: 26
C12: 1 | D12: Біологія | E12: Богданенко О.В. | J12: 2 | Q12: 2 | X12: 2 | AE12: 2 | AF12: =IF(SUM(F12:AE12)=0,"Очікую",SUM(F12:AE12))
C13: 2 | D13: Всесвітня Історія | E13: Мельничук С.А. | F13: 2 | M13: 2 | T13: 2 | AA13: 2 | AF13: =IF(SUM(F13:AE13)=0,"Очікую",SUM(F13:AE13))
C14: 3 | D14: Географія | E14: Наговська Т.С. | H14: 2 | I14: 2 | O14: 2 | V14: 2 | AC14: 2 | AF14: =IF(SUM(F14:AE14)=0,"Очікую",SUM(F14:AE14))
C15: 4 | D15: Зарубіжна література | E15: Бабенко Л. Е. | P15: 2 | W15: 2 | AD15: 2 | AF15: =IF(SUM(F15:AE15)=0,"Очікую",SUM(F15:AE15))
C16: 5 | D16: Захист України | E16: Лазар В.І. | F16: 2 | M16: 2 | T16: 2 | AA16: 2 | AF16: =IF(SUM(F16:AE16)=0,"Очікую",SUM(F16:AE16))
C17: 6 | D17: Іноземна мова | E17: Нічик Н.О. | H17: 2 | O17: 2 | V17: 2 | AC17: 2 | AF17: =IF(SUM(F17:AE17)=0,"Очікую",SUM(F17:AE17))
C18: 7 | D18: Інформатика | E18: Андрльє І.О. | G18: 2 | N18: 2 | U18: 2 | AB18: 2 | AF18: =IF(SUM(F18:AE18)=0,"Очікую",SUM(F18:AE18))
C19: 8 | D19: Історія України | E19: Левчук Т.Г. | G19: 2 | N19: 2 | U19: 2 | AB19: 2 | AF19: =IF(SUM(F19:AE19)=0,"Очікую",SUM(F19:AE19))
C20: 9 | D20: Математика | E20: Земляна Т.М. | F20: 2 | I20: 2 | M20: 2 | P20: 2 | T20: 2 | W20: 2 | AA20: 2 | AD20: 2 | AF20: =IF(SUM(F20:AE20)=0,"Очікую",SUM(F20:AE20))
C21: 10 | D21: Українська література | E21: Юрченко О.Б. | J21: 2 | Q21: 2 | X21: 2 | AE21: 2 | AF21: =IF(SUM(F21:AE21)=0,"Очікую",SUM(F21:AE21))
C22: 11 | D22: Українська мова | E22: Юрченко О.Б. | J22: 2 | Q22: 2 | X22: 2 | AE22: 2 | AF22: =IF(SUM(F22:AE22)=0,"Очікую",SUM(F22:AE22))
C23: 12 | D23: Фізика | E23: Калюта Н.М. | G23: 2 | I23: 2 | N23: 2 | P23: 2 | U23: 2 | W23: 2 | AB23: 2 | AD23: 2 | AF23: =IF(SUM(F23:AE23)=0,"Очікую",SUM(F23:AE23))
C24: 13 | D24: Фізична культура | E24: Галеніна І.С. | F24: 2 | H24: 2 | O24: 2 | T24: 2 | V24: 2 | AC24: 2 | AF24: =IF(SUM(F24:AE24)=0,"Очікую",SUM(F24:AE24))
C25: 14 | D25: Хімія | E25: Сахно Н.О. | G25: 2 | N25: 2 | U25: 2 | AB25: 2 | AF25: =IF(SUM(F25:AE25)=0,"Очікую",SUM(F25:AE25))
F26: =IF($AF26="Очікую","Оч",SUM(F12:F25)) | G26: =IF($AF26="Очікую","Оч",SUM(G12:G25)) | H26: =IF($AF26="Очікую","Оч",SUM(H12:H25)) | I26: =IF($AF26="Очікую","Оч",SUM(I12:I25)) | J26: =IF($AF26="Очікую","Оч",SUM(J12:J25)) | K26: =IF($AF26="Очікую","Оч",SUM(K12:K25)) | L26: =IF($AF26="Очікую","Оч",SUM(L12:L25)) | M26: =IF($AF26="Очікую","Оч",SUM(M12:M25)) | ... AE26: =IF($AF26="Очікую","Оч",SUM(AE12:AE25)) | AF26: =IF(SUM(AF12:AF25)=0,"Очікую",SUM(AF12:AF25))
C29: Завідувач відділення ПЗСО ______________ Маргарита БРІТІКОВА

Sheet 25-4
A1: S
D3: Міністерство освіти і науки України
D4: Відокремлений структурний підрозділ "Фаховий коледж нафтогазових технологій, інженерії та інфраструктури сервісу Одеського національного технологічного університету"
C5: ВІДОМІСТЬ ОБЛІКУ ГОДИН РОБОТИ ВИКЛАДАЧА
C7: за вересень 2025 р.
C8: Спеціальнiсть 1 курс І група 25-4
C10: № | D10: Предмети | E10: Прізвище та ініціали викладача | F10: Числа місяця | AF10: Дано годин | AG10: Примітка
F11: 1 | G11: 2 | H11: 3 | I11: 4 | J11: 5 | K11: 6 | L11: 7 | M11: 8 | N11: 9 | O11: 10 | P11: 11 | Q11: 12 | R11: 13 | S11: 14 | T11: 15 | U11: 16 | V11: 17 | W11: 18 | X11: 19 | Y11: 20 | Z11: 21 | AA11: 22 | AB11: 23 | AC11: 24 | AD11: 25 | AE11: 26
C12: 1 | D12: Біологія | E12: Богданенко О.В. | I12: 2 | P12: 2 | W12: 2 | AD12: 2 | AF12: =IF(SUM(F12:AE12)=0,"Очікую",SUM(F12:AE12))
C13: 2 | D13: Всесвітня Історія | E13: Мельничук С.А. | F13: 2 | M13: 2 | T13: 2 | AA13: 2 | AF13: =IF(SUM(F13:AE13)=0,"Очікую",SUM(F13:AE13))
C14: 3 | D14: Географія | E14: Наговська Т.С. | F14: 2 | I14: 2 | M14: 2 | T14: 2 | AA14: 2 | AF14: =IF(SUM(F14:AE14)=0,"Очікую",SUM(F14:AE14))
C15: 4 | D15: Зарубіжна література | E15: Бабенко Л. Е. | P15: 2 | W15: 2 | AD15: 2 | AF15: =IF(SUM(F15:AE15)=0,"Очікую",SUM(F15:AE15))
C16: 5 | D16: Захист України | E16: Лазар В.І. | J16: 2 | Q16: 2 | X16: 2 | AE16: 2 | AF16: =IF(SUM(F16:AE16)=0,"Очікую",SUM(F16:AE16))
C17: 6 | D17: Іноземна мова | E17: Нічик Н.О. | H17: 2 | O17: 2 | V17: 2 | AC17: 2 | AF17: =IF(SUM(F17:AE17)=0,"Очікую",SUM(F17:AE17))
C18: 7 | D18: Інформатика | E18: Андрльє І.О. | H18: 2 | O18: 2 | V18: 2 | AC18: 2 | AF18: =IF(SUM(F18:AE18)=0,"Очікую",SUM(F18:AE18))
C19: 8 | D19: Історія України | E19: Левчук Т.Г. | J19: 2 | Q19: 2 | X19: 2 | AE19: 2 | AF19: =IF(SUM(F19:AE19)=0,"Очікую",SUM(F19:AE19))
C20: 9 | D20: Математика | E20: Земляна Т.М. | F20: 2 | G20: 2 | M20: 2 | N20: 2 | T20: 2 | U20: 2 | AA20: 2 | AB20: 2 | AF20: =IF(SUM(F20:AE20)=0,"Очікую",SUM(F20:AE20))
C21: 10 | D21: Українська література | E21: Антропова Л.І. | H21: 2 | O21: 2 | V21: 2 | AC21: 2 | AF21: =IF(SUM(F21:AE21)=0,"Очікую",SUM(F21:AE21))
C22: 11 | D22: Українська мова | E22: Антропова Л.І. | I22: 2 | P22: 2 | W22: 2 | AD22: 2 | AF22: =IF(SUM(F22:AE22)=0,"Очікую",SUM(F22:AE22))
C23: 12 | D23: Фізика | E23: Калюта Н.М. | G23: 2 | I23: 2 | N23: 2 | P23: 2 | U23: 2 | W23: 2 | AB23: 2 | AD23: 2 | AF23: =IF(SUM(F23:AE23)=0,"Очікую",SUM(F23:AE23))
C24: 13 | D24: Фізична культура | E24: Галеніна І.С. | H24: 2 | O24: 2 | Q24: 2 | V24: 2 | AC24: 2 | AE24: 2 | AF24: =IF(SUM(F24:AE24)=0,"Очікую",SUM(F24:AE24))
C25: 14 | D25: Хімія | E25: Пономарьов К.М. | G25: 2 | N25: 2 | U25: 2 | AB25: 2 | AF25: =IF(SUM(F25:AE25)=0,"Очікую",SUM(F25:AE25))
F26: =IF($AF26="Очікую","Оч",SUM(F12:F25)) | G26: =IF($AF26="Очікую","Оч",SUM(G12:G25)) | H26: =IF($AF26="Очікую","Оч",SUM(H12:H25)) | I26: =IF($AF26="Очікую","Оч",SUM(I12:I25)) | J26: =IF($AF26="Очікую","Оч",SUM(J12:J25)) | K26: =IF($AF26="Очікую","Оч",SUM(K12:K25)) | L26: =IF($AF26="Очікую","Оч",SUM(L12:L25)) | M26: =IF($AF26="Очікую","Оч",SUM(M12:M25)) | ... AE26: =IF($AF26="Очікую","Оч",SUM(AE12:AE25)) | AF26: =IF(SUM(AF12:AF25)=0,"Очікую",SUM(AF12:AF25))
C29: Завідувач відділення ПЗСО ______________ Маргарита БРІТІКОВА

Sheet 25-5
A1: S
D3: Міністерство освіти і науки України
D4: Відокремлений структурний підрозділ "Фаховий коледж нафтогазових технологій, інженерії та інфраструктури сервісу Одеського національного технологічного університету"
C5: ВІДОМІСТЬ ОБЛІКУ ГОДИН РОБОТИ ВИКЛАДАЧА
C7: за вересень 2025 р.
C8: Спеціальнiсть 1 курс І група 25-5
C10: № | D10: Предмети | E10: Прізвище та ініціали викладача | F10: Числа місяця | AF10: Дано годин | AG10: Примітка
F11: 1 | G11: 2 | H11: 3 | I11: 4 | J11: 5 | K11: 6 | L11: 7 | M11: 8 | N11: 9 | O11: 10 | P11: 11 | Q11: 12 | R11: 13 | S11: 14 | T11: 15 | U11: 16 | V11: 17 | W11: 18 | X11: 19 | Y11: 20 | Z11: 21 | AA11: 22 | AB11: 23 | AC11: 24 | AD11: 25 | AE11: 26
C12: 1 | D12: Біологія | E12: Богданенко О.В. | I12: 2 | P12: 2 | W12: 2 | AD12: 2 | AF12: =IF(SUM(F12:AE12)=0,"Очікую",SUM(F12:AE12))
C13: 2 | D13: Всесвітня Історія | E13: Мельничук С.А. | H13: 2 | O13: 2 | V13: 2 | AC13: 2 | AF13: =IF(SUM(F13:AE13)=0,"Очікую",SUM(F13:AE13))
C14: 3 | D14: Географія | E14: Наговська Т.С. | F14: 2 | I14: 2 | M14: 2 | T14: 2 | AA14: 2 | AF14: =IF(SUM(F14:AE14)=0,"Очікую",SUM(F14:AE14))
C15: 4 | D15: Зарубіжна література | E15: Бабенко Л. Е. | P15: 2 | W15: 2 | AD15: 2 | AF15: =IF(SUM(F15:AE15)=0,"Очікую",SUM(F15:AE15))
C16: 5 | D16: Захист України | E16: Лазар В.І. | J16: 2 | Q16: 2 | X16: 2 | AE16: 2 | AF16: =IF(SUM(F16:AE16)=0,"Очікую",SUM(F16:AE16))
C17: 6 | D17: Іноземна мова | E17: Нічик Н.О. | H17: 2 | O17: 2 | V17: 2 | AC17: 2 | AF17: =IF(SUM(F17:AE17)=0,"Очікую",SUM(F17:AE17))
C18: 7 | D18: Інформатика | E18: Андрльє І.О. | F18: 2 | M18: 2 | T18: 2 | AA18: 2 | AF18: =IF(SUM(F18:AE18)=0,"Очікую",SUM(F18:AE18))
C19: 8 | D19: Історія України | E19: Левчук Т.Г. | J19: 2 | Q19: 2 | X19: 2 | AE19: 2 | AF19: =IF(SUM(F19:AE19)=0,"Очікую",SUM(F19:AE19))
C20: 9 | D20: Математика | E20: Земляна Т.М. | G20: 2 | I20: 2 | N20: 2 | P20: 2 | U20: 2 | W20: 2 | AB20: 2 | AD20: 2 | AF20: =IF(SUM(F20:AE20)=0,"Очікую",SUM(F20:AE20))
C21: 10 | D21: Українська література | E21: Юрченко О.Б. | J21: 2 | Q21: 2 | X21: 2 | AE21: 2 | AF21: =IF(SUM(F21:AE21)=0,"Очікую",SUM(F21:AE21))
C22: 11 | D22: Українська мова | E22: Юрченко О.Б. | I22: 2 | P22: 2 | W22: 2 | AD22: 2 | AF22: =IF(SUM(F22:AE22)=0,"Очікую",SUM(F22:AE22))
C23: 12 | D23: Фізика | E23: Калюта Н.М. | H23: 2 | J23: 2 | O23: 2 | Q23: 2 | V23: 2 | X23: 2 | AC23: 2 | AE23: 2 | AF23: =IF(SUM(F23:AE23)=0,"Очікую",SUM(F23:AE23))
C24: 13 | D24: Фізична культура | E24: Галеніна І.С. | H24: 2 | M24: 2 | O24: 2 | V24: 2 | AA24: 2 | AC24: 2 | AF24: =IF(SUM(F24:AE24)=0,"Очікую",SUM(F24:AE24))
C25: 14 | D25: Хімія | E25: Пономарьов К.М. | G25: 2 | N25: 2 | U25: 2 | AB25: 2 | AF25: =IF(SUM(F25:AE25)=0,"Очікую",SUM(F25:AE25))
F26: =IF($AF26="Очікую","Оч",SUM(F12:F25)) | G26: =IF($AF26="Очікую","Оч",SUM(G12:G25)) | H26: =IF($AF26="Очікую","Оч",SUM(H12:H25)) | I26: =IF($AF26="Очікую","Оч",SUM(I12:I25)) | J26: =IF($AF26="Очікую","Оч",SUM(J12:J25)) | K26: =IF($AF26="Очікую","Оч",SUM(K12:K25)) | L26: =IF($AF26="Очікую","Оч",SUM(L12:L25)) | M26: =IF($AF26="Очікую","Оч",SUM(M12:M25)) | ... AE26: =IF($AF26="Очікую","Оч",SUM(AE12:AE25)) | AF26: =IF(SUM(AF12:AF25)=0,"Очікую",SUM(AF12:AF25))
C29: Завідувач відділення ПЗСО ______________ Маргарита БРІТІКОВА

Sheet Зведена
A1: S
C3: Міністерство освіти і науки України
C4: Відокремлений структурний підрозділ "Фаховий коледж нафтогазових технологій, інженерій та інфраструктури сервісу Одеського національного технологічного університету"
C6: ВІДОМІСТЬ ОБЛІКУ ГОДИН ВИКЛАДАЧА
C8: за вересень 2025 р.
C9: № | D9: Прізвище викладача | E9: 25-1 | F9: 25-2 | G9: 25-3 | H9: 25-4 | I9: 25-5 | J9: Всього
C10: 1 | D10: Андрльє І.О. | E10: ='25-1'!$AF$18 | F10: ='25-2'!$AF$18 | G10: ='25-3'!$AF$18 | H10: ='25-4'!$AF$18 | I10: ='25-5'!$AF$18 | J10: =IF(SUM(E10:I10)=0,"Очікую",SUM(E10:I10))
C11: 2 | D11: Антропова Л.І. | F11: ='25-2'!$AF$21 + '25-2'!$AF$22 | H11: ='25-4'!$AF$21 + '25-4'!$AF$22 | J11: =IF(SUM(E11:I11)=0,"Очікую",SUM(E11:I11))
C12: 3 | D12: Бабенко Л. Е. | F12: ='25-2'!$AF$15 | G12: ='25-3'!$AF$15 | H12: ='25-4'!$AF$15 | I12: ='25-5'!$AF$15 | J12: =IF(SUM(E12:I12)=0,"Очікую",SUM(E12:I12))
C13: 4 | D13: Бабенко Л.Е. | E13: ='25-1'!$AF$15 | J13: =IF(SUM(E13:I13)=0,"Очікую",SUM(E13:I13))
C14: 5 | D14: Богданенко О.В. | E14: ='25-1'!$AF$12 | F14: ='25-2'!$AF$12 | G14: ='25-3'!$AF$12 | H14: ='25-4'!$AF$12 | I14: ='25-5'!$AF$12 | J14: =IF(SUM(E14:I14)=0,"Очікую",SUM(E14:I14))
C15: 6 | D15: Бондаренко О.С. | E15: ='25-1'!$AF$20 | F15: ='25-2'!$AF$20 | J15: =IF(SUM(E15:I15)=0,"Очікую",SUM(E15:I15))
C16: 7 | D16: Возіян О.Г. | E16: ='25-1'!$AF$24 | F16: ='25-2'!$AF$24 | J16: =IF(SUM(E16:I16)=0,"Очікую",SUM(E16:I16))
C17: 8 | D17: Галеніна І.С. | G17: ='25-3'!$AF$24 | H17: ='25-4'!$AF$24 | I17: ='25-5'!$AF$24 | J17: =IF(SUM(E17:I17)=0,"Очікую",SUM(E17:I17))
C18: 9 | D18: Земляна Т.М. | G18: ='25-3'!$AF$20 | H18: ='25-4'!$AF$20 | I18: ='25-5'!$AF$20 | J18: =IF(SUM(E18:I18)=0,"Очікую",SUM(E18:I18))
C19: 10 | D19: Калюта Н.М. | E19: ='25-1'!$AF$23 | F19: ='25-2'!$AF$23 | G19: ='25-3'!$AF$23 | H19: ='25-4'!$AF$23 | I19: ='25-5'!$AF$23 | J19: =IF(SUM(E19:I19)=0,"Очікую",SUM(E19:I19))
C20: 11 | D20: Лазар В.І. | E20: ='25-1'!$AF$16 | F20: ='25-2'!$AF$16 | G20: ='25-3'!$AF$16 | H20: ='25-4'!$AF$16 | I20: ='25-5'!$AF$16 | J20: =IF(SUM(E20:I20)=0,"Очікую",SUM(E20:I20))
C21: 12 | D21: Левчук Т.Г. | E21: ='25-1'!$AF$19 | F21: ='25-2'!$AF$19 | G21: ='25-3'!$AF$19 | H21: ='25-4'!$AF$19 | I21: ='25-5'!$AF$19 | J21: =IF(SUM(E21:I21)=0,"Очікую",SUM(E21:I21))
C22: 13 | D22: Мельничук С.А. | E22: ='25-1'!$AF$13 | F22: ='25-2'!$AF$13 | G22: ='25-3'!$AF$13 | H22: ='25-4'!$AF$13 | I22: ='25-5'!$AF$13 | J22: =IF(SUM(E22:I22)=0,"Очікую",SUM(E22:I22))
C23: 14 | D23: Наговська Т.С. | E23: ='25-1'!$AF$14 | F23: ='25-2'!$AF$14 | G23: ='25-3'!$AF$14 | H23: ='25-4'!$AF$14 | I23: ='25-5'!$AF$14 | J23: =IF(SUM(E23:I23)=0,"Очікую",SUM(E23:I23))
C24: 15 | D24: Нічик Н.О. | E24: ='25-1'!$AF$17 | F24: ='25-2'!$AF$17 | G24: ='25-3'!$AF$17 | H24: ='25-4'!$AF$17 | I24: ='25-5'!$AF$17 | J24: =IF(SUM(E24:I24)=0,"Очікую",SUM(E24:I24))
C25: 16 | D25: Пономарьов К.М. | H25: ='25-4'!$AF$25 | I25: ='25-5'!$AF$25 | J25: =IF(SUM(E25:I25)=0,"Очікую",SUM(E25:I25))
C26: 17 | D26: Сахно Н.О. | E26: ='25-1'!$AF$25 | F26: ='25-2'!$AF$25 | G26: ='25-3'!$AF$25 | J26: =IF(SUM(E26:I26)=0,"Очікую",SUM(E26:I26))
C27: 18 | D27: Юрченко О.Б. | E27: ='25-1'!$AF$21 + '25-1'!$AF$22 | G27: ='25-3'!$AF$21 + '25-3'!$AF$22 | I27: ='25-5'!$AF$21 + '25-5'!$AF$22 | J27: =IF(SUM(E27:I27)=0,"Очікую",SUM(E27:I27))
E28: =IF(SUM(E10:E27)=0,"Очікую",SUM(E10:E27)) | F28: =IF(SUM(F10:F27)=0,"Очікую",SUM(F10:F27)) | G28: =IF(SUM(G10:G27)=0,"Очікую",SUM(G10:G27)) | H28: =IF(SUM(H10:H27)=0,"Очікую",SUM(H10:H27)) | I28: =IF(SUM(I10:I27)=0,"Очікую",SUM(I10:I27)) | J28: =IF(SUM(J10:J27)=0,"Очікую",SUM(J10:J27))
J29: Всього
C31: Завідувач відділення ПЗСО ______________ Маргарита БРІТІКОВА
