Workbook
Name A1048577: #REF!
Name Ф80: #REF!
Name A1048577: #REF!
Name Ф80: #REF!
Name A1048577: #REF!
Name Ф80: #REF!
Name A1048577: #REF!
Name Ф80: #REF!

Sheet Зведена загальна
A1: S
C3: ЗАГАЛЬНА ВІДОМІСТЬ З УСІМА СПЕЦІАЛЬНОСТЯМИ. НЕ ДЛЯ ДРУКУ. ЗВІДСИ ОЦІНКИ АВТОМАТИЧНО ПЕРЕНОСЯТЬСЯ ДО ВІДОМОСТЕЙ. СТВОРЕНО ДЛЯ ЛЕГШОГО ЗАПОВНЕННЯ ОЦІНОК
C8: Б/К | D8: № п/п | E8: Прізвище, ім’я, по батькові | F8: Підсумкові оцінки дисциплін | U8: Середній бал
F9: Астрономія Наговська Т.С. | G9: Біологія Богданенко О.В. | H9: Всесвітня Історія Мельничук С.А. | I9: Географія Наговська Т.С. | J9: Зарубіжна література Сербулова Ю.А. | K9: Захист України Лазар В.І. | L9: Іноземна мова Нічик Н.О. | M9: Інформатика Бєльдюгіна С.С. | N9: Історія України Левчук Т.Г. | O9: Математика Ромчук В.В. | P9: Українська література Юрченко О.Б. | Q9: Українська мова Юрченко О.Б. | R9: Фізика Калюта Н.М. | S9: Фізична культура Галеніна І.С. | T9: Хімія Сахно Н.О.
C10: Б | D10: 1 | E10: Алексєєв Дмитро Олегович | U10: =IF(COUNTIF($F10:T10,"=*")>0,IF($C10="К","-"," - "),IF(COUNTIF($F10:T10,"<4")>0,IF($C10="К","-"," - "),(IFERROR(AVERAGE($F10:T10),"Очікую"))))
C11: К | D11: 2 | E11: Бойцов Олексій Валерійович | U11: =IF(COUNTIF($F11:T11,"=*")>0,IF($C11="К","-"," - "),IF(COUNTIF($F11:T11,"<4")>0,IF($C11="К","-"," - "),(IFERROR(AVERAGE($F11:T11),"Очікую"))))
C12: Б | D12: 3 | E12: Бурдіяк Ростислав Сергійович | U12: =IF(COUNTIF($F12:T12,"=*")>0,IF($C12="К","-"," - "),IF(COUNTIF($F12:T12,"<4")>0,IF($C12="К","-"," - "),(IFERROR(AVERAGE($F12:T12),"Очікую"))))
C13: Б | D13: 4 | E13: Висоцький Арсеній Андрійович | U13: =IF(COUNTIF($F13:T13,"=*")>0,IF($C13="К","-"," - "),IF(COUNTIF($F13:T13,"<4")>0,IF($C13="К","-"," - "),(IFERROR(AVERAGE($F13:T13),"Очікую"))))
C14: Б | D14: 5 | E14: Дехтяренко Станіслав Володимирович | U14: =IF(COUNTIF($F14:T14,"=*")>0,IF($C14="К","-"," - "),IF(COUNTIF($F14:T14,"<4")>0,IF($C14="К","-"," - "),(IFERROR(AVERAGE($F14:T14),"Очікую"))))
C15: Б | D15: 6 | E15: Дудник Михайло Олександрович | U15: =IF(COUNTIF($F15:T15,"=*")>0,IF($C15="К","-"," - "),IF(COUNTIF($F15:T15,"<4")>0,IF($C15="К","-"," - "),(IFERROR(AVERAGE($F15:T15),"Очікую"))))
C16: Б | D16: 7 | E16: Жуков Артем Андрійович | U16: =IF(COUNTIF($F16:T16,"=*")>0,IF($C16="К","-"," - "),IF(COUNTIF($F16:T16,"<4")>0,IF($C16="К","-"," - "),(IFERROR(AVERAGE($F16:T16),"Очікую"))))
C17: Б | D17: 8 | E17: Змієвський Іван Максимович | U17: =IF(COUNTIF($F17:T17,"=*")>0,IF($C17="К","-"," - "),IF(COUNTIF($F17:T17,"<4")>0,IF($C17="К","-"," - "),(IFERROR(AVERAGE($F17:T17),"Очікую"))))
C18: К | D18: 9 | E18: Кабанова Наталія Володимирівна | U18: =IF(COUNTIF($F18:T18,"=*")>0,IF($C18="К","-"," - "),IF(COUNTIF($F18:T18,"<4")>0,IF($C18="К","-"," - "),(IFERROR(AVERAGE($F18:T18),"Очікую"))))
C19: Б | D19: 10 | E19: Кисіль Артем Сергійович | U19: =IF(COUNTIF($F19:T19,"=*")>0,IF($C19="К","-"," - "),IF(COUNTIF($F19:T19,"<4")>0,IF($C19="К","-"," - "),(IFERROR(AVERAGE($F19:T19),"Очікую"))))
C20: Б | D20: 11 | E20: Коваленко Володимир Олександрович | U20: =IF(COUNTIF($F20:T20,"=*")>0,IF($C20="К","-"," - "),IF(COUNTIF($F20:T20,"<4")>0,IF($C20="К","-"," - "),(IFERROR(AVERAGE($F20:T20),"Очікую"))))
C21: Б | D21: 12 | E21: Ковтонюк Роман Сергійович | U21: =IF(COUNTIF($F21:T21,"=*")>0,IF($C21="К","-"," - "),IF(COUNTIF($F21:T21,"<4")>0,IF($C21="К","-"," - "),(IFERROR(AVERAGE($F21:T21),"Очікую"))))
... C38: К | D38: 29 | E38: Ясюренко Михайло Сергійович | U38: =IF(COUNTIF($F38:T38,"=*")>0,IF($C38="К","-"," - "),IF(COUNTIF($F38:T38,"<4")>0,IF($C38="К","-"," - "),(IFERROR(AVERAGE($F38:T38),"Очікую"))))
E39: Середній бал успішності з дисципліни | F39: =IF(SUM(F$10:F38)=0,IF(COUNTA(F$10:F38)=0,"Очікую",0),SUM(F$10:F38)/$D38) | G39: =IF(SUM(G$10:G38)=0,IF(COUNTA(G$10:G38)=0,"Очікую",0),SUM(G$10:G38)/$D38) | H39: =IF(SUM(H$10:H38)=0,IF(COUNTA(H$10:H38)=0,"Очікую",0),SUM(H$10:H38)/$D38) | I39: =IF(SUM(I$10:I38)=0,IF(COUNTA(I$10:I38)=0,"Очікую",0),SUM(I$10:I38)/$D38) | J39: =IF(SUM(J$10:J38)=0,IF(COUNTA(J$10:J38)=0,"Очікую",0),SUM(J$10:J38)/$D38) | K39: =IF(SUM(K$10:K38)=0,IF(COUNTA(K$10:K38)=0,"Очікую",0),SUM(K$10:K38)/$D38) | L39: =IF(SUM(L$10:L38)=0,IF(COUNTA(L$10:L38)=0,"Очікую",0),SUM(L$10:L38)/$D38) | M39: =IF(SUM(M$10:M38)=0,IF(COUNTA(M$10:M38)=0,"Очікую",0),SUM(M$10:M38)/$D38) | ... T39: =IF(SUM(T$10:T38)=0,IF(COUNTA(T$10:T38)=0,"Очікую",0),SUM(T$10:T38)/$D38) | U39: =IFERROR(AVERAGE($F39:T39),"Очікую")
E40: Абсолютна успішність | F40: =IF(SUM(F$10:F38)=0,IF(COUNTA(F$10:F38)=0,"Очікую",0),IF(COUNTIF(F$10:F38,">=4")=0,0,COUNTIF(F$10:F38,">=4")/$D38*100)) | G40: =IF(SUM(G$10:G38)=0,IF(COUNTA(G$10:G38)=0,"Очікую",0),IF(COUNTIF(G$10:G38,">=4")=0,0,COUNTIF(G$10:G38,">=4")/$D38*100)) | H40: =IF(SUM(H$10:H38)=0,IF(COUNTA(H$10:H38)=0,"Очікую",0),IF(COUNTIF(H$10:H38,">=4")=0,0,COUNTIF(H$10:H38,">=4")/$D38*100)) | I40: =IF(SUM(I$10:I38)=0,IF(COUNTA(I$10:I38)=0,"Очікую",0),IF(COUNTIF(I$10:I38,">=4")=0,0,COUNTIF(I$10:I38,">=4")/$D38*100)) | J40: =IF(SUM(J$10:J38)=0,IF(COUNTA(J$10:J38)=0,"Очікую",0),IF(COUNTIF(J$10:J38,">=4")=0,0,COUNTIF(J$10:J38,">=4")/$D38*100)) | K40: =IF(SUM(K$10:K38)=0,IF(COUNTA(K$10:K38)=0,"Очікую",0),IF(COUNTIF(K$10:K38,">=4")=0,0,COUNTIF(K$10:K38,">=4")/$D38*100)) | L40: =IF(SUM(L$10:L38)=0,IF(COUNTA(L$10:L38)=0,"Очікую",0),IF(COUNTIF(L$10:L38,">=4")=0,0,COUNTIF(L$10:L38,">=4")/$D38*100)) | M40: =IF(SUM(M$10:M38)=0,IF(COUNTA(M$10:M38)=0,"Очікую",0),IF(COUNTIF(M$10:M38,">=4")=0,0,COUNTIF(M$10:M38,">=4")/$D38*100)) | ... T40: =IF(SUM(T$10:T38)=0,IF(COUNTA(T$10:T38)=0,"Очікую",0),IF(COUNTIF(T$10:T38,">=4")=0,0,COUNTIF(T$10:T38,">=4")/$D38*100))
E41: Якісна успішність | F41: =IF(SUM(F$10:F38)=0,IF(COUNTA(F$10:F38)=0,"Очікую",0),IF(COUNTIF(F$10:F38,">=7")=0,0,COUNTIF(F$10:F38,">=7")/$D38*100)) | G41: =IF(SUM(G$10:G38)=0,IF(COUNTA(G$10:G38)=0,"Очікую",0),IF(COUNTIF(G$10:G38,">=7")=0,0,COUNTIF(G$10:G38,">=7")/$D38*100)) | H41: =IF(SUM(H$10:H38)=0,IF(COUNTA(H$10:H38)=0,"Очікую",0),IF(COUNTIF(H$10:H38,">=7")=0,0,COUNTIF(H$10:H38,">=7")/$D38*100)) | I41: =IF(SUM(I$10:I38)=0,IF(COUNTA(I$10:I38)=0,"Очікую",0),IF(COUNTIF(I$10:I38,">=7")=0,0,COUNTIF(I$10:I38,">=7")/$D38*100)) | J41: =IF(SUM(J$10:J38)=0,IF(COUNTA(J$10:J38)=0,"Очікую",0),IF(COUNTIF(J$10:J38,">=7")=0,0,COUNTIF(J$10:J38,">=7")/$D38*100)) | K41: =IF(SUM(K$10:K38)=0,IF(COUNTA(K$10:K38)=0,"Очікую",0),IF(COUNTIF(K$10:K38,">=7")=0,0,COUNTIF(K$10:K38,">=7")/$D38*100)) | L41: =IF(SUM(L$10:L38)=0,IF(COUNTA(L$10:L38)=0,"Очікую",0),IF(COUNTIF(L$10:L38,">=7")=0,0,COUNTIF(L$10:L38,">=7")/$D38*100)) | M41: =IF(SUM(M$10:M38)=0,IF(COUNTA(M$10:M38)=0,"Очікую",0),IF(COUNTIF(M$10:M38,">=7")=0,0,COUNTIF(M$10:M38,">=7")/$D38*100)) | ... T41: =IF(SUM(T$10:T38)=0,IF(COUNTA(T$10:T38)=0,"Очікую",0),IF(COUNTIF(T$10:T38,">=7")=0,0,COUNTIF(T$10:T38,">=7")/$D38*100))
E42: Абсолютна успішність по групі | F42: =IFERROR(AVERAGE(F40:T40),"Очікую")
E43: Якісна успішність по групі | F43: =IFERROR(AVERAGE($F41:T41),"Очікую")
E44: Кількість бюджетників | F44: =IF(COUNTIF($C$10:$C38,"=Б")=0,IF(COUNTIF($C$10:$C38,"=К")=0,"Очікую",0),COUNTIF($C$10:$C38,"=Б"))
E45: Кількість контрактників | F45: =IF(COUNTIF($C$10:$C38,"=К")=0,IF(COUNTIF($C$10:$C38,"=Б")=0,"Очікую",0),COUNTIF($C$10:$C38,"=К")) | H45: Класний керівник
E46: Кількість соціального контингенту
E47: Вийшли на стипендію | F47: =IF(F44="Очікую","Очікую",IF(F44-COUNTIF($U$10:$U38," - ")<ROUNDDOWN(F44*0.4,0),F44-COUNTIF($U$10:$U38," - "),ROUNDDOWN(F44*0.4,0))) | H47: Завідувач відділення ПЗСО | P47: Маргарита БРІТІКОВА

Sheet Зведена G3
A1: S
C3: ВІДОКРЕМЛЕНИЙ СТРУКТУРНИЙ ПІДРОЗДІЛ «ФАХОВИЙ КОЛЕДЖ НАФТОГАЗОВИХ ТЕХНОЛОГІЙ, ІНЖЕНЕРІЇ ТА ІНФРАСТРУКТУРИ СЕРВІСУ ОДЕСЬКОГО НАЦІОНАЛЬНОГО ТЕХНОЛОГІЧНОГО УНІВЕРСИТЕТУ»
C4: ЗВЕДЕНА ВІДОМІСТЬ
C5: Успішності студентів спеціальності G3 ««Електрична інженерія»»
C6: За рік 2025-2026 н.р.
C7: Група 25-4 курс I
C8: Б/К | D8: № п/п | E8: Прізвище, ім’я, по батькові | F8: Підсумкові оцінки дисциплін | U8: Середній бал
F9: ='Зведена загальна'!F9 | G9: ='Зведена загальна'!G9 | H9: ='Зведена загальна'!H9 | I9: ='Зведена загальна'!I9 | J9: ='Зведена загальна'!J9 | K9: ='Зведена загальна'!K9 | L9: ='Зведена загальна'!L9 | M9: ='Зведена загальна'!M9 | ... T9: ='Зведена загальна'!T9
C10: ='Зведена загальна'!C10 | D10: 1 | E10: ='Зведена загальна'!E10 | F10: ='Зведена загальна'!F10 | G10: ='Зведена загальна'!G10 | H10: ='Зведена загальна'!H10 | I10: ='Зведена загальна'!I10 | J10: ='Зведена загальна'!J10 | K10: ='Зведена загальна'!K10 | L10: ='Зведена загальна'!L10 | ... T10: ='Зведена загальна'!T10 | U10: =IF(COUNTIF($F10:T10,"=*")>0,IF($C10="К","-"," - "),IF(COUNTIF($F10:T10,"<4")>0,IF(C10="К","-"," - "),(IFERROR(AVERAGE($F10:T10),"Очікую"))))
C11: ='Зведена загальна'!C11 | D11: 2 | E11: ='Зведена загальна'!E11 | F11: ='Зведена загальна'!F11 | G11: ='Зведена загальна'!G11 | H11: ='Зведена загальна'!H11 | I11: ='Зведена загальна'!I11 | J11: ='Зведена загальна'!J11 | K11: ='Зведена загальна'!K11 | L11: ='Зведена загальна'!L11 | ... T11: ='Зведена загальна'!T11 | U11: =IF(COUNTIF($F11:T11,"=*")>0,IF($C11="К","-"," - "),IF(COUNTIF($F11:T11,"<4")>0,IF(C11="К","-"," - "),(IFERROR(AVERAGE($F11:T11),"Очікую"))))
C12: ='Зведена загальна'!C12 | D12: 3 | E12: ='Зведена загальна'!E12 | F12: ='Зведена загальна'!F12 | G12: ='Зведена загальна'!G12 | H12: ='Зведена загальна'!H12 | I12: ='Зведена загальна'!I12 | J12: ='Зведена загальна'!J12 | K12: ='Зведена загальна'!K12 | L12: ='Зведена загальна'!L12 | ... T12: ='Зведена загальна'!T12 | U12: =IF(COUNTIF($F12:T12,"=*")>0,IF($C12="К","-"," - "),IF(COUNTIF($F12:T12,"<4")>0,IF(C12="К","-"," - "),(IFERROR(AVERAGE($F12:T12),"Очікую"))))
C13: ='Зведена загальна'!C14 | D13: 4 | E13: ='Зведена загальна'!E14 | F13: ='Зведена загальна'!F14 | G13: ='Зведена загальна'!G14 | H13: ='Зведена загальна'!H14 | I13: ='Зведена загальна'!I14 | J13: ='Зведена загальна'!J14 | K13: ='Зведена загальна'!K14 | L13: ='Зведена загальна'!L14 | ... T13: ='Зведена загальна'!T14 | U13: =IF(COUNTIF($F13:T13,"=*")>0,IF($C13="К","-"," - "),IF(COUNTIF($F13:T13,"<4")>0,IF(C13="К","-"," - "),(IFERROR(AVERAGE($F13:T13),"Очікую"))))
C14: ='Зведена загальна'!C16 | D14: 5 | E14: ='Зведена загальна'!E16 | F14: ='Зведена загальна'!F16 | G14: ='Зведена загальна'!G16 | H14: ='Зведена загальна'!H16 | I14: ='Зведена загальна'!I16 | J14: ='Зведена загальна'!J16 | K14: ='Зведена загальна'!K16 | L14: ='Зведена загальна'!L16 | ... T14: ='Зведена загальна'!T16 | U14: =IF(COUNTIF($F14:T14,"=*")>0,IF($C14="К","-"," - "),IF(COUNTIF($F14:T14,"<4")>0,IF(C14="К","-"," - "),(IFERROR(AVERAGE($F14:T14),"Очікую"))))
C15: ='Зведена загальна'!C17 | D15: 6 | E15: ='Зведена загальна'!E17 | F15: ='Зведена загальна'!F17 | G15: ='Зведена загальна'!G17 | H15: ='Зведена загальна'!H17 | I15: ='Зведена загальна'!I17 | J15: ='Зведена загальна'!J17 | K15: ='Зведена загальна'!K17 | L15: ='Зведена загальна'!L17 | ... T15: ='Зведена загальна'!T17 | U15: =IF(COUNTIF($F15:T15,"=*")>0,IF($C15="К","-"," - "),IF(COUNTIF($F15:T15,"<4")>0,IF(C15="К","-"," - "),(IFERROR(AVERAGE($F15:T15),"Очікую"))))
C16: ='Зведена загальна'!C19 | D16: 7 | E16: ='Зведена загальна'!E19 | F16: ='Зведена загальна'!F19 | G16: ='Зведена загальна'!G19 | H16: ='Зведена загальна'!H19 | I16: ='Зведена загальна'!I19 | J16: ='Зведена загальна'!J19 | K16: ='Зведена загальна'!K19 | L16: ='Зведена загальна'!L19 | ... T16: ='Зведена загальна'!T19 | U16: =IF(COUNTIF($F16:T16,"=*")>0,IF($C16="К","-"," - "),IF(COUNTIF($F16:T16,"<4")>0,IF(C16="К","-"," - "),(IFERROR(AVERAGE($F16:T16),"Очікую"))))
C17: ='Зведена загальна'!C20 | D17: 8 | E17: ='Зведена загальна'!E20 | F17: ='Зведена загальна'!F20 | G17: ='Зведена загальна'!G20 | H17: ='Зведена загальна'!H20 | I17: ='Зведена загальна'!I20 | J17: ='Зведена загальна'!J20 | K17: ='Зведена загальна'!K20 | L17: ='Зведена загальна'!L20 | ... T17: ='Зведена загальна'!T20 | U17: =IF(COUNTIF($F17:T17,"=*")>0,IF($C17="К","-"," - "),IF(COUNTIF($F17:T17,"<4")>0,IF(C17="К","-"," - "),(IFERROR(AVERAGE($F17:T17),"Очікую"))))
C18: ='Зведена загальна'!C21 | D18: 9 | E18: ='Зведена загальна'!E21 | F18: ='Зведена загальна'!F21 | G18: ='Зведена загальна'!G21 | H18: ='Зведена загальна'!H21 | I18: ='Зведена загальна'!I21 | J18: ='Зведена загальна'!J21 | K18: ='Зведена загальна'!K21 | L18: ='Зведена загальна'!L21 | ... T18: ='Зведена загальна'!T21 | U18: =IF(COUNTIF($F18:T18,"=*")>0,IF($C18="К","-"," - "),IF(COUNTIF($F18:T18,"<4")>0,IF(C18="К","-"," - "),(IFERROR(AVERAGE($F18:T18),"Очікую"))))
C19: ='Зведена загальна'!C22 | D19: 10 | E19: ='Зведена загальна'!E22 | F19: ='Зведена загальна'!F22 | G19: ='Зведена загальна'!G22 | H19: ='Зведена загальна'!H22 | I19: ='Зведена загальна'!I22 | J19: ='Зведена загальна'!J22 | K19: ='Зведена загальна'!K22 | L19: ='Зведена загальна'!L22 | ... T19: ='Зведена загальна'!T22 | U19: =IF(COUNTIF($F19:T19,"=*")>0,IF($C19="К","-"," - "),IF(COUNTIF($F19:T19,"<4")>0,IF(C19="К","-"," - "),(IFERROR(AVERAGE($F19:T19),"Очікую"))))
C20: ='Зведена загальна'!C24 | D20: 11 | E20: ='Зведена загальна'!E24 | F20: ='Зведена загальна'!F24 | G20: ='Зведена загальна'!G24 | H20: ='Зведена загальна'!H24 | I20: ='Зведена загальна'!I24 | J20: ='Зведена загальна'!J24 | K20: ='Зведена загальна'!K24 | L20: ='Зведена загальна'!L24 | ... T20: ='Зведена загальна'!T24 | U20: =IF(COUNTIF($F20:T20,"=*")>0,IF($C20="К","-"," - "),IF(COUNTIF($F20:T20,"<4")>0,IF(C20="К","-"," - "),(IFERROR(AVERAGE($F20:T20),"Очікую"))))
C21: ='Зведена загальна'!C28 | D21: 12 | E21: ='Зведена загальна'!E28 | F21: ='Зведена загальна'!F28 | G21: ='Зведена загальна'!G28 | H21: ='Зведена загальна'!H28 | I21: ='Зведена загальна'!I28 | J21: ='Зведена загальна'!J28 | K21: ='Зведена загальна'!K28 | L21: ='Зведена загальна'!L28 | ... T21: ='Зведена загальна'!T28 | U21: =IF(COUNTIF($F21:T21,"=*")>0,IF($C21="К","-"," - "),IF(COUNTIF($F21:T21,"<4")>0,IF(C21="К","-"," - "),(IFERROR(AVERAGE($F21:T21),"Очікую"))))
C22: ='Зведена загальна'!C27 | D22: 13 | E22: ='Зведена загальна'!E27 | F22: ='Зведена загальна'!F27 | G22: ='Зведена загальна'!G27 | H22: ='Зведена загальна'!H27 | I22: ='Зведена загальна'!I27 | J22: ='Зведена загальна'!J27 | K22: ='Зведена загальна'!K27 | L22: ='Зведена загальна'!L27 | ... T22: ='Зведена загальна'!T27 | U22: =IF(COUNTIF($F22:T22,"=*")>0,IF($C22="К","-"," - "),IF(COUNTIF($F22:T22,"<4")>0,IF(C22="К","-"," - "),(IFERROR(AVERAGE($F22:T22),"Очікую"))))
C23: ='Зведена загальна'!C29 | D23: 14 | E23: ='Зведена загальна'!E29 | F23: ='Зведена загальна'!F29 | G23: ='Зведена загальна'!G29 | H23: ='Зведена загальна'!H29 | I23: ='Зведена загальна'!I29 | J23: ='Зведена загальна'!J29 | K23: ='Зведена загальна'!K29 | L23: ='Зведена загальна'!L29 | ... T23: ='Зведена загальна'!T29 | U23: =IF(COUNTIF($F23:T23,"=*")>0,IF($C23="К","-"," - "),IF(COUNTIF($F23:T23,"<4")>0,IF(C23="К","-"," - "),(IFERROR(AVERAGE($F23:T23),"Очікую"))))
C24: ='Зведена загальна'!C32 | D24: 15 | E24: ='Зведена загальна'!E32 | F24: ='Зведена загальна'!F32 | G24: ='Зведена загальна'!G32 | H24: ='Зведена загальна'!H32 | I24: ='Зведена загальна'!I32 | J24: ='Зведена загальна'!J32 | K24: ='Зведена загальна'!K32 | L24: ='Зведена загальна'!L32 | ... T24: ='Зведена загальна'!T32 | U24: =IF(COUNTIF($F24:T24,"=*")>0,IF($C24="К","-"," - "),IF(COUNTIF($F24:T24,"<4")>0,IF(C24="К","-"," - "),(IFERROR(AVERAGE($F24:T24),"Очікую"))))
C25: ='Зведена загальна'!C36 | D25: 16 | E25: ='Зведена загальна'!E36 | F25: ='Зведена загальна'!F36 | G25: ='Зведена загальна'!G36 | H25: ='Зведена загальна'!H36 | I25: ='Зведена загальна'!I36 | J25: ='Зведена загальна'!J36 | K25: ='Зведена загальна'!K36 | L25: ='Зведена загальна'!L36 | ... T25: ='Зведена загальна'!T36 | U25: =IF(COUNTIF($F25:T25,"=*")>0,IF($C25="К","-"," - "),IF(COUNTIF($F25:T25,"<4")>0,IF(C25="К","-"," - "),(IFERROR(AVERAGE($F25:T25),"Очікую"))))
C26: ='Зведена загальна'!C37 | D26: 17 | E26: ='Зведена загальна'!E37 | F26: ='Зведена загальна'!F37 | G26: ='Зведена загальна'!G37 | H26: ='Зведена загальна'!H37 | I26: ='Зведена загальна'!I37 | J26: ='Зведена загальна'!J37 | K26: ='Зведена загальна'!K37 | L26: ='Зведена загальна'!L37 | ... T26: ='Зведена загальна'!T37 | U26: =IF(COUNTIF($F26:T26,"=*")>0,IF($C26="К","-"," - "),IF(COUNTIF($F26:T26,"<4")>0,IF(C26="К","-"," - "),(IFERROR(AVERAGE($F26:T26),"Очікую"))))
E27: Середній бал успішності з дисципліни | F27: =IF(SUM(F$10:F26)=0,IF(COUNTA(F$10:F26)=0,"Очікую",0),SUM(F$10:F26)/$D26) | G27: =IF(SUM(G$10:G26)=0,IF(COUNTA(G$10:G26)=0,"Очікую",0),SUM(G$10:G26)/$D26) | H27: =IF(SUM(H$10:H26)=0,IF(COUNTA(H$10:H26)=0,"Очікую",0),SUM(H$10:H26)/$D26) | I27: =IF(SUM(I$10:I26)=0,IF(COUNTA(I$10:I26)=0,"Очікую",0),SUM(I$10:I26)/$D26) | J27: =IF(SUM(J$10:J26)=0,IF(COUNTA(J$10:J26)=0,"Очікую",0),SUM(J$10:J26)/$D26) | K27: =IF(SUM(K$10:K26)=0,IF(COUNTA(K$10:K26)=0,"Очікую",0),SUM(K$10:K26)/$D26) | L27: =IF(SUM(L$10:L26)=0,IF(COUNTA(L$10:L26)=0,"Очікую",0),SUM(L$10:L26)/$D26) | M27: =IF(SUM(M$10:M26)=0,IF(COUNTA(M$10:M26)=0,"Очікую",0),SUM(M$10:M26)/$D26) | ... T27: =IF(SUM(T$10:T26)=0,IF(COUNTA(T$10:T26)=0,"Очікую",0),SUM(T$10:T26)/$D26) | U27: =IFERROR(AVERAGE($F27:T27),"Очікую")
E28: Абсолютна успішність | F28: =IF(SUM(F$10:F26)=0,IF(COUNTA(F$10:F26)=0,"Очікую",0),IF(COUNTIF(F$10:F26,">=4")=0,0,COUNTIF(F$10:F26,">=4")/$D26*100)) | G28: =IF(SUM(G$10:G26)=0,IF(COUNTA(G$10:G26)=0,"Очікую",0),IF(COUNTIF(G$10:G26,">=4")=0,0,COUNTIF(G$10:G26,">=4")/$D26*100)) | H28: =IF(SUM(H$10:H26)=0,IF(COUNTA(H$10:H26)=0,"Очікую",0),IF(COUNTIF(H$10:H26,">=4")=0,0,COUNTIF(H$10:H26,">=4")/$D26*100)) | I28: =IF(SUM(I$10:I26)=0,IF(COUNTA(I$10:I26)=0,"Очікую",0),IF(COUNTIF(I$10:I26,">=4")=0,0,COUNTIF(I$10:I26,">=4")/$D26*100)) | J28: =IF(SUM(J$10:J26)=0,IF(COUNTA(J$10:J26)=0,"Очікую",0),IF(COUNTIF(J$10:J26,">=4")=0,0,COUNTIF(J$10:J26,">=4")/$D26*100)) | K28: =IF(SUM(K$10:K26)=0,IF(COUNTA(K$10:K26)=0,"Очікую",0),IF(COUNTIF(K$10:K26,">=4")=0,0,COUNTIF(K$10:K26,">=4")/$D26*100)) | L28: =IF(SUM(L$10:L26)=0,IF(COUNTA(L$10:L26)=0,"Очікую",0),IF(COUNTIF(L$10:L26,">=4")=0,0,COUNTIF(L$10:L26,">=4")/$D26*100)) | M28: =IF(SUM(M$10:M26)=0,IF(COUNTA(M$10:M26)=0,"Очікую",0),IF(COUNTIF(M$10:M26,">=4")=0,0,COUNTIF(M$10:M26,">=4")/$D26*100)) | ... T28: =IF(SUM(T$10:T26)=0,IF(COUNTA(T$10:T26)=0,"Очікую",0),IF(COUNTIF(T$10:T26,">=4")=0,0,COUNTIF(T$10:T26,">=4")/$D26*100))
E29: Якісна успішність | F29: =IF(SUM(F$10:F26)=0,IF(COUNTA(F$10:F26)=0,"Очікую",0),IF(COUNTIF(F$10:F26,">=7")=0,0,COUNTIF(F$10:F26,">=7")/$D26*100)) | G29: =IF(SUM(G$10:G26)=0,IF(COUNTA(G$10:G26)=0,"Очікую",0),IF(COUNTIF(G$10:G26,">=7")=0,0,COUNTIF(G$10:G26,">=7")/$D26*100)) | H29: =IF(SUM(H$10:H26)=0,IF(COUNTA(H$10:H26)=0,"Очікую",0),IF(COUNTIF(H$10:H26,">=7")=0,0,COUNTIF(H$10:H26,">=7")/$D26*100)) | I29: =IF(SUM(I$10:I26)=0,IF(COUNTA(I$10:I26)=0,"Очікую",0),IF(COUNTIF(I$10:I26,">=7")=0,0,COUNTIF(I$10:I26,">=7")/$D26*100)) | J29: =IF(SUM(J$10:J26)=0,IF(COUNTA(J$10:J26)=0,"Очікую",0),IF(COUNTIF(J$10:J26,">=7")=0,0,COUNTIF(J$10:J26,">=7")/$D26*100)) | K29: =IF(SUM(K$10:K26)=0,IF(COUNTA(K$10:K26)=0,"Очікую",0),IF(COUNTIF(K$10:K26,">=7")=0,0,COUNTIF(K$10:K26,">=7")/$D26*100)) | L29: =IF(SUM(L$10:L26)=0,IF(COUNTA(L$10:L26)=0,"Очікую",0),IF(COUNTIF(L$10:L26,">=7")=0,0,COUNTIF(L$10:L26,">=7")/$D26*100)) | M29: =IF(SUM(M$10:M26)=0,IF(COUNTA(M$10:M26)=0,"Очікую",0),IF(COUNTIF(M$10:M26,">=7")=0,0,COUNTIF(M$10:M26,">=7")/$D26*100)) | ... T29: =IF(SUM(T$10:T26)=0,IF(COUNTA(T$10:T26)=0,"Очікую",0),IF(COUNTIF(T$10:T26,">=7")=0,0,COUNTIF(T$10:T26,">=7")/$D26*100))
E30: Абсолютна успішність по групі | F30: =IFERROR(AVERAGE(F28:T28),"Очікую")
E31: Якісна успішність по групі | F31: =IFERROR(AVERAGE($F29:T29),"Очікую")
E32: Кількість бюджетників | F32: =IF(COUNTIF($C$10:$C26,"=Б")=0,IF(COUNTIF($C$10:$C26,"=К")=0,"Очікую",0),COUNTIF($C$10:$C26,"=Б"))
E33: Кількість контрактників | F33: =IF(COUNTIF($C$10:$C26,"=К")=0,IF(COUNTIF($C$10:$C26,"=Б")=0,"Очікую",0),COUNTIF($C$10:$C26,"=К")) | H33: Класний керівник | P33: ='Зведена загальна'!P45
E34: Кількість соціального контингенту
E35: Вийшли на стипендію | F35: =IF(F32="Очікую","Очікую",IF(F32-COUNTIF($U$10:$U26," - ")<ROUNDDOWN(F32*0.4,0),F32-COUNTIF($U$10:$U26," - "),ROUNDDOWN(F32*0.4,0))) | H35: Завідувач відділення ПЗСО | P35: Маргарита БРІТІКОВА

Sheet Зведена G5
A1: S
C3: ВІДОКРЕМЛЕНИЙ СТРУКТУРНИЙ ПІДРОЗДІЛ «ФАХОВИЙ КОЛЕДЖ НАФТОГАЗОВИХ ТЕХНОЛОГІЙ, ІНЖЕНЕРІЇ ТА ІНФРАСТРУКТУРИ СЕРВІСУ ОДЕСЬКОГО НАЦІОНАЛЬНОГО ТЕХНОЛОГІЧНОГО УНІВЕРСИТЕТУ»
C4: ЗВЕДЕНА ВІДОМІСТЬ
C5: Успішності студентів спеціальності G5 ««Електроніка, електронні комунікації, приладобудування та радіотехніка»»
C6: За рік 2025-2026 н.р.
C7: Група 25-4 курс I
C8: Б/К | D8: № п/п | E8: Прізвище, ім’я, по батькові | F8: Підсумкові оцінки дисциплін | U8: Середній бал
F9: ='Зведена загальна'!F9 | G9: ='Зведена загальна'!G9 | H9: ='Зведена загальна'!H9 | I9: ='Зведена загальна'!I9 | J9: ='Зведена загальна'!J9 | K9: ='Зведена загальна'!K9 | L9: ='Зведена загальна'!L9 | M9: ='Зведена загальна'!M9 | ... T9: ='Зведена загальна'!T9
C10: ='Зведена загальна'!C13 | D10: 1 | E10: ='Зведена загальна'!E13 | F10: ='Зведена загальна'!F13 | G10: ='Зведена загальна'!G13 | H10: ='Зведена загальна'!H13 | I10: ='Зведена загальна'!I13 | J10: ='Зведена загальна'!J13 | K10: ='Зведена загальна'!K13 | L10: ='Зведена загальна'!L13 | ... T10: ='Зведена загальна'!T13 | U10: =IF(COUNTIF($F10:T10,"=*")>0,IF($C10="К","-"," - "),IF(COUNTIF($F10:T10,"<4")>0,IF(C10="К","-"," - "),(IFERROR(AVERAGE($F10:T10),"Очікую"))))
C11: ='Зведена загальна'!C15 | D11: 2 | E11: ='Зведена загальна'!E15 | F11: ='Зведена загальна'!F15 | G11: ='Зведена загальна'!G15 | H11: ='Зведена загальна'!H15 | I11: ='Зведена загальна'!I15 | J11: ='Зведена загальна'!J15 | K11: ='Зведена загальна'!K15 | L11: ='Зведена загальна'!L15 | ... T11: ='Зведена загальна'!T15 | U11: =IF(COUNTIF($F11:T11,"=*")>0,IF($C11="К","-"," - "),IF(COUNTIF($F11:T11,"<4")>0,IF(C11="К","-"," - "),(IFERROR(AVERAGE($F11:T11),"Очікую"))))
C12: ='Зведена загальна'!C18 | D12: 3 | E12: ='Зведена загальна'!E18 | F12: ='Зведена загальна'!F18 | G12: ='Зведена загальна'!G18 | H12: ='Зведена загальна'!H18 | I12: ='Зведена загальна'!I18 | J12: ='Зведена загальна'!J18 | K12: ='Зведена загальна'!K18 | L12: ='Зведена загальна'!L18 | ... T12: ='Зведена загальна'!T18 | U12: =IF(COUNTIF($F12:T12,"=*")>0,IF($C12="К","-"," - "),IF(COUNTIF($F12:T12,"<4")>0,IF(C12="К","-"," - "),(IFERROR(AVERAGE($F12:T12),"Очікую"))))
C13: ='Зведена загальна'!C23 | D13: 4 | E13: ='Зведена загальна'!E23 | F13: ='Зведена загальна'!F23 | G13: ='Зведена загальна'!G23 | H13: ='Зведена загальна'!H23 | I13: ='Зведена загальна'!I23 | J13: ='Зведена загальна'!J23 | K13: ='Зведена загальна'!K23 | L13: ='Зведена загальна'!L23 | ... T13: ='Зведена загальна'!T23 | U13: =IF(COUNTIF($F13:T13,"=*")>0,IF($C13="К","-"," - "),IF(COUNTIF($F13:T13,"<4")>0,IF(C13="К","-"," - "),(IFERROR(AVERAGE($F13:T13),"Очікую"))))
C14: ='Зведена загальна'!C25 | D14: 5 | E14: ='Зведена загальна'!E25 | F14: ='Зведена загальна'!F25 | G14: ='Зведена загальна'!G25 | H14: ='Зведена загальна'!H25 | I14: ='Зведена загальна'!I25 | J14: ='Зведена загальна'!J25 | K14: ='Зведена загальна'!K25 | L14: ='Зведена загальна'!L25 | ... T14: ='Зведена загальна'!T25 | U14: =IF(COUNTIF($F14:T14,"=*")>0,IF($C14="К","-"," - "),IF(COUNTIF($F14:T14,"<4")>0,IF(C14="К","-"," - "),(IFERROR(AVERAGE($F14:T14),"Очікую"))))
C15: ='Зведена загальна'!C26 | D15: 6 | E15: ='Зведена загальна'!E26 | F15: ='Зведена загальна'!F26 | G15: ='Зведена загальна'!G26 | H15: ='Зведена загальна'!H26 | I15: ='Зведена загальна'!I26 | J15: ='Зведена загальна'!J26 | K15: ='Зведена загальна'!K26 | L15: ='Зведена загальна'!L26 | ... T15: ='Зведена загальна'!T26 | U15: =IF(COUNTIF($F15:T15,"=*")>0,IF($C15="К","-"," - "),IF(COUNTIF($F15:T15,"<4")>0,IF(C15="К","-"," - "),(IFERROR(AVERAGE($F15:T15),"Очікую"))))
C16: ='Зведена загальна'!C30 | D16: 7 | E16: ='Зведена загальна'!E30 | F16: ='Зведена загальна'!F30 | G16: ='Зведена загальна'!G30 | H16: ='Зведена загальна'!H30 | I16: ='Зведена загальна'!I30 | J16: ='Зведена загальна'!J30 | K16: ='Зведена загальна'!K30 | L16: ='Зведена загальна'!L30 | ... T16: ='Зведена загальна'!T30 | U16: =IF(COUNTIF($F16:T16,"=*")>0,IF($C16="К","-"," - "),IF(COUNTIF($F16:T16,"<4")>0,IF(C16="К","-"," - "),(IFERROR(AVERAGE($F16:T16),"Очікую"))))
C17: ='Зведена загальна'!C31 | D17: 8 | E17: ='Зведена загальна'!E31 | F17: ='Зведена загальна'!F31 | G17: ='Зведена загальна'!G31 | H17: ='Зведена загальна'!H31 | I17: ='Зведена загальна'!I31 | J17: ='Зведена загальна'!J31 | K17: ='Зведена загальна'!K31 | L17: ='Зведена загальна'!L31 | ... T17: ='Зведена загальна'!T31 | U17: =IF(COUNTIF($F17:T17,"=*")>0,IF($C17="К","-"," - "),IF(COUNTIF($F17:T17,"<4")>0,IF(C17="К","-"," - "),(IFERROR(AVERAGE($F17:T17),"Очікую"))))
C18: ='Зведена загальна'!C33 | D18: 9 | E18: ='Зведена загальна'!E33 | F18: ='Зведена загальна'!F33 | G18: ='Зведена загальна'!G33 | H18: ='Зведена загальна'!H33 | I18: ='Зведена загальна'!I33 | J18: ='Зведена загальна'!J33 | K18: ='Зведена загальна'!K33 | L18: ='Зведена загальна'!L33 | ... T18: ='Зведена загальна'!T33 | U18: =IF(COUNTIF($F18:T18,"=*")>0,IF($C18="К","-"," - "),IF(COUNTIF($F18:T18,"<4")>0,IF(C18="К","-"," - "),(IFERROR(AVERAGE($F18:T18),"Очікую"))))
C19: ='Зведена загальна'!C34 | D19: 10 | E19: ='Зведена загальна'!E34 | F19: ='Зведена загальна'!F34 | G19: ='Зведена загальна'!G34 | H19: ='Зведена загальна'!H34 | I19: ='Зведена загальна'!I34 | J19: ='Зведена загальна'!J34 | K19: ='Зведена загальна'!K34 | L19: ='Зведена загальна'!L34 | ... T19: ='Зведена загальна'!T34 | U19: =IF(COUNTIF($F19:T19,"=*")>0,IF($C19="К","-"," - "),IF(COUNTIF($F19:T19,"<4")>0,IF(C19="К","-"," - "),(IFERROR(AVERAGE($F19:T19),"Очікую"))))
C20: ='Зведена загальна'!C35 | D20: 11 | E20: ='Зведена загальна'!E35 | F20: ='Зведена загальна'!F35 | G20: ='Зведена загальна'!G35 | H20: ='Зведена загальна'!H35 | I20: ='Зведена загальна'!I35 | J20: ='Зведена загальна'!J35 | K20: ='Зведена загальна'!K35 | L20: ='Зведена загальна'!L35 | ... T20: ='Зведена загальна'!T35 | U20: =IF(COUNTIF($F20:T20,"=*")>0,IF($C20="К","-"," - "),IF(COUNTIF($F20:T20,"<4")>0,IF(C20="К","-"," - "),(IFERROR(AVERAGE($F20:T20),"Очікую"))))
C21: ='Зведена загальна'!C38 | D21: 12 | E21: ='Зведена загальна'!E38 | F21: ='Зведена загальна'!F38 | G21: ='Зведена загальна'!G38 | H21: ='Зведена загальна'!H38 | I21: ='Зведена загальна'!I38 | J21: ='Зведена загальна'!J38 | K21: ='Зведена загальна'!K38 | L21: ='Зведена загальна'!L38 | ... T21: ='Зведена загальна'!T38 | U21: =IF(COUNTIF($F21:T21,"=*")>0,IF($C21="К","-"," - "),IF(COUNTIF($F21:T21,"<4")>0,IF(C21="К","-"," - "),(IFERROR(AVERAGE($F21:T21),"Очікую"))))
E22: Середній бал успішності з дисципліни | F22: =IF(SUM(F$10:F21)=0,IF(COUNTA(F$10:F21)=0,"Очікую",0),SUM(F$10:F21)/$D21) | G22: =IF(SUM(G$10:G21)=0,IF(COUNTA(G$10:G21)=0,"Очікую",0),SUM(G$10:G21)/$D21) | H22: =IF(SUM(H$10:H21)=0,IF(COUNTA(H$10:H21)=0,"Очікую",0),SUM(H$10:H21)/$D21) | I22: =IF(SUM(I$10:I21)=0,IF(COUNTA(I$10:I21)=0,"Очікую",0),SUM(I$10:I21)/$D21) | J22: =IF(SUM(J$10:J21)=0,IF(COUNTA(J$10:J21)=0,"Очікую",0),SUM(J$10:J21)/$D21) | K22: =IF(SUM(K$10:K21)=0,IF(COUNTA(K$10:K21)=0,"Очікую",0),SUM(K$10:K21)/$D21) | L22: =IF(SUM(L$10:L21)=0,IF(COUNTA(L$10:L21)=0,"Очікую",0),SUM(L$10:L21)/$D21) | M22: =IF(SUM(M$10:M21)=0,IF(COUNTA(M$10:M21)=0,"Очікую",0),SUM(M$10:M21)/$D21) | ... T22: =IF(SUM(T$10:T21)=0,IF(COUNTA(T$10:T21)=0,"Очікую",0),SUM(T$10:T21)/$D21) | U22: =IFERROR(AVERAGE($F22:T22),"Очікую")
E23: Абсолютна успішність | F23: =IF(SUM(F$10:F21)=0,IF(COUNTA(F$10:F21)=0,"Очікую",0),IF(COUNTIF(F$10:F21,">=4")=0,0,COUNTIF(F$10:F21,">=4")/$D21*100)) | G23: =IF(SUM(G$10:G21)=0,IF(COUNTA(G$10:G21)=0,"Очікую",0),IF(COUNTIF(G$10:G21,">=4")=0,0,COUNTIF(G$10:G21,">=4")/$D21*100)) | H23: =IF(SUM(H$10:H21)=0,IF(COUNTA(H$10:H21)=0,"Очікую",0),IF(COUNTIF(H$10:H21,">=4")=0,0,COUNTIF(H$10:H21,">=4")/$D21*100)) | I23: =IF(SUM(I$10:I21)=0,IF(COUNTA(I$10:I21)=0,"Очікую",0),IF(COUNTIF(I$10:I21,">=4")=0,0,COUNTIF(I$10:I21,">=4")/$D21*100)) | J23: =IF(SUM(J$10:J21)=0,IF(COUNTA(J$10:J21)=0,"Очікую",0),IF(COUNTIF(J$10:J21,">=4")=0,0,COUNTIF(J$10:J21,">=4")/$D21*100)) | K23: =IF(SUM(K$10:K21)=0,IF(COUNTA(K$10:K21)=0,"Очікую",0),IF(COUNTIF(K$10:K21,">=4")=0,0,COUNTIF(K$10:K21,">=4")/$D21*100)) | L23: =IF(SUM(L$10:L21)=0,IF(COUNTA(L$10:L21)=0,"Очікую",0),IF(COUNTIF(L$10:L21,">=4")=0,0,COUNTIF(L$10:L21,">=4")/$D21*100)) | M23: =IF(SUM(M$10:M21)=0,IF(COUNTA(M$10:M21)=0,"Очікую",0),IF(COUNTIF(M$10:M21,">=4")=0,0,COUNTIF(M$10:M21,">=4")/$D21*100)) | ... T23: =IF(SUM(T$10:T21)=0,IF(COUNTA(T$10:T21)=0,"Очікую",0),IF(COUNTIF(T$10:T21,">=4")=0,0,COUNTIF(T$10:T21,">=4")/$D21*100))
E24: Якісна успішність | F24: =IF(SUM(F$10:F21)=0,IF(COUNTA(F$10:F21)=0,"Очікую",0),IF(COUNTIF(F$10:F21,">=7")=0,0,COUNTIF(F$10:F21,">=7")/$D21*100)) | G24: =IF(SUM(G$10:G21)=0,IF(COUNTA(G$10:G21)=0,"Очікую",0),IF(COUNTIF(G$10:G21,">=7")=0,0,COUNTIF(G$10:G21,">=7")/$D21*100)) | H24: =IF(SUM(H$10:H21)=0,IF(COUNTA(H$10:H21)=0,"Очікую",0),IF(COUNTIF(H$10:H21,">=7")=0,0,COUNTIF(H$10:H21,">=7")/$D21*100)) | I24: =IF(SUM(I$10:I21)=0,IF(COUNTA(I$10:I21)=0,"Очікую",0),IF(COUNTIF(I$10:I21,">=7")=0,0,COUNTIF(I$10:I21,">=7")/$D21*100)) | J24: =IF(SUM(J$10:J21)=0,IF(COUNTA(J$10:J21)=0,"Очікую",0),IF(COUNTIF(J$10:J21,">=7")=0,0,COUNTIF(J$10:J21,">=7")/$D21*100)) | K24: =IF(SUM(K$10:K21)=0,IF(COUNTA(K$10:K21)=0,"Очікую",0),IF(COUNTIF(K$10:K21,">=7")=0,0,COUNTIF(K$10:K21,">=7")/$D21*100)) | L24: =IF(SUM(L$10:L21)=0,IF(COUNTA(L$10:L21)=0,"Очікую",0),IF(COUNTIF(L$10:L21,">=7")=0,0,COUNTIF(L$10:L21,">=7")/$D21*100)) | M24: =IF(SUM(M$10:M21)=0,IF(COUNTA(M$10:M21)=0,"Очікую",0),IF(COUNTIF(M$10:M21,">=7")=0,0,COUNTIF(M$10:M21,">=7")/$D21*100)) | ... T24: =IF(SUM(T$10:T21)=0,IF(COUNTA(T$10:T21)=0,"Очікую",0),IF(COUNTIF(T$10:T21,">=7")=0,0,COUNTIF(T$10:T21,">=7")/$D21*100))
E25: Абсолютна успішність по групі | F25: =IFERROR(AVERAGE(F23:T23),"Очікую")
E26: Якісна успішність по групі | F26: =IFERROR(AVERAGE($F24:T24),"Очікую")
E27: Кількість бюджетників | F27: =IF(COUNTIF($C$10:$C21,"=Б")=0,IF(COUNTIF($C$10:$C21,"=К")=0,"Очікую",0),COUNTIF($C$10:$C21,"=Б"))
E28: Кількість контрактників | F28: =IF(COUNTIF($C$10:$C21,"=К")=0,IF(COUNTIF($C$10:$C21,"=Б")=0,"Очікую",0),COUNTIF($C$10:$C21,"=К")) | H28: Класний керівник | P28: ='Зведена загальна'!P45
E29: Кількість соціального контингенту
E30: Вийшли на стипендію | F30: =IF(F27="Очікую","Очікую",IF(F27-COUNTIF($U$10:$U21," - ")<ROUNDDOWN(F27*0.4,0),F27-COUNTIF($U$10:$U21," - "),ROUNDDOWN(F27*0.4,0))) | H30: Завідувач відділення ПЗСО | P30: Маргарита БРІТІКОВА
