Workbook
Name A1048577: #REF!
Name A1048577: #REF!
Name A1048577: #REF!
Name A1048577: #REF!
Name A1048577: #REF!
Name A1048577: #REF!
Name A1048577: #REF!
Name A1048577: #REF!
Name Ф80: #REF!
Name Ф80: #REF!
Name Ф80: #REF!
Name Ф80: #REF!
Name Ф80: #REF!
Name Ф80: #REF!
Name Ф80: #REF!
Name Ф80: #REF!

Sheet Зведена 101
C3: ВСП «ФАХОВИЙ КОЛЕДЖ НАФТОГАЗОВИХ ТЕХНОЛОГІЙ, ІНЖЕНЕРІЇ ТА ІНФРАСТРУКТУРИ СЕРВІСУ
C4: ОДЕСЬКОГО НАЦІОНАЛЬНОГО ТЕХНОЛОГІЧНОГО УНІВЕРСИТЕТУ»
C5: ЗВЕДЕНА ВІДОМІСТЬ
C6: Успішності студентів спеціальності 101 «Екологія»
C7: За I семестр 2023-2024 н.р.
C8: Група 23-5 курс І
C9: Б/К | D9: № п/п | E9: Прізвище, ім’я, по батькові | F9: Підсумкові оцінки дисциплін
F10: Біологія Богданенко О.В. | G10: Всесвітня історія Мельничук С.А. | H10: Географія Наговська Т.С. | I10: Зарубіжна література Сербулова Ю.А. | J10: Захист України Стельмах Н.Ю. | K10: Іноземна мова Сербулова Ю.А. | L10: Інформатика Вівдіч М.І. | M10: Історія України Левчук Т.Г. | N10: Математика Земляна Т.М. | O10: Українська література Юрченко О.Б. | P10: Українська мова Юрченко О.Б. | Q10: Фізика Калюта Н.М. | R10: Фізична культура Галеніна І.С. | S10: Хімія Леонова Д.І. | T10: Середній бал
C11: Б | D11: 1 | E11: Бакшлян Віолетта Вячеславівна | F11: 5 | G11: 8 | H11: 8 | I11: 10 | J11: 8 | K11: 9 | L11: 9 | M11: 8 | N11: 7 | O11: 5 | P11: 6 | Q11: 5 | R11: 9 | S11: 4 | T11: =IF(COUNTIF(F11:S11,"=*")>0,"-",IF(COUNTIF(F11:S11,"<4")>0,"-",(IFERROR(AVERAGE(F11:S11),"")))) -> 7.2142857
C12: Б | D12: 2 | E12: Бевз Денис Валерійович | F12: 5 | G12: 5 | H12: 8 | I12: 10 | J12: 4 | K12: 8 | L12: н/а | M12: 5 | N12: 4 | O12: 5 | P12: 5 | Q12: 4 | R12: 8 | S12: 5 | T12: =IF(COUNTIF(F12:S12,"=*")>0,"-",IF(COUNTIF(F12:S12,"<4")>0,"-",(IFERROR(AVERAGE(F12:S12),"")))) -> -
C13: Б | D13: 3 | E13: Білецька Анна Євгенівна | F13: 9 | G13: 9 | H13: 10 | I13: 10 | J13: 8 | K13: 10 | L13: 10 | M13: 8 | N13: 7 | O13: 8 | P13: 8 | Q13: 8 | R13: 11 | S13: 7 | T13: =IF(COUNTIF(F13:S13,"=*")>0,"-",IF(COUNTIF(F13:S13,"<4")>0,"-",(IFERROR(AVERAGE(F13:S13),"")))) -> 8.7857143
C14: Б | D14: 4 | E14: Валєнієкс Анна Ріхардівна | F14: 8 | G14: 7 | H14: 9 | I14: 11 | J14: 8 | K14: 10 | L14: 6 | M14: 6 | N14: 4 | O14: 8 | P14: 5 | Q14: 4 | R14: 9 | S14: 4 | T14: =IF(COUNTIF(F14:S14,"=*")>0,"-",IF(COUNTIF(F14:S14,"<4")>0,"-",(IFERROR(AVERAGE(F14:S14),"")))) -> 7.0714286
C15: Б | D15: 5 | E15: Жикол Дар`я Сергіївна | F15: 8 | G15: 8 | H15: 8 | I15: 9 | J15: 8 | K15: 10 | L15: 7 | M15: 6 | N15: 5 | O15: 7 | P15: 6 | Q15: 4 | R15: 5 | S15: 5 | T15: =IF(COUNTIF(F15:S15,"=*")>0,"-",IF(COUNTIF(F15:S15,"<4")>0,"-",(IFERROR(AVERAGE(F15:S15),"")))) -> 6.8571429
C16: Б | D16: 6 | E16: Кірчева Вікторія Олександрівна | F16: 6 | G16: 7 | H16: 9 | I16: 9 | J16: 7 | K16: 9 | L16: 5 | M16: 8 | N16: 4 | O16: 5 | P16: 7 | Q16: 4 | R16: 10 | S16: 4 | T16: =IF(COUNTIF(F16:S16,"=*")>0,"-",IF(COUNTIF(F16:S16,"<4")>0,"-",(IFERROR(AVERAGE(F16:S16),"")))) -> 6.7142857
C17: К | D17: 7 | E17: Мельникова Ірина Юріївна | F17: 8 | G17: 8 | H17: 9 | I17: 8 | J17: 7 | K17: 8 | L17: 5 | M17: 7 | N17: 4 | O17: 6 | P17: 6 | Q17: 2 | R17: 5 | S17: 5 | T17: =AVERAGE(F17:S17) -> 6.2857143
C18: Б | D18: 8 | E18: Огороднік Маргарита Ігорівна | F18: 8 | G18: 5 | H18: 9 | I18: 10 | J18: 7 | K18: 9 | L18: 8 | M18: 8 | N18: 4 | O18: 8 | P18: 6 | Q18: 2 | R18: 9 | S18: 7 | T18: =AVERAGE(F18:S18) -> 7.1428571
C19: Б | D19: 9 | E19: Сізова Катерина Віталіївна | F19: 6 | G19: 9 | H19: 9 | I19: 9 | J19: 9 | K19: 10 | L19: 8 | M19: 7 | N19: 6 | O19: 8 | P19: 7 | Q19: 5 | R19: 8 | S19: 6 | T19: =IF(COUNTIF(F19:S19,"=*")>0,"-",IF(COUNTIF(F19:S19,"<4")>0,"-",(IFERROR(AVERAGE(F19:S19),"")))) -> 7.6428571
C20: К | D20: 10 | E20: Стефанович Андрій Олександрович | F20: 8 | G20: 8 | H20: 10 | I20: 10 | J20: 9 | K20: 10 | L20: 8 | M20: 8 | N20: 9 | O20: 8 | P20: 7 | Q20: 8 | R20: 10 | S20: 7 | T20: =IF(COUNTIF(F20:S20,"=*")>0,"-",IF(COUNTIF(F20:S20,"<4")>0,"-",(IFERROR(AVERAGE(F20:S20),"")))) -> 8.5714286
C21: Б | D21: 11 | E21: Щетина Діана Станіславівна | F21: 8 | G21: 6 | H21: 8 | I21: 10 | J21: 7 | K21: 10 | L21: 7 | M21: 6 | N21: 5 | O21: 9 | P21: 8 | Q21: 5 | R21: 8 | S21: 6 | T21: =IF(COUNTIF(F21:S21,"=*")>0,"-",IF(COUNTIF(F21:S21,"<4")>0,"-",(IFERROR(AVERAGE(F21:S21),"")))) -> 7.3571429
C22: Б | D22: 12 | E22: Яковенко Артем Сергійович | F22: 8 | G22: 8 | H22: 11 | I22: 10 | J22: 8 | K22: 9 | L22: 10 | M22: 7 | N22: 4 | O22: 10 | P22: 7 | Q22: 7 | R22: 9 | S22: 4 | T22: =IF(COUNTIF(F22:S22,"=*")>0,"-",IF(COUNTIF(F22:S22,"<4")>0,"-",(IFERROR(AVERAGE(F22:S22),"")))) -> 8
E23: Середній бал успішності з дисципліни | F23: =IF(SUM(F11:F22)=0,"",SUM(F11:F22)/D22) -> 7.25 | G23: =IF(SUM(G11:G22)=0,"",SUM(G11:G22)/D22) -> 7.3333333 | H23: =IF(SUM(H11:H22)=0,"",SUM(H11:H22)/D22) -> 9 | I23: =IF(SUM(I11:I22)=0,"",SUM(I11:I22)/D22) -> 9.6666667 | J23: =IF(SUM(J11:J22)=0,"",SUM(J11:J22)/D22) -> 7.5 | K23: =IF(SUM(K11:K22)=0,"",SUM(K11:K22)/D22) -> 9.3333333 | L23: =IF(SUM(L11:L22)=0,"",SUM(L11:L22)/D22) -> 6.9166667 | M23: =IF(SUM(M11:M22)=0,"",SUM(M11:M22)/D22) -> 7 | N23: =IF(SUM(N11:N22)=0,"",SUM(N11:N22)/D22) -> 5.25 | O23: =IF(SUM(O11:O22)=0,"",SUM(O11:O22)/D22) -> 7.25 | P23: =IF(SUM(P11:P22)=0,"",SUM(P11:P22)/D22) -> 6.5 | Q23: =IF(SUM(Q11:Q22)=0,"",SUM(Q11:Q22)/D22) -> 4.8333333 | R23: =IF(SUM(R11:R22)=0,"",SUM(R11:R22)/D22) -> 8.4166667 | S23: =IF(SUM(S11:S22)=0,"",SUM(S11:S22)/D22) -> 5.3333333 | T23: =IFERROR(AVERAGE(F23:S23),"") -> 7.2559524
E24: Абсолютна успішність | F24: =IF(SUM(F11:F22)=0,"",IF(COUNTIF(F11:F22,">=4")=0,0,COUNTIF(F11:F22,">=4")/D22*100)) -> 100 | G24: =IF(SUM(G11:G22)=0,"",IF(COUNTIF(G11:G22,">=4")=0,0,COUNTIF(G11:G22,">=4")/D22*100)) -> 100 | H24: =IF(SUM(H11:H22)=0,"",IF(COUNTIF(H11:H22,">=4")=0,0,COUNTIF(H11:H22,">=4")/D22*100)) -> 100 | I24: =IF(SUM(I11:I22)=0,"",IF(COUNTIF(I11:I22,">=4")=0,0,COUNTIF(I11:I22,">=4")/D22*100)) -> 100 | J24: =IF(SUM(J11:J22)=0,"",IF(COUNTIF(J11:J22,">=4")=0,0,COUNTIF(J11:J22,">=4")/D22*100)) -> 100 | K24: =IF(SUM(K11:K22)=0,"",IF(COUNTIF(K11:K22,">=4")=0,0,COUNTIF(K11:K22,">=4")/D22*100)) -> 100 | L24: =IF(SUM(L11:L22)=0,"",IF(COUNTIF(L11:L22,">=4")=0,0,COUNTIF(L11:L22,">=4")/D22*100)) -> 91.666667 | M24: =IF(SUM(M11:M22)=0,"",IF(COUNTIF(M11:M22,">=4")=0,0,COUNTIF(M11:M22,">=4")/D22*100)) -> 100 | N24: =IF(SUM(N11:N22)=0,"",IF(COUNTIF(N11:N22,">=4")=0,0,COUNTIF(N11:N22,">=4")/D22*100)) -> 100 | O24: =IF(SUM(O11:O22)=0,"",IF(COUNTIF(O11:O22,">=4")=0,0,COUNTIF(O11:O22,">=4")/D22*100)) -> 100 | P24: =IF(SUM(P11:P22)=0,"",IF(COUNTIF(P11:P22,">=4")=0,0,COUNTIF(P11:P22,">=4")/D22*100)) -> 100 | Q24: =IF(SUM(Q11:Q22)=0,"",IF(COUNTIF(Q11:Q22,">=4")=0,0,COUNTIF(Q11:Q22,">=4")/D22*100)) -> 83.333333 | R24: =IF(SUM(R11:R22)=0,"",IF(COUNTIF(R11:R22,">=4")=0,0,COUNTIF(R11:R22,">=4")/D22*100)) -> 100 | S24: =IF(SUM(S11:S22)=0,"",IF(COUNTIF(S11:S22,">=4")=0,0,COUNTIF(S11:S22,">=4")/D22*100)) -> 100
E25: Якісна успішність | F25: =IF(SUM(F11:F22)=0,"",IF(COUNTIF(F11:F22,">=7")=0,0,COUNTIF(F11:F22,">=7")/D22*100)) -> 66.666667 | G25: =IF(SUM(G11:G22)=0,"",IF(COUNTIF(G11:G22,">=7")=0,0,COUNTIF(G11:G22,">=7")/D22*100)) -> 75 | H25: =IF(SUM(H11:H22)=0,"",IF(COUNTIF(H11:H22,">=7")=0,0,COUNTIF(H11:H22,">=7")/D22*100)) -> 100 | I25: =IF(SUM(I11:I22)=0,"",IF(COUNTIF(I11:I22,">=7")=0,0,COUNTIF(I11:I22,">=7")/D22*100)) -> 100 | J25: =IF(SUM(J11:J22)=0,"",IF(COUNTIF(J11:J22,">=7")=0,0,COUNTIF(J11:J22,">=7")/D22*100)) -> 91.666667 | K25: =IF(SUM(K11:K22)=0,"",IF(COUNTIF(K11:K22,">=7")=0,0,COUNTIF(K11:K22,">=7")/D22*100)) -> 100 | L25: =IF(SUM(L11:L22)=0,"",IF(COUNTIF(L11:L22,">=7")=0,0,COUNTIF(L11:L22,">=7")/D22*100)) -> 66.666667 | M25: =IF(SUM(M11:M22)=0,"",IF(COUNTIF(M11:M22,">=7")=0,0,COUNTIF(M11:M22,">=7")/D22*100)) -> 66.666667 | N25: =IF(SUM(N11:N22)=0,"",IF(COUNTIF(N11:N22,">=7")=0,0,COUNTIF(N11:N22,">=7")/D22*100)) -> 25 | O25: =IF(SUM(O11:O22)=0,"",IF(COUNTIF(O11:O22,">=7")=0,0,COUNTIF(O11:O22,">=7")/D22*100)) -> 66.666667 | P25: =IF(SUM(P11:P22)=0,"",IF(COUNTIF(P11:P22,">=7")=0,0,COUNTIF(P11:P22,">=7")/D22*100)) -> 50 | Q25: =IF(SUM(Q11:Q22)=0,"",IF(COUNTIF(Q11:Q22,">=7")=0,0,COUNTIF(Q11:Q22,">=7")/D22*100)) -> 25 | R25: =IF(SUM(R11:R22)=0,"",IF(COUNTIF(R11:R22,">=7")=0,0,COUNTIF(R11:R22,">=7")/D22*100)) -> 83.333333 | S25: =IF(SUM(S11:S22)=0,"",IF(COUNTIF(S11:S22,">=7")=0,0,COUNTIF(S11:S22,">=7")/D22*100)) -> 25
E26: Абсолютна успішність по групі | F26: =IFERROR(AVERAGE(F24:S24),"") -> 98.214286
E27: Якісна успішність по групі | F27: =IFERROR(AVERAGE(F25:S25),"") -> 67.261905
E28: Кількість бюджетників | F28: =IF(COUNTIF(C11:C22,"=Б")=0,IF(COUNTIF(C11:C22,"=К")=0,"",0),COUNTIF(C11:C22,"=Б")) -> 10
E29: Кількість контрактників | F29: =IF(COUNTIF(C11:C22,"=К")=0,IF(COUNTIF(C11:C22,"=Б")=0,"",0),COUNTIF(C11:C22,"=К")) -> 2 | H29: Класний керівник | O29: Юлія СЕРБУЛОВА
E30: Кількість соціального контингенту | F30: 4
E31: Вийшли на стипендію | F31: 4 | H31: Завідувач відділення ПЗСО | O31: Маргарита БРІТІКОВА

Sheet Лист1
C2: Біологія Богданенко О.В. | D2: Всесвітня історія Мельничук С.А. | E2: Географія Наговська Т.С. | F2: Зарубіжна література Сербулова Ю.А. | G2: Захист України Стельмах Н.Ю. | H2: Іноземна мова Сербулова Ю.А. | I2: Інформатика Вівдіч М.І. | J2: Історія України Левчук Т.Г. | K2: Математика Земляна Т.М. | L2: Українська література Юрченко О.Б. | M2: Українська мова Юрченко О.Б. | N2: Фізика Калюта Н.М. | O2: Фізична культура Галеніна І.С. | P2: Хімія Леонова Д.І.
A3: 1 | B3: Бакшлян Віолетта Вячеславівна | C3: 5 | D3: 8 | E3: 8 | F3: 10 | G3: 8 | H3: 9 | I3: 9 | J3: 8 | K3: 7 | L3: 5 | M3: 6 | N3: 5 | O3: 9 | P3: 4
A4: 2 | B4: Бевз Денис Валерійович | C4: 5 | D4: 5 | E4: 8 | F4: 10 | G4: 4 | H4: 8 | I4: н/а | J4: 5 | K4: 4 | L4: 5 | M4: 5 | N4: 4 | O4: 8 | P4: 5
A5: 3 | B5: Білецька Анна Євгенівна | C5: 9 | D5: 9 | E5: 10 | F5: 10 | G5: 8 | H5: 10 | I5: 10 | J5: 8 | K5: 7 | L5: 8 | M5: 8 | N5: 8 | O5: 11 | P5: 7
A6: 4 | B6: Валєнієкс Анна Ріхардівна | C6: 8 | D6: 7 | E6: 9 | F6: 11 | G6: 8 | H6: 10 | I6: 6 | J6: 6 | K6: 4 | L6: 8 | M6: 5 | N6: 4 | O6: 9 | P6: 4
A7: 5 | B7: Васильченко Анастасія Олександрівна | C7: 8 | D7: 9 | E7: 8 | F7: 10 | G7: 9 | H7: 11 | I7: 8 | J7: 8 | K7: 5 | L7: 8 | M7: 8 | N7: 7 | O7: 8 | P7: 4
A8: 6 | B8: Гінда Дар’я Денисівна | C8: 7 | D8: 5 | E8: 8 | F8: 9 | G8: 5 | H8: 9 | I8: 8 | J8: 6 | K8: 4 | L8: 6 | M8: 6 | N8: 4 | O8: 4 | P8: 4
A9: 7 | B9: Горбачов Павло Вікторович | C9: 8 | D9: 8 | E9: 7 | F9: 10 | G9: 7 | H9: 10 | I9: 7 | J9: 7 | K9: 7 | L9: 7 | M9: 7 | N9: 8 | O9: 9 | P9: 5
A10: 8 | B10: Жикол Дар`я Сергіївна | C10: 8 | D10: 8 | E10: 8 | F10: 9 | G10: 8 | H10: 10 | I10: 7 | J10: 6 | K10: 5 | L10: 7 | M10: 6 | N10: 4 | O10: 5 | P10: 5
A11: 9 | B11: Заслоцька Анна Василівна | C11: 8 | D11: 10 | E11: 9 | F11: 10 | G11: 9 | H11: 10 | I11: 9 | J11: 8 | K11: 6 | L11: 8 | M11: 8 | N11: 7 | O11: 10 | P11: 5
A12: 10 | B12: Кірчева Вікторія Олександрівна | C12: 6 | D12: 7 | E12: 9 | F12: 9 | G12: 7 | H12: 9 | I12: 5 | J12: 8 | K12: 4 | L12: 5 | M12: 7 | N12: 4 | O12: 10 | P12: 4
A13: 11 | B13: Крамаренко Єлизавета Юріївна | C13: 8 | D13: 10 | E13: 9 | F13: 11 | G13: 9 | H13: 11 | I13: 10 | J13: 7 | K13: 6 | L13: 8 | M13: 8 | N13: 8 | O13: 10 | P13: 6
A14: 12 | B14: М`ясковська Ярослава Сергіївна | C14: 5 | D14: 5 | E14: 10 | F14: 7 | G14: 4 | H14: 6 | I14: 4 | J14: 4 | K14: 4 | L14: 4 | M14: 4 | N14: 4 | O14: 4 | P14: 4
A15: 13 | B15: Мельникова Ірина Юріївна | C15: 8 | D15: 8 | E15: 9 | F15: 8 | G15: 7 | H15: 8 | I15: 5 | J15: 7 | K15: 4 | L15: 6 | M15: 6 | N15: 2 | O15: 5 | P15: 5
A16: 14 | B16: Мельникова Катерина Михайлівна | C16: 6 | D16: 6 | E16: 9 | F16: 10 | G16: 8 | H16: 8 | I16: 6 | J16: 6 | K16: 4 | L16: 8 | M16: 7 | N16: 5 | O16: 9 | P16: 4
... A20: 18 | B20: Огороднік Маргарита Ігорівна | C20: 8 | D20: 5 | E20: 9 | F20: 10 | G20: 7 | H20: 9 | I20: 8 | J20: 8 | K20: 4 | L20: 8 | M20: 6 | N20: 2 | O20: 9 | P20: 7
A21: 19 | B21: Полєєв Олексій Юрійович | C21: 5 | D21: 5 | E21: 4 | F21: 5 | G21: 4 | H21: 5 | I21: 4 | J21: н/а | K21: н/з | L21: 4 | M21: 4 | N21: 4 | O21: 4 | P21: 4
A22: 20 | B22: Прошіна Єлизавета Костянтинівна | C22: 9 | D22: 9 | E22: 9 | F22: 10 | G22: 10 | H22: 10 | I22: 8 | J22: 7 | K22: 6 | L22: 7 | M22: 7 | N22: 7 | O22: 10 | P22: 8
A23: 21 | B23: Рибалко Максим Сергійович | C23: 8 | D23: 9 | E23: 9 | F23: 8 | G23: 10 | H23: 8 | I23: 7 | J23: 9 | K23: 6 | L23: 8 | M23: 7 | N23: 7 | O23: 10 | P23: 7
A24: 22 | B24: Сараїн Владислав Вячеславович | C24: 8 | D24: 9 | E24: 10 | F24: 9 | G24: 8 | H24: 9 | I24: 6 | J24: 7 | K24: 6 | L24: 7 | M24: 7 | N24: 6 | O24: 11 | P24: 8
A25: 23 | B25: Сізова Катерина Віталіївна | C25: 6 | D25: 9 | E25: 9 | F25: 9 | G25: 9 | H25: 10 | I25: 8 | J25: 7 | K25: 6 | L25: 8 | M25: 7 | N25: 5 | O25: 8 | P25: 6
A26: 24 | B26: Скибицька Вікторія Русланівна | C26: 7 | D26: 9 | E26: 10 | F26: 9 | G26: 9 | H26: 9 | I26: 7 | J26: 7 | K26: 5 | L26: 8 | M26: 9 | N26: 5 | O26: 9 | P26: 4
A27: 25 | B27: Стефанович Андрій Олександрович | C27: 8 | D27: 8 | E27: 10 | F27: 10 | G27: 9 | H27: 10 | I27: 8 | J27: 8 | K27: 9 | L27: 8 | M27: 7 | N27: 8 | O27: 10 | P27: 7
A28: 26 | B28: Стрибков Олександр Іванович | C28: 8 | D28: 8 | E28: 4 | F28: 9 | G28: 4 | H28: 8 | I28: 4 | J28: 4 | K28: 4 | L28: 4 | M28: 4 | N28: 4 | O28: 5 | P28: 4
A29: 27 | B29: Токарчук Денис Олександрович | C29: 9 | D29: 8 | E29: 9 | F29: 9 | G29: 9 | H29: 9 | I29: 11 | J29: 8 | K29: 8 | L29: 10 | M29: 8 | N29: 8 | O29: 11 | P29: 7
A30: 28 | B30: Чернушенко Поліна Дмитрівна | C30: 5 | D30: 7 | E30: 9 | F30: 10 | G30: 5 | H30: 10 | I30: 4 | J30: 6 | K30: 4 | L30: 7 | M30: 4 | N30: н/з | O30: 5 | P30: 4
A31: 29 | B31: Щетина Діана Станіславівна | C31: 8 | D31: 6 | E31: 8 | F31: 10 | G31: 7 | H31: 10 | I31: 7 | J31: 6 | K31: 5 | L31: 9 | M31: 8 | N31: 5 | O31: 8 | P31: 6
A32: 30 | B32: Яковенко Артем Сергійович | C32: 8 | D32: 8 | E32: 11 | F32: 10 | G32: 8 | H32: 9 | I32: 10 | J32: 7 | K32: 4 | L32: 10 | M32: 7 | N32: 7 | O32: 9 | P32: 4

Sheet Рейтингова відомість 101
C3: ВСП «ФАХОВИЙ КОЛЕДЖ НАФТОГАЗОВИХ ТЕХНОЛОГІЙ, ІНЖЕНЕРІЇ ТА ІНФРАСТРУКТУРИ СЕРВІСУ
C4: ОДЕСЬКОГО НАЦІОНАЛЬНОГО ТЕХНОЛОГІЧНОГО УНІВЕРСИТЕТУ»
C5: РЕЙТИНГОВА ВІДОМІСТЬ
C6: Успішності студентів спеціальності 101 «Екологія»
C7: За I семестр 2023-2024 н.р.
C8: Група 23-5 курс І
C9: Б/К | D9: № п/п | E9: Прізвище, ім’я, по батькові | F9: Підсумкові оцінки дисциплін
F10: Біологія Богданенко О.В. | G10: Всесвітня історія Мельничук С.А. | H10: Географія Наговська Т.С. | I10: Зарубіжна література Сербулова Ю.А. | J10: Захист України Стельмах Н.Ю. | K10: Іноземна мова Сербулова Ю.А. | L10: Інформатика Вівдіч М.І. | M10: Історія України Левчук Т.Г. | N10: Математика Земляна Т.М. | O10: Українська література Юрченко О.Б. | P10: Українська мова Юрченко О.Б. | Q10: Фізика Калюта Н.М. | R10: Фізична культура Галеніна І.С. | S10: Хімія Леонова Д.І. | T10: Середній бал | U10: Рейтинговий бал
C11: Б | D11: 1 | E11: Білецька Анна Євгенівна | F11: 9 | G11: 9 | H11: 10 | I11: 10 | J11: 8 | K11: 10 | L11: 10 | M11: 8 | N11: 7 | O11: 8 | P11: 8 | Q11: 8 | R11: 11 | S11: 7 | T11: =IF(COUNTIF(F11:S11,"=*")>0,"-",IF(COUNTIF(F11:S11,"<4")>0,"-",(IFERROR(AVERAGE(F11:S11),"")))) -> 8.7857143 | U11: =T11/12*90 -> 65.892857
C12: Б | D12: 2 | E12: Яковенко Артем Сергійович | F12: 8 | G12: 8 | H12: 11 | I12: 10 | J12: 8 | K12: 9 | L12: 10 | M12: 7 | N12: 4 | O12: 10 | P12: 7 | Q12: 7 | R12: 9 | S12: 4 | T12: =IF(COUNTIF(F12:S12,"=*")>0,"-",IF(COUNTIF(F12:S12,"<4")>0,"-",(IFERROR(AVERAGE(F12:S12),"")))) -> 8 | U12: =T12/12*90 -> 60
C13: Б | D13: 3 | E13: Сізова Катерина Віталіївна | F13: 6 | G13: 9 | H13: 9 | I13: 9 | J13: 9 | K13: 10 | L13: 8 | M13: 7 | N13: 6 | O13: 8 | P13: 7 | Q13: 5 | R13: 8 | S13: 6 | T13: =IF(COUNTIF(F13:S13,"=*")>0,"-",IF(COUNTIF(F13:S13,"<4")>0,"-",(IFERROR(AVERAGE(F13:S13),"")))) -> 7.6428571 | U13: =T13/12*90 -> 57.321429
C14: Б | D14: 4 | E14: Щетина Діана Станіславівна | F14: 8 | G14: 6 | H14: 8 | I14: 10 | J14: 7 | K14: 10 | L14: 7 | M14: 6 | N14: 5 | O14: 9 | P14: 8 | Q14: 5 | R14: 8 | S14: 6 | T14: =IF(COUNTIF(F14:S14,"=*")>0,"-",IF(COUNTIF(F14:S14,"<4")>0,"-",(IFERROR(AVERAGE(F14:S14),"")))) -> 7.3571429 | U14: =T14/12*90 -> 55.178571
C15: Б | D15: 5 | E15: Бакшлян Віолетта Вячеславівна | F15: 5 | G15: 8 | H15: 8 | I15: 10 | J15: 8 | K15: 9 | L15: 9 | M15: 8 | N15: 7 | O15: 5 | P15: 6 | Q15: 5 | R15: 9 | S15: 4 | T15: =IF(COUNTIF(F15:S15,"=*")>0,"-",IF(COUNTIF(F15:S15,"<4")>0,"-",(IFERROR(AVERAGE(F15:S15),"")))) -> 7.2142857 | U15: =T15/12*90 -> 54.107143
C16: Б | D16: 6 | E16: Огороднік Маргарита Ігорівна | F16: 8 | G16: 5 | H16: 9 | I16: 10 | J16: 7 | K16: 9 | L16: 8 | M16: 8 | N16: 4 | O16: 8 | P16: 6 | Q16: 2 | R16: 9 | S16: 7 | T16: =AVERAGE(F16:S16) -> 7.1428571 | U16: =T16/12*90 -> 53.571429
C17: Б | D17: 7 | E17: Валєнієкс Анна Ріхардівна | F17: 8 | G17: 7 | H17: 9 | I17: 11 | J17: 8 | K17: 10 | L17: 6 | M17: 6 | N17: 4 | O17: 8 | P17: 5 | Q17: 4 | R17: 9 | S17: 4 | T17: =IF(COUNTIF(F17:S17,"=*")>0,"-",IF(COUNTIF(F17:S17,"<4")>0,"-",(IFERROR(AVERAGE(F17:S17),"")))) -> 7.0714286 | U17: =T17/12*90 -> 53.035714
C18: Б | D18: 8 | E18: Жикол Дар`я Сергіївна | F18: 8 | G18: 8 | H18: 8 | I18: 9 | J18: 8 | K18: 10 | L18: 7 | M18: 6 | N18: 5 | O18: 7 | P18: 6 | Q18: 4 | R18: 5 | S18: 5 | T18: =IF(COUNTIF(F18:S18,"=*")>0,"-",IF(COUNTIF(F18:S18,"<4")>0,"-",(IFERROR(AVERAGE(F18:S18),"")))) -> 6.8571429 | U18: =T18/12*90 -> 51.428571
C19: Б | D19: 9 | E19: Кірчева Вікторія Олександрівна | F19: 6 | G19: 7 | H19: 9 | I19: 9 | J19: 7 | K19: 9 | L19: 5 | M19: 8 | N19: 4 | O19: 5 | P19: 7 | Q19: 4 | R19: 10 | S19: 4 | T19: =IF(COUNTIF(F19:S19,"=*")>0,"-",IF(COUNTIF(F19:S19,"<4")>0,"-",(IFERROR(AVERAGE(F19:S19),"")))) -> 6.7142857 | U19: =T19/12*90 -> 50.357143
E20: Кількість бюджетників | F20: ='Зведена 101'!F28 -> 10
E21: Кількість контрактників | F21: ='Зведена 101'!F29 -> 2 | H21: Класний керівник | O21: Юлія СЕРБУЛОВА
E22: Кількість соціального контингенту | F22: ='Зведена 101'!F30 -> 4
E23: Вийшли на стипендію | F23: ='Зведена 101'!F31 -> 4 | H23: Завідувач відділення ПЗСО | O23: Маргарита БРІТІКОВА

Sheet Зведена 161
C3: ВСП «ФАХОВИЙ КОЛЕДЖ НАФТОГАЗОВИХ ТЕХНОЛОГІЙ, ІНЖЕНЕРІЇ ТА ІНФРАСТРУКТУРИ СЕРВІСУ
C4: ОДЕСЬКОГО НАЦІОНАЛЬНОГО ТЕХНОЛОГІЧНОГО УНІВЕРСИТЕТУ»
C5: ЗВЕДЕНА ВІДОМІСТЬ
C6: Успішності студентів спеціальності 161 «Хімічні технології та інженерія»
C7: За I семестр 2023-2024 н.р.
C8: Група 23-5 курс І
C9: Б/К | D9: № п/п | E9: Прізвище, ім’я, по батькові | F9: Підсумкові оцінки дисциплін
F10: Біологія Богданенко О.В. | G10: Всесвітня історія Мельничук С.А. | H10: Географія Наговська Т.С. | I10: Зарубіжна література Сербулова Ю.А. | J10: Захист України Стельмах Н.Ю. | K10: Іноземна мова Сербулова Ю.А. | L10: Інформатика Вівдіч М.І. | M10: Історія України Левчук Т.Г. | N10: Математика Земляна Т.М. | O10: Українська література Юрченко О.Б. | P10: Українська мова Юрченко О.Б. | Q10: Фізика Калюта Н.М. | R10: Фізична культура Галеніна І.С. | S10: Хімія Леонова Д.І. | T10: Середній бал
C11: Б | D11: 1 | E11: Васильченко Анастасія Олександрівна | F11: 8 | G11: 9 | H11: 8 | I11: 10 | J11: 9 | K11: 11 | L11: 8 | M11: 8 | N11: 5 | O11: 8 | P11: 8 | Q11: 7 | R11: 8 | S11: 4 | T11: =IF(COUNTIF(F11:S11,"=*")>0,"-",IF(COUNTIF(F11:S11,"<4")>0,"-",(IFERROR(AVERAGE(F11:S11),"")))) -> 7.9285714
C12: Б | D12: 2 | E12: Заслоцька Анна Василівна | F12: 8 | G12: 10 | H12: 9 | I12: 10 | J12: 9 | K12: 10 | L12: 9 | M12: 8 | N12: 6 | O12: 8 | P12: 8 | Q12: 7 | R12: 10 | S12: 5 | T12: =IF(COUNTIF(F12:S12,"=*")>0,"-",IF(COUNTIF(F12:S12,"<4")>0,"-",(IFERROR(AVERAGE(F12:S12),"")))) -> 8.3571429
C13: Б | D13: 3 | E13: Крамаренко Єлизавета Юріївна | F13: 8 | G13: 10 | H13: 9 | I13: 11 | J13: 9 | K13: 11 | L13: 10 | M13: 7 | N13: 6 | O13: 8 | P13: 8 | Q13: 8 | R13: 10 | S13: 6 | T13: =IF(COUNTIF(F13:S13,"=*")>0,"-",IF(COUNTIF(F13:S13,"<4")>0,"-",(IFERROR(AVERAGE(F13:S13),"")))) -> 8.6428571
C14: Б | D14: 4 | E14: М`ясковська Ярослава Сергіївна | F14: 5 | G14: 5 | H14: 10 | I14: 7 | J14: 4 | K14: 6 | L14: 4 | M14: 4 | N14: 4 | O14: 4 | P14: 4 | Q14: 4 | R14: 4 | S14: 4 | T14: =IF(COUNTIF(F14:S14,"=*")>0,"-",IF(COUNTIF(F14:S14,"<4")>0,"-",(IFERROR(AVERAGE(F14:S14),"")))) -> 4.9285714
C15: Б | D15: 5 | E15: Мельникова Катерина Михайлівна | F15: 6 | G15: 6 | H15: 9 | I15: 10 | J15: 8 | K15: 8 | L15: 6 | M15: 6 | N15: 4 | O15: 8 | P15: 7 | Q15: 5 | R15: 9 | S15: 4 | T15: =IF(COUNTIF(F15:S15,"=*")>0,"-",IF(COUNTIF(F15:S15,"<4")>0,"-",(IFERROR(AVERAGE(F15:S15),"")))) -> 6.8571429
C16: Б | D16: 6 | E16: Мирненко Станіслав Вадимович | F16: 8 | G16: 9 | H16: 8 | I16: 10 | J16: 8 | K16: 9 | L16: 8 | M16: 8 | N16: 7 | O16: 7 | P16: 7 | Q16: 7 | R16: 10 | S16: 8 | T16: =IF(COUNTIF(F16:S16,"=*")>0,"-",IF(COUNTIF(F16:S16,"<4")>0,"-",(IFERROR(AVERAGE(F16:S16),"")))) -> 8.1428571
C17: Б | D17: 7 | E17: Огієнко Владислав Вікторович | F17: 7 | G17: 6 | H17: 4 | I17: 9 | J17: 8 | K17: 8 | L17: 6 | M17: 6 | N17: 6 | O17: 7 | P17: 7 | Q17: 5 | R17: 10 | S17: 4 | T17: =IF(COUNTIF(F17:S17,"=*")>0,"-",IF(COUNTIF(F17:S17,"<4")>0,"-",(IFERROR(AVERAGE(F17:S17),"")))) -> 6.6428571
C18: Б | D18: 8 | E18: Прошіна Єлизавета Костянтинівна | F18: 9 | G18: 9 | H18: 9 | I18: 10 | J18: 10 | K18: 10 | L18: 8 | M18: 7 | N18: 6 | O18: 7 | P18: 7 | Q18: 7 | R18: 10 | S18: 8 | T18: =IF(COUNTIF(F18:S18,"=*")>0,"-",IF(COUNTIF(F18:S18,"<4")>0,"-",(IFERROR(AVERAGE(F18:S18),"")))) -> 8.3571429
C19: Б | D19: 9 | E19: Сараїн Владислав Вячеславович | F19: 8 | G19: 9 | H19: 10 | I19: 9 | J19: 8 | K19: 9 | L19: 6 | M19: 7 | N19: 6 | O19: 7 | P19: 7 | Q19: 6 | R19: 11 | S19: 8 | T19: =IF(COUNTIF(F19:S19,"=*")>0,"-",IF(COUNTIF(F19:S19,"<4")>0,"-",(IFERROR(AVERAGE(F19:S19),"")))) -> 7.9285714
C20: Б | D20: 10 | E20: Скибицька Вікторія Русланівна | F20: 7 | G20: 9 | H20: 10 | I20: 9 | J20: 9 | K20: 9 | L20: 7 | M20: 7 | N20: 5 | O20: 8 | P20: 9 | Q20: 5 | R20: 9 | S20: 4 | T20: =IF(COUNTIF(F20:S20,"=*")>0,"-",IF(COUNTIF(F20:S20,"<4")>0,"-",(IFERROR(AVERAGE(F20:S20),"")))) -> 7.6428571
E21: Середній бал успішності з дисципліни | F21: =IF(SUM(F11:F20)=0,"",SUM(F11:F20)/D20) -> 7.4 | G21: =IF(SUM(G11:G20)=0,"",SUM(G11:G20)/D20) -> 8.2 | H21: =IF(SUM(H11:H20)=0,"",SUM(H11:H20)/D20) -> 8.6 | I21: =IF(SUM(I11:I20)=0,"",SUM(I11:I20)/D20) -> 9.5 | J21: =IF(SUM(J11:J20)=0,"",SUM(J11:J20)/D20) -> 8.2 | K21: =IF(SUM(K11:K20)=0,"",SUM(K11:K20)/D20) -> 9.1 | L21: =IF(SUM(L11:L20)=0,"",SUM(L11:L20)/D20) -> 7.2 | M21: =IF(SUM(M11:M20)=0,"",SUM(M11:M20)/D20) -> 6.8 | N21: =IF(SUM(N11:N20)=0,"",SUM(N11:N20)/D20) -> 5.5 | O21: =IF(SUM(O11:O20)=0,"",SUM(O11:O20)/D20) -> 7.2 | P21: =IF(SUM(P11:P20)=0,"",SUM(P11:P20)/D20) -> 7.2 | Q21: =IF(SUM(Q11:Q20)=0,"",SUM(Q11:Q20)/D20) -> 6.1 | R21: =IF(SUM(R11:R20)=0,"",SUM(R11:R20)/D20) -> 9.1 | S21: =IF(SUM(S11:S20)=0,"",SUM(S11:S20)/D20) -> 5.5 | T21: =IFERROR(AVERAGE(F21:S21),"") -> 7.5428571
E22: Абсолютна успішність | F22: =IF(SUM(F11:F20)=0,"",IF(COUNTIF(F11:F20,">=4")=0,0,COUNTIF(F11:F20,">=4")/D20*100)) -> 100 | G22: =IF(SUM(G11:G20)=0,"",IF(COUNTIF(G11:G20,">=4")=0,0,COUNTIF(G11:G20,">=4")/D20*100)) -> 100 | H22: =IF(SUM(H11:H20)=0,"",IF(COUNTIF(H11:H20,">=4")=0,0,COUNTIF(H11:H20,">=4")/D20*100)) -> 100 | I22: =IF(SUM(I11:I20)=0,"",IF(COUNTIF(I11:I20,">=4")=0,0,COUNTIF(I11:I20,">=4")/D20*100)) -> 100 | J22: =IF(SUM(J11:J20)=0,"",IF(COUNTIF(J11:J20,">=4")=0,0,COUNTIF(J11:J20,">=4")/D20*100)) -> 100 | K22: =IF(SUM(K11:K20)=0,"",IF(COUNTIF(K11:K20,">=4")=0,0,COUNTIF(K11:K20,">=4")/D20*100)) -> 100 | L22: =IF(SUM(L11:L20)=0,"",IF(COUNTIF(L11:L20,">=4")=0,0,COUNTIF(L11:L20,">=4")/D20*100)) -> 100 | M22: =IF(SUM(M11:M20)=0,"",IF(COUNTIF(M11:M20,">=4")=0,0,COUNTIF(M11:M20,">=4")/D20*100)) -> 100 | N22: =IF(SUM(N11:N20)=0,"",IF(COUNTIF(N11:N20,">=4")=0,0,COUNTIF(N11:N20,">=4")/D20*100)) -> 100 | O22: =IF(SUM(O11:O20)=0,"",IF(COUNTIF(O11:O20,">=4")=0,0,COUNTIF(O11:O20,">=4")/D20*100)) -> 100 | P22: =IF(SUM(P11:P20)=0,"",IF(COUNTIF(P11:P20,">=4")=0,0,COUNTIF(P11:P20,">=4")/D20*100)) -> 100 | Q22: =IF(SUM(Q11:Q20)=0,"",IF(COUNTIF(Q11:Q20,">=4")=0,0,COUNTIF(Q11:Q20,">=4")/D20*100)) -> 100 | R22: =IF(SUM(R11:R20)=0,"",IF(COUNTIF(R11:R20,">=4")=0,0,COUNTIF(R11:R20,">=4")/D20*100)) -> 100 | S22: =IF(SUM(S11:S20)=0,"",IF(COUNTIF(S11:S20,">=4")=0,0,COUNTIF(S11:S20,">=4")/D20*100)) -> 100
E23: Якісна успішність | F23: =IF(SUM(F11:F20)=0,"",IF(COUNTIF(F11:F20,">=7")=0,0,COUNTIF(F11:F20,">=7")/D20*100)) -> 80 | G23: =IF(SUM(G11:G20)=0,"",IF(COUNTIF(G11:G20,">=7")=0,0,COUNTIF(G11:G20,">=7")/D20*100)) -> 70 | H23: =IF(SUM(H11:H20)=0,"",IF(COUNTIF(H11:H20,">=7")=0,0,COUNTIF(H11:H20,">=7")/D20*100)) -> 90 | I23: =IF(SUM(I11:I20)=0,"",IF(COUNTIF(I11:I20,">=7")=0,0,COUNTIF(I11:I20,">=7")/D20*100)) -> 100 | J23: =IF(SUM(J11:J20)=0,"",IF(COUNTIF(J11:J20,">=7")=0,0,COUNTIF(J11:J20,">=7")/D20*100)) -> 90 | K23: =IF(SUM(K11:K20)=0,"",IF(COUNTIF(K11:K20,">=7")=0,0,COUNTIF(K11:K20,">=7")/D20*100)) -> 90 | L23: =IF(SUM(L11:L20)=0,"",IF(COUNTIF(L11:L20,">=7")=0,0,COUNTIF(L11:L20,">=7")/D20*100)) -> 60 | M23: =IF(SUM(M11:M20)=0,"",IF(COUNTIF(M11:M20,">=7")=0,0,COUNTIF(M11:M20,">=7")/D20*100)) -> 70 | N23: =IF(SUM(N11:N20)=0,"",IF(COUNTIF(N11:N20,">=7")=0,0,COUNTIF(N11:N20,">=7")/D20*100)) -> 10 | O23: =IF(SUM(O11:O20)=0,"",IF(COUNTIF(O11:O20,">=7")=0,0,COUNTIF(O11:O20,">=7")/D20*100)) -> 90 | P23: =IF(SUM(P11:P20)=0,"",IF(COUNTIF(P11:P20,">=7")=0,0,COUNTIF(P11:P20,">=7")/D20*100)) -> 90 | Q23: =IF(SUM(Q11:Q20)=0,"",IF(COUNTIF(Q11:Q20,">=7")=0,0,COUNTIF(Q11:Q20,">=7")/D20*100)) -> 50 | R23: =IF(SUM(R11:R20)=0,"",IF(COUNTIF(R11:R20,">=7")=0,0,COUNTIF(R11:R20,">=7")/D20*100)) -> 90 | S23: =IF(SUM(S11:S20)=0,"",IF(COUNTIF(S11:S20,">=7")=0,0,COUNTIF(S11:S20,">=7")/D20*100)) -> 30
E24: Абсолютна успішність по групі | F24: =IFERROR(AVERAGE(F22:S22),"") -> 100
E25: Якісна успішність по групі | F25: =IFERROR(AVERAGE(F23:S23),"") -> 72.142857
E26: Кількість бюджетників | F26: =IF(COUNTIF(C11:C20,"=Б")=0,IF(COUNTIF(C11:C20,"=К")=0,"",0),COUNTIF(C11:C20,"=Б")) -> 10
E27: Кількість контрактників | F27: =IF(COUNTIF(C11:C20,"=К")=0,IF(COUNTIF(C11:C20,"=Б")=0,"",0),COUNTIF(C11:C20,"=К")) -> 0 | H27: Класний керівник | O27: Юлія СЕРБУЛОВА
E28: Кількість соціального контингенту | F28: 2
E29: Вийшли на стипендію | F29: 4 | H29: Завідувач відділення ПЗСО | O29: Маргарита БРІТІКОВА

Sheet Рейтингова відомість 161
C3: ВСП «ФАХОВИЙ КОЛЕДЖ НАФТОГАЗОВИХ ТЕХНОЛОГІЙ, ІНЖЕНЕРІЇ ТА ІНФРАСТРУКТУРИ СЕРВІСУ
C4: ОДЕСЬКОГО НАЦІОНАЛЬНОГО ТЕХНОЛОГІЧНОГО УНІВЕРСИТЕТУ»
C5: РЕЙТИНГОВА ВІДОМІСТЬ
C6: Успішності студентів спеціальності 161 «Хімічні технології та інженерія»
C7: За I семестр 2023-2024 н.р.
C8: Група 23-5 курс І
C9: Б/К | D9: № п/п | E9: Прізвище, ім’я, по батькові | F9: Підсумкові оцінки дисциплін
F10: Біологія Богданенко О.В. | G10: Всесвітня історія Мельничук С.А. | H10: Географія Наговська Т.С. | I10: Зарубіжна література Сербулова Ю.А. | J10: Захист України Стельмах Н.Ю. | K10: Іноземна мова Сербулова Ю.А. | L10: Інформатика Вівдіч М.І. | M10: Історія України Левчук Т.Г. | N10: Математика Земляна Т.М. | O10: Українська література Юрченко О.Б. | P10: Українська мова Юрченко О.Б. | Q10: Фізика Калюта Н.М. | R10: Фізична культура Галеніна І.С. | S10: Хімія Леонова Д.І. | T10: Середній бал | U10: Рейтинговий бал
C11: Б | D11: 1 | E11: Крамаренко Єлизавета Юріївна | F11: 8 | G11: 10 | H11: 9 | I11: 11 | J11: 9 | K11: 11 | L11: 10 | M11: 7 | N11: 6 | O11: 8 | P11: 8 | Q11: 8 | R11: 10 | S11: 6 | T11: =IF(COUNTIF(F11:S11,"=*")>0,"-",IF(COUNTIF(F11:S11,"<4")>0,"-",(IFERROR(AVERAGE(F11:S11),"")))) -> 8.6428571 | U11: =T11/12*90 -> 64.821429
C12: Б | D12: 2 | E12: Заслоцька Анна Василівна | F12: 8 | G12: 10 | H12: 9 | I12: 10 | J12: 9 | K12: 10 | L12: 9 | M12: 8 | N12: 6 | O12: 8 | P12: 8 | Q12: 7 | R12: 10 | S12: 5 | T12: =IF(COUNTIF(F12:S12,"=*")>0,"-",IF(COUNTIF(F12:S12,"<4")>0,"-",(IFERROR(AVERAGE(F12:S12),"")))) -> 8.3571429 | U12: =T12/12*90 -> 62.678571
C13: Б | D13: 3 | E13: Прошіна Єлизавета Костянтинівна | F13: 9 | G13: 9 | H13: 9 | I13: 10 | J13: 10 | K13: 10 | L13: 8 | M13: 7 | N13: 6 | O13: 7 | P13: 7 | Q13: 7 | R13: 10 | S13: 8 | T13: =IF(COUNTIF(F13:S13,"=*")>0,"-",IF(COUNTIF(F13:S13,"<4")>0,"-",(IFERROR(AVERAGE(F13:S13),"")))) -> 8.3571429 | U13: =T13/12*90 -> 62.678571
C14: Б | D14: 4 | E14: Мирненко Станіслав Вадимович | F14: 8 | G14: 9 | H14: 8 | I14: 10 | J14: 8 | K14: 9 | L14: 8 | M14: 8 | N14: 7 | O14: 7 | P14: 7 | Q14: 7 | R14: 10 | S14: 8 | T14: =IF(COUNTIF(F14:S14,"=*")>0,"-",IF(COUNTIF(F14:S14,"<4")>0,"-",(IFERROR(AVERAGE(F14:S14),"")))) -> 8.1428571 | U14: =T14/12*90 -> 61.071429
C15: Б | D15: 5 | E15: Васильченко Анастасія Олександрівна | F15: 8 | G15: 9 | H15: 8 | I15: 10 | J15: 9 | K15: 11 | L15: 8 | M15: 8 | N15: 5 | O15: 8 | P15: 8 | Q15: 7 | R15: 8 | S15: 4 | T15: =IF(COUNTIF(F15:S15,"=*")>0,"-",IF(COUNTIF(F15:S15,"<4")>0,"-",(IFERROR(AVERAGE(F15:S15),"")))) -> 7.9285714 | U15: =T15/12*90 -> 59.464286
C16: Б | D16: 6 | E16: Сараїн Владислав Вячеславович | F16: 8 | G16: 9 | H16: 10 | I16: 9 | J16: 8 | K16: 9 | L16: 6 | M16: 7 | N16: 6 | O16: 7 | P16: 7 | Q16: 6 | R16: 11 | S16: 8 | T16: =IF(COUNTIF(F16:S16,"=*")>0,"-",IF(COUNTIF(F16:S16,"<4")>0,"-",(IFERROR(AVERAGE(F16:S16),"")))) -> 7.9285714 | U16: =T16/12*90 -> 59.464286
C17: Б | D17: 7 | E17: Скибицька Вікторія Русланівна | F17: 7 | G17: 9 | H17: 10 | I17: 9 | J17: 9 | K17: 9 | L17: 7 | M17: 7 | N17: 5 | O17: 8 | P17: 9 | Q17: 5 | R17: 9 | S17: 4 | T17: =IF(COUNTIF(F17:S17,"=*")>0,"-",IF(COUNTIF(F17:S17,"<4")>0,"-",(IFERROR(AVERAGE(F17:S17),"")))) -> 7.6428571 | U17: =T17/12*90 -> 57.321429
C18: Б | D18: 8 | E18: Мельникова Катерина Михайлівна | F18: 6 | G18: 6 | H18: 9 | I18: 10 | J18: 8 | K18: 8 | L18: 6 | M18: 6 | N18: 4 | O18: 8 | P18: 7 | Q18: 5 | R18: 9 | S18: 4 | T18: =IF(COUNTIF(F18:S18,"=*")>0,"-",IF(COUNTIF(F18:S18,"<4")>0,"-",(IFERROR(AVERAGE(F18:S18),"")))) -> 6.8571429 | U18: =T18/12*90 -> 51.428571
C19: Б | D19: 9 | E19: Огієнко Владислав Вікторович | F19: 7 | G19: 6 | H19: 4 | I19: 9 | J19: 8 | K19: 8 | L19: 6 | M19: 6 | N19: 6 | O19: 7 | P19: 7 | Q19: 5 | R19: 10 | S19: 4 | T19: =IF(COUNTIF(F19:S19,"=*")>0,"-",IF(COUNTIF(F19:S19,"<4")>0,"-",(IFERROR(AVERAGE(F19:S19),"")))) -> 6.6428571 | U19: =T19/12*90 -> 49.821429
C20: Б | D20: 10 | E20: М`ясковська Ярослава Сергіївна | F20: 5 | G20: 5 | H20: 10 | I20: 7 | J20: 4 | K20: 6 | L20: 4 | M20: 4 | N20: 4 | O20: 4 | P20: 4 | Q20: 4 | R20: 4 | S20: 4 | T20: =IF(COUNTIF(F20:S20,"=*")>0,"-",IF(COUNTIF(F20:S20,"<4")>0,"-",(IFERROR(AVERAGE(F20:S20),"")))) -> 4.9285714 | U20: =T20/12*90 -> 36.964286
E21: Кількість бюджетників | F21: ='Зведена 161'!F26 -> 10
E22: Кількість контрактників | F22: ='Зведена 161'!F27 -> 0 | H22: Класний керівник | O22: Юлія СЕРБУЛОВА
E23: Кількість соціального контингенту | F23: ='Зведена 161'!F28 -> 2
E24: Вийшли на стипендію | F24: ='Зведена 161'!F29 -> 4 | H24: Завідувач відділення ПЗСО | O24: Маргарита БРІТІКОВА

Sheet Зведена 172
C3: ВСП «ФАХОВИЙ КОЛЕДЖ НАФТОГАЗОВИХ ТЕХНОЛОГІЙ, ІНЖЕНЕРІЇ ТА ІНФРАСТРУКТУРИ СЕРВІСУ
C4: ОДЕСЬКОГО НАЦІОНАЛЬНОГО ТЕХНОЛОГІЧНОГО УНІВЕРСИТЕТУ»
C5: ЗВЕДЕНА ВІДОМІСТЬ
C6: Успішності студентів спеціальності 172 «Телекомунікації та радіотехніка»
C7: За I семестр 2023-2024 н.р.
C8: Група 23-5 курс І
C9: Б/К | D9: № п/п | E9: Прізвище, ім’я, по батькові | F9: Підсумкові оцінки дисциплін
F10: Біологія Богданенко О.В. | G10: Всесвітня історія Мельничук С.А. | H10: Географія Наговська Т.С. | I10: Зарубіжна література Сербулова Ю.А. | J10: Захист України Стельмах Н.Ю. | K10: Іноземна мова Сербулова Ю.А. | L10: Інформатика Вівдіч М.І. | M10: Історія України Левчук Т.Г. | N10: Математика Земляна Т.М. | O10: Українська література Юрченко О.Б. | P10: Українська мова Юрченко О.Б. | Q10: Фізика Калюта Н.М. | R10: Фізична культура Галеніна І.С. | S10: Хімія Леонова Д.І. | T10: Середній бал
C11: К | D11: 1 | E11: Горбачов Павло Вікторович | F11: 8 | G11: 8 | H11: 7 | I11: 10 | J11: 7 | K11: 10 | L11: 7 | M11: 7 | N11: 7 | O11: 7 | P11: 7 | Q11: 8 | R11: 9 | S11: 5 | T11: =IF(COUNTIF(F11:S11,"=*")>0,"-",IF(COUNTIF(F11:S11,"<4")>0,"-",(IFERROR(AVERAGE(F11:S11),"")))) -> 7.6428571
C12: К | D12: 2 | E12: Стрибков Олександр Іванович | F12: 8 | G12: 8 | H12: 4 | I12: 9 | J12: 4 | K12: 8 | L12: 4 | M12: 4 | N12: 4 | O12: 4 | P12: 4 | Q12: 4 | R12: 5 | S12: 4 | T12: =IF(COUNTIF(F12:S12,"=*")>0,"-",IF(COUNTIF(F12:S12,"<4")>0,"-",(IFERROR(AVERAGE(F12:S12),"")))) -> 5.2857143
E13: Середній бал успішності з дисципліни | F13: =IF(SUM(F11:F12)=0,"",SUM(F11:F12)/$D12) -> 8 | G13: =IF(SUM(G11:G12)=0,"",SUM(G11:G12)/$D12) -> 8 | H13: =IF(SUM(H11:H12)=0,"",SUM(H11:H12)/$D12) -> 5.5 | I13: =IF(SUM(I11:I12)=0,"",SUM(I11:I12)/$D12) -> 9.5 | J13: =IF(SUM(J11:J12)=0,"",SUM(J11:J12)/$D12) -> 5.5 | K13: =IF(SUM(K11:K12)=0,"",SUM(K11:K12)/$D12) -> 9 | L13: =IF(SUM(L11:L12)=0,"",SUM(L11:L12)/$D12) -> 5.5 | M13: =IF(SUM(M11:M12)=0,"",SUM(M11:M12)/$D12) -> 5.5 | ... S13: =IF(SUM(S11:S12)=0,"",SUM(S11:S12)/$D12) -> 4.5 | T13: =IFERROR(AVERAGE(F13:S13),"") -> 6.4642857
E14: Абсолютна успішність | F14: =IF(SUM(F11:F12)=0,"",IF(COUNTIF(F11:F12,">=4")=0,0,COUNTIF(F11:F12,">=4")/$D12*100)) -> 100 | G14: =IF(SUM(G11:G12)=0,"",IF(COUNTIF(G11:G12,">=4")=0,0,COUNTIF(G11:G12,">=4")/$D12*100)) -> 100 | H14: =IF(SUM(H11:H12)=0,"",IF(COUNTIF(H11:H12,">=4")=0,0,COUNTIF(H11:H12,">=4")/$D12*100)) -> 100 | I14: =IF(SUM(I11:I12)=0,"",IF(COUNTIF(I11:I12,">=4")=0,0,COUNTIF(I11:I12,">=4")/$D12*100)) -> 100 | J14: =IF(SUM(J11:J12)=0,"",IF(COUNTIF(J11:J12,">=4")=0,0,COUNTIF(J11:J12,">=4")/$D12*100)) -> 100 | K14: =IF(SUM(K11:K12)=0,"",IF(COUNTIF(K11:K12,">=4")=0,0,COUNTIF(K11:K12,">=4")/$D12*100)) -> 100 | L14: =IF(SUM(L11:L12)=0,"",IF(COUNTIF(L11:L12,">=4")=0,0,COUNTIF(L11:L12,">=4")/$D12*100)) -> 100 | M14: =IF(SUM(M11:M12)=0,"",IF(COUNTIF(M11:M12,">=4")=0,0,COUNTIF(M11:M12,">=4")/$D12*100)) -> 100 | ... S14: =IF(SUM(S11:S12)=0,"",IF(COUNTIF(S11:S12,">=4")=0,0,COUNTIF(S11:S12,">=4")/$D12*100)) -> 100
E15: Якісна успішність | F15: =IF(SUM(F11:F12)=0,"",IF(COUNTIF(F11:F12,">=7")=0,0,COUNTIF(F11:F12,">=7")/$D12*100)) -> 100 | G15: =IF(SUM(G11:G12)=0,"",IF(COUNTIF(G11:G12,">=7")=0,0,COUNTIF(G11:G12,">=7")/$D12*100)) -> 100 | H15: =IF(SUM(H11:H12)=0,"",IF(COUNTIF(H11:H12,">=7")=0,0,COUNTIF(H11:H12,">=7")/$D12*100)) -> 50 | I15: =IF(SUM(I11:I12)=0,"",IF(COUNTIF(I11:I12,">=7")=0,0,COUNTIF(I11:I12,">=7")/$D12*100)) -> 100 | J15: =IF(SUM(J11:J12)=0,"",IF(COUNTIF(J11:J12,">=7")=0,0,COUNTIF(J11:J12,">=7")/$D12*100)) -> 50 | K15: =IF(SUM(K11:K12)=0,"",IF(COUNTIF(K11:K12,">=7")=0,0,COUNTIF(K11:K12,">=7")/$D12*100)) -> 100 | L15: =IF(SUM(L11:L12)=0,"",IF(COUNTIF(L11:L12,">=7")=0,0,COUNTIF(L11:L12,">=7")/$D12*100)) -> 50 | M15: =IF(SUM(M11:M12)=0,"",IF(COUNTIF(M11:M12,">=7")=0,0,COUNTIF(M11:M12,">=7")/$D12*100)) -> 50 | ... S15: =IF(SUM(S11:S12)=0,"",IF(COUNTIF(S11:S12,">=7")=0,0,COUNTIF(S11:S12,">=7")/$D12*100)) -> 0
E16: Абсолютна успішність по групі | F16: =IFERROR(AVERAGE(F14:S14),"") -> 100
E17: Якісна успішність по групі | F17: =IFERROR(AVERAGE(F15:S15),"") -> 60.714286
E18: Кількість бюджетників | F18: =IF(COUNTIF(C11:C12,"=Б")=0,IF(COUNTIF(C11:C12,"=К")=0,"",0),COUNTIF(C11:C12,"=Б")) -> 0
E19: Кількість контрактників | F19: =IF(COUNTIF(C11:C12,"=К")=0,IF(COUNTIF(C11:C12,"=Б")=0,"",0),COUNTIF(C11:C12,"=К")) -> 2 | H19: Класний керівник | O19: Юлія СЕРБУЛОВА
E20: Кількість соціального контингенту
E21: Вийшли на стипендію | H21: Завідувач відділення ПЗСО | O21: Маргарита БРІТІКОВА

Sheet Зведена 181
C3: ВСП «ФАХОВИЙ КОЛЕДЖ НАФТОГАЗОВИХ ТЕХНОЛОГІЙ, ІНЖЕНЕРІЇ ТА ІНФРАСТРУКТУРИ СЕРВІСУ
C4: ОДЕСЬКОГО НАЦІОНАЛЬНОГО ТЕХНОЛОГІЧНОГО УНІВЕРСИТЕТУ»
C5: ЗВЕДЕНА ВІДОМІСТЬ
C6: Успішності студентів спеціальності 181 «Харчові технології»
C7: За I семестр 2023-2024 н.р.
C8: Група 23-5 курс І
C9: Б/К | D9: № п/п | E9: Прізвище, ім’я, по батькові | F9: Підсумкові оцінки дисциплін
F10: Біологія Богданенко О.В. | G10: Всесвітня історія Мельничук С.А. | H10: Географія Наговська Т.С. | I10: Зарубіжна література Сербулова Ю.А. | J10: Захист України Стельмах Н.Ю. | K10: Іноземна мова Сербулова Ю.А. | L10: Інформатика Вівдіч М.І. | M10: Історія України Левчук Т.Г. | N10: Математика Земляна Т.М. | O10: Українська література Юрченко О.Б. | P10: Українська мова Юрченко О.Б. | Q10: Фізика Калюта Н.М. | R10: Фізична культура Галеніна І.С. | S10: Хімія Леонова Д.І. | T10: Середній бал
C11: К | D11: 1 | E11: Гінда Дар’я Денисівна | F11: 7 | G11: 5 | H11: 8 | I11: 9 | J11: 5 | K11: 9 | L11: 8 | M11: 6 | N11: 4 | O11: 6 | P11: 6 | Q11: 4 | R11: 4 | S11: 4 | T11: =IF(COUNTIF(F11:S11,"=*")>0,"-",IF(COUNTIF(F11:S11,"<4")>0,"-",(IFERROR(AVERAGE(F11:S11),"")))) -> 6.0714286
C12: К | D12: 2 | E12: Полєєв Олексій Юрійович | F12: 5 | G12: 5 | H12: 4 | I12: 5 | J12: 4 | K12: 5 | L12: 4 | M12: н/а | N12: н/з | O12: 4 | P12: 4 | Q12: 4 | R12: 4 | S12: 4 | T12: =IF(COUNTIF(F12:S12,"=*")>0,"-",IF(COUNTIF(F12:S12,"<4")>0,"-",(IFERROR(AVERAGE(F12:S12),"")))) -> -
C13: К | D13: 3 | E13: Рибалко Максим Сергійович | F13: 8 | G13: 9 | H13: 9 | I13: 8 | J13: 10 | K13: 8 | L13: 7 | M13: 9 | N13: 6 | O13: 8 | P13: 7 | Q13: 7 | R13: 10 | S13: 7 | T13: =IF(COUNTIF(F13:S13,"=*")>0,"-",IF(COUNTIF(F13:S13,"<4")>0,"-",(IFERROR(AVERAGE(F13:S13),"")))) -> 8.0714286
C14: К | D14: 4 | E14: Токарчук Денис Олександрович | F14: 9 | G14: 8 | H14: 9 | I14: 9 | J14: 9 | K14: 9 | L14: 11 | M14: 8 | N14: 8 | O14: 10 | P14: 8 | Q14: 8 | R14: 11 | S14: 7 | T14: =IF(COUNTIF(F14:S14,"=*")>0,"-",IF(COUNTIF(F14:S14,"<4")>0,"-",(IFERROR(AVERAGE(F14:S14),"")))) -> 8.8571429
E15: Середній бал успішності з дисципліни | F15: =IF(SUM(F11:F14)=0,"",SUM(F11:F14)/D14) -> 7.25 | G15: =IF(SUM(G11:G14)=0,"",SUM(G11:G14)/D14) -> 6.75 | H15: =IF(SUM(H11:H14)=0,"",SUM(H11:H14)/D14) -> 7.5 | I15: =IF(SUM(I11:I14)=0,"",SUM(I11:I14)/D14) -> 7.75 | J15: =IF(SUM(J11:J14)=0,"",SUM(J11:J14)/D14) -> 7 | K15: =IF(SUM(K11:K14)=0,"",SUM(K11:K14)/D14) -> 7.75 | L15: =IF(SUM(L11:L14)=0,"",SUM(L11:L14)/D14) -> 7.5 | M15: =IF(SUM(M11:M14)=0,"",SUM(M11:M14)/D14) -> 5.75 | N15: =IF(SUM(N11:N14)=0,"",SUM(N11:N14)/D14) -> 4.5 | O15: =IF(SUM(O11:O14)=0,"",SUM(O11:O14)/D14) -> 7 | P15: =IF(SUM(P11:P14)=0,"",SUM(P11:P14)/D14) -> 6.25 | Q15: =IF(SUM(Q11:Q14)=0,"",SUM(Q11:Q14)/D14) -> 5.75 | R15: =IF(SUM(R11:R14)=0,"",SUM(R11:R14)/D14) -> 7.25 | S15: =IF(SUM(S11:S14)=0,"",SUM(S11:S14)/D14) -> 5.5 | T15: =IFERROR(AVERAGE(F15:S15),"") -> 6.6785714
E16: Абсолютна успішність | F16: =IF(SUM(F11:F14)=0,"",IF(COUNTIF(F11:F14,">=4")=0,0,COUNTIF(F11:F14,">=4")/D14*100)) -> 100 | G16: =IF(SUM(G11:G14)=0,"",IF(COUNTIF(G11:G14,">=4")=0,0,COUNTIF(G11:G14,">=4")/D14*100)) -> 100 | H16: =IF(SUM(H11:H14)=0,"",IF(COUNTIF(H11:H14,">=4")=0,0,COUNTIF(H11:H14,">=4")/D14*100)) -> 100 | I16: =IF(SUM(I11:I14)=0,"",IF(COUNTIF(I11:I14,">=4")=0,0,COUNTIF(I11:I14,">=4")/D14*100)) -> 100 | J16: =IF(SUM(J11:J14)=0,"",IF(COUNTIF(J11:J14,">=4")=0,0,COUNTIF(J11:J14,">=4")/D14*100)) -> 100 | K16: =IF(SUM(K11:K14)=0,"",IF(COUNTIF(K11:K14,">=4")=0,0,COUNTIF(K11:K14,">=4")/D14*100)) -> 100 | L16: =IF(SUM(L11:L14)=0,"",IF(COUNTIF(L11:L14,">=4")=0,0,COUNTIF(L11:L14,">=4")/D14*100)) -> 100 | M16: =IF(SUM(M11:M14)=0,"",IF(COUNTIF(M11:M14,">=4")=0,0,COUNTIF(M11:M14,">=4")/D14*100)) -> 75 | N16: =IF(SUM(N11:N14)=0,"",IF(COUNTIF(N11:N14,">=4")=0,0,COUNTIF(N11:N14,">=4")/D14*100)) -> 75 | O16: =IF(SUM(O11:O14)=0,"",IF(COUNTIF(O11:O14,">=4")=0,0,COUNTIF(O11:O14,">=4")/D14*100)) -> 100 | P16: =IF(SUM(P11:P14)=0,"",IF(COUNTIF(P11:P14,">=4")=0,0,COUNTIF(P11:P14,">=4")/D14*100)) -> 100 | Q16: =IF(SUM(Q11:Q14)=0,"",IF(COUNTIF(Q11:Q14,">=4")=0,0,COUNTIF(Q11:Q14,">=4")/D14*100)) -> 100 | R16: =IF(SUM(R11:R14)=0,"",IF(COUNTIF(R11:R14,">=4")=0,0,COUNTIF(R11:R14,">=4")/D14*100)) -> 100 | S16: =IF(SUM(S11:S14)=0,"",IF(COUNTIF(S11:S14,">=4")=0,0,COUNTIF(S11:S14,">=4")/D14*100)) -> 100
E17: Якісна успішність | F17: =IF(SUM(F11:F14)=0,"",IF(COUNTIF(F11:F14,">=7")=0,0,COUNTIF(F11:F14,">=7")/D14*100)) -> 75 | G17: =IF(SUM(G11:G14)=0,"",IF(COUNTIF(G11:G14,">=7")=0,0,COUNTIF(G11:G14,">=7")/D14*100)) -> 50 | H17: =IF(SUM(H11:H14)=0,"",IF(COUNTIF(H11:H14,">=7")=0,0,COUNTIF(H11:H14,">=7")/D14*100)) -> 75 | I17: =IF(SUM(I11:I14)=0,"",IF(COUNTIF(I11:I14,">=7")=0,0,COUNTIF(I11:I14,">=7")/D14*100)) -> 75 | J17: =IF(SUM(J11:J14)=0,"",IF(COUNTIF(J11:J14,">=7")=0,0,COUNTIF(J11:J14,">=7")/D14*100)) -> 50 | K17: =IF(SUM(K11:K14)=0,"",IF(COUNTIF(K11:K14,">=7")=0,0,COUNTIF(K11:K14,">=7")/D14*100)) -> 75 | L17: =IF(SUM(L11:L14)=0,"",IF(COUNTIF(L11:L14,">=7")=0,0,COUNTIF(L11:L14,">=7")/D14*100)) -> 75 | M17: =IF(SUM(M11:M14)=0,"",IF(COUNTIF(M11:M14,">=7")=0,0,COUNTIF(M11:M14,">=7")/D14*100)) -> 50 | N17: =IF(SUM(N11:N14)=0,"",IF(COUNTIF(N11:N14,">=7")=0,0,COUNTIF(N11:N14,">=7")/D14*100)) -> 25 | O17: =IF(SUM(O11:O14)=0,"",IF(COUNTIF(O11:O14,">=7")=0,0,COUNTIF(O11:O14,">=7")/D14*100)) -> 50 | P17: =IF(SUM(P11:P14)=0,"",IF(COUNTIF(P11:P14,">=7")=0,0,COUNTIF(P11:P14,">=7")/D14*100)) -> 50 | Q17: =IF(SUM(Q11:Q14)=0,"",IF(COUNTIF(Q11:Q14,">=7")=0,0,COUNTIF(Q11:Q14,">=7")/D14*100)) -> 50 | R17: =IF(SUM(R11:R14)=0,"",IF(COUNTIF(R11:R14,">=7")=0,0,COUNTIF(R11:R14,">=7")/D14*100)) -> 50 | S17: =IF(SUM(S11:S14)=0,"",IF(COUNTIF(S11:S14,">=7")=0,0,COUNTIF(S11:S14,">=7")/D14*100)) -> 50
E18: Абсолютна успішність по групі | F18: =IFERROR(AVERAGE(F16:S16),"") -> 96.428571
E19: Якісна успішність по групі | F19: =IFERROR(AVERAGE(F17:S17),"") -> 57.142857
E20: Кількість бюджетників | F20: =IF(COUNTIF(C11:C14,"=Б")=0,IF(COUNTIF(C11:C14,"=К")=0,"",0),COUNTIF(C11:C14,"=Б")) -> 0
E21: Кількість контрактників | F21: =IF(COUNTIF(C11:C14,"=К")=0,IF(COUNTIF(C11:C14,"=Б")=0,"",0),COUNTIF(C11:C14,"=К")) -> 4 | H21: Класний керівник | O21: Юлія СЕРБУЛОВА
E22: Кількість соціального контингенту
E23: Вийшли на стипендію | H23: Завідувач відділення ПЗСО | O23: Маргарита БРІТІКОВА

Sheet Зведена 241
C3: ВСП «ФАХОВИЙ КОЛЕДЖ НАФТОГАЗОВИХ ТЕХНОЛОГІЙ, ІНЖЕНЕРІЇ ТА ІНФРАСТРУКТУРИ СЕРВІСУ
C4: ОДЕСЬКОГО НАЦІОНАЛЬНОГО ТЕХНОЛОГІЧНОГО УНІВЕРСИТЕТУ»
C5: ЗВЕДЕНА ВІДОМІСТЬ
C6: Успішності студентів спеціальності 241 «Готельно-ресторанна справа»
C7: За I семестр 2023-2024 н.р.
C8: Група 23-5 курс І
C9: Б/К | D9: № п/п | E9: Прізвище, ім’я, по батькові | F9: Підсумкові оцінки дисциплін
F10: Біологія Богданенко О.В. | G10: Всесвітня історія Мельничук С.А. | H10: Географія Наговська Т.С. | I10: Зарубіжна література Сербулова Ю.А. | J10: Захист України Стельмах Н.Ю. | K10: Іноземна мова Сербулова Ю.А. | L10: Інформатика Вівдіч М.І. | M10: Історія України Левчук Т.Г. | N10: Математика Земляна Т.М. | O10: Українська література Юрченко О.Б. | P10: Українська мова Юрченко О.Б. | Q10: Фізика Калюта Н.М. | R10: Фізична культура Галеніна І.С. | S10: Хімія Леонова Д.І. | T10: Середній бал
C11: К | D11: 1 | E11: Некрасова Анна Володимирівна | F11: 8 | G11: 7 | H11: 8 | I11: 9 | J11: 5 | K11: 10 | L11: 4 | M11: 6 | N11: 4 | O11: 6 | P11: 4 | Q11: 3 | R11: 7 | S11: 4 | T11: =AVERAGE(F11:S11) -> 6.0714286
C12: К | D12: 2 | E12: Чернушенко Поліна Дмитрівна | F12: 5 | G12: 7 | H12: 9 | I12: 10 | J12: 5 | K12: 10 | L12: 4 | M12: 6 | N12: 4 | O12: 7 | P12: 4 | Q12: н/з | R12: 5 | S12: 4 | T12: =IF(COUNTIF(F12:S12,"=*")>0,"-",IF(COUNTIF(F12:S12,"<4")>0,"-",(IFERROR(AVERAGE(F12:S12),"")))) -> -
E13: Середній бал успішності з дисципліни | F13: =IF(SUM(F11:F12)=0,"",SUM(F11:F12)/D12) -> 6.5 | G13: =IF(SUM(G11:G12)=0,"",SUM(G11:G12)/D12) -> 7 | H13: =IF(SUM(H11:H12)=0,"",SUM(H11:H12)/D12) -> 8.5 | I13: =IF(SUM(I11:I12)=0,"",SUM(I11:I12)/D12) -> 9.5 | J13: =IF(SUM(J11:J12)=0,"",SUM(J11:J12)/D12) -> 5 | K13: =IF(SUM(K11:K12)=0,"",SUM(K11:K12)/D12) -> 10 | L13: =IF(SUM(L11:L12)=0,"",SUM(L11:L12)/D12) -> 4 | M13: =IF(SUM(M11:M12)=0,"",SUM(M11:M12)/D12) -> 6 | N13: =IF(SUM(N11:N12)=0,"",SUM(N11:N12)/D12) -> 4 | O13: =IF(SUM(O11:O12)=0,"",SUM(O11:O12)/D12) -> 6.5 | P13: =IF(SUM(P11:P12)=0,"",SUM(P11:P12)/D12) -> 4 | Q13: =IF(SUM(Q11:Q12)=0,"",SUM(Q11:Q12)/D12) -> 1.5 | R13: =IF(SUM(R11:R12)=0,"",SUM(R11:R12)/D12) -> 6 | S13: =IF(SUM(S11:S12)=0,"",SUM(S11:S12)/D12) -> 4 | T13: =IFERROR(AVERAGE(F13:S13),"") -> 5.8928571
E14: Абсолютна успішність | F14: =IF(SUM(F11:F12)=0,"",IF(COUNTIF(F11:F12,">=4")=0,0,COUNTIF(F11:F12,">=4")/D12*100)) -> 100 | G14: =IF(SUM(G11:G12)=0,"",IF(COUNTIF(G11:G12,">=4")=0,0,COUNTIF(G11:G12,">=4")/D12*100)) -> 100 | H14: =IF(SUM(H11:H12)=0,"",IF(COUNTIF(H11:H12,">=4")=0,0,COUNTIF(H11:H12,">=4")/D12*100)) -> 100 | I14: =IF(SUM(I11:I12)=0,"",IF(COUNTIF(I11:I12,">=4")=0,0,COUNTIF(I11:I12,">=4")/D12*100)) -> 100 | J14: =IF(SUM(J11:J12)=0,"",IF(COUNTIF(J11:J12,">=4")=0,0,COUNTIF(J11:J12,">=4")/D12*100)) -> 100 | K14: =IF(SUM(K11:K12)=0,"",IF(COUNTIF(K11:K12,">=4")=0,0,COUNTIF(K11:K12,">=4")/D12*100)) -> 100 | L14: =IF(SUM(L11:L12)=0,"",IF(COUNTIF(L11:L12,">=4")=0,0,COUNTIF(L11:L12,">=4")/D12*100)) -> 100 | M14: =IF(SUM(M11:M12)=0,"",IF(COUNTIF(M11:M12,">=4")=0,0,COUNTIF(M11:M12,">=4")/D12*100)) -> 100 | N14: =IF(SUM(N11:N12)=0,"",IF(COUNTIF(N11:N12,">=4")=0,0,COUNTIF(N11:N12,">=4")/D12*100)) -> 100 | O14: =IF(SUM(O11:O12)=0,"",IF(COUNTIF(O11:O12,">=4")=0,0,COUNTIF(O11:O12,">=4")/D12*100)) -> 100 | P14: =IF(SUM(P11:P12)=0,"",IF(COUNTIF(P11:P12,">=4")=0,0,COUNTIF(P11:P12,">=4")/D12*100)) -> 100 | Q14: =IF(SUM(Q11:Q12)=0,"",IF(COUNTIF(Q11:Q12,">=4")=0,0,COUNTIF(Q11:Q12,">=4")/D12*100)) -> 0 | R14: =IF(SUM(R11:R12)=0,"",IF(COUNTIF(R11:R12,">=4")=0,0,COUNTIF(R11:R12,">=4")/D12*100)) -> 100 | S14: =IF(SUM(S11:S12)=0,"",IF(COUNTIF(S11:S12,">=4")=0,0,COUNTIF(S11:S12,">=4")/D12*100)) -> 100
E15: Якісна успішність | F15: =IF(SUM(F11:F12)=0,"",IF(COUNTIF(F11:F12,">=7")=0,0,COUNTIF(F11:F12,">=7")/D12*100)) -> 50 | G15: =IF(SUM(G11:G12)=0,"",IF(COUNTIF(G11:G12,">=7")=0,0,COUNTIF(G11:G12,">=7")/D12*100)) -> 100 | H15: =IF(SUM(H11:H12)=0,"",IF(COUNTIF(H11:H12,">=7")=0,0,COUNTIF(H11:H12,">=7")/D12*100)) -> 100 | I15: =IF(SUM(I11:I12)=0,"",IF(COUNTIF(I11:I12,">=7")=0,0,COUNTIF(I11:I12,">=7")/D12*100)) -> 100 | J15: =IF(SUM(J11:J12)=0,"",IF(COUNTIF(J11:J12,">=7")=0,0,COUNTIF(J11:J12,">=7")/D12*100)) -> 0 | K15: =IF(SUM(K11:K12)=0,"",IF(COUNTIF(K11:K12,">=7")=0,0,COUNTIF(K11:K12,">=7")/D12*100)) -> 100 | L15: =IF(SUM(L11:L12)=0,"",IF(COUNTIF(L11:L12,">=7")=0,0,COUNTIF(L11:L12,">=7")/D12*100)) -> 0 | M15: =IF(SUM(M11:M12)=0,"",IF(COUNTIF(M11:M12,">=7")=0,0,COUNTIF(M11:M12,">=7")/D12*100)) -> 0 | N15: =IF(SUM(N11:N12)=0,"",IF(COUNTIF(N11:N12,">=7")=0,0,COUNTIF(N11:N12,">=7")/D12*100)) -> 0 | O15: =IF(SUM(O11:O12)=0,"",IF(COUNTIF(O11:O12,">=7")=0,0,COUNTIF(O11:O12,">=7")/D12*100)) -> 50 | P15: =IF(SUM(P11:P12)=0,"",IF(COUNTIF(P11:P12,">=7")=0,0,COUNTIF(P11:P12,">=7")/D12*100)) -> 0 | Q15: =IF(SUM(Q11:Q12)=0,"",IF(COUNTIF(Q11:Q12,">=7")=0,0,COUNTIF(Q11:Q12,">=7")/D12*100)) -> 0 | R15: =IF(SUM(R11:R12)=0,"",IF(COUNTIF(R11:R12,">=7")=0,0,COUNTIF(R11:R12,">=7")/D12*100)) -> 50 | S15: =IF(SUM(S11:S12)=0,"",IF(COUNTIF(S11:S12,">=7")=0,0,COUNTIF(S11:S12,">=7")/D12*100)) -> 0
E16: Абсолютна успішність по групі | F16: =IFERROR(AVERAGE(F14:S14),"") -> 92.857143
E17: Якісна успішність по групі | F17: =IFERROR(AVERAGE(F15:S15),"") -> 39.285714
E18: Кількість бюджетників | F18: =IF(COUNTIF(C11:C12,"=Б")=0,IF(COUNTIF(C11:C12,"=К")=0,"",0),COUNTIF(C11:C12,"=Б")) -> 0
E19: Кількість контрактників | F19: =IF(COUNTIF(C11:C12,"=К")=0,IF(COUNTIF(C11:C12,"=Б")=0,"",0),COUNTIF(C11:C12,"=К")) -> 2 | H19: Класний керівник | O19: Юлія СЕРБУЛОВА
E20: Кількість соціального контингенту
E21: Вийшли на стипендію | H21: Завідувач відділення ПЗСО | O21: Маргарита БРІТІКОВА
