Workbook
Name A1048577: #REF!
Name Ф80: #REF!
Name A1048577: #REF!
Name Ф80: #REF!
Name A1048577: #REF!
Name Ф80: #REF!
Name A1048577: #REF!
Name Ф80: #REF!
Name A1048577: #REF!
Name Ф80: #REF!

Sheet Загальна
A1: S
C3: ЗАГАЛЬНА ВІДОМІСТЬ З УСІМА СПЕЦІАЛЬНОСТЯМИ. НЕ ДЛЯ ДРУКУ. ЗВІДСИ ОЦІНКИ АВТОМАТИЧНО ПЕРЕНОСЯТЬСЯ ДО ВІДОМОСТЕЙ. СТВОРЕНО ДЛЯ ЛЕГШОГО ЗАПОВНЕННЯ ОЦІНОК
C8: Б/К | D8: № п/п | E8: Прізвище, ім’я, по батькові | F8: Підсумкові оцінки дисциплін | T8: Середній бал
F9: Біологія Богданенко О.В. | G9: Всесвітня Історія Мельничук С.А. | H9: Географія Наговська Т.С. | I9: Зарубіжна література Бабенко Л. Е. | J9: Захист України Лазар В.І. | K9: Іноземна мова Нічик Н.О. | L9: Інформатика Андрльє І.О. | M9: Історія України Левчук Т.Г. | N9: Математика Бондаренко О.С. | O9: Українська література Антропова Л.І. | P9: Українська мова Антропова Л.І. | Q9: Фізика Калюта Н.М. | R9: Фізична культура Возіян О.Г. | S9: Хімія Сахно Н.О.
C10: К | D10: 1 | E10: Абаржі Юрій Петрович | T10: =IF(COUNTIF($F10:S10,"=*")>0,IF($C10="K","-"," - "),IF(COUNTIF($F10:S10,"<4")>0,IF($C10="K","-"," - "),(IFERROR(AVERAGE($F10:S10),"Waiting"))))
C11: Б | D11: 2 | E11: Бабков Дмитро Юрійович | T11: =IF(COUNTIF($F11:S11,"=*")>0,IF($C11="K","-"," - "),IF(COUNTIF($F11:S11,"<4")>0,IF($C11="K","-"," - "),(IFERROR(AVERAGE($F11:S11),"Waiting"))))
C12: К | D12: 3 | E12: Бахчиванжи Валентин Іванович | T12: =IF(COUNTIF($F12:S12,"=*")>0,IF($C12="K","-"," - "),IF(COUNTIF($F12:S12,"<4")>0,IF($C12="K","-"," - "),(IFERROR(AVERAGE($F12:S12),"Waiting"))))
C13: К | D13: 4 | E13: Бондаренко Костянтин Петрович | T13: =IF(COUNTIF($F13:S13,"=*")>0,IF($C13="K","-"," - "),IF(COUNTIF($F13:S13,"<4")>0,IF($C13="K","-"," - "),(IFERROR(AVERAGE($F13:S13),"Waiting"))))
C14: К | D14: 5 | E14: Верещагін Володимир Миколайович | T14: =IF(COUNTIF($F14:S14,"=*")>0,IF($C14="K","-"," - "),IF(COUNTIF($F14:S14,"<4")>0,IF($C14="K","-"," - "),(IFERROR(AVERAGE($F14:S14),"Waiting"))))
C15: Б | D15: 6 | E15: Гавалко Єва Володимирівна | T15: =IF(COUNTIF($F15:S15,"=*")>0,IF($C15="K","-"," - "),IF(COUNTIF($F15:S15,"<4")>0,IF($C15="K","-"," - "),(IFERROR(AVERAGE($F15:S15),"Waiting"))))
C16: К | D16: 7 | E16: Гайдаржи Ілля Іванович | T16: =IF(COUNTIF($F16:S16,"=*")>0,IF($C16="K","-"," - "),IF(COUNTIF($F16:S16,"<4")>0,IF($C16="K","-"," - "),(IFERROR(AVERAGE($F16:S16),"Waiting"))))
C17: Б | D17: 8 | E17: Гальперина Анастасія Олексіївна | T17: =IF(COUNTIF($F17:S17,"=*")>0,IF($C17="K","-"," - "),IF(COUNTIF($F17:S17,"<4")>0,IF($C17="K","-"," - "),(IFERROR(AVERAGE($F17:S17),"Waiting"))))
C18: К | D18: 9 | E18: Господінов Дмитро Володимирович | T18: =IF(COUNTIF($F18:S18,"=*")>0,IF($C18="K","-"," - "),IF(COUNTIF($F18:S18,"<4")>0,IF($C18="K","-"," - "),(IFERROR(AVERAGE($F18:S18),"Waiting"))))
C19: Б | D19: 10 | E19: Григорашенко Олександра Олексіївна | T19: =IF(COUNTIF($F19:S19,"=*")>0,IF($C19="K","-"," - "),IF(COUNTIF($F19:S19,"<4")>0,IF($C19="K","-"," - "),(IFERROR(AVERAGE($F19:S19),"Waiting"))))
C20: Б | D20: 11 | E20: Гроздя Роман Георгійович | T20: =IF(COUNTIF($F20:S20,"=*")>0,IF($C20="K","-"," - "),IF(COUNTIF($F20:S20,"<4")>0,IF($C20="K","-"," - "),(IFERROR(AVERAGE($F20:S20),"Waiting"))))
C21: Б | D21: 12 | E21: Дмитришина Поліна Дмитрівна | T21: =IF(COUNTIF($F21:S21,"=*")>0,IF($C21="K","-"," - "),IF(COUNTIF($F21:S21,"<4")>0,IF($C21="K","-"," - "),(IFERROR(AVERAGE($F21:S21),"Waiting"))))
... C44: Б | D44: 35 | E44: Шингілєвич Станіслав Віталійович | T44: =IF(COUNTIF($F44:S44,"=*")>0,IF($C44="K","-"," - "),IF(COUNTIF($F44:S44,"<4")>0,IF($C44="K","-"," - "),(IFERROR(AVERAGE($F44:S44),"Waiting"))))
E45: Середній бал успішності з дисципліни | F45: =IF(SUM(F$10:F44)=0,IF(COUNTA(F$10:F44)=0,"Waiting",0),SUM(F$10:F44)/$D44) | G45: =IF(SUM(G$10:G44)=0,IF(COUNTA(G$10:G44)=0,"Waiting",0),SUM(G$10:G44)/$D44) | H45: =IF(SUM(H$10:H44)=0,IF(COUNTA(H$10:H44)=0,"Waiting",0),SUM(H$10:H44)/$D44) | I45: =IF(SUM(I$10:I44)=0,IF(COUNTA(I$10:I44)=0,"Waiting",0),SUM(I$10:I44)/$D44) | J45: =IF(SUM(J$10:J44)=0,IF(COUNTA(J$10:J44)=0,"Waiting",0),SUM(J$10:J44)/$D44) | K45: =IF(SUM(K$10:K44)=0,IF(COUNTA(K$10:K44)=0,"Waiting",0),SUM(K$10:K44)/$D44) | L45: =IF(SUM(L$10:L44)=0,IF(COUNTA(L$10:L44)=0,"Waiting",0),SUM(L$10:L44)/$D44) | M45: =IF(SUM(M$10:M44)=0,IF(COUNTA(M$10:M44)=0,"Waiting",0),SUM(M$10:M44)/$D44) | ... S45: =IF(SUM(S$10:S44)=0,IF(COUNTA(S$10:S44)=0,"Waiting",0),SUM(S$10:S44)/$D44) | T45: =IFERROR(AVERAGE($F45:S45),"Waiting")
E46: Абсолютна успішність | F46: =IF(SUM(F$10:F44)=0,IF(COUNTA(F$10:F44)=0,"Waiting",0),IF(COUNTIF(F$10:F44,">=4")=0,0,COUNTIF(F$10:F44,">=4")/$D44*100)) | G46: =IF(SUM(G$10:G44)=0,IF(COUNTA(G$10:G44)=0,"Waiting",0),IF(COUNTIF(G$10:G44,">=4")=0,0,COUNTIF(G$10:G44,">=4")/$D44*100)) | H46: =IF(SUM(H$10:H44)=0,IF(COUNTA(H$10:H44)=0,"Waiting",0),IF(COUNTIF(H$10:H44,">=4")=0,0,COUNTIF(H$10:H44,">=4")/$D44*100)) | I46: =IF(SUM(I$10:I44)=0,IF(COUNTA(I$10:I44)=0,"Waiting",0),IF(COUNTIF(I$10:I44,">=4")=0,0,COUNTIF(I$10:I44,">=4")/$D44*100)) | J46: =IF(SUM(J$10:J44)=0,IF(COUNTA(J$10:J44)=0,"Waiting",0),IF(COUNTIF(J$10:J44,">=4")=0,0,COUNTIF(J$10:J44,">=4")/$D44*100)) | K46: =IF(SUM(K$10:K44)=0,IF(COUNTA(K$10:K44)=0,"Waiting",0),IF(COUNTIF(K$10:K44,">=4")=0,0,COUNTIF(K$10:K44,">=4")/$D44*100)) | L46: =IF(SUM(L$10:L44)=0,IF(COUNTA(L$10:L44)=0,"Waiting",0),IF(COUNTIF(L$10:L44,">=4")=0,0,COUNTIF(L$10:L44,">=4")/$D44*100)) | M46: =IF(SUM(M$10:M44)=0,IF(COUNTA(M$10:M44)=0,"Waiting",0),IF(COUNTIF(M$10:M44,">=4")=0,0,COUNTIF(M$10:M44,">=4")/$D44*100)) | ... S46: =IF(SUM(S$10:S44)=0,IF(COUNTA(S$10:S44)=0,"Waiting",0),IF(COUNTIF(S$10:S44,">=4")=0,0,COUNTIF(S$10:S44,">=4")/$D44*100))
E47: Якісна успішність | F47: =IF(SUM(F$10:F44)=0,IF(COUNTA(F$10:F44)=0,"Waiting",0),IF(COUNTIF(F$10:F44,">=7")=0,0,COUNTIF(F$10:F44,">=7")/$D44*100)) | G47: =IF(SUM(G$10:G44)=0,IF(COUNTA(G$10:G44)=0,"Waiting",0),IF(COUNTIF(G$10:G44,">=7")=0,0,COUNTIF(G$10:G44,">=7")/$D44*100)) | H47: =IF(SUM(H$10:H44)=0,IF(COUNTA(H$10:H44)=0,"Waiting",0),IF(COUNTIF(H$10:H44,">=7")=0,0,COUNTIF(H$10:H44,">=7")/$D44*100)) | I47: =IF(SUM(I$10:I44)=0,IF(COUNTA(I$10:I44)=0,"Waiting",0),IF(COUNTIF(I$10:I44,">=7")=0,0,COUNTIF(I$10:I44,">=7")/$D44*100)) | J47: =IF(SUM(J$10:J44)=0,IF(COUNTA(J$10:J44)=0,"Waiting",0),IF(COUNTIF(J$10:J44,">=7")=0,0,COUNTIF(J$10:J44,">=7")/$D44*100)) | K47: =IF(SUM(K$10:K44)=0,IF(COUNTA(K$10:K44)=0,"Waiting",0),IF(COUNTIF(K$10:K44,">=7")=0,0,COUNTIF(K$10:K44,">=7")/$D44*100)) | L47: =IF(SUM(L$10:L44)=0,IF(COUNTA(L$10:L44)=0,"Waiting",0),IF(COUNTIF(L$10:L44,">=7")=0,0,COUNTIF(L$10:L44,">=7")/$D44*100)) | M47: =IF(SUM(M$10:M44)=0,IF(COUNTA(M$10:M44)=0,"Waiting",0),IF(COUNTIF(M$10:M44,">=7")=0,0,COUNTIF(M$10:M44,">=7")/$D44*100)) | ... S47: =IF(SUM(S$10:S44)=0,IF(COUNTA(S$10:S44)=0,"Waiting",0),IF(COUNTIF(S$10:S44,">=7")=0,0,COUNTIF(S$10:S44,">=7")/$D44*100))
E48: Абсолютна успішність по групі | F48: =IFERROR(AVERAGE(F46:S46),"Waiting")
E49: Якісна успішність по групі | F49: =IFERROR(AVERAGE($F47:S47),"Waiting")
E50: Кількість бюджетників | F50: =IF(COUNTIF($C$10:$C44,"=B")=0,IF(COUNTIF($C$10:$C44,"=K")=0,"Waiting",0),COUNTIF($C$10:$C44,"=B"))
E51: Кількість контрактників | F51: =IF(COUNTIF($C$10:$C44,"=K")=0,IF(COUNTIF($C$10:$C44,"=B")=0,"Waiting",0),COUNTIF($C$10:$C44,"=K")) | H51: Класний керівник
E52: Кількість соціального контингенту
E53: Вийшли на стипендію | F53: =IF(F50="Waiting","Waiting",IF(F50-COUNTIF($T$10:$T44," - ")<ROUNDDOWN(F50*0.4,0),F50-COUNTIF($T$10:$T44," - "),ROUNDDOWN(F50*0.4,0))) | H53: Завідувач відділення ПЗСО | P53: Margarita BRITIKOVA

Sheet Зведена D7
A1: S
C3: ВІДОКРЕМЛЕНИЙ СТРУКТУРНИЙ ПІДРОЗДІЛ «ФАХОВИЙ КОЛЕДЖ НАФТОГАЗОВИХ ТЕХНОЛОГІЙ, ІНЖЕНЕРІЇ ТА ІНФРАСТРУКТУРИ СЕРВІСУ ОДЕСЬКОГО НАЦІОНАЛЬНОГО ТЕХНОЛОГІЧНОГО УНІВЕРСИТЕТУ»
C4: ЗВЕДЕНА ВІДОМІСТЬ
C5: Успішності студентів спеціальності D7 ««Торгівля»»
C6: За рік 2025-2026 н.р.
C7: Група 25-2 курс I
C8: Б/К | D8: № п/п | E8: Прізвище, ім’я, по батькові | F8: Підсумкові оцінки дисциплін | T8: Середній бал
F9: ='General'!F9 | G9: ='General'!G9 | H9: ='General'!H9 | I9: ='General'!I9 | J9: ='General'!J9 | K9: ='General'!K9 | L9: ='General'!L9 | M9: ='General'!M9 | ... S9: ='General'!S9
C10: ='General'!C11 | D10: 1 | E10: ='General'!E11 | F10: ='General'!F11 | G10: ='General'!G11 | H10: ='General'!H11 | I10: ='General'!I11 | J10: ='General'!J11 | K10: ='General'!K11 | L10: ='General'!L11 | ... S10: ='General'!S11 | T10: =IF(COUNTIF($F10:S10,"=*")>0,IF($C10="K","-"," - "),IF(COUNTIF($F10:S10,"<4")>0,IF(C10="K","-"," - "),(IFERROR(AVERAGE($F10:S10),"Waiting"))))
C11: ='General'!C17 | D11: 2 | E11: ='General'!E17 | F11: ='General'!F17 | G11: ='General'!G17 | H11: ='General'!H17 | I11: ='General'!I17 | J11: ='General'!J17 | K11: ='General'!K17 | L11: ='General'!L17 | ... S11: ='General'!S17 | T11: =IF(COUNTIF($F11:S11,"=*")>0,IF($C11="K","-"," - "),IF(COUNTIF($F11:S11,"<4")>0,IF(C11="K","-"," - "),(IFERROR(AVERAGE($F11:S11),"Waiting"))))
C12: ='General'!C19 | D12: 3 | E12: ='General'!E19 | F12: ='General'!F19 | G12: ='General'!G19 | H12: ='General'!H19 | I12: ='General'!I19 | J12: ='General'!J19 | K12: ='General'!K19 | L12: ='General'!L19 | ... S12: ='General'!S19 | T12: =IF(COUNTIF($F12:S12,"=*")>0,IF($C12="K","-"," - "),IF(COUNTIF($F12:S12,"<4")>0,IF(C12="K","-"," - "),(IFERROR(AVERAGE($F12:S12),"Waiting"))))
C13: ='General'!C21 | D13: 4 | E13: ='General'!E21 | F13: ='General'!F21 | G13: ='General'!G21 | H13: ='General'!H21 | I13: ='General'!I21 | J13: ='General'!J21 | K13: ='General'!K21 | L13: ='General'!L21 | ... S13: ='General'!S21 | T13: =IF(COUNTIF($F13:S13,"=*")>0,IF($C13="K","-"," - "),IF(COUNTIF($F13:S13,"<4")>0,IF(C13="K","-"," - "),(IFERROR(AVERAGE($F13:S13),"Waiting"))))
C14: ='General'!C22 | D14: 5 | E14: ='General'!E22 | F14: ='General'!F22 | G14: ='General'!G22 | H14: ='General'!H22 | I14: ='General'!I22 | J14: ='General'!J22 | K14: ='General'!K22 | L14: ='General'!L22 | ... S14: ='General'!S22 | T14: =IF(COUNTIF($F14:S14,"=*")>0,IF($C14="K","-"," - "),IF(COUNTIF($F14:S14,"<4")>0,IF(C14="K","-"," - "),(IFERROR(AVERAGE($F14:S14),"Waiting"))))
C15: ='General'!C25 | D15: 6 | E15: ='General'!E25 | F15: ='General'!F25 | G15: ='General'!G25 | H15: ='General'!H25 | I15: ='General'!I25 | J15: ='General'!J25 | K15: ='General'!K25 | L15: ='General'!L25 | ... S15: ='General'!S25 | T15: =IF(COUNTIF($F15:S15,"=*")>0,IF($C15="K","-"," - "),IF(COUNTIF($F15:S15,"<4")>0,IF(C15="K","-"," - "),(IFERROR(AVERAGE($F15:S15),"Waiting"))))
C16: ='General'!C26 | D16: 7 | E16: ='General'!E26 | F16: ='General'!F26 | G16: ='General'!G26 | H16: ='General'!H26 | I16: ='General'!I26 | J16: ='General'!J26 | K16: ='General'!K26 | L16: ='General'!L26 | ... S16: ='General'!S26 | T16: =IF(COUNTIF($F16:S16,"=*")>0,IF($C16="K","-"," - "),IF(COUNTIF($F16:S16,"<4")>0,IF(C16="K","-"," - "),(IFERROR(AVERAGE($F16:S16),"Waiting"))))
C17: ='General'!C32 | D17: 8 | E17: ='General'!E32 | F17: ='General'!F32 | G17: ='General'!G32 | H17: ='General'!H32 | I17: ='General'!I32 | J17: ='General'!J32 | K17: ='General'!K32 | L17: ='General'!L32 | ... S17: ='General'!S32 | T17: =IF(COUNTIF($F17:S17,"=*")>0,IF($C17="K","-"," - "),IF(COUNTIF($F17:S17,"<4")>0,IF(C17="K","-"," - "),(IFERROR(AVERAGE($F17:S17),"Waiting"))))
C18: ='General'!C33 | D18: 9 | E18: ='General'!E33 | F18: ='General'!F33 | G18: ='General'!G33 | H18: ='General'!H33 | I18: ='General'!I33 | J18: ='General'!J33 | K18: ='General'!K33 | L18: ='General'!L33 | ... S18: ='General'!S33 | T18: =IF(COUNTIF($F18:S18,"=*")>0,IF($C18="K","-"," - "),IF(COUNTIF($F18:S18,"<4")>0,IF(C18="K","-"," - "),(IFERROR(AVERAGE($F18:S18),"Waiting"))))
C19: ='General'!C37 | D19: 10 | E19: ='General'!E37 | F19: ='General'!F37 | G19: ='General'!G37 | H19: ='General'!H37 | I19: ='General'!I37 | J19: ='General'!J37 | K19: ='General'!K37 | L19: ='General'!L37 | ... S19: ='General'!S37 | T19: =IF(COUNTIF($F19:S19,"=*")>0,IF($C19="K","-"," - "),IF(COUNTIF($F19:S19,"<4")>0,IF(C19="K","-"," - "),(IFERROR(AVERAGE($F19:S19),"Waiting"))))
C20: ='General'!C38 | D20: 11 | E20: ='General'!E38 | F20: ='General'!F38 | G20: ='General'!G38 | H20: ='General'!H38 | I20: ='General'!I38 | J20: ='General'!J38 | K20: ='General'!K38 | L20: ='General'!L38 | ... S20: ='General'!S38 | T20: =IF(COUNTIF($F20:S20,"=*")>0,IF($C20="K","-"," - "),IF(COUNTIF($F20:S20,"<4")>0,IF(C20="K","-"," - "),(IFERROR(AVERAGE($F20:S20),"Waiting"))))
C21: ='General'!C41 | D21: 12 | E21: ='General'!E41 | F21: ='General'!F41 | G21: ='General'!G41 | H21: ='General'!H41 | I21: ='General'!I41 | J21: ='General'!J41 | K21: ='General'!K41 | L21: ='General'!L41 | ... S21: ='General'!S41 | T21: =IF(COUNTIF($F21:S21,"=*")>0,IF($C21="K","-"," - "),IF(COUNTIF($F21:S21,"<4")>0,IF(C21="K","-"," - "),(IFERROR(AVERAGE($F21:S21),"Waiting"))))
C22: ='General'!C42 | D22: 13 | E22: ='General'!E42 | F22: ='General'!F42 | G22: ='General'!G42 | H22: ='General'!H42 | I22: ='General'!I42 | J22: ='General'!J42 | K22: ='General'!K42 | L22: ='General'!L42 | ... S22: ='General'!S42 | T22: =IF(COUNTIF($F22:S22,"=*")>0,IF($C22="K","-"," - "),IF(COUNTIF($F22:S22,"<4")>0,IF(C22="K","-"," - "),(IFERROR(AVERAGE($F22:S22),"Waiting"))))
C23: ='General'!C43 | D23: 14 | E23: ='General'!E43 | F23: ='General'!F43 | G23: ='General'!G43 | H23: ='General'!H43 | I23: ='General'!I43 | J23: ='General'!J43 | K23: ='General'!K43 | L23: ='General'!L43 | ... S23: ='General'!S43 | T23: =IF(COUNTIF($F23:S23,"=*")>0,IF($C23="K","-"," - "),IF(COUNTIF($F23:S23,"<4")>0,IF(C23="K","-"," - "),(IFERROR(AVERAGE($F23:S23),"Waiting"))))
C24: ='General'!C44 | D24: 15 | E24: ='General'!E44 | F24: ='General'!F44 | G24: ='General'!G44 | H24: ='General'!H44 | I24: ='General'!I44 | J24: ='General'!J44 | K24: ='General'!K44 | L24: ='General'!L44 | ... S24: ='General'!S44 | T24: =IF(COUNTIF($F24:S24,"=*")>0,IF($C24="K","-"," - "),IF(COUNTIF($F24:S24,"<4")>0,IF(C24="K","-"," - "),(IFERROR(AVERAGE($F24:S24),"Waiting"))))
E25: Середній бал успішності з дисципліни | F25: =IF(SUM(F$10:F24)=0,IF(COUNTA(F$10:F24)=0,"Waiting",0),SUM(F$10:F24)/$D24) | G25: =IF(SUM(G$10:G24)=0,IF(COUNTA(G$10:G24)=0,"Waiting",0),SUM(G$10:G24)/$D24) | H25: =IF(SUM(H$10:H24)=0,IF(COUNTA(H$10:H24)=0,"Waiting",0),SUM(H$10:H24)/$D24) | I25: =IF(SUM(I$10:I24)=0,IF(COUNTA(I$10:I24)=0,"Waiting",0),SUM(I$10:I24)/$D24) | J25: =IF(SUM(J$10:J24)=0,IF(COUNTA(J$10:J24)=0,"Waiting",0),SUM(J$10:J24)/$D24) | K25: =IF(SUM(K$10:K24)=0,IF(COUNTA(K$10:K24)=0,"Waiting",0),SUM(K$10:K24)/$D24) | L25: =IF(SUM(L$10:L24)=0,IF(COUNTA(L$10:L24)=0,"Waiting",0),SUM(L$10:L24)/$D24) | M25: =IF(SUM(M$10:M24)=0,IF(COUNTA(M$10:M24)=0,"Waiting",0),SUM(M$10:M24)/$D24) | ... S25: =IF(SUM(S$10:S24)=0,IF(COUNTA(S$10:S24)=0,"Waiting",0),SUM(S$10:S24)/$D24) | T25: =IFERROR(AVERAGE($F25:S25),"Waiting")
E26: Абсолютна успішність | F26: =IF(SUM(F$10:F24)=0,IF(COUNTA(F$10:F24)=0,"Waiting",0),IF(COUNTIF(F$10:F24,">=4")=0,0,COUNTIF(F$10:F24,">=4")/$D24*100)) | G26: =IF(SUM(G$10:G24)=0,IF(COUNTA(G$10:G24)=0,"Waiting",0),IF(COUNTIF(G$10:G24,">=4")=0,0,COUNTIF(G$10:G24,">=4")/$D24*100)) | H26: =IF(SUM(H$10:H24)=0,IF(COUNTA(H$10:H24)=0,"Waiting",0),IF(COUNTIF(H$10:H24,">=4")=0,0,COUNTIF(H$10:H24,">=4")/$D24*100)) | I26: =IF(SUM(I$10:I24)=0,IF(COUNTA(I$10:I24)=0,"Waiting",0),IF(COUNTIF(I$10:I24,">=4")=0,0,COUNTIF(I$10:I24,">=4")/$D24*100)) | J26: =IF(SUM(J$10:J24)=0,IF(COUNTA(J$10:J24)=0,"Waiting",0),IF(COUNTIF(J$10:J24,">=4")=0,0,COUNTIF(J$10:J24,">=4")/$D24*100)) | K26: =IF(SUM(K$10:K24)=0,IF(COUNTA(K$10:K24)=0,"Waiting",0),IF(COUNTIF(K$10:K24,">=4")=0,0,COUNTIF(K$10:K24,">=4")/$D24*100)) | L26: =IF(SUM(L$10:L24)=0,IF(COUNTA(L$10:L24)=0,"Waiting",0),IF(COUNTIF(L$10:L24,">=4")=0,0,COUNTIF(L$10:L24,">=4")/$D24*100)) | M26: =IF(SUM(M$10:M24)=0,IF(COUNTA(M$10:M24)=0,"Waiting",0),IF(COUNTIF(M$10:M24,">=4")=0,0,COUNTIF(M$10:M24,">=4")/$D24*100)) | ... S26: =IF(SUM(S$10:S24)=0,IF(COUNTA(S$10:S24)=0,"Waiting",0),IF(COUNTIF(S$10:S24,">=4")=0,0,COUNTIF(S$10:S24,">=4")/$D24*100))
E27: Якісна успішність | F27: =IF(SUM(F$10:F24)=0,IF(COUNTA(F$10:F24)=0,"Waiting",0),IF(COUNTIF(F$10:F24,">=7")=0,0,COUNTIF(F$10:F24,">=7")/$D24*100)) | G27: =IF(SUM(G$10:G24)=0,IF(COUNTA(G$10:G24)=0,"Waiting",0),IF(COUNTIF(G$10:G24,">=7")=0,0,COUNTIF(G$10:G24,">=7")/$D24*100)) | H27: =IF(SUM(H$10:H24)=0,IF(COUNTA(H$10:H24)=0,"Waiting",0),IF(COUNTIF(H$10:H24,">=7")=0,0,COUNTIF(H$10:H24,">=7")/$D24*100)) | I27: =IF(SUM(I$10:I24)=0,IF(COUNTA(I$10:I24)=0,"Waiting",0),IF(COUNTIF(I$10:I24,">=7")=0,0,COUNTIF(I$10:I24,">=7")/$D24*100)) | J27: =IF(SUM(J$10:J24)=0,IF(COUNTA(J$10:J24)=0,"Waiting",0),IF(COUNTIF(J$10:J24,">=7")=0,0,COUNTIF(J$10:J24,">=7")/$D24*100)) | K27: =IF(SUM(K$10:K24)=0,IF(COUNTA(K$10:K24)=0,"Waiting",0),IF(COUNTIF(K$10:K24,">=7")=0,0,COUNTIF(K$10:K24,">=7")/$D24*100)) | L27: =IF(SUM(L$10:L24)=0,IF(COUNTA(L$10:L24)=0,"Waiting",0),IF(COUNTIF(L$10:L24,">=7")=0,0,COUNTIF(L$10:L24,">=7")/$D24*100)) | M27: =IF(SUM(M$10:M24)=0,IF(COUNTA(M$10:M24)=0,"Waiting",0),IF(COUNTIF(M$10:M24,">=7")=0,0,COUNTIF(M$10:M24,">=7")/$D24*100)) | ... S27: =IF(SUM(S$10:S24)=0,IF(COUNTA(S$10:S24)=0,"Waiting",0),IF(COUNTIF(S$10:S24,">=7")=0,0,COUNTIF(S$10:S24,">=7")/$D24*100))
E28: Абсолютна успішність по групі | F28: =IFERROR(AVERAGE(F26:S26),"Waiting")
E29: Якісна успішність по групі | F29: =IFERROR(AVERAGE($F27:S27),"Waiting")
E30: Кількість бюджетників | F30: =IF(COUNTIF($C$10:$C24,"=B")=0,IF(COUNTIF($C$10:$C24,"=K")=0,"Waiting",0),COUNTIF($C$10:$C24,"=B"))
E31: Кількість контрактників | F31: =IF(COUNTIF($C$10:$C24,"=K")=0,IF(COUNTIF($C$10:$C24,"=B")=0,"Waiting",0),COUNTIF($C$10:$C24,"=K")) | H31: Класний керівник | P31: ='General'!P51
E32: Кількість соціального контингенту
E33: Вийшли на стипендію | F33: =IF(F30="Waiting","Waiting",IF(F30-COUNTIF($T$10:$T24," - ")<ROUNDDOWN(F30*0.4,0),F30-COUNTIF($T$10:$T24," - "),ROUNDDOWN(F30*0.4,0))) | H33: Завідувач відділення ПЗСО | P33: Margarita BRITIKOVA

Sheet Зведена G1
A1: S
C3: ВІДОКРЕМЛЕНИЙ СТРУКТУРНИЙ ПІДРОЗДІЛ «ФАХОВИЙ КОЛЕДЖ НАФТОГАЗОВИХ ТЕХНОЛОГІЙ, ІНЖЕНЕРІЇ ТА ІНФРАСТРУКТУРИ СЕРВІСУ ОДЕСЬКОГО НАЦІОНАЛЬНОГО ТЕХНОЛОГІЧНОГО УНІВЕРСИТЕТУ»
C4: ЗВЕДЕНА ВІДОМІСТЬ
C5: Успішності студентів спеціальності G1 ««Хімічні технології та інженерія»»
C6: За рік 2025-2026 н.р.
C7: Група 25-2 курс I
C8: Б/К | D8: № п/п | E8: Прізвище, ім’я, по батькові | F8: Підсумкові оцінки дисциплін | T8: Середній бал
F9: ='General'!F9 | G9: ='General'!G9 | H9: ='General'!H9 | I9: ='General'!I9 | J9: ='General'!J9 | K9: ='General'!K9 | L9: ='General'!L9 | M9: ='General'!M9 | ... S9: ='General'!S9
C10: ='General'!C12 | D10: 1 | E10: ='General'!E12 | F10: ='General'!F12 | G10: ='General'!G12 | H10: ='General'!H12 | I10: ='General'!I12 | J10: ='General'!J12 | K10: ='General'!K12 | L10: ='General'!L12 | ... S10: ='General'!S12 | T10: =IF(COUNTIF($F10:S10,"=*")>0,IF($C10="K","-"," - "),IF(COUNTIF($F10:S10,"<4")>0,IF(C10="K","-"," - "),(IFERROR(AVERAGE($F10:S10),"Waiting"))))
C11: ='General'!C14 | D11: 2 | E11: ='General'!E14 | F11: ='General'!F14 | G11: ='General'!G14 | H11: ='General'!H14 | I11: ='General'!I14 | J11: ='General'!J14 | K11: ='General'!K14 | L11: ='General'!L14 | ... S11: ='General'!S14 | T11: =IF(COUNTIF($F11:S11,"=*")>0,IF($C11="K","-"," - "),IF(COUNTIF($F11:S11,"<4")>0,IF(C11="K","-"," - "),(IFERROR(AVERAGE($F11:S11),"Waiting"))))
C12: ='General'!C27 | D12: 3 | E12: ='General'!E27 | F12: ='General'!F27 | G12: ='General'!G27 | H12: ='General'!H27 | I12: ='General'!I27 | J12: ='General'!J27 | K12: ='General'!K27 | L12: ='General'!L27 | ... S12: ='General'!S27 | T12: =IF(COUNTIF($F12:S12,"=*")>0,IF($C12="K","-"," - "),IF(COUNTIF($F12:S12,"<4")>0,IF(C12="K","-"," - "),(IFERROR(AVERAGE($F12:S12),"Waiting"))))
C13: ='General'!C29 | D13: 4 | E13: ='General'!E29 | F13: ='General'!F29 | G13: ='General'!G29 | H13: ='General'!H29 | I13: ='General'!I29 | J13: ='General'!J29 | K13: ='General'!K29 | L13: ='General'!L29 | ... S13: ='General'!S29 | T13: =IF(COUNTIF($F13:S13,"=*")>0,IF($C13="K","-"," - "),IF(COUNTIF($F13:S13,"<4")>0,IF(C13="K","-"," - "),(IFERROR(AVERAGE($F13:S13),"Waiting"))))
E14: Середній бал успішності з дисципліни | F14: =IF(SUM(F$10:F13)=0,IF(COUNTA(F$10:F13)=0,"Waiting",0),SUM(F$10:F13)/$D13) | G14: =IF(SUM(G$10:G13)=0,IF(COUNTA(G$10:G13)=0,"Waiting",0),SUM(G$10:G13)/$D13) | H14: =IF(SUM(H$10:H13)=0,IF(COUNTA(H$10:H13)=0,"Waiting",0),SUM(H$10:H13)/$D13) | I14: =IF(SUM(I$10:I13)=0,IF(COUNTA(I$10:I13)=0,"Waiting",0),SUM(I$10:I13)/$D13) | J14: =IF(SUM(J$10:J13)=0,IF(COUNTA(J$10:J13)=0,"Waiting",0),SUM(J$10:J13)/$D13) | K14: =IF(SUM(K$10:K13)=0,IF(COUNTA(K$10:K13)=0,"Waiting",0),SUM(K$10:K13)/$D13) | L14: =IF(SUM(L$10:L13)=0,IF(COUNTA(L$10:L13)=0,"Waiting",0),SUM(L$10:L13)/$D13) | M14: =IF(SUM(M$10:M13)=0,IF(COUNTA(M$10:M13)=0,"Waiting",0),SUM(M$10:M13)/$D13) | ... S14: =IF(SUM(S$10:S13)=0,IF(COUNTA(S$10:S13)=0,"Waiting",0),SUM(S$10:S13)/$D13) | T14: =IFERROR(AVERAGE($F14:S14),"Waiting")
E15: Абсолютна успішність | F15: =IF(SUM(F$10:F13)=0,IF(COUNTA(F$10:F13)=0,"Waiting",0),IF(COUNTIF(F$10:F13,">=4")=0,0,COUNTIF(F$10:F13,">=4")/$D13*100)) | G15: =IF(SUM(G$10:G13)=0,IF(COUNTA(G$10:G13)=0,"Waiting",0),IF(COUNTIF(G$10:G13,">=4")=0,0,COUNTIF(G$10:G13,">=4")/$D13*100)) | H15: =IF(SUM(H$10:H13)=0,IF(COUNTA(H$10:H13)=0,"Waiting",0),IF(COUNTIF(H$10:H13,">=4")=0,0,COUNTIF(H$10:H13,">=4")/$D13*100)) | I15: =IF(SUM(I$10:I13)=0,IF(COUNTA(I$10:I13)=0,"Waiting",0),IF(COUNTIF(I$10:I13,">=4")=0,0,COUNTIF(I$10:I13,">=4")/$D13*100)) | J15: =IF(SUM(J$10:J13)=0,IF(COUNTA(J$10:J13)=0,"Waiting",0),IF(COUNTIF(J$10:J13,">=4")=0,0,COUNTIF(J$10:J13,">=4")/$D13*100)) | K15: =IF(SUM(K$10:K13)=0,IF(COUNTA(K$10:K13)=0,"Waiting",0),IF(COUNTIF(K$10:K13,">=4")=0,0,COUNTIF(K$10:K13,">=4")/$D13*100)) | L15: =IF(SUM(L$10:L13)=0,IF(COUNTA(L$10:L13)=0,"Waiting",0),IF(COUNTIF(L$10:L13,">=4")=0,0,COUNTIF(L$10:L13,">=4")/$D13*100)) | M15: =IF(SUM(M$10:M13)=0,IF(COUNTA(M$10:M13)=0,"Waiting",0),IF(COUNTIF(M$10:M13,">=4")=0,0,COUNTIF(M$10:M13,">=4")/$D13*100)) | ... S15: =IF(SUM(S$10:S13)=0,IF(COUNTA(S$10:S13)=0,"Waiting",0),IF(COUNTIF(S$10:S13,">=4")=0,0,COUNTIF(S$10:S13,">=4")/$D13*100))
E16: Якісна успішність | F16: =IF(SUM(F$10:F13)=0,IF(COUNTA(F$10:F13)=0,"Waiting",0),IF(COUNTIF(F$10:F13,">=7")=0,0,COUNTIF(F$10:F13,">=7")/$D13*100)) | G16: =IF(SUM(G$10:G13)=0,IF(COUNTA(G$10:G13)=0,"Waiting",0),IF(COUNTIF(G$10:G13,">=7")=0,0,COUNTIF(G$10:G13,">=7")/$D13*100)) | H16: =IF(SUM(H$10:H13)=0,IF(COUNTA(H$10:H13)=0,"Waiting",0),IF(COUNTIF(H$10:H13,">=7")=0,0,COUNTIF(H$10:H13,">=7")/$D13*100)) | I16: =IF(SUM(I$10:I13)=0,IF(COUNTA(I$10:I13)=0,"Waiting",0),IF(COUNTIF(I$10:I13,">=7")=0,0,COUNTIF(I$10:I13,">=7")/$D13*100)) | J16: =IF(SUM(J$10:J13)=0,IF(COUNTA(J$10:J13)=0,"Waiting",0),IF(COUNTIF(J$10:J13,">=7")=0,0,COUNTIF(J$10:J13,">=7")/$D13*100)) | K16: =IF(SUM(K$10:K13)=0,IF(COUNTA(K$10:K13)=0,"Waiting",0),IF(COUNTIF(K$10:K13,">=7")=0,0,COUNTIF(K$10:K13,">=7")/$D13*100)) | L16: =IF(SUM(L$10:L13)=0,IF(COUNTA(L$10:L13)=0,"Waiting",0),IF(COUNTIF(L$10:L13,">=7")=0,0,COUNTIF(L$10:L13,">=7")/$D13*100)) | M16: =IF(SUM(M$10:M13)=0,IF(COUNTA(M$10:M13)=0,"Waiting",0),IF(COUNTIF(M$10:M13,">=7")=0,0,COUNTIF(M$10:M13,">=7")/$D13*100)) | ... S16: =IF(SUM(S$10:S13)=0,IF(COUNTA(S$10:S13)=0,"Waiting",0),IF(COUNTIF(S$10:S13,">=7")=0,0,COUNTIF(S$10:S13,">=7")/$D13*100))
E17: Абсолютна успішність по групі | F17: =IFERROR(AVERAGE(F15:S15),"Waiting")
E18: Якісна успішність по групі | F18: =IFERROR(AVERAGE($F16:S16),"Waiting")
E19: Кількість бюджетників | F19: =IF(COUNTIF($C$10:$C13,"=B")=0,IF(COUNTIF($C$10:$C13,"=K")=0,"Waiting",0),COUNTIF($C$10:$C13,"=B"))
E20: Кількість контрактників | F20: =IF(COUNTIF($C$10:$C13,"=K")=0,IF(COUNTIF($C$10:$C13,"=B")=0,"Waiting",0),COUNTIF($C$10:$C13,"=K")) | H20: Класний керівник | P20: ='General'!P51
E21: Кількість соціального контингенту
E22: Вийшли на стипендію | F22: =IF(F19="Waiting","Waiting",IF(F19-COUNTIF($T$10:$T13," - ")<ROUNDDOWN(F19*0.4,0),F19-COUNTIF($T$10:$T13," - "),ROUNDDOWN(F19*0.4,0))) | H22: Завідувач відділення ПЗСО | P22: Margarita BRITIKOVA

Sheet Зведена G16
A1: S
C3: ВІДОКРЕМЛЕНИЙ СТРУКТУРНИЙ ПІДРОЗДІЛ «ФАХОВИЙ КОЛЕДЖ НАФТОГАЗОВИХ ТЕХНОЛОГІЙ, ІНЖЕНЕРІЇ ТА ІНФРАСТРУКТУРИ СЕРВІСУ ОДЕСЬКОГО НАЦІОНАЛЬНОГО ТЕХНОЛОГІЧНОГО УНІВЕРСИТЕТУ»
C4: ЗВЕДЕНА ВІДОМІСТЬ
C5: Успішності студентів спеціальності G16 ««Гірництво та нафтогазові технології»»
C6: За рік 2025-2026 н.р.
C7: Група 25-2 курс I
C8: Б/К | D8: № п/п | E8: Прізвище, ім’я, по батькові | F8: Підсумкові оцінки дисциплін | T8: Середній бал
F9: ='General'!F9 | G9: ='General'!G9 | H9: ='General'!H9 | I9: ='General'!I9 | J9: ='General'!J9 | K9: ='General'!K9 | L9: ='General'!L9 | M9: ='General'!M9 | ... S9: ='General'!S9
C10: ='General'!C10 | D10: 1 | E10: ='General'!E10 | F10: ='General'!F10 | G10: ='General'!G10 | H10: ='General'!H10 | I10: ='General'!I10 | J10: ='General'!J10 | K10: ='General'!K10 | L10: ='General'!L10 | ... S10: ='General'!S10 | T10: =IF(COUNTIF($F10:S10,"=*")>0,IF($C10="K","-"," - "),IF(COUNTIF($F10:S10,"<4")>0,IF(C10="K","-"," - "),(IFERROR(AVERAGE($F10:S10),"Waiting"))))
C11: ='General'!C13 | D11: 2 | E11: ='General'!E13 | F11: ='General'!F13 | G11: ='General'!G13 | H11: ='General'!H13 | I11: ='General'!I13 | J11: ='General'!J13 | K11: ='General'!K13 | L11: ='General'!L13 | ... S11: ='General'!S13 | T11: =IF(COUNTIF($F11:S11,"=*")>0,IF($C11="K","-"," - "),IF(COUNTIF($F11:S11,"<4")>0,IF(C11="K","-"," - "),(IFERROR(AVERAGE($F11:S11),"Waiting"))))
C12: ='General'!C15 | D12: 3 | E12: ='General'!E15 | F12: ='General'!F15 | G12: ='General'!G15 | H12: ='General'!H15 | I12: ='General'!I15 | J12: ='General'!J15 | K12: ='General'!K15 | L12: ='General'!L15 | ... S12: ='General'!S15 | T12: =IF(COUNTIF($F12:S12,"=*")>0,IF($C12="K","-"," - "),IF(COUNTIF($F12:S12,"<4")>0,IF(C12="K","-"," - "),(IFERROR(AVERAGE($F12:S12),"Waiting"))))
C13: ='General'!C16 | D13: 4 | E13: ='General'!E16 | F13: ='General'!F16 | G13: ='General'!G16 | H13: ='General'!H16 | I13: ='General'!I16 | J13: ='General'!J16 | K13: ='General'!K16 | L13: ='General'!L16 | ... S13: ='General'!S16 | T13: =IF(COUNTIF($F13:S13,"=*")>0,IF($C13="K","-"," - "),IF(COUNTIF($F13:S13,"<4")>0,IF(C13="K","-"," - "),(IFERROR(AVERAGE($F13:S13),"Waiting"))))
C14: ='General'!C18 | D14: 5 | E14: ='General'!E18 | F14: ='General'!F18 | G14: ='General'!G18 | H14: ='General'!H18 | I14: ='General'!I18 | J14: ='General'!J18 | K14: ='General'!K18 | L14: ='General'!L18 | ... S14: ='General'!S18 | T14: =IF(COUNTIF($F14:S14,"=*")>0,IF($C14="K","-"," - "),IF(COUNTIF($F14:S14,"<4")>0,IF(C14="K","-"," - "),(IFERROR(AVERAGE($F14:S14),"Waiting"))))
C15: ='General'!C20 | D15: 6 | E15: ='General'!E20 | F15: ='General'!F20 | G15: ='General'!G20 | H15: ='General'!H20 | I15: ='General'!I20 | J15: ='General'!J20 | K15: ='General'!K20 | L15: ='General'!L20 | ... S15: ='General'!S20 | T15: =IF(COUNTIF($F15:S15,"=*")>0,IF($C15="K","-"," - "),IF(COUNTIF($F15:S15,"<4")>0,IF(C15="K","-"," - "),(IFERROR(AVERAGE($F15:S15),"Waiting"))))
C16: ='General'!C23 | D16: 7 | E16: ='General'!E23 | F16: ='General'!F23 | G16: ='General'!G23 | H16: ='General'!H23 | I16: ='General'!I23 | J16: ='General'!J23 | K16: ='General'!K23 | L16: ='General'!L23 | ... S16: ='General'!S23 | T16: =IF(COUNTIF($F16:S16,"=*")>0,IF($C16="K","-"," - "),IF(COUNTIF($F16:S16,"<4")>0,IF(C16="K","-"," - "),(IFERROR(AVERAGE($F16:S16),"Waiting"))))
C17: ='General'!C24 | D17: 8 | E17: ='General'!E24 | F17: ='General'!F24 | G17: ='General'!G24 | H17: ='General'!H24 | I17: ='General'!I24 | J17: ='General'!J24 | K17: ='General'!K24 | L17: ='General'!L24 | ... S17: ='General'!S24 | T17: =IF(COUNTIF($F17:S17,"=*")>0,IF($C17="K","-"," - "),IF(COUNTIF($F17:S17,"<4")>0,IF(C17="K","-"," - "),(IFERROR(AVERAGE($F17:S17),"Waiting"))))
C18: ='General'!C28 | D18: 9 | E18: ='General'!E28 | F18: ='General'!F28 | G18: ='General'!G28 | H18: ='General'!H28 | I18: ='General'!I28 | J18: ='General'!J28 | K18: ='General'!K28 | L18: ='General'!L28 | ... S18: ='General'!S28 | T18: =IF(COUNTIF($F18:S18,"=*")>0,IF($C18="K","-"," - "),IF(COUNTIF($F18:S18,"<4")>0,IF(C18="K","-"," - "),(IFERROR(AVERAGE($F18:S18),"Waiting"))))
C19: ='General'!C30 | D19: 10 | E19: ='General'!E30 | F19: ='General'!F30 | G19: ='General'!G30 | H19: ='General'!H30 | I19: ='General'!I30 | J19: ='General'!J30 | K19: ='General'!K30 | L19: ='General'!L30 | ... S19: ='General'!S30 | T19: =IF(COUNTIF($F19:S19,"=*")>0,IF($C19="K","-"," - "),IF(COUNTIF($F19:S19,"<4")>0,IF(C19="K","-"," - "),(IFERROR(AVERAGE($F19:S19),"Waiting"))))
C20: ='General'!C31 | D20: 11 | E20: ='General'!E31 | F20: ='General'!F31 | G20: ='General'!G31 | H20: ='General'!H31 | I20: ='General'!I31 | J20: ='General'!J31 | K20: ='General'!K31 | L20: ='General'!L31 | ... S20: ='General'!S31 | T20: =IF(COUNTIF($F20:S20,"=*")>0,IF($C20="K","-"," - "),IF(COUNTIF($F20:S20,"<4")>0,IF(C20="K","-"," - "),(IFERROR(AVERAGE($F20:S20),"Waiting"))))
C21: ='General'!C34 | D21: 12 | E21: ='General'!E34 | F21: ='General'!F34 | G21: ='General'!G34 | H21: ='General'!H34 | I21: ='General'!I34 | J21: ='General'!J34 | K21: ='General'!K34 | L21: ='General'!L34 | ... S21: ='General'!S34 | T21: =IF(COUNTIF($F21:S21,"=*")>0,IF($C21="K","-"," - "),IF(COUNTIF($F21:S21,"<4")>0,IF(C21="K","-"," - "),(IFERROR(AVERAGE($F21:S21),"Waiting"))))
C22: ='General'!C35 | D22: 13 | E22: ='General'!E35 | F22: ='General'!F35 | G22: ='General'!G35 | H22: ='General'!H35 | I22: ='General'!I35 | J22: ='General'!J35 | K22: ='General'!K35 | L22: ='General'!L35 | ... S22: ='General'!S35 | T22: =IF(COUNTIF($F22:S22,"=*")>0,IF($C22="K","-"," - "),IF(COUNTIF($F22:S22,"<4")>0,IF(C22="K","-"," - "),(IFERROR(AVERAGE($F22:S22),"Waiting"))))
C23: ='General'!C36 | D23: 14 | E23: ='General'!E36 | F23: ='General'!F36 | G23: ='General'!G36 | H23: ='General'!H36 | I23: ='General'!I36 | J23: ='General'!J36 | K23: ='General'!K36 | L23: ='General'!L36 | ... S23: ='General'!S36 | T23: =IF(COUNTIF($F23:S23,"=*")>0,IF($C23="K","-"," - "),IF(COUNTIF($F23:S23,"<4")>0,IF(C23="K","-"," - "),(IFERROR(AVERAGE($F23:S23),"Waiting"))))
C24: ='General'!C39 | D24: 15 | E24: ='General'!E39 | F24: ='General'!F39 | G24: ='General'!G39 | H24: ='General'!H39 | I24: ='General'!I39 | J24: ='General'!J39 | K24: ='General'!K39 | L24: ='General'!L39 | ... S24: ='General'!S39 | T24: =IF(COUNTIF($F24:S24,"=*")>0,IF($C24="K","-"," - "),IF(COUNTIF($F24:S24,"<4")>0,IF(C24="K","-"," - "),(IFERROR(AVERAGE($F24:S24),"Waiting"))))
C25: ='General'!C40 | D25: 16 | E25: ='General'!E40 | F25: ='General'!F40 | G25: ='General'!G40 | H25: ='General'!H40 | I25: ='General'!I40 | J25: ='General'!J40 | K25: ='General'!K40 | L25: ='General'!L40 | ... S25: ='General'!S40 | T25: =IF(COUNTIF($F25:S25,"=*")>0,IF($C25="K","-"," - "),IF(COUNTIF($F25:S25,"<4")>0,IF(C25="K","-"," - "),(IFERROR(AVERAGE($F25:S25),"Waiting"))))
E26: Середній бал успішності з дисципліни | F26: =IF(SUM(F$10:F25)=0,IF(COUNTA(F$10:F25)=0,"Waiting",0),SUM(F$10:F25)/$D25) | G26: =IF(SUM(G$10:G25)=0,IF(COUNTA(G$10:G25)=0,"Waiting",0),SUM(G$10:G25)/$D25) | H26: =IF(SUM(H$10:H25)=0,IF(COUNTA(H$10:H25)=0,"Waiting",0),SUM(H$10:H25)/$D25) | I26: =IF(SUM(I$10:I25)=0,IF(COUNTA(I$10:I25)=0,"Waiting",0),SUM(I$10:I25)/$D25) | J26: =IF(SUM(J$10:J25)=0,IF(COUNTA(J$10:J25)=0,"Waiting",0),SUM(J$10:J25)/$D25) | K26: =IF(SUM(K$10:K25)=0,IF(COUNTA(K$10:K25)=0,"Waiting",0),SUM(K$10:K25)/$D25) | L26: =IF(SUM(L$10:L25)=0,IF(COUNTA(L$10:L25)=0,"Waiting",0),SUM(L$10:L25)/$D25) | M26: =IF(SUM(M$10:M25)=0,IF(COUNTA(M$10:M25)=0,"Waiting",0),SUM(M$10:M25)/$D25) | ... S26: =IF(SUM(S$10:S25)=0,IF(COUNTA(S$10:S25)=0,"Waiting",0),SUM(S$10:S25)/$D25) | T26: =IFERROR(AVERAGE($F26:S26),"Waiting")
E27: Абсолютна успішність | F27: =IF(SUM(F$10:F25)=0,IF(COUNTA(F$10:F25)=0,"Waiting",0),IF(COUNTIF(F$10:F25,">=4")=0,0,COUNTIF(F$10:F25,">=4")/$D25*100)) | G27: =IF(SUM(G$10:G25)=0,IF(COUNTA(G$10:G25)=0,"Waiting",0),IF(COUNTIF(G$10:G25,">=4")=0,0,COUNTIF(G$10:G25,">=4")/$D25*100)) | H27: =IF(SUM(H$10:H25)=0,IF(COUNTA(H$10:H25)=0,"Waiting",0),IF(COUNTIF(H$10:H25,">=4")=0,0,COUNTIF(H$10:H25,">=4")/$D25*100)) | I27: =IF(SUM(I$10:I25)=0,IF(COUNTA(I$10:I25)=0,"Waiting",0),IF(COUNTIF(I$10:I25,">=4")=0,0,COUNTIF(I$10:I25,">=4")/$D25*100)) | J27: =IF(SUM(J$10:J25)=0,IF(COUNTA(J$10:J25)=0,"Waiting",0),IF(COUNTIF(J$10:J25,">=4")=0,0,COUNTIF(J$10:J25,">=4")/$D25*100)) | K27: =IF(SUM(K$10:K25)=0,IF(COUNTA(K$10:K25)=0,"Waiting",0),IF(COUNTIF(K$10:K25,">=4")=0,0,COUNTIF(K$10:K25,">=4")/$D25*100)) | L27: =IF(SUM(L$10:L25)=0,IF(COUNTA(L$10:L25)=0,"Waiting",0),IF(COUNTIF(L$10:L25,">=4")=0,0,COUNTIF(L$10:L25,">=4")/$D25*100)) | M27: =IF(SUM(M$10:M25)=0,IF(COUNTA(M$10:M25)=0,"Waiting",0),IF(COUNTIF(M$10:M25,">=4")=0,0,COUNTIF(M$10:M25,">=4")/$D25*100)) | ... S27: =IF(SUM(S$10:S25)=0,IF(COUNTA(S$10:S25)=0,"Waiting",0),IF(COUNTIF(S$10:S25,">=4")=0,0,COUNTIF(S$10:S25,">=4")/$D25*100))
E28: Якісна успішність | F28: =IF(SUM(F$10:F25)=0,IF(COUNTA(F$10:F25)=0,"Waiting",0),IF(COUNTIF(F$10:F25,">=7")=0,0,COUNTIF(F$10:F25,">=7")/$D25*100)) | G28: =IF(SUM(G$10:G25)=0,IF(COUNTA(G$10:G25)=0,"Waiting",0),IF(COUNTIF(G$10:G25,">=7")=0,0,COUNTIF(G$10:G25,">=7")/$D25*100)) | H28: =IF(SUM(H$10:H25)=0,IF(COUNTA(H$10:H25)=0,"Waiting",0),IF(COUNTIF(H$10:H25,">=7")=0,0,COUNTIF(H$10:H25,">=7")/$D25*100)) | I28: =IF(SUM(I$10:I25)=0,IF(COUNTA(I$10:I25)=0,"Waiting",0),IF(COUNTIF(I$10:I25,">=7")=0,0,COUNTIF(I$10:I25,">=7")/$D25*100)) | J28: =IF(SUM(J$10:J25)=0,IF(COUNTA(J$10:J25)=0,"Waiting",0),IF(COUNTIF(J$10:J25,">=7")=0,0,COUNTIF(J$10:J25,">=7")/$D25*100)) | K28: =IF(SUM(K$10:K25)=0,IF(COUNTA(K$10:K25)=0,"Waiting",0),IF(COUNTIF(K$10:K25,">=7")=0,0,COUNTIF(K$10:K25,">=7")/$D25*100)) | L28: =IF(SUM(L$10:L25)=0,IF(COUNTA(L$10:L25)=0,"Waiting",0),IF(COUNTIF(L$10:L25,">=7")=0,0,COUNTIF(L$10:L25,">=7")/$D25*100)) | M28: =IF(SUM(M$10:M25)=0,IF(COUNTA(M$10:M25)=0,"Waiting",0),IF(COUNTIF(M$10:M25,">=7")=0,0,COUNTIF(M$10:M25,">=7")/$D25*100)) | ... S28: =IF(SUM(S$10:S25)=0,IF(COUNTA(S$10:S25)=0,"Waiting",0),IF(COUNTIF(S$10:S25,">=7")=0,0,COUNTIF(S$10:S25,">=7")/$D25*100))
E29: Абсолютна успішність по групі | F29: =IFERROR(AVERAGE(F27:S27),"Waiting")
E30: Якісна успішність по групі | F30: =IFERROR(AVERAGE($F28:S28),"Waiting")
E31: Кількість бюджетників | F31: =IF(COUNTIF($C$10:$C25,"=B")=0,IF(COUNTIF($C$10:$C25,"=K")=0,"Waiting",0),COUNTIF($C$10:$C25,"=B"))
E32: Кількість контрактників | F32: =IF(COUNTIF($C$10:$C25,"=K")=0,IF(COUNTIF($C$10:$C25,"=B")=0,"Waiting",0),COUNTIF($C$10:$C25,"=K")) | H32: Класний керівник | P32: ='General'!P51
E33: Кількість соціального контингенту
E34: Вийшли на стипендію | F34: =IF(F31="Waiting","Waiting",IF(F31-COUNTIF($T$10:$T25," - ")<ROUNDDOWN(F31*0.4,0),F31-COUNTIF($T$10:$T25," - "),ROUNDDOWN(F31*0.4,0))) | H34: Завідувач відділення ПЗСО | P34: Margarita BRITIKOVA
