Workbook
Name A1048577: #REF!
Name Ф80: #REF!
Name A1048577: #REF!
Name Ф80: #REF!
Name A1048577: #REF!
Name Ф80: #REF!
Name A1048577: #REF!
Name Ф80: #REF!
Name A1048577: #REF!
Name Ф80: #REF!
Name A1048577: #REF!
Name Ф80: #REF!
Name A1048577: #REF!
Name Ф80: #REF!

Sheet Зведена загальна
A1: S
C3: ЗАГАЛЬНА ВІДОМІСТЬ З УСІМА СПЕЦІАЛЬНОСТЯМИ. НЕ ДЛЯ ДРУКУ. ЗВІДСИ ОЦІНКИ АВТОМАТИЧНО ПЕРЕНОСЯТЬСЯ ДО ВІДОМОСТЕЙ. СТВОРЕНО ДЛЯ ЛЕГШОГО ЗАПОВНЕННЯ ОЦІНОК
C8: Б/К | D8: № п/п | E8: Прізвище, ім’я, по батькові | F8: Підсумкові оцінки дисциплін | U8: Середній бал
F9: Астрономія Наговська Т.С. | G9: Біологія Богданенко О.В. | H9: Всесвітня Історія Мельничук С.А. | I9: Географія Наговська Т.С. | J9: Зарубіжна література Сербулова Ю.А. | K9: Захист України Лазар В.І. | L9: Іноземна мова Сербулова Ю.А. | M9: Інформатика Бєльдюгіна С.С. | N9: Історія України Левчук Т.Г. | O9: Математика Бондаренко О.С. | P9: Українська література Антропова Л.І. | Q9: Українська мова Антропова Л.І. | R9: Фізика Калюта Н.М. | S9: Фізична культура Возіян О.Г. | T9: Хімія Сахно Н.О.
C10: Б | D10: 1 | E10: Бернік Поліна Костянтинівна | U10: =IF(COUNTIF($F10:T10,"=*")>0,IF($C10="К","-"," - "),IF(COUNTIF($F10:T10,"<4")>0,IF($C10="К","-"," - "),(IFERROR(AVERAGE($F10:T10),"Очікую"))))
C11: К | D11: 2 | E11: Брітіков Сергій Сергійович | U11: =IF(COUNTIF($F11:T11,"=*")>0,IF($C11="К","-"," - "),IF(COUNTIF($F11:T11,"<4")>0,IF($C11="К","-"," - "),(IFERROR(AVERAGE($F11:T11),"Очікую"))))
C12: Б | D12: 3 | E12: Бучацька Олександра | U12: =IF(COUNTIF($F12:T12,"=*")>0,IF($C12="К","-"," - "),IF(COUNTIF($F12:T12,"<4")>0,IF($C12="К","-"," - "),(IFERROR(AVERAGE($F12:T12),"Очікую"))))
C13: Б | D13: 4 | E13: Важельський Серафим Олександрович | U13: =IF(COUNTIF($F13:T13,"=*")>0,IF($C13="К","-"," - "),IF(COUNTIF($F13:T13,"<4")>0,IF($C13="К","-"," - "),(IFERROR(AVERAGE($F13:T13),"Очікую"))))
C14: К | D14: 5 | E14: Вальчук Богдан Олександрович | U14: =IF(COUNTIF($F14:T14,"=*")>0,IF($C14="К","-"," - "),IF(COUNTIF($F14:T14,"<4")>0,IF($C14="К","-"," - "),(IFERROR(AVERAGE($F14:T14),"Очікую"))))
C15: Б | D15: 6 | E15: Варивода Станіслава Михайлівна | U15: =IF(COUNTIF($F15:T15,"=*")>0,IF($C15="К","-"," - "),IF(COUNTIF($F15:T15,"<4")>0,IF($C15="К","-"," - "),(IFERROR(AVERAGE($F15:T15),"Очікую"))))
C16: К | D16: 7 | E16: Господарюк Юрій Михайлович | U16: =IF(COUNTIF($F16:T16,"=*")>0,IF($C16="К","-"," - "),IF(COUNTIF($F16:T16,"<4")>0,IF($C16="К","-"," - "),(IFERROR(AVERAGE($F16:T16),"Очікую"))))
C17: К | D17: 8 | E17: Дзюбка Мирослава Володимирівна | U17: =IF(COUNTIF($F17:T17,"=*")>0,IF($C17="К","-"," - "),IF(COUNTIF($F17:T17,"<4")>0,IF($C17="К","-"," - "),(IFERROR(AVERAGE($F17:T17),"Очікую"))))
C18: К | D18: 9 | E18: Єсипович Володимир Іванович | U18: =IF(COUNTIF($F18:T18,"=*")>0,IF($C18="К","-"," - "),IF(COUNTIF($F18:T18,"<4")>0,IF($C18="К","-"," - "),(IFERROR(AVERAGE($F18:T18),"Очікую"))))
C19: Б | D19: 10 | E19: Жумайло Дар`я Юріївна | U19: =IF(COUNTIF($F19:T19,"=*")>0,IF($C19="К","-"," - "),IF(COUNTIF($F19:T19,"<4")>0,IF($C19="К","-"," - "),(IFERROR(AVERAGE($F19:T19),"Очікую"))))
C20: К | D20: 11 | E20: Залогін Володимир Євгенійович | U20: =IF(COUNTIF($F20:T20,"=*")>0,IF($C20="К","-"," - "),IF(COUNTIF($F20:T20,"<4")>0,IF($C20="К","-"," - "),(IFERROR(AVERAGE($F20:T20),"Очікую"))))
C21: К | D21: 12 | E21: Катеринюк Юрій Юрійович | U21: =IF(COUNTIF($F21:T21,"=*")>0,IF($C21="К","-"," - "),IF(COUNTIF($F21:T21,"<4")>0,IF($C21="К","-"," - "),(IFERROR(AVERAGE($F21:T21),"Очікую"))))
... C46: К | D46: 37 | E46: Шрамов`ят Михайло Ігорович | U46: =IF(COUNTIF($F46:T46,"=*")>0,IF($C46="К","-"," - "),IF(COUNTIF($F46:T46,"<4")>0,IF($C46="К","-"," - "),(IFERROR(AVERAGE($F46:T46),"Очікую"))))
E47: Середній бал успішності з дисципліни | F47: =IF(SUM(F$10:F46)=0,IF(COUNTA(F$10:F46)=0,"Очікую",0),SUM(F$10:F46)/$D46) | G47: =IF(SUM(G$10:G46)=0,IF(COUNTA(G$10:G46)=0,"Очікую",0),SUM(G$10:G46)/$D46) | H47: =IF(SUM(H$10:H46)=0,IF(COUNTA(H$10:H46)=0,"Очікую",0),SUM(H$10:H46)/$D46) | I47: =IF(SUM(I$10:I46)=0,IF(COUNTA(I$10:I46)=0,"Очікую",0),SUM(I$10:I46)/$D46) | J47: =IF(SUM(J$10:J46)=0,IF(COUNTA(J$10:J46)=0,"Очікую",0),SUM(J$10:J46)/$D46) | K47: =IF(SUM(K$10:K46)=0,IF(COUNTA(K$10:K46)=0,"Очікую",0),SUM(K$10:K46)/$D46) | L47: =IF(SUM(L$10:L46)=0,IF(COUNTA(L$10:L46)=0,"Очікую",0),SUM(L$10:L46)/$D46) | M47: =IF(SUM(M$10:M46)=0,IF(COUNTA(M$10:M46)=0,"Очікую",0),SUM(M$10:M46)/$D46) | ... T47: =IF(SUM(T$10:T46)=0,IF(COUNTA(T$10:T46)=0,"Очікую",0),SUM(T$10:T46)/$D46) | U47: =IFERROR(AVERAGE($F47:T47),"Очікую")
E48: Абсолютна успішність | F48: =IF(SUM(F$10:F46)=0,IF(COUNTA(F$10:F46)=0,"Очікую",0),IF(COUNTIF(F$10:F46,">=4")=0,0,COUNTIF(F$10:F46,">=4")/$D46*100)) | G48: =IF(SUM(G$10:G46)=0,IF(COUNTA(G$10:G46)=0,"Очікую",0),IF(COUNTIF(G$10:G46,">=4")=0,0,COUNTIF(G$10:G46,">=4")/$D46*100)) | H48: =IF(SUM(H$10:H46)=0,IF(COUNTA(H$10:H46)=0,"Очікую",0),IF(COUNTIF(H$10:H46,">=4")=0,0,COUNTIF(H$10:H46,">=4")/$D46*100)) | I48: =IF(SUM(I$10:I46)=0,IF(COUNTA(I$10:I46)=0,"Очікую",0),IF(COUNTIF(I$10:I46,">=4")=0,0,COUNTIF(I$10:I46,">=4")/$D46*100)) | J48: =IF(SUM(J$10:J46)=0,IF(COUNTA(J$10:J46)=0,"Очікую",0),IF(COUNTIF(J$10:J46,">=4")=0,0,COUNTIF(J$10:J46,">=4")/$D46*100)) | K48: =IF(SUM(K$10:K46)=0,IF(COUNTA(K$10:K46)=0,"Очікую",0),IF(COUNTIF(K$10:K46,">=4")=0,0,COUNTIF(K$10:K46,">=4")/$D46*100)) | L48: =IF(SUM(L$10:L46)=0,IF(COUNTA(L$10:L46)=0,"Очікую",0),IF(COUNTIF(L$10:L46,">=4")=0,0,COUNTIF(L$10:L46,">=4")/$D46*100)) | M48: =IF(SUM(M$10:M46)=0,IF(COUNTA(M$10:M46)=0,"Очікую",0),IF(COUNTIF(M$10:M46,">=4")=0,0,COUNTIF(M$10:M46,">=4")/$D46*100)) | ... T48: =IF(SUM(T$10:T46)=0,IF(COUNTA(T$10:T46)=0,"Очікую",0),IF(COUNTIF(T$10:T46,">=4")=0,0,COUNTIF(T$10:T46,">=4")/$D46*100))
E49: Якісна успішність | F49: =IF(SUM(F$10:F46)=0,IF(COUNTA(F$10:F46)=0,"Очікую",0),IF(COUNTIF(F$10:F46,">=7")=0,0,COUNTIF(F$10:F46,">=7")/$D46*100)) | G49: =IF(SUM(G$10:G46)=0,IF(COUNTA(G$10:G46)=0,"Очікую",0),IF(COUNTIF(G$10:G46,">=7")=0,0,COUNTIF(G$10:G46,">=7")/$D46*100)) | H49: =IF(SUM(H$10:H46)=0,IF(COUNTA(H$10:H46)=0,"Очікую",0),IF(COUNTIF(H$10:H46,">=7")=0,0,COUNTIF(H$10:H46,">=7")/$D46*100)) | I49: =IF(SUM(I$10:I46)=0,IF(COUNTA(I$10:I46)=0,"Очікую",0),IF(COUNTIF(I$10:I46,">=7")=0,0,COUNTIF(I$10:I46,">=7")/$D46*100)) | J49: =IF(SUM(J$10:J46)=0,IF(COUNTA(J$10:J46)=0,"Очікую",0),IF(COUNTIF(J$10:J46,">=7")=0,0,COUNTIF(J$10:J46,">=7")/$D46*100)) | K49: =IF(SUM(K$10:K46)=0,IF(COUNTA(K$10:K46)=0,"Очікую",0),IF(COUNTIF(K$10:K46,">=7")=0,0,COUNTIF(K$10:K46,">=7")/$D46*100)) | L49: =IF(SUM(L$10:L46)=0,IF(COUNTA(L$10:L46)=0,"Очікую",0),IF(COUNTIF(L$10:L46,">=7")=0,0,COUNTIF(L$10:L46,">=7")/$D46*100)) | M49: =IF(SUM(M$10:M46)=0,IF(COUNTA(M$10:M46)=0,"Очікую",0),IF(COUNTIF(M$10:M46,">=7")=0,0,COUNTIF(M$10:M46,">=7")/$D46*100)) | ... T49: =IF(SUM(T$10:T46)=0,IF(COUNTA(T$10:T46)=0,"Очікую",0),IF(COUNTIF(T$10:T46,">=7")=0,0,COUNTIF(T$10:T46,">=7")/$D46*100))
E50: Абсолютна успішність по групі | F50: =IFERROR(AVERAGE(F48:T48),"Очікую")
E51: Якісна успішність по групі | F51: =IFERROR(AVERAGE($F49:T49),"Очікую")
E52: Кількість бюджетників | F52: =IF(COUNTIF($C$10:$C46,"=Б")=0,IF(COUNTIF($C$10:$C46,"=К")=0,"Очікую",0),COUNTIF($C$10:$C46,"=Б"))
E53: Кількість контрактників | F53: =IF(COUNTIF($C$10:$C46,"=К")=0,IF(COUNTIF($C$10:$C46,"=Б")=0,"Очікую",0),COUNTIF($C$10:$C46,"=К")) | H53: Класний керівник
E54: Кількість соціального контингенту
E55: Вийшли на стипендію | F55: =IF(F52="Очікую","Очікую",IF(F52-COUNTIF($U$10:$U46," - ")<ROUNDDOWN(F52*0.4,0),F52-COUNTIF($U$10:$U46," - "),ROUNDDOWN(F52*0.4,0))) | H55: Завідувач відділення ПЗСО | P55: Маргарита БРІТІКОВА

Sheet Зведена D5
A1: S
C3: ВІДОКРЕМЛЕНИЙ СТРУКТУРНИЙ ПІДРОЗДІЛ «ФАХОВИЙ КОЛЕДЖ НАФТОГАЗОВИХ ТЕХНОЛОГІЙ, ІНЖЕНЕРІЇ ТА ІНФРАСТРУКТУРИ СЕРВІСУ ОДЕСЬКОГО НАЦІОНАЛЬНОГО ТЕХНОЛОГІЧНОГО УНІВЕРСИТЕТУ»
C4: ЗВЕДЕНА ВІДОМІСТЬ
C5: Успішності студентів спеціальності D5 ««Маркетинг»»
C6: За II семестр 2025-2026 н.р.
C7: Група 25-1 курс I
C8: Б/К | D8: № п/п | E8: Прізвище, ім’я, по батькові | F8: Підсумкові оцінки дисциплін | U8: Середній бал
F9: ='Зведена загальна'!F9 | G9: ='Зведена загальна'!G9 | H9: ='Зведена загальна'!H9 | I9: ='Зведена загальна'!I9 | J9: ='Зведена загальна'!J9 | K9: ='Зведена загальна'!K9 | L9: ='Зведена загальна'!L9 | M9: ='Зведена загальна'!M9 | ... T9: ='Зведена загальна'!T9
C10: ='Зведена загальна'!C10 | D10: 1 | E10: ='Зведена загальна'!E10 | F10: ='Зведена загальна'!F10 | G10: ='Зведена загальна'!G10 | H10: ='Зведена загальна'!H10 | I10: ='Зведена загальна'!I10 | J10: ='Зведена загальна'!J10 | K10: ='Зведена загальна'!K10 | L10: ='Зведена загальна'!L10 | ... T10: ='Зведена загальна'!T10 | U10: =IF(COUNTIF($F10:T10,"=*")>0,IF($C10="К","-"," - "),IF(COUNTIF($F10:T10,"<4")>0,IF(C10="К","-"," - "),(IFERROR(AVERAGE($F10:T10),"Очікую"))))
C11: ='Зведена загальна'!C12 | D11: 2 | E11: ='Зведена загальна'!E12 | F11: ='Зведена загальна'!F12 | G11: ='Зведена загальна'!G12 | H11: ='Зведена загальна'!H12 | I11: ='Зведена загальна'!I12 | J11: ='Зведена загальна'!J12 | K11: ='Зведена загальна'!K12 | L11: ='Зведена загальна'!L12 | ... T11: ='Зведена загальна'!T12 | U11: =IF(COUNTIF($F11:T11,"=*")>0,IF($C11="К","-"," - "),IF(COUNTIF($F11:T11,"<4")>0,IF(C11="К","-"," - "),(IFERROR(AVERAGE($F11:T11),"Очікую"))))
C12: ='Зведена загальна'!C13 | D12: 3 | E12: ='Зведена загальна'!E13 | F12: ='Зведена загальна'!F13 | G12: ='Зведена загальна'!G13 | H12: ='Зведена загальна'!H13 | I12: ='Зведена загальна'!I13 | J12: ='Зведена загальна'!J13 | K12: ='Зведена загальна'!K13 | L12: ='Зведена загальна'!L13 | ... T12: ='Зведена загальна'!T13 | U12: =IF(COUNTIF($F12:T12,"=*")>0,IF($C12="К","-"," - "),IF(COUNTIF($F12:T12,"<4")>0,IF(C12="К","-"," - "),(IFERROR(AVERAGE($F12:T12),"Очікую"))))
C13: ='Зведена загальна'!C15 | D13: 4 | E13: ='Зведена загальна'!E15 | F13: ='Зведена загальна'!F15 | G13: ='Зведена загальна'!G15 | H13: ='Зведена загальна'!H15 | I13: ='Зведена загальна'!I15 | J13: ='Зведена загальна'!J15 | K13: ='Зведена загальна'!K15 | L13: ='Зведена загальна'!L15 | ... T13: ='Зведена загальна'!T15 | U13: =IF(COUNTIF($F13:T13,"=*")>0,IF($C13="К","-"," - "),IF(COUNTIF($F13:T13,"<4")>0,IF(C13="К","-"," - "),(IFERROR(AVERAGE($F13:T13),"Очікую"))))
C14: ='Зведена загальна'!C19 | D14: 5 | E14: ='Зведена загальна'!E19 | F14: ='Зведена загальна'!F19 | G14: ='Зведена загальна'!G19 | H14: ='Зведена загальна'!H19 | I14: ='Зведена загальна'!I19 | J14: ='Зведена загальна'!J19 | K14: ='Зведена загальна'!K19 | L14: ='Зведена загальна'!L19 | ... T14: ='Зведена загальна'!T19 | U14: =IF(COUNTIF($F14:T14,"=*")>0,IF($C14="К","-"," - "),IF(COUNTIF($F14:T14,"<4")>0,IF(C14="К","-"," - "),(IFERROR(AVERAGE($F14:T14),"Очікую"))))
C15: ='Зведена загальна'!C20 | D15: 6 | E15: ='Зведена загальна'!E20 | F15: ='Зведена загальна'!F20 | G15: ='Зведена загальна'!G20 | H15: ='Зведена загальна'!H20 | I15: ='Зведена загальна'!I20 | J15: ='Зведена загальна'!J20 | K15: ='Зведена загальна'!K20 | L15: ='Зведена загальна'!L20 | ... T15: ='Зведена загальна'!T20 | U15: =IF(COUNTIF($F15:T15,"=*")>0,IF($C15="К","-"," - "),IF(COUNTIF($F15:T15,"<4")>0,IF(C15="К","-"," - "),(IFERROR(AVERAGE($F15:T15),"Очікую"))))
C16: ='Зведена загальна'!C22 | D16: 7 | E16: ='Зведена загальна'!E22 | F16: ='Зведена загальна'!F22 | G16: ='Зведена загальна'!G22 | H16: ='Зведена загальна'!H22 | I16: ='Зведена загальна'!I22 | J16: ='Зведена загальна'!J22 | K16: ='Зведена загальна'!K22 | L16: ='Зведена загальна'!L22 | ... T16: ='Зведена загальна'!T22 | U16: =IF(COUNTIF($F16:T16,"=*")>0,IF($C16="К","-"," - "),IF(COUNTIF($F16:T16,"<4")>0,IF(C16="К","-"," - "),(IFERROR(AVERAGE($F16:T16),"Очікую"))))
C17: ='Зведена загальна'!C23 | D17: 8 | E17: ='Зведена загальна'!E23 | F17: ='Зведена загальна'!F23 | G17: ='Зведена загальна'!G23 | H17: ='Зведена загальна'!H23 | I17: ='Зведена загальна'!I23 | J17: ='Зведена загальна'!J23 | K17: ='Зведена загальна'!K23 | L17: ='Зведена загальна'!L23 | ... T17: ='Зведена загальна'!T23 | U17: =IF(COUNTIF($F17:T17,"=*")>0,IF($C17="К","-"," - "),IF(COUNTIF($F17:T17,"<4")>0,IF(C17="К","-"," - "),(IFERROR(AVERAGE($F17:T17),"Очікую"))))
C18: ='Зведена загальна'!C25 | D18: 9 | E18: ='Зведена загальна'!E25 | F18: ='Зведена загальна'!F25 | G18: ='Зведена загальна'!G25 | H18: ='Зведена загальна'!H25 | I18: ='Зведена загальна'!I25 | J18: ='Зведена загальна'!J25 | K18: ='Зведена загальна'!K25 | L18: ='Зведена загальна'!L25 | ... T18: ='Зведена загальна'!T25 | U18: =IF(COUNTIF($F18:T18,"=*")>0,IF($C18="К","-"," - "),IF(COUNTIF($F18:T18,"<4")>0,IF(C18="К","-"," - "),(IFERROR(AVERAGE($F18:T18),"Очікую"))))
C19: ='Зведена загальна'!C28 | D19: 10 | E19: ='Зведена загальна'!E28 | F19: ='Зведена загальна'!F28 | G19: ='Зведена загальна'!G28 | H19: ='Зведена загальна'!H28 | I19: ='Зведена загальна'!I28 | J19: ='Зведена загальна'!J28 | K19: ='Зведена загальна'!K28 | L19: ='Зведена загальна'!L28 | ... T19: ='Зведена загальна'!T28 | U19: =IF(COUNTIF($F19:T19,"=*")>0,IF($C19="К","-"," - "),IF(COUNTIF($F19:T19,"<4")>0,IF(C19="К","-"," - "),(IFERROR(AVERAGE($F19:T19),"Очікую"))))
C20: ='Зведена загальна'!C29 | D20: 11 | E20: ='Зведена загальна'!E29 | F20: ='Зведена загальна'!F29 | G20: ='Зведена загальна'!G29 | H20: ='Зведена загальна'!H29 | I20: ='Зведена загальна'!I29 | J20: ='Зведена загальна'!J29 | K20: ='Зведена загальна'!K29 | L20: ='Зведена загальна'!L29 | ... T20: ='Зведена загальна'!T29 | U20: =IF(COUNTIF($F20:T20,"=*")>0,IF($C20="К","-"," - "),IF(COUNTIF($F20:T20,"<4")>0,IF(C20="К","-"," - "),(IFERROR(AVERAGE($F20:T20),"Очікую"))))
C21: ='Зведена загальна'!C30 | D21: 12 | E21: ='Зведена загальна'!E30 | F21: ='Зведена загальна'!F30 | G21: ='Зведена загальна'!G30 | H21: ='Зведена загальна'!H30 | I21: ='Зведена загальна'!I30 | J21: ='Зведена загальна'!J30 | K21: ='Зведена загальна'!K30 | L21: ='Зведена загальна'!L30 | ... T21: ='Зведена загальна'!T30 | U21: =IF(COUNTIF($F21:T21,"=*")>0,IF($C21="К","-"," - "),IF(COUNTIF($F21:T21,"<4")>0,IF(C21="К","-"," - "),(IFERROR(AVERAGE($F21:T21),"Очікую"))))
C22: ='Зведена загальна'!C32 | D22: 13 | E22: ='Зведена загальна'!E32 | F22: ='Зведена загальна'!F32 | G22: ='Зведена загальна'!G32 | H22: ='Зведена загальна'!H32 | I22: ='Зведена загальна'!I32 | J22: ='Зведена загальна'!J32 | K22: ='Зведена загальна'!K32 | L22: ='Зведена загальна'!L32 | ... T22: ='Зведена загальна'!T32 | U22: =IF(COUNTIF($F22:T22,"=*")>0,IF($C22="К","-"," - "),IF(COUNTIF($F22:T22,"<4")>0,IF(C22="К","-"," - "),(IFERROR(AVERAGE($F22:T22),"Очікую"))))
C23: ='Зведена загальна'!C33 | D23: 14 | E23: ='Зведена загальна'!E33 | F23: ='Зведена загальна'!F33 | G23: ='Зведена загальна'!G33 | H23: ='Зведена загальна'!H33 | I23: ='Зведена загальна'!I33 | J23: ='Зведена загальна'!J33 | K23: ='Зведена загальна'!K33 | L23: ='Зведена загальна'!L33 | ... T23: ='Зведена загальна'!T33 | U23: =IF(COUNTIF($F23:T23,"=*")>0,IF($C23="К","-"," - "),IF(COUNTIF($F23:T23,"<4")>0,IF(C23="К","-"," - "),(IFERROR(AVERAGE($F23:T23),"Очікую"))))
C24: ='Зведена загальна'!C35 | D24: 15 | E24: ='Зведена загальна'!E35 | F24: ='Зведена загальна'!F35 | G24: ='Зведена загальна'!G35 | H24: ='Зведена загальна'!H35 | I24: ='Зведена загальна'!I35 | J24: ='Зведена загальна'!J35 | K24: ='Зведена загальна'!K35 | L24: ='Зведена загальна'!L35 | ... T24: ='Зведена загальна'!T35 | U24: =IF(COUNTIF($F24:T24,"=*")>0,IF($C24="К","-"," - "),IF(COUNTIF($F24:T24,"<4")>0,IF(C24="К","-"," - "),(IFERROR(AVERAGE($F24:T24),"Очікую"))))
C25: ='Зведена загальна'!C40 | D25: 16 | E25: ='Зведена загальна'!E40 | F25: ='Зведена загальна'!F40 | G25: ='Зведена загальна'!G40 | H25: ='Зведена загальна'!H40 | I25: ='Зведена загальна'!I40 | J25: ='Зведена загальна'!J40 | K25: ='Зведена загальна'!K40 | L25: ='Зведена загальна'!L40 | ... T25: ='Зведена загальна'!T40 | U25: =IF(COUNTIF($F25:T25,"=*")>0,IF($C25="К","-"," - "),IF(COUNTIF($F25:T25,"<4")>0,IF(C25="К","-"," - "),(IFERROR(AVERAGE($F25:T25),"Очікую"))))
C26: ='Зведена загальна'!C41 | D26: 17 | E26: ='Зведена загальна'!E41 | F26: ='Зведена загальна'!F41 | G26: ='Зведена загальна'!G41 | H26: ='Зведена загальна'!H41 | I26: ='Зведена загальна'!I41 | J26: ='Зведена загальна'!J41 | K26: ='Зведена загальна'!K41 | L26: ='Зведена загальна'!L41 | ... T26: ='Зведена загальна'!T41 | U26: =IF(COUNTIF($F26:T26,"=*")>0,IF($C26="К","-"," - "),IF(COUNTIF($F26:T26,"<4")>0,IF(C26="К","-"," - "),(IFERROR(AVERAGE($F26:T26),"Очікую"))))
C27: ='Зведена загальна'!C43 | D27: 18 | E27: ='Зведена загальна'!E43 | F27: ='Зведена загальна'!F43 | G27: ='Зведена загальна'!G43 | H27: ='Зведена загальна'!H43 | I27: ='Зведена загальна'!I43 | J27: ='Зведена загальна'!J43 | K27: ='Зведена загальна'!K43 | L27: ='Зведена загальна'!L43 | ... T27: ='Зведена загальна'!T43 | U27: =IF(COUNTIF($F27:T27,"=*")>0,IF($C27="К","-"," - "),IF(COUNTIF($F27:T27,"<4")>0,IF(C27="К","-"," - "),(IFERROR(AVERAGE($F27:T27),"Очікую"))))
C28: ='Зведена загальна'!C44 | D28: 19 | E28: ='Зведена загальна'!E44 | F28: ='Зведена загальна'!F44 | G28: ='Зведена загальна'!G44 | H28: ='Зведена загальна'!H44 | I28: ='Зведена загальна'!I44 | J28: ='Зведена загальна'!J44 | K28: ='Зведена загальна'!K44 | L28: ='Зведена загальна'!L44 | ... T28: ='Зведена загальна'!T44 | U28: =IF(COUNTIF($F28:T28,"=*")>0,IF($C28="К","-"," - "),IF(COUNTIF($F28:T28,"<4")>0,IF(C28="К","-"," - "),(IFERROR(AVERAGE($F28:T28),"Очікую"))))
C29: ='Зведена загальна'!C45 | D29: 20 | E29: ='Зведена загальна'!E45 | F29: ='Зведена загальна'!F45 | G29: ='Зведена загальна'!G45 | H29: ='Зведена загальна'!H45 | I29: ='Зведена загальна'!I45 | J29: ='Зведена загальна'!J45 | K29: ='Зведена загальна'!K45 | L29: ='Зведена загальна'!L45 | ... T29: ='Зведена загальна'!T45 | U29: =IF(COUNTIF($F29:T29,"=*")>0,IF($C29="К","-"," - "),IF(COUNTIF($F29:T29,"<4")>0,IF(C29="К","-"," - "),(IFERROR(AVERAGE($F29:T29),"Очікую"))))
E30: Середній бал успішності з дисципліни | F30: =IF(SUM(F$10:F29)=0,IF(COUNTA(F$10:F29)=0,"Очікую",0),SUM(F$10:F29)/$D29) | G30: =IF(SUM(G$10:G29)=0,IF(COUNTA(G$10:G29)=0,"Очікую",0),SUM(G$10:G29)/$D29) | H30: =IF(SUM(H$10:H29)=0,IF(COUNTA(H$10:H29)=0,"Очікую",0),SUM(H$10:H29)/$D29) | I30: =IF(SUM(I$10:I29)=0,IF(COUNTA(I$10:I29)=0,"Очікую",0),SUM(I$10:I29)/$D29) | J30: =IF(SUM(J$10:J29)=0,IF(COUNTA(J$10:J29)=0,"Очікую",0),SUM(J$10:J29)/$D29) | K30: =IF(SUM(K$10:K29)=0,IF(COUNTA(K$10:K29)=0,"Очікую",0),SUM(K$10:K29)/$D29) | L30: =IF(SUM(L$10:L29)=0,IF(COUNTA(L$10:L29)=0,"Очікую",0),SUM(L$10:L29)/$D29) | M30: =IF(SUM(M$10:M29)=0,IF(COUNTA(M$10:M29)=0,"Очікую",0),SUM(M$10:M29)/$D29) | ... T30: =IF(SUM(T$10:T29)=0,IF(COUNTA(T$10:T29)=0,"Очікую",0),SUM(T$10:T29)/$D29) | U30: =IFERROR(AVERAGE($F30:T30),"Очікую")
E31: Абсолютна успішність | F31: =IF(SUM(F$10:F29)=0,IF(COUNTA(F$10:F29)=0,"Очікую",0),IF(COUNTIF(F$10:F29,">=4")=0,0,COUNTIF(F$10:F29,">=4")/$D29*100)) | G31: =IF(SUM(G$10:G29)=0,IF(COUNTA(G$10:G29)=0,"Очікую",0),IF(COUNTIF(G$10:G29,">=4")=0,0,COUNTIF(G$10:G29,">=4")/$D29*100)) | H31: =IF(SUM(H$10:H29)=0,IF(COUNTA(H$10:H29)=0,"Очікую",0),IF(COUNTIF(H$10:H29,">=4")=0,0,COUNTIF(H$10:H29,">=4")/$D29*100)) | I31: =IF(SUM(I$10:I29)=0,IF(COUNTA(I$10:I29)=0,"Очікую",0),IF(COUNTIF(I$10:I29,">=4")=0,0,COUNTIF(I$10:I29,">=4")/$D29*100)) | J31: =IF(SUM(J$10:J29)=0,IF(COUNTA(J$10:J29)=0,"Очікую",0),IF(COUNTIF(J$10:J29,">=4")=0,0,COUNTIF(J$10:J29,">=4")/$D29*100)) | K31: =IF(SUM(K$10:K29)=0,IF(COUNTA(K$10:K29)=0,"Очікую",0),IF(COUNTIF(K$10:K29,">=4")=0,0,COUNTIF(K$10:K29,">=4")/$D29*100)) | L31: =IF(SUM(L$10:L29)=0,IF(COUNTA(L$10:L29)=0,"Очікую",0),IF(COUNTIF(L$10:L29,">=4")=0,0,COUNTIF(L$10:L29,">=4")/$D29*100)) | M31: =IF(SUM(M$10:M29)=0,IF(COUNTA(M$10:M29)=0,"Очікую",0),IF(COUNTIF(M$10:M29,">=4")=0,0,COUNTIF(M$10:M29,">=4")/$D29*100)) | ... T31: =IF(SUM(T$10:T29)=0,IF(COUNTA(T$10:T29)=0,"Очікую",0),IF(COUNTIF(T$10:T29,">=4")=0,0,COUNTIF(T$10:T29,">=4")/$D29*100))
E32: Якісна успішність | F32: =IF(SUM(F$10:F29)=0,IF(COUNTA(F$10:F29)=0,"Очікую",0),IF(COUNTIF(F$10:F29,">=7")=0,0,COUNTIF(F$10:F29,">=7")/$D29*100)) | G32: =IF(SUM(G$10:G29)=0,IF(COUNTA(G$10:G29)=0,"Очікую",0),IF(COUNTIF(G$10:G29,">=7")=0,0,COUNTIF(G$10:G29,">=7")/$D29*100)) | H32: =IF(SUM(H$10:H29)=0,IF(COUNTA(H$10:H29)=0,"Очікую",0),IF(COUNTIF(H$10:H29,">=7")=0,0,COUNTIF(H$10:H29,">=7")/$D29*100)) | I32: =IF(SUM(I$10:I29)=0,IF(COUNTA(I$10:I29)=0,"Очікую",0),IF(COUNTIF(I$10:I29,">=7")=0,0,COUNTIF(I$10:I29,">=7")/$D29*100)) | J32: =IF(SUM(J$10:J29)=0,IF(COUNTA(J$10:J29)=0,"Очікую",0),IF(COUNTIF(J$10:J29,">=7")=0,0,COUNTIF(J$10:J29,">=7")/$D29*100)) | K32: =IF(SUM(K$10:K29)=0,IF(COUNTA(K$10:K29)=0,"Очікую",0),IF(COUNTIF(K$10:K29,">=7")=0,0,COUNTIF(K$10:K29,">=7")/$D29*100)) | L32: =IF(SUM(L$10:L29)=0,IF(COUNTA(L$10:L29)=0,"Очікую",0),IF(COUNTIF(L$10:L29,">=7")=0,0,COUNTIF(L$10:L29,">=7")/$D29*100)) | M32: =IF(SUM(M$10:M29)=0,IF(COUNTA(M$10:M29)=0,"Очікую",0),IF(COUNTIF(M$10:M29,">=7")=0,0,COUNTIF(M$10:M29,">=7")/$D29*100)) | ... T32: =IF(SUM(T$10:T29)=0,IF(COUNTA(T$10:T29)=0,"Очікую",0),IF(COUNTIF(T$10:T29,">=7")=0,0,COUNTIF(T$10:T29,">=7")/$D29*100))
E33: Абсолютна успішність по групі | F33: =IFERROR(AVERAGE(F31:T31),"Очікую")
E34: Якісна успішність по групі | F34: =IFERROR(AVERAGE($F32:T32),"Очікую")
E35: Кількість бюджетників | F35: =IF(COUNTIF($C$10:$C29,"=Б")=0,IF(COUNTIF($C$10:$C29,"=К")=0,"Очікую",0),COUNTIF($C$10:$C29,"=Б"))
E36: Кількість контрактників | F36: =IF(COUNTIF($C$10:$C29,"=К")=0,IF(COUNTIF($C$10:$C29,"=Б")=0,"Очікую",0),COUNTIF($C$10:$C29,"=К")) | H36: Класний керівник | P36: ='Зведена загальна'!P53
E37: Кількість соціального контингенту
E38: Вийшли на стипендію | F38: =IF(F35="Очікую","Очікую",IF(F35-COUNTIF($U$10:$U29," - ")<ROUNDDOWN(F35*0.4,0),F35-COUNTIF($U$10:$U29," - "),ROUNDDOWN(F35*0.4,0))) | H38: Завідувач відділення ПЗСО | P38: Маргарита БРІТІКОВА

Sheet Зведена E2
A1: S
C3: ВІДОКРЕМЛЕНИЙ СТРУКТУРНИЙ ПІДРОЗДІЛ «ФАХОВИЙ КОЛЕДЖ НАФТОГАЗОВИХ ТЕХНОЛОГІЙ, ІНЖЕНЕРІЇ ТА ІНФРАСТРУКТУРИ СЕРВІСУ ОДЕСЬКОГО НАЦІОНАЛЬНОГО ТЕХНОЛОГІЧНОГО УНІВЕРСИТЕТУ»
C4: ЗВЕДЕНА ВІДОМІСТЬ
C5: Успішності студентів спеціальності E2 ««Екологія»»
C6: За II семестр 2025-2026 н.р.
C7: Група 25-1 курс I
C8: Б/К | D8: № п/п | E8: Прізвище, ім’я, по батькові | F8: Підсумкові оцінки дисциплін | U8: Середній бал
F9: ='Зведена загальна'!F9 | G9: ='Зведена загальна'!G9 | H9: ='Зведена загальна'!H9 | I9: ='Зведена загальна'!I9 | J9: ='Зведена загальна'!J9 | K9: ='Зведена загальна'!K9 | L9: ='Зведена загальна'!L9 | M9: ='Зведена загальна'!M9 | ... T9: ='Зведена загальна'!T9
C10: ='Зведена загальна'!C11 | D10: 1 | E10: ='Зведена загальна'!E11 | F10: ='Зведена загальна'!F11 | G10: ='Зведена загальна'!G11 | H10: ='Зведена загальна'!H11 | I10: ='Зведена загальна'!I11 | J10: ='Зведена загальна'!J11 | K10: ='Зведена загальна'!K11 | L10: ='Зведена загальна'!L11 | ... T10: ='Зведена загальна'!T11 | U10: =IF(COUNTIF($F10:T10,"=*")>0,IF($C10="К","-"," - "),IF(COUNTIF($F10:T10,"<4")>0,IF(C10="К","-"," - "),(IFERROR(AVERAGE($F10:T10),"Очікую"))))
C11: ='Зведена загальна'!C14 | D11: 2 | E11: ='Зведена загальна'!E14 | F11: ='Зведена загальна'!F14 | G11: ='Зведена загальна'!G14 | H11: ='Зведена загальна'!H14 | I11: ='Зведена загальна'!I14 | J11: ='Зведена загальна'!J14 | K11: ='Зведена загальна'!K14 | L11: ='Зведена загальна'!L14 | ... T11: ='Зведена загальна'!T14 | U11: =IF(COUNTIF($F11:T11,"=*")>0,IF($C11="К","-"," - "),IF(COUNTIF($F11:T11,"<4")>0,IF(C11="К","-"," - "),(IFERROR(AVERAGE($F11:T11),"Очікую"))))
C12: ='Зведена загальна'!C18 | D12: 3 | E12: ='Зведена загальна'!E18 | F12: ='Зведена загальна'!F18 | G12: ='Зведена загальна'!G18 | H12: ='Зведена загальна'!H18 | I12: ='Зведена загальна'!I18 | J12: ='Зведена загальна'!J18 | K12: ='Зведена загальна'!K18 | L12: ='Зведена загальна'!L18 | ... T12: ='Зведена загальна'!T18 | U12: =IF(COUNTIF($F12:T12,"=*")>0,IF($C12="К","-"," - "),IF(COUNTIF($F12:T12,"<4")>0,IF(C12="К","-"," - "),(IFERROR(AVERAGE($F12:T12),"Очікую"))))
C13: ='Зведена загальна'!C21 | D13: 4 | E13: ='Зведена загальна'!E21 | F13: ='Зведена загальна'!F21 | G13: ='Зведена загальна'!G21 | H13: ='Зведена загальна'!H21 | I13: ='Зведена загальна'!I21 | J13: ='Зведена загальна'!J21 | K13: ='Зведена загальна'!K21 | L13: ='Зведена загальна'!L21 | ... T13: ='Зведена загальна'!T21 | U13: =IF(COUNTIF($F13:T13,"=*")>0,IF($C13="К","-"," - "),IF(COUNTIF($F13:T13,"<4")>0,IF(C13="К","-"," - "),(IFERROR(AVERAGE($F13:T13),"Очікую"))))
C14: ='Зведена загальна'!C24 | D14: 5 | E14: ='Зведена загальна'!E24 | F14: ='Зведена загальна'!F24 | G14: ='Зведена загальна'!G24 | H14: ='Зведена загальна'!H24 | I14: ='Зведена загальна'!I24 | J14: ='Зведена загальна'!J24 | K14: ='Зведена загальна'!K24 | L14: ='Зведена загальна'!L24 | ... T14: ='Зведена загальна'!T24 | U14: =IF(COUNTIF($F14:T14,"=*")>0,IF($C14="К","-"," - "),IF(COUNTIF($F14:T14,"<4")>0,IF(C14="К","-"," - "),(IFERROR(AVERAGE($F14:T14),"Очікую"))))
C15: ='Зведена загальна'!C26 | D15: 6 | E15: ='Зведена загальна'!E26 | F15: ='Зведена загальна'!F26 | G15: ='Зведена загальна'!G26 | H15: ='Зведена загальна'!H26 | I15: ='Зведена загальна'!I26 | J15: ='Зведена загальна'!J26 | K15: ='Зведена загальна'!K26 | L15: ='Зведена загальна'!L26 | ... T15: ='Зведена загальна'!T26 | U15: =IF(COUNTIF($F15:T15,"=*")>0,IF($C15="К","-"," - "),IF(COUNTIF($F15:T15,"<4")>0,IF(C15="К","-"," - "),(IFERROR(AVERAGE($F15:T15),"Очікую"))))
C16: ='Зведена загальна'!C27 | D16: 7 | E16: ='Зведена загальна'!E27 | F16: ='Зведена загальна'!F27 | G16: ='Зведена загальна'!G27 | H16: ='Зведена загальна'!H27 | I16: ='Зведена загальна'!I27 | J16: ='Зведена загальна'!J27 | K16: ='Зведена загальна'!K27 | L16: ='Зведена загальна'!L27 | ... T16: ='Зведена загальна'!T27 | U16: =IF(COUNTIF($F16:T16,"=*")>0,IF($C16="К","-"," - "),IF(COUNTIF($F16:T16,"<4")>0,IF(C16="К","-"," - "),(IFERROR(AVERAGE($F16:T16),"Очікую"))))
C17: ='Зведена загальна'!C31 | D17: 8 | E17: ='Зведена загальна'!E31 | F17: ='Зведена загальна'!F31 | G17: ='Зведена загальна'!G31 | H17: ='Зведена загальна'!H31 | I17: ='Зведена загальна'!I31 | J17: ='Зведена загальна'!J31 | K17: ='Зведена загальна'!K31 | L17: ='Зведена загальна'!L31 | ... T17: ='Зведена загальна'!T31 | U17: =IF(COUNTIF($F17:T17,"=*")>0,IF($C17="К","-"," - "),IF(COUNTIF($F17:T17,"<4")>0,IF(C17="К","-"," - "),(IFERROR(AVERAGE($F17:T17),"Очікую"))))
C18: ='Зведена загальна'!C34 | D18: 9 | E18: ='Зведена загальна'!E34 | F18: ='Зведена загальна'!F34 | G18: ='Зведена загальна'!G34 | H18: ='Зведена загальна'!H34 | I18: ='Зведена загальна'!I34 | J18: ='Зведена загальна'!J34 | K18: ='Зведена загальна'!K34 | L18: ='Зведена загальна'!L34 | ... T18: ='Зведена загальна'!T34 | U18: =IF(COUNTIF($F18:T18,"=*")>0,IF($C18="К","-"," - "),IF(COUNTIF($F18:T18,"<4")>0,IF(C18="К","-"," - "),(IFERROR(AVERAGE($F18:T18),"Очікую"))))
C19: ='Зведена загальна'!C36 | D19: 10 | E19: ='Зведена загальна'!E36 | F19: ='Зведена загальна'!F36 | G19: ='Зведена загальна'!G36 | H19: ='Зведена загальна'!H36 | I19: ='Зведена загальна'!I36 | J19: ='Зведена загальна'!J36 | K19: ='Зведена загальна'!K36 | L19: ='Зведена загальна'!L36 | ... T19: ='Зведена загальна'!T36 | U19: =IF(COUNTIF($F19:T19,"=*")>0,IF($C19="К","-"," - "),IF(COUNTIF($F19:T19,"<4")>0,IF(C19="К","-"," - "),(IFERROR(AVERAGE($F19:T19),"Очікую"))))
C20: ='Зведена загальна'!C37 | D20: 11 | E20: ='Зведена загальна'!E37 | F20: ='Зведена загальна'!F37 | G20: ='Зведена загальна'!G37 | H20: ='Зведена загальна'!H37 | I20: ='Зведена загальна'!I37 | J20: ='Зведена загальна'!J37 | K20: ='Зведена загальна'!K37 | L20: ='Зведена загальна'!L37 | ... T20: ='Зведена загальна'!T37 | U20: =IF(COUNTIF($F20:T20,"=*")>0,IF($C20="К","-"," - "),IF(COUNTIF($F20:T20,"<4")>0,IF(C20="К","-"," - "),(IFERROR(AVERAGE($F20:T20),"Очікую"))))
C21: ='Зведена загальна'!C42 | D21: 12 | E21: ='Зведена загальна'!E42 | F21: ='Зведена загальна'!F42 | G21: ='Зведена загальна'!G42 | H21: ='Зведена загальна'!H42 | I21: ='Зведена загальна'!I42 | J21: ='Зведена загальна'!J42 | K21: ='Зведена загальна'!K42 | L21: ='Зведена загальна'!L42 | ... T21: ='Зведена загальна'!T42 | U21: =IF(COUNTIF($F21:T21,"=*")>0,IF($C21="К","-"," - "),IF(COUNTIF($F21:T21,"<4")>0,IF(C21="К","-"," - "),(IFERROR(AVERAGE($F21:T21),"Очікую"))))
C22: ='Зведена загальна'!C46 | D22: 13 | E22: ='Зведена загальна'!E46 | F22: ='Зведена загальна'!F46 | G22: ='Зведена загальна'!G46 | H22: ='Зведена загальна'!H46 | I22: ='Зведена загальна'!I46 | J22: ='Зведена загальна'!J46 | K22: ='Зведена загальна'!K46 | L22: ='Зведена загальна'!L46 | ... T22: ='Зведена загальна'!T46 | U22: =IF(COUNTIF($F22:T22,"=*")>0,IF($C22="К","-"," - "),IF(COUNTIF($F22:T22,"<4")>0,IF(C22="К","-"," - "),(IFERROR(AVERAGE($F22:T22),"Очікую"))))
E23: Середній бал успішності з дисципліни | F23: =IF(SUM(F$10:F22)=0,IF(COUNTA(F$10:F22)=0,"Очікую",0),SUM(F$10:F22)/$D22) | G23: =IF(SUM(G$10:G22)=0,IF(COUNTA(G$10:G22)=0,"Очікую",0),SUM(G$10:G22)/$D22) | H23: =IF(SUM(H$10:H22)=0,IF(COUNTA(H$10:H22)=0,"Очікую",0),SUM(H$10:H22)/$D22) | I23: =IF(SUM(I$10:I22)=0,IF(COUNTA(I$10:I22)=0,"Очікую",0),SUM(I$10:I22)/$D22) | J23: =IF(SUM(J$10:J22)=0,IF(COUNTA(J$10:J22)=0,"Очікую",0),SUM(J$10:J22)/$D22) | K23: =IF(SUM(K$10:K22)=0,IF(COUNTA(K$10:K22)=0,"Очікую",0),SUM(K$10:K22)/$D22) | L23: =IF(SUM(L$10:L22)=0,IF(COUNTA(L$10:L22)=0,"Очікую",0),SUM(L$10:L22)/$D22) | M23: =IF(SUM(M$10:M22)=0,IF(COUNTA(M$10:M22)=0,"Очікую",0),SUM(M$10:M22)/$D22) | ... T23: =IF(SUM(T$10:T22)=0,IF(COUNTA(T$10:T22)=0,"Очікую",0),SUM(T$10:T22)/$D22) | U23: =IFERROR(AVERAGE($F23:T23),"Очікую")
E24: Абсолютна успішність | F24: =IF(SUM(F$10:F22)=0,IF(COUNTA(F$10:F22)=0,"Очікую",0),IF(COUNTIF(F$10:F22,">=4")=0,0,COUNTIF(F$10:F22,">=4")/$D22*100)) | G24: =IF(SUM(G$10:G22)=0,IF(COUNTA(G$10:G22)=0,"Очікую",0),IF(COUNTIF(G$10:G22,">=4")=0,0,COUNTIF(G$10:G22,">=4")/$D22*100)) | H24: =IF(SUM(H$10:H22)=0,IF(COUNTA(H$10:H22)=0,"Очікую",0),IF(COUNTIF(H$10:H22,">=4")=0,0,COUNTIF(H$10:H22,">=4")/$D22*100)) | I24: =IF(SUM(I$10:I22)=0,IF(COUNTA(I$10:I22)=0,"Очікую",0),IF(COUNTIF(I$10:I22,">=4")=0,0,COUNTIF(I$10:I22,">=4")/$D22*100)) | J24: =IF(SUM(J$10:J22)=0,IF(COUNTA(J$10:J22)=0,"Очікую",0),IF(COUNTIF(J$10:J22,">=4")=0,0,COUNTIF(J$10:J22,">=4")/$D22*100)) | K24: =IF(SUM(K$10:K22)=0,IF(COUNTA(K$10:K22)=0,"Очікую",0),IF(COUNTIF(K$10:K22,">=4")=0,0,COUNTIF(K$10:K22,">=4")/$D22*100)) | L24: =IF(SUM(L$10:L22)=0,IF(COUNTA(L$10:L22)=0,"Очікую",0),IF(COUNTIF(L$10:L22,">=4")=0,0,COUNTIF(L$10:L22,">=4")/$D22*100)) | M24: =IF(SUM(M$10:M22)=0,IF(COUNTA(M$10:M22)=0,"Очікую",0),IF(COUNTIF(M$10:M22,">=4")=0,0,COUNTIF(M$10:M22,">=4")/$D22*100)) | ... T24: =IF(SUM(T$10:T22)=0,IF(COUNTA(T$10:T22)=0,"Очікую",0),IF(COUNTIF(T$10:T22,">=4")=0,0,COUNTIF(T$10:T22,">=4")/$D22*100))
E25: Якісна успішність | F25: =IF(SUM(F$10:F22)=0,IF(COUNTA(F$10:F22)=0,"Очікую",0),IF(COUNTIF(F$10:F22,">=7")=0,0,COUNTIF(F$10:F22,">=7")/$D22*100)) | G25: =IF(SUM(G$10:G22)=0,IF(COUNTA(G$10:G22)=0,"Очікую",0),IF(COUNTIF(G$10:G22,">=7")=0,0,COUNTIF(G$10:G22,">=7")/$D22*100)) | H25: =IF(SUM(H$10:H22)=0,IF(COUNTA(H$10:H22)=0,"Очікую",0),IF(COUNTIF(H$10:H22,">=7")=0,0,COUNTIF(H$10:H22,">=7")/$D22*100)) | I25: =IF(SUM(I$10:I22)=0,IF(COUNTA(I$10:I22)=0,"Очікую",0),IF(COUNTIF(I$10:I22,">=7")=0,0,COUNTIF(I$10:I22,">=7")/$D22*100)) | J25: =IF(SUM(J$10:J22)=0,IF(COUNTA(J$10:J22)=0,"Очікую",0),IF(COUNTIF(J$10:J22,">=7")=0,0,COUNTIF(J$10:J22,">=7")/$D22*100)) | K25: =IF(SUM(K$10:K22)=0,IF(COUNTA(K$10:K22)=0,"Очікую",0),IF(COUNTIF(K$10:K22,">=7")=0,0,COUNTIF(K$10:K22,">=7")/$D22*100)) | L25: =IF(SUM(L$10:L22)=0,IF(COUNTA(L$10:L22)=0,"Очікую",0),IF(COUNTIF(L$10:L22,">=7")=0,0,COUNTIF(L$10:L22,">=7")/$D22*100)) | M25: =IF(SUM(M$10:M22)=0,IF(COUNTA(M$10:M22)=0,"Очікую",0),IF(COUNTIF(M$10:M22,">=7")=0,0,COUNTIF(M$10:M22,">=7")/$D22*100)) | ... T25: =IF(SUM(T$10:T22)=0,IF(COUNTA(T$10:T22)=0,"Очікую",0),IF(COUNTIF(T$10:T22,">=7")=0,0,COUNTIF(T$10:T22,">=7")/$D22*100))
E26: Абсолютна успішність по групі | F26: =IFERROR(AVERAGE(F24:T24),"Очікую")
E27: Якісна успішність по групі | F27: =IFERROR(AVERAGE($F25:T25),"Очікую")
E28: Кількість бюджетників | F28: =IF(COUNTIF($C$10:$C22,"=Б")=0,IF(COUNTIF($C$10:$C22,"=К")=0,"Очікую",0),COUNTIF($C$10:$C22,"=Б"))
E29: Кількість контрактників | F29: =IF(COUNTIF($C$10:$C22,"=К")=0,IF(COUNTIF($C$10:$C22,"=Б")=0,"Очікую",0),COUNTIF($C$10:$C22,"=К")) | H29: Класний керівник | P29: ='Зведена загальна'!P53
E30: Кількість соціального контингенту
E31: Вийшли на стипендію | F31: =IF(F28="Очікую","Очікую",IF(F28-COUNTIF($U$10:$U22," - ")<ROUNDDOWN(F28*0.4,0),F28-COUNTIF($U$10:$U22," - "),ROUNDDOWN(F28*0.4,0))) | H31: Завідувач відділення ПЗСО | P31: Маргарита БРІТІКОВА

Sheet Зведена G13
A1: S
C3: ВІДОКРЕМЛЕНИЙ СТРУКТУРНИЙ ПІДРОЗДІЛ «ФАХОВИЙ КОЛЕДЖ НАФТОГАЗОВИХ ТЕХНОЛОГІЙ, ІНЖЕНЕРІЇ ТА ІНФРАСТРУКТУРИ СЕРВІСУ ОДЕСЬКОГО НАЦІОНАЛЬНОГО ТЕХНОЛОГІЧНОГО УНІВЕРСИТЕТУ»
C4: ЗВЕДЕНА ВІДОМІСТЬ
C5: Успішності студентів спеціальності G13 ««Харчові технології»»
C6: За II семестр 2025-2026 н.р.
C7: Група 25-1 курс I
C8: Б/К | D8: № п/п | E8: Прізвище, ім’я, по батькові | F8: Підсумкові оцінки дисциплін | U8: Середній бал
F9: ='Зведена загальна'!F9 | G9: ='Зведена загальна'!G9 | H9: ='Зведена загальна'!H9 | I9: ='Зведена загальна'!I9 | J9: ='Зведена загальна'!J9 | K9: ='Зведена загальна'!K9 | L9: ='Зведена загальна'!L9 | M9: ='Зведена загальна'!M9 | ... T9: ='Зведена загальна'!T9
C10: ='Зведена загальна'!C38 | D10: 1 | E10: ='Зведена загальна'!E38 | F10: ='Зведена загальна'!F38 | G10: ='Зведена загальна'!G38 | H10: ='Зведена загальна'!H38 | I10: ='Зведена загальна'!I38 | J10: ='Зведена загальна'!J38 | K10: ='Зведена загальна'!K38 | L10: ='Зведена загальна'!L38 | ... T10: ='Зведена загальна'!T38 | U10: =IF(COUNTIF($F10:T10,"=*")>0,IF($C10="К","-"," - "),IF(COUNTIF($F10:T10,"<4")>0,IF(C10="К","-"," - "),(IFERROR(AVERAGE($F10:T10),"Очікую"))))
E11: Середній бал успішності з дисципліни | F11: =IF(SUM(F$10:F10)=0,IF(COUNTA(F$10:F10)=0,"Очікую",0),SUM(F$10:F10)/$D10) | G11: =IF(SUM(G$10:G10)=0,IF(COUNTA(G$10:G10)=0,"Очікую",0),SUM(G$10:G10)/$D10) | H11: =IF(SUM(H$10:H10)=0,IF(COUNTA(H$10:H10)=0,"Очікую",0),SUM(H$10:H10)/$D10) | I11: =IF(SUM(I$10:I10)=0,IF(COUNTA(I$10:I10)=0,"Очікую",0),SUM(I$10:I10)/$D10) | J11: =IF(SUM(J$10:J10)=0,IF(COUNTA(J$10:J10)=0,"Очікую",0),SUM(J$10:J10)/$D10) | K11: =IF(SUM(K$10:K10)=0,IF(COUNTA(K$10:K10)=0,"Очікую",0),SUM(K$10:K10)/$D10) | L11: =IF(SUM(L$10:L10)=0,IF(COUNTA(L$10:L10)=0,"Очікую",0),SUM(L$10:L10)/$D10) | M11: =IF(SUM(M$10:M10)=0,IF(COUNTA(M$10:M10)=0,"Очікую",0),SUM(M$10:M10)/$D10) | ... T11: =IF(SUM(T$10:T10)=0,IF(COUNTA(T$10:T10)=0,"Очікую",0),SUM(T$10:T10)/$D10) | U11: =IFERROR(AVERAGE($F11:T11),"Очікую")
E12: Абсолютна успішність | F12: =IF(SUM(F$10:F10)=0,IF(COUNTA(F$10:F10)=0,"Очікую",0),IF(COUNTIF(F$10:F10,">=4")=0,0,COUNTIF(F$10:F10,">=4")/$D10*100)) | G12: =IF(SUM(G$10:G10)=0,IF(COUNTA(G$10:G10)=0,"Очікую",0),IF(COUNTIF(G$10:G10,">=4")=0,0,COUNTIF(G$10:G10,">=4")/$D10*100)) | H12: =IF(SUM(H$10:H10)=0,IF(COUNTA(H$10:H10)=0,"Очікую",0),IF(COUNTIF(H$10:H10,">=4")=0,0,COUNTIF(H$10:H10,">=4")/$D10*100)) | I12: =IF(SUM(I$10:I10)=0,IF(COUNTA(I$10:I10)=0,"Очікую",0),IF(COUNTIF(I$10:I10,">=4")=0,0,COUNTIF(I$10:I10,">=4")/$D10*100)) | J12: =IF(SUM(J$10:J10)=0,IF(COUNTA(J$10:J10)=0,"Очікую",0),IF(COUNTIF(J$10:J10,">=4")=0,0,COUNTIF(J$10:J10,">=4")/$D10*100)) | K12: =IF(SUM(K$10:K10)=0,IF(COUNTA(K$10:K10)=0,"Очікую",0),IF(COUNTIF(K$10:K10,">=4")=0,0,COUNTIF(K$10:K10,">=4")/$D10*100)) | L12: =IF(SUM(L$10:L10)=0,IF(COUNTA(L$10:L10)=0,"Очікую",0),IF(COUNTIF(L$10:L10,">=4")=0,0,COUNTIF(L$10:L10,">=4")/$D10*100)) | M12: =IF(SUM(M$10:M10)=0,IF(COUNTA(M$10:M10)=0,"Очікую",0),IF(COUNTIF(M$10:M10,">=4")=0,0,COUNTIF(M$10:M10,">=4")/$D10*100)) | ... T12: =IF(SUM(T$10:T10)=0,IF(COUNTA(T$10:T10)=0,"Очікую",0),IF(COUNTIF(T$10:T10,">=4")=0,0,COUNTIF(T$10:T10,">=4")/$D10*100))
E13: Якісна успішність | F13: =IF(SUM(F$10:F10)=0,IF(COUNTA(F$10:F10)=0,"Очікую",0),IF(COUNTIF(F$10:F10,">=7")=0,0,COUNTIF(F$10:F10,">=7")/$D10*100)) | G13: =IF(SUM(G$10:G10)=0,IF(COUNTA(G$10:G10)=0,"Очікую",0),IF(COUNTIF(G$10:G10,">=7")=0,0,COUNTIF(G$10:G10,">=7")/$D10*100)) | H13: =IF(SUM(H$10:H10)=0,IF(COUNTA(H$10:H10)=0,"Очікую",0),IF(COUNTIF(H$10:H10,">=7")=0,0,COUNTIF(H$10:H10,">=7")/$D10*100)) | I13: =IF(SUM(I$10:I10)=0,IF(COUNTA(I$10:I10)=0,"Очікую",0),IF(COUNTIF(I$10:I10,">=7")=0,0,COUNTIF(I$10:I10,">=7")/$D10*100)) | J13: =IF(SUM(J$10:J10)=0,IF(COUNTA(J$10:J10)=0,"Очікую",0),IF(COUNTIF(J$10:J10,">=7")=0,0,COUNTIF(J$10:J10,">=7")/$D10*100)) | K13: =IF(SUM(K$10:K10)=0,IF(COUNTA(K$10:K10)=0,"Очікую",0),IF(COUNTIF(K$10:K10,">=7")=0,0,COUNTIF(K$10:K10,">=7")/$D10*100)) | L13: =IF(SUM(L$10:L10)=0,IF(COUNTA(L$10:L10)=0,"Очікую",0),IF(COUNTIF(L$10:L10,">=7")=0,0,COUNTIF(L$10:L10,">=7")/$D10*100)) | M13: =IF(SUM(M$10:M10)=0,IF(COUNTA(M$10:M10)=0,"Очікую",0),IF(COUNTIF(M$10:M10,">=7")=0,0,COUNTIF(M$10:M10,">=7")/$D10*100)) | ... T13: =IF(SUM(T$10:T10)=0,IF(COUNTA(T$10:T10)=0,"Очікую",0),IF(COUNTIF(T$10:T10,">=7")=0,0,COUNTIF(T$10:T10,">=7")/$D10*100))
E14: Абсолютна успішність по групі | F14: =IFERROR(AVERAGE(F12:T12),"Очікую")
E15: Якісна успішність по групі | F15: =IFERROR(AVERAGE($F13:T13),"Очікую")
E16: Кількість бюджетників | F16: =IF(COUNTIF($C$10:$C10,"=Б")=0,IF(COUNTIF($C$10:$C10,"=К")=0,"Очікую",0),COUNTIF($C$10:$C10,"=Б"))
E17: Кількість контрактників | F17: =IF(COUNTIF($C$10:$C10,"=К")=0,IF(COUNTIF($C$10:$C10,"=Б")=0,"Очікую",0),COUNTIF($C$10:$C10,"=К")) | H17: Класний керівник | P17: ='Зведена загальна'!P53
E18: Кількість соціального контингенту
E19: Вийшли на стипендію | F19: =IF(F16="Очікую","Очікую",IF(F16-COUNTIF($U$10:$U10," - ")<ROUNDDOWN(F16*0.4,0),F16-COUNTIF($U$10:$U10," - "),ROUNDDOWN(F16*0.4,0))) | H19: Завідувач відділення ПЗСО | P19: Маргарита БРІТІКОВА

Sheet Зведена J2
A1: S
C3: ВІДОКРЕМЛЕНИЙ СТРУКТУРНИЙ ПІДРОЗДІЛ «ФАХОВИЙ КОЛЕДЖ НАФТОГАЗОВИХ ТЕХНОЛОГІЙ, ІНЖЕНЕРІЇ ТА ІНФРАСТРУКТУРИ СЕРВІСУ ОДЕСЬКОГО НАЦІОНАЛЬНОГО ТЕХНОЛОГІЧНОГО УНІВЕРСИТЕТУ»
C4: ЗВЕДЕНА ВІДОМІСТЬ
C5: Успішності студентів спеціальності J2 ««Готельно-ресторанна справа та кейтеринг»»
C6: За II семестр 2025-2026 н.р.
C7: Група 25-1 курс I
C8: Б/К | D8: № п/п | E8: Прізвище, ім’я, по батькові | F8: Підсумкові оцінки дисциплін | U8: Середній бал
F9: ='Зведена загальна'!F9 | G9: ='Зведена загальна'!G9 | H9: ='Зведена загальна'!H9 | I9: ='Зведена загальна'!I9 | J9: ='Зведена загальна'!J9 | K9: ='Зведена загальна'!K9 | L9: ='Зведена загальна'!L9 | M9: ='Зведена загальна'!M9 | ... T9: ='Зведена загальна'!T9
C10: ='Зведена загальна'!C17 | D10: 1 | E10: ='Зведена загальна'!E17 | F10: ='Зведена загальна'!F17 | G10: ='Зведена загальна'!G17 | H10: ='Зведена загальна'!H17 | I10: ='Зведена загальна'!I17 | J10: ='Зведена загальна'!J17 | K10: ='Зведена загальна'!K17 | L10: ='Зведена загальна'!L17 | ... T10: ='Зведена загальна'!T17 | U10: =IF(COUNTIF($F10:T10,"=*")>0,IF($C10="К","-"," - "),IF(COUNTIF($F10:T10,"<4")>0,IF(C10="К","-"," - "),(IFERROR(AVERAGE($F10:T10),"Очікую"))))
E11: Середній бал успішності з дисципліни | F11: =IF(SUM(F$10:F10)=0,IF(COUNTA(F$10:F10)=0,"Очікую",0),SUM(F$10:F10)/$D10) | G11: =IF(SUM(G$10:G10)=0,IF(COUNTA(G$10:G10)=0,"Очікую",0),SUM(G$10:G10)/$D10) | H11: =IF(SUM(H$10:H10)=0,IF(COUNTA(H$10:H10)=0,"Очікую",0),SUM(H$10:H10)/$D10) | I11: =IF(SUM(I$10:I10)=0,IF(COUNTA(I$10:I10)=0,"Очікую",0),SUM(I$10:I10)/$D10) | J11: =IF(SUM(J$10:J10)=0,IF(COUNTA(J$10:J10)=0,"Очікую",0),SUM(J$10:J10)/$D10) | K11: =IF(SUM(K$10:K10)=0,IF(COUNTA(K$10:K10)=0,"Очікую",0),SUM(K$10:K10)/$D10) | L11: =IF(SUM(L$10:L10)=0,IF(COUNTA(L$10:L10)=0,"Очікую",0),SUM(L$10:L10)/$D10) | M11: =IF(SUM(M$10:M10)=0,IF(COUNTA(M$10:M10)=0,"Очікую",0),SUM(M$10:M10)/$D10) | ... T11: =IF(SUM(T$10:T10)=0,IF(COUNTA(T$10:T10)=0,"Очікую",0),SUM(T$10:T10)/$D10) | U11: =IFERROR(AVERAGE($F11:T11),"Очікую")
E12: Абсолютна успішність | F12: =IF(SUM(F$10:F10)=0,IF(COUNTA(F$10:F10)=0,"Очікую",0),IF(COUNTIF(F$10:F10,">=4")=0,0,COUNTIF(F$10:F10,">=4")/$D10*100)) | G12: =IF(SUM(G$10:G10)=0,IF(COUNTA(G$10:G10)=0,"Очікую",0),IF(COUNTIF(G$10:G10,">=4")=0,0,COUNTIF(G$10:G10,">=4")/$D10*100)) | H12: =IF(SUM(H$10:H10)=0,IF(COUNTA(H$10:H10)=0,"Очікую",0),IF(COUNTIF(H$10:H10,">=4")=0,0,COUNTIF(H$10:H10,">=4")/$D10*100)) | I12: =IF(SUM(I$10:I10)=0,IF(COUNTA(I$10:I10)=0,"Очікую",0),IF(COUNTIF(I$10:I10,">=4")=0,0,COUNTIF(I$10:I10,">=4")/$D10*100)) | J12: =IF(SUM(J$10:J10)=0,IF(COUNTA(J$10:J10)=0,"Очікую",0),IF(COUNTIF(J$10:J10,">=4")=0,0,COUNTIF(J$10:J10,">=4")/$D10*100)) | K12: =IF(SUM(K$10:K10)=0,IF(COUNTA(K$10:K10)=0,"Очікую",0),IF(COUNTIF(K$10:K10,">=4")=0,0,COUNTIF(K$10:K10,">=4")/$D10*100)) | L12: =IF(SUM(L$10:L10)=0,IF(COUNTA(L$10:L10)=0,"Очікую",0),IF(COUNTIF(L$10:L10,">=4")=0,0,COUNTIF(L$10:L10,">=4")/$D10*100)) | M12: =IF(SUM(M$10:M10)=0,IF(COUNTA(M$10:M10)=0,"Очікую",0),IF(COUNTIF(M$10:M10,">=4")=0,0,COUNTIF(M$10:M10,">=4")/$D10*100)) | ... T12: =IF(SUM(T$10:T10)=0,IF(COUNTA(T$10:T10)=0,"Очікую",0),IF(COUNTIF(T$10:T10,">=4")=0,0,COUNTIF(T$10:T10,">=4")/$D10*100))
E13: Якісна успішність | F13: =IF(SUM(F$10:F10)=0,IF(COUNTA(F$10:F10)=0,"Очікую",0),IF(COUNTIF(F$10:F10,">=7")=0,0,COUNTIF(F$10:F10,">=7")/$D10*100)) | G13: =IF(SUM(G$10:G10)=0,IF(COUNTA(G$10:G10)=0,"Очікую",0),IF(COUNTIF(G$10:G10,">=7")=0,0,COUNTIF(G$10:G10,">=7")/$D10*100)) | H13: =IF(SUM(H$10:H10)=0,IF(COUNTA(H$10:H10)=0,"Очікую",0),IF(COUNTIF(H$10:H10,">=7")=0,0,COUNTIF(H$10:H10,">=7")/$D10*100)) | I13: =IF(SUM(I$10:I10)=0,IF(COUNTA(I$10:I10)=0,"Очікую",0),IF(COUNTIF(I$10:I10,">=7")=0,0,COUNTIF(I$10:I10,">=7")/$D10*100)) | J13: =IF(SUM(J$10:J10)=0,IF(COUNTA(J$10:J10)=0,"Очікую",0),IF(COUNTIF(J$10:J10,">=7")=0,0,COUNTIF(J$10:J10,">=7")/$D10*100)) | K13: =IF(SUM(K$10:K10)=0,IF(COUNTA(K$10:K10)=0,"Очікую",0),IF(COUNTIF(K$10:K10,">=7")=0,0,COUNTIF(K$10:K10,">=7")/$D10*100)) | L13: =IF(SUM(L$10:L10)=0,IF(COUNTA(L$10:L10)=0,"Очікую",0),IF(COUNTIF(L$10:L10,">=7")=0,0,COUNTIF(L$10:L10,">=7")/$D10*100)) | M13: =IF(SUM(M$10:M10)=0,IF(COUNTA(M$10:M10)=0,"Очікую",0),IF(COUNTIF(M$10:M10,">=7")=0,0,COUNTIF(M$10:M10,">=7")/$D10*100)) | ... T13: =IF(SUM(T$10:T10)=0,IF(COUNTA(T$10:T10)=0,"Очікую",0),IF(COUNTIF(T$10:T10,">=7")=0,0,COUNTIF(T$10:T10,">=7")/$D10*100))
E14: Абсолютна успішність по групі | F14: =IFERROR(AVERAGE(F12:T12),"Очікую")
E15: Якісна успішність по групі | F15: =IFERROR(AVERAGE($F13:T13),"Очікую")
E16: Кількість бюджетників | F16: =IF(COUNTIF($C$10:$C10,"=Б")=0,IF(COUNTIF($C$10:$C10,"=К")=0,"Очікую",0),COUNTIF($C$10:$C10,"=Б"))
E17: Кількість контрактників | F17: =IF(COUNTIF($C$10:$C10,"=К")=0,IF(COUNTIF($C$10:$C10,"=Б")=0,"Очікую",0),COUNTIF($C$10:$C10,"=К")) | H17: Класний керівник | P17: ='Зведена загальна'!P53
E18: Кількість соціального контингенту
E19: Вийшли на стипендію | F19: =IF(F16="Очікую","Очікую",IF(F16-COUNTIF($U$10:$U10," - ")<ROUNDDOWN(F16*0.4,0),F16-COUNTIF($U$10:$U10," - "),ROUNDDOWN(F16*0.4,0))) | H19: Завідувач відділення ПЗСО | P19: Маргарита БРІТІКОВА

Sheet Зведена J3
A1: S
C3: ВІДОКРЕМЛЕНИЙ СТРУКТУРНИЙ ПІДРОЗДІЛ «ФАХОВИЙ КОЛЕДЖ НАФТОГАЗОВИХ ТЕХНОЛОГІЙ, ІНЖЕНЕРІЇ ТА ІНФРАСТРУКТУРИ СЕРВІСУ ОДЕСЬКОГО НАЦІОНАЛЬНОГО ТЕХНОЛОГІЧНОГО УНІВЕРСИТЕТУ»
C4: ЗВЕДЕНА ВІДОМІСТЬ
C5: Успішності студентів спеціальності J3 ««Туризм та рекреація»»
C6: За II семестр 2025-2026 н.р.
C7: Група 25-1 курс I
C8: Б/К | D8: № п/п | E8: Прізвище, ім’я, по батькові | F8: Підсумкові оцінки дисциплін | U8: Середній бал
F9: ='Зведена загальна'!F9 | G9: ='Зведена загальна'!G9 | H9: ='Зведена загальна'!H9 | I9: ='Зведена загальна'!I9 | J9: ='Зведена загальна'!J9 | K9: ='Зведена загальна'!K9 | L9: ='Зведена загальна'!L9 | M9: ='Зведена загальна'!M9 | ... T9: ='Зведена загальна'!T9
C10: ='Зведена загальна'!C16 | D10: 1 | E10: ='Зведена загальна'!E16 | F10: ='Зведена загальна'!F16 | G10: ='Зведена загальна'!G16 | H10: ='Зведена загальна'!H16 | I10: ='Зведена загальна'!I16 | J10: ='Зведена загальна'!J16 | K10: ='Зведена загальна'!K16 | L10: ='Зведена загальна'!L16 | ... T10: ='Зведена загальна'!T16 | U10: =IF(COUNTIF($F10:T10,"=*")>0,IF($C10="К","-"," - "),IF(COUNTIF($F10:T10,"<4")>0,IF(C10="К","-"," - "),(IFERROR(AVERAGE($F10:T10),"Очікую"))))
C11: ='Зведена загальна'!C39 | D11: 2 | E11: ='Зведена загальна'!E39 | F11: ='Зведена загальна'!F39 | G11: ='Зведена загальна'!G39 | H11: ='Зведена загальна'!H39 | I11: ='Зведена загальна'!I39 | J11: ='Зведена загальна'!J39 | K11: ='Зведена загальна'!K39 | L11: ='Зведена загальна'!L39 | ... T11: ='Зведена загальна'!T39 | U11: =IF(COUNTIF($F11:T11,"=*")>0,IF($C11="К","-"," - "),IF(COUNTIF($F11:T11,"<4")>0,IF(C11="К","-"," - "),(IFERROR(AVERAGE($F11:T11),"Очікую"))))
E12: Середній бал успішності з дисципліни | F12: =IF(SUM(F$10:F11)=0,IF(COUNTA(F$10:F11)=0,"Очікую",0),SUM(F$10:F11)/$D11) | G12: =IF(SUM(G$10:G11)=0,IF(COUNTA(G$10:G11)=0,"Очікую",0),SUM(G$10:G11)/$D11) | H12: =IF(SUM(H$10:H11)=0,IF(COUNTA(H$10:H11)=0,"Очікую",0),SUM(H$10:H11)/$D11) | I12: =IF(SUM(I$10:I11)=0,IF(COUNTA(I$10:I11)=0,"Очікую",0),SUM(I$10:I11)/$D11) | J12: =IF(SUM(J$10:J11)=0,IF(COUNTA(J$10:J11)=0,"Очікую",0),SUM(J$10:J11)/$D11) | K12: =IF(SUM(K$10:K11)=0,IF(COUNTA(K$10:K11)=0,"Очікую",0),SUM(K$10:K11)/$D11) | L12: =IF(SUM(L$10:L11)=0,IF(COUNTA(L$10:L11)=0,"Очікую",0),SUM(L$10:L11)/$D11) | M12: =IF(SUM(M$10:M11)=0,IF(COUNTA(M$10:M11)=0,"Очікую",0),SUM(M$10:M11)/$D11) | ... T12: =IF(SUM(T$10:T11)=0,IF(COUNTA(T$10:T11)=0,"Очікую",0),SUM(T$10:T11)/$D11) | U12: =IFERROR(AVERAGE($F12:T12),"Очікую")
E13: Абсолютна успішність | F13: =IF(SUM(F$10:F11)=0,IF(COUNTA(F$10:F11)=0,"Очікую",0),IF(COUNTIF(F$10:F11,">=4")=0,0,COUNTIF(F$10:F11,">=4")/$D11*100)) | G13: =IF(SUM(G$10:G11)=0,IF(COUNTA(G$10:G11)=0,"Очікую",0),IF(COUNTIF(G$10:G11,">=4")=0,0,COUNTIF(G$10:G11,">=4")/$D11*100)) | H13: =IF(SUM(H$10:H11)=0,IF(COUNTA(H$10:H11)=0,"Очікую",0),IF(COUNTIF(H$10:H11,">=4")=0,0,COUNTIF(H$10:H11,">=4")/$D11*100)) | I13: =IF(SUM(I$10:I11)=0,IF(COUNTA(I$10:I11)=0,"Очікую",0),IF(COUNTIF(I$10:I11,">=4")=0,0,COUNTIF(I$10:I11,">=4")/$D11*100)) | J13: =IF(SUM(J$10:J11)=0,IF(COUNTA(J$10:J11)=0,"Очікую",0),IF(COUNTIF(J$10:J11,">=4")=0,0,COUNTIF(J$10:J11,">=4")/$D11*100)) | K13: =IF(SUM(K$10:K11)=0,IF(COUNTA(K$10:K11)=0,"Очікую",0),IF(COUNTIF(K$10:K11,">=4")=0,0,COUNTIF(K$10:K11,">=4")/$D11*100)) | L13: =IF(SUM(L$10:L11)=0,IF(COUNTA(L$10:L11)=0,"Очікую",0),IF(COUNTIF(L$10:L11,">=4")=0,0,COUNTIF(L$10:L11,">=4")/$D11*100)) | M13: =IF(SUM(M$10:M11)=0,IF(COUNTA(M$10:M11)=0,"Очікую",0),IF(COUNTIF(M$10:M11,">=4")=0,0,COUNTIF(M$10:M11,">=4")/$D11*100)) | ... T13: =IF(SUM(T$10:T11)=0,IF(COUNTA(T$10:T11)=0,"Очікую",0),IF(COUNTIF(T$10:T11,">=4")=0,0,COUNTIF(T$10:T11,">=4")/$D11*100))
E14: Якісна успішність | F14: =IF(SUM(F$10:F11)=0,IF(COUNTA(F$10:F11)=0,"Очікую",0),IF(COUNTIF(F$10:F11,">=7")=0,0,COUNTIF(F$10:F11,">=7")/$D11*100)) | G14: =IF(SUM(G$10:G11)=0,IF(COUNTA(G$10:G11)=0,"Очікую",0),IF(COUNTIF(G$10:G11,">=7")=0,0,COUNTIF(G$10:G11,">=7")/$D11*100)) | H14: =IF(SUM(H$10:H11)=0,IF(COUNTA(H$10:H11)=0,"Очікую",0),IF(COUNTIF(H$10:H11,">=7")=0,0,COUNTIF(H$10:H11,">=7")/$D11*100)) | I14: =IF(SUM(I$10:I11)=0,IF(COUNTA(I$10:I11)=0,"Очікую",0),IF(COUNTIF(I$10:I11,">=7")=0,0,COUNTIF(I$10:I11,">=7")/$D11*100)) | J14: =IF(SUM(J$10:J11)=0,IF(COUNTA(J$10:J11)=0,"Очікую",0),IF(COUNTIF(J$10:J11,">=7")=0,0,COUNTIF(J$10:J11,">=7")/$D11*100)) | K14: =IF(SUM(K$10:K11)=0,IF(COUNTA(K$10:K11)=0,"Очікую",0),IF(COUNTIF(K$10:K11,">=7")=0,0,COUNTIF(K$10:K11,">=7")/$D11*100)) | L14: =IF(SUM(L$10:L11)=0,IF(COUNTA(L$10:L11)=0,"Очікую",0),IF(COUNTIF(L$10:L11,">=7")=0,0,COUNTIF(L$10:L11,">=7")/$D11*100)) | M14: =IF(SUM(M$10:M11)=0,IF(COUNTA(M$10:M11)=0,"Очікую",0),IF(COUNTIF(M$10:M11,">=7")=0,0,COUNTIF(M$10:M11,">=7")/$D11*100)) | ... T14: =IF(SUM(T$10:T11)=0,IF(COUNTA(T$10:T11)=0,"Очікую",0),IF(COUNTIF(T$10:T11,">=7")=0,0,COUNTIF(T$10:T11,">=7")/$D11*100))
E15: Абсолютна успішність по групі | F15: =IFERROR(AVERAGE(F13:T13),"Очікую")
E16: Якісна успішність по групі | F16: =IFERROR(AVERAGE($F14:T14),"Очікую")
E17: Кількість бюджетників | F17: =IF(COUNTIF($C$10:$C11,"=Б")=0,IF(COUNTIF($C$10:$C11,"=К")=0,"Очікую",0),COUNTIF($C$10:$C11,"=Б"))
E18: Кількість контрактників | F18: =IF(COUNTIF($C$10:$C11,"=К")=0,IF(COUNTIF($C$10:$C11,"=Б")=0,"Очікую",0),COUNTIF($C$10:$C11,"=К")) | H18: Класний керівник | P18: ='Зведена загальна'!P53
E19: Кількість соціального контингенту
E20: Вийшли на стипендію | F20: =IF(F17="Очікую","Очікую",IF(F17-COUNTIF($U$10:$U11," - ")<ROUNDDOWN(F17*0.4,0),F17-COUNTIF($U$10:$U11," - "),ROUNDDOWN(F17*0.4,0))) | H20: Завідувач відділення ПЗСО | P20: Маргарита БРІТІКОВА
