Workbook
Name A1048577: #REF!
Name A1048577: #REF!
Name A1048577: #REF!
Name A1048577: #REF!
Name A1048577: #REF!
Name A1048577: #REF!
Name A1048577: #REF!
Name Ф80: #REF!
Name Ф80: #REF!
Name Ф80: #REF!
Name Ф80: #REF!
Name Ф80: #REF!
Name Ф80: #REF!
Name Ф80: #REF!

Sheet 25-1
A1: S
D3: Міністерство освіти і науки України
D4: Відокремлений структурний підрозділ "Фаховий коледж нафтогазових технологій, інженерії та інфраструктури сервісу Одеського національного технологічного університету"
C5: ВІДОМІСТЬ ОБЛІКУ ГОДИН РОБОТИ ВИКЛАДАЧА
C7: за березень 2026 р.
C8: Спеціальнiсть D5, G13, J2, J3, E2 курс І група 25-1
C10: № | D10: Предмети | E10: Прізвище та ініціали викладача | F10: Числа місяця | AJ10: Дано годин | AK10: Примітка
F11: 2 | G11: 3 | H11: 4 | I11: 5 | J11: 6 | K11: 7 | L11: 8 | M11: 9 | N11: 10 | O11: 11 | P11: 12 | Q11: 13 | R11: 14 | S11: 15 | T11: 16 | U11: 17 | V11: 18 | W11: 19 | X11: 20 | Y11: 21 | Z11: 22 | AA11: 23 | AB11: 24 | AC11: 25 | AD11: 26 | AE11: 27 | AF11: 28 | AG11: 29 | AH11: 30 | AI11: 31
C12: 1 | D12: Астрономія | E12: Наговська Т.С. | F12: 2 | M12: 2 | T12: 2 | AA12: 2 | AH12: 2 | AJ12: =IF(SUM(OFFSET(AJ12,0,-1):OFFSET(E12,0,1))=0,"Очікую",SUM(OFFSET(AJ12,0,-1):OFFSET(E12,0,1))) -> 10
C13: 2 | D13: Біологія | E13: Войницька І.Г. | J13: 4 | Q13: 2 | X13: 4 | AE13: 2 | AJ13: =IF(SUM(OFFSET(AJ13,0,-1):OFFSET(E13,0,1))=0,"Очікую",SUM(OFFSET(AJ13,0,-1):OFFSET(E13,0,1))) -> 12
C14: 3 | D14: Всесвітня Історія | E14: Мельничук С.А. | I14: 2 | P14: 2 | W14: 2 | AD14: 2 | AJ14: =IF(SUM(OFFSET(AJ14,0,-1):OFFSET(E14,0,1))=0,"Очікую",SUM(OFFSET(AJ14,0,-1):OFFSET(E14,0,1))) -> 8
C15: 4 | D15: Географія | E15: Наговська Т.С. | H15: 2 | O15: 2 | V15: 2 | AC15: 2 | AJ15: =IF(SUM(OFFSET(AJ15,0,-1):OFFSET(E15,0,1))=0,"Очікую",SUM(OFFSET(AJ15,0,-1):OFFSET(E15,0,1))) -> 8
C16: 5 | D16: Зарубіжна література | E16: Бабенко Л.Е. | G16: 2 | N16: 2 | U16: 2 | AB16: 2 | AI16: 2 | AJ16: =IF(SUM(OFFSET(AJ16,0,-1):OFFSET(E16,0,1))=0,"Очікую",SUM(OFFSET(AJ16,0,-1):OFFSET(E16,0,1))) -> 10
C17: 6 | D17: Захист України | E17: Лазар В.І. | I17: 2 | P17: 2 | Q17: 2 | W17: 2 | AD17: 2 | AE17: 2 | AJ17: =IF(SUM(OFFSET(AJ17,0,-1):OFFSET(E17,0,1))=0,"Очікую",SUM(OFFSET(AJ17,0,-1):OFFSET(E17,0,1))) -> 12
C18: 7 | D18: Іноземна мова | E18: Нічик Н.О. | J18: 2 | Q18: 2 | X18: 2 | AE18: 2 | AJ18: =IF(SUM(OFFSET(AJ18,0,-1):OFFSET(E18,0,1))=0,"Очікую",SUM(OFFSET(AJ18,0,-1):OFFSET(E18,0,1))) -> 8
C19: 8 | D19: Інформатика | E19: Андрльє І.О. | H19: 2 | V19: 2 | AJ19: =IF(SUM(OFFSET(AJ19,0,-1):OFFSET(E19,0,1))=0,"Очікую",SUM(OFFSET(AJ19,0,-1):OFFSET(E19,0,1))) -> 4
C20: 9 | D20: Історія України | E20: Левчук Т.Г. | G20: 2 | N20: 2 | U20: 2 | AB20: 2 | AI20: 2 | AJ20: =IF(SUM(OFFSET(AJ20,0,-1):OFFSET(E20,0,1))=0,"Очікую",SUM(OFFSET(AJ20,0,-1):OFFSET(E20,0,1))) -> 10
C21: 10 | D21: Математика | E21: Бондаренко О.С. | G21: 4 | N21: 2 | U21: 4 | AB21: 2 | AI21: 4 | AJ21: =IF(SUM(OFFSET(AJ21,0,-1):OFFSET(E21,0,1))=0,"Очікую",SUM(OFFSET(AJ21,0,-1):OFFSET(E21,0,1))) -> 16
C22: 11 | D22: Українська література | E22: Юрченко О.Б. | I22: 2 | P22: 2 | W22: 2 | AD22: 2 | AJ22: =IF(SUM(OFFSET(AJ22,0,-1):OFFSET(E22,0,1))=0,"Очікую",SUM(OFFSET(AJ22,0,-1):OFFSET(E22,0,1))) -> 8
C23: 12 | D23: Українська мова | E23: Юрченко О.Б. | I23: 2 | P23: 2 | W23: 2 | AD23: 2 | AJ23: =IF(SUM(OFFSET(AJ23,0,-1):OFFSET(E23,0,1))=0,"Очікую",SUM(OFFSET(AJ23,0,-1):OFFSET(E23,0,1))) -> 8
C24: 13 | D24: Фізика | E24: Калюта Н.М. | F24: 2 | M24: 2 | T24: 2 | AA24: 2 | AH24: 2 | AJ24: =IF(SUM(OFFSET(AJ24,0,-1):OFFSET(E24,0,1))=0,"Очікую",SUM(OFFSET(AJ24,0,-1):OFFSET(E24,0,1))) -> 10
C25: 14 | D25: Фізична культура | E25: Возіян О.Г. | F25: 2 | J25: 2 | M25: 2 | T25: 2 | X25: 2 | AA25: 2 | AH25: 2 | AJ25: =IF(SUM(OFFSET(AJ25,0,-1):OFFSET(E25,0,1))=0,"Очікую",SUM(OFFSET(AJ25,0,-1):OFFSET(E25,0,1))) -> 14
C26: 15 | D26: Хімія | E26: Сахно Н.О. | H26: 2 | O26: 2 | V26: 2 | AC26: 2 | AJ26: =IF(SUM(OFFSET(AJ26,0,-1):OFFSET(E26,0,1))=0,"Очікую",SUM(OFFSET(AJ26,0,-1):OFFSET(E26,0,1))) -> 8
F27: =IF($AJ27="Очікую","Оч",SUM(OFFSET(F27,-1,0):OFFSET(F11,1,0))) -> 6 | G27: =IF($AJ27="Очікую","Оч",SUM(OFFSET(G27,-1,0):OFFSET(G11,1,0))) -> 8 | H27: =IF($AJ27="Очікую","Оч",SUM(OFFSET(H27,-1,0):OFFSET(H11,1,0))) -> 6 | I27: =IF($AJ27="Очікую","Оч",SUM(OFFSET(I27,-1,0):OFFSET(I11,1,0))) -> 8 | J27: =IF($AJ27="Очікую","Оч",SUM(OFFSET(J27,-1,0):OFFSET(J11,1,0))) -> 8 | K27: =IF($AJ27="Очікую","Оч",SUM(OFFSET(K27,-1,0):OFFSET(K11,1,0))) -> 0 | L27: =IF($AJ27="Очікую","Оч",SUM(OFFSET(L27,-1,0):OFFSET(L11,1,0))) -> 0 | M27: =IF($AJ27="Очікую","Оч",SUM(OFFSET(M27,-1,0):OFFSET(M11,1,0))) -> 6 | ... AI27: =IF($AJ27="Очікую","Оч",SUM(OFFSET(AI27,-1,0):OFFSET(AI11,1,0))) -> 8 | AJ27: =IF(SUM(OFFSET(AJ27,-1,0):OFFSET(AJ11,1,0))=0,"Очікую",SUM(OFFSET(AJ27,-1,0):OFFSET(AJ11,1,0))) -> 146
C30: Завідувачка відділення ПЗСО ______________ Маргарита БРІТІКОВА

Sheet 25-2
A1: S
D3: Міністерство освіти і науки України
D4: Відокремлений структурний підрозділ "Фаховий коледж нафтогазових технологій, інженерії та інфраструктури сервісу Одеського національного технологічного університету"
C5: ВІДОМІСТЬ ОБЛІКУ ГОДИН РОБОТИ ВИКЛАДАЧА
C7: за березень 2026 р.
C8: Спеціальнiсть D7, G16, G1 курс І група 25-2
C10: № | D10: Предмети | E10: Прізвище та ініціали викладача | F10: Числа місяця | AJ10: Дано годин | AK10: Примітка
F11: 2 | G11: 3 | H11: 4 | I11: 5 | J11: 6 | K11: 7 | L11: 8 | M11: 9 | N11: 10 | O11: 11 | P11: 12 | Q11: 13 | R11: 14 | S11: 15 | T11: 16 | U11: 17 | V11: 18 | W11: 19 | X11: 20 | Y11: 21 | Z11: 22 | AA11: 23 | AB11: 24 | AC11: 25 | AD11: 26 | AE11: 27 | AF11: 28 | AG11: 29 | AH11: 30 | AI11: 31
C12: 1 | D12: Астрономія | E12: Наговська Т.С. | F12: 2 | M12: 2 | T12: 2 | AA12: 2 | AH12: 2 | AJ12: =IF(SUM(OFFSET(AJ12,0,-1):OFFSET(E12,0,1))=0,"Очікую",SUM(OFFSET(AJ12,0,-1):OFFSET(E12,0,1))) -> 10
C13: 2 | D13: Біологія | E13: Войницька І.Г. | I13: 2 | J13: 2 | P13: 2 | W13: 2 | X13: 2 | AD13: 2 | AJ13: =IF(SUM(OFFSET(AJ13,0,-1):OFFSET(E13,0,1))=0,"Очікую",SUM(OFFSET(AJ13,0,-1):OFFSET(E13,0,1))) -> 12
C14: 3 | D14: Всесвітня Історія | E14: Мельничук С.А. | F14: 2 | M14: 2 | T14: 2 | AA14: 2 | AH14: 2 | AJ14: =IF(SUM(OFFSET(AJ14,0,-1):OFFSET(E14,0,1))=0,"Очікую",SUM(OFFSET(AJ14,0,-1):OFFSET(E14,0,1))) -> 10
C15: 4 | D15: Географія | E15: Наговська Т.С. | H15: 2 | O15: 2 | V15: 2 | AC15: 2 | AJ15: =IF(SUM(OFFSET(AJ15,0,-1):OFFSET(E15,0,1))=0,"Очікую",SUM(OFFSET(AJ15,0,-1):OFFSET(E15,0,1))) -> 8
C16: 5 | D16: Зарубіжна література | E16: Бабенко Л.Е. | I16: 2 | P16: 2 | W16: 2 | AD16: 2 | AJ16: =IF(SUM(OFFSET(AJ16,0,-1):OFFSET(E16,0,1))=0,"Очікую",SUM(OFFSET(AJ16,0,-1):OFFSET(E16,0,1))) -> 8
C17: 6 | D17: Захист України | E17: Лазар В.І. | G17: 2 | I17: 2 | P17: 2 | R17: 2 | U17: 2 | W17: 2 | AD17: 2 | AI17: 2 | AJ17: =IF(SUM(OFFSET(AJ17,0,-1):OFFSET(E17,0,1))=0,"Очікую",SUM(OFFSET(AJ17,0,-1):OFFSET(E17,0,1))) -> 16
C18: 7 | D18: Іноземна мова | E18: Нічик Н.О. | I18: 2 | P18: 2 | W18: 2 | AD18: 2 | AJ18: =IF(SUM(OFFSET(AJ18,0,-1):OFFSET(E18,0,1))=0,"Очікую",SUM(OFFSET(AJ18,0,-1):OFFSET(E18,0,1))) -> 8
C19: 8 | D19: Інформатика | E19: Андрльє І.О. | Q19: 2 | AE19: 2 | AJ19: =IF(SUM(OFFSET(AJ19,0,-1):OFFSET(E19,0,1))=0,"Очікую",SUM(OFFSET(AJ19,0,-1):OFFSET(E19,0,1))) -> 4
C20: 9 | D20: Історія України | E20: Левчук Т.Г. | G20: 2 | N20: 2 | U20: 2 | AB20: 2 | AI20: 2 | AJ20: =IF(SUM(OFFSET(AJ20,0,-1):OFFSET(E20,0,1))=0,"Очікую",SUM(OFFSET(AJ20,0,-1):OFFSET(E20,0,1))) -> 10
C21: 10 | D21: Математика | E21: Бондаренко О.С. | G21: 2 | N21: 4 | U21: 2 | AB21: 4 | AI21: 2 | AJ21: =IF(SUM(OFFSET(AJ21,0,-1):OFFSET(E21,0,1))=0,"Очікую",SUM(OFFSET(AJ21,0,-1):OFFSET(E21,0,1))) -> 14
C22: 11 | D22: Українська література | E22: Антропова Л.І. | H22: 2 | O22: 2 | V22: 2 | AC22: 2 | AJ22: =IF(SUM(OFFSET(AJ22,0,-1):OFFSET(E22,0,1))=0,"Очікую",SUM(OFFSET(AJ22,0,-1):OFFSET(E22,0,1))) -> 8
C23: 12 | D23: Українська мова | E23: Антропова Л.І. | H23: 2 | O23: 2 | V23: 2 | AC23: 2 | AJ23: =IF(SUM(OFFSET(AJ23,0,-1):OFFSET(E23,0,1))=0,"Очікую",SUM(OFFSET(AJ23,0,-1):OFFSET(E23,0,1))) -> 8
C24: 13 | D24: Фізика | E24: Калюта Н.М. | F24: 2 | M24: 2 | T24: 2 | AA24: 2 | AH24: 2 | AJ24: =IF(SUM(OFFSET(AJ24,0,-1):OFFSET(E24,0,1))=0,"Очікую",SUM(OFFSET(AJ24,0,-1):OFFSET(E24,0,1))) -> 10
C25: 14 | D25: Фізична культура | E25: Возіян О.Г. | J25: 2 | Q25: 4 | X25: 2 | AE25: 4 | AJ25: =IF(SUM(OFFSET(AJ25,0,-1):OFFSET(E25,0,1))=0,"Очікую",SUM(OFFSET(AJ25,0,-1):OFFSET(E25,0,1))) -> 12
C26: 15 | D26: Хімія | E26: Сахно Н.О. | H26: 2 | O26: 2 | V26: 2 | AC26: 2 | AJ26: =IF(SUM(OFFSET(AJ26,0,-1):OFFSET(E26,0,1))=0,"Очікую",SUM(OFFSET(AJ26,0,-1):OFFSET(E26,0,1))) -> 8
F27: =IF($AJ27="Очікую","Оч",SUM(OFFSET(F27,-1,0):OFFSET(F11,1,0))) -> 6 | G27: =IF($AJ27="Очікую","Оч",SUM(OFFSET(G27,-1,0):OFFSET(G11,1,0))) -> 6 | H27: =IF($AJ27="Очікую","Оч",SUM(OFFSET(H27,-1,0):OFFSET(H11,1,0))) -> 8 | I27: =IF($AJ27="Очікую","Оч",SUM(OFFSET(I27,-1,0):OFFSET(I11,1,0))) -> 8 | J27: =IF($AJ27="Очікую","Оч",SUM(OFFSET(J27,-1,0):OFFSET(J11,1,0))) -> 4 | K27: =IF($AJ27="Очікую","Оч",SUM(OFFSET(K27,-1,0):OFFSET(K11,1,0))) -> 0 | L27: =IF($AJ27="Очікую","Оч",SUM(OFFSET(L27,-1,0):OFFSET(L11,1,0))) -> 0 | M27: =IF($AJ27="Очікую","Оч",SUM(OFFSET(M27,-1,0):OFFSET(M11,1,0))) -> 6 | ... AI27: =IF($AJ27="Очікую","Оч",SUM(OFFSET(AI27,-1,0):OFFSET(AI11,1,0))) -> 6 | AJ27: =IF(SUM(OFFSET(AJ27,-1,0):OFFSET(AJ11,1,0))=0,"Очікую",SUM(OFFSET(AJ27,-1,0):OFFSET(AJ11,1,0))) -> 146
C30: Завідувачка відділення ПЗСО ______________ Маргарита БРІТІКОВА

Sheet 25-3
A1: S
D3: Міністерство освіти і науки України
D4: Відокремлений структурний підрозділ "Фаховий коледж нафтогазових технологій, інженерії та інфраструктури сервісу Одеського національного технологічного університету"
C5: ВІДОМІСТЬ ОБЛІКУ ГОДИН РОБОТИ ВИКЛАДАЧА
C7: за березень 2026 р.
C8: Спеціальнiсть E2, G1, G7 курс І група 25-3
C10: № | D10: Предмети | E10: Прізвище та ініціали викладача | F10: Числа місяця | AJ10: Дано годин | AK10: Примітка
F11: 2 | G11: 3 | H11: 4 | I11: 5 | J11: 6 | K11: 7 | L11: 8 | M11: 9 | N11: 10 | O11: 11 | P11: 12 | Q11: 13 | R11: 14 | S11: 15 | T11: 16 | U11: 17 | V11: 18 | W11: 19 | X11: 20 | Y11: 21 | Z11: 22 | AA11: 23 | AB11: 24 | AC11: 25 | AD11: 26 | AE11: 27 | AF11: 28 | AG11: 29 | AH11: 30 | AI11: 31
C12: 1 | D12: Астрономія | E12: Наговська Т.С. | I12: 2 | P12: 2 | W12: 2 | AD12: 2 | AJ12: =IF(SUM(OFFSET(AJ12,0,-1):OFFSET(E12,0,1))=0,"Очікую",SUM(OFFSET(AJ12,0,-1):OFFSET(E12,0,1))) -> 8
C13: 2 | D13: Біологія | E13: Войницька І.Г. | I13: 2 | P13: 2 | Q13: 2 | W13: 2 | AD13: 2 | AE13: 2 | AJ13: =IF(SUM(OFFSET(AJ13,0,-1):OFFSET(E13,0,1))=0,"Очікую",SUM(OFFSET(AJ13,0,-1):OFFSET(E13,0,1))) -> 12
C14: 3 | D14: Всесвітня Історія | E14: Мельничук С.А. | F14: 2 | M14: 2 | T14: 2 | AA14: 2 | AH14: 2 | AJ14: =IF(SUM(OFFSET(AJ14,0,-1):OFFSET(E14,0,1))=0,"Очікую",SUM(OFFSET(AJ14,0,-1):OFFSET(E14,0,1))) -> 10
C15: 4 | D15: Географія | E15: Наговська Т.С. | F15: 2 | M15: 2 | T15: 2 | AA15: 2 | AH15: 2 | AJ15: =IF(SUM(OFFSET(AJ15,0,-1):OFFSET(E15,0,1))=0,"Очікую",SUM(OFFSET(AJ15,0,-1):OFFSET(E15,0,1))) -> 10
C16: 5 | D16: Зарубіжна література | E16: Бабенко Л.Е. | I16: 2 | P16: 2 | W16: 2 | AD16: 2 | AJ16: =IF(SUM(OFFSET(AJ16,0,-1):OFFSET(E16,0,1))=0,"Очікую",SUM(OFFSET(AJ16,0,-1):OFFSET(E16,0,1))) -> 8
C17: 6 | D17: Захист України | E17: Лазар В.І. | H17: 2 | J17: 2 | Q17: 2 | R17: 2 | V17: 2 | X17: 2 | AE17: 2 | AJ17: =IF(SUM(OFFSET(AJ17,0,-1):OFFSET(E17,0,1))=0,"Очікую",SUM(OFFSET(AJ17,0,-1):OFFSET(E17,0,1))) -> 14
C18: 7 | D18: Іноземна мова | E18: Нічик Н.О. | I18: 2 | P18: 2 | W18: 2 | AD18: 2 | AJ18: =IF(SUM(OFFSET(AJ18,0,-1):OFFSET(E18,0,1))=0,"Очікую",SUM(OFFSET(AJ18,0,-1):OFFSET(E18,0,1))) -> 8
C19: 8 | D19: Інформатика | E19: Андрльє І.О. | O19: 2 | AC19: 2 | AJ19: =IF(SUM(OFFSET(AJ19,0,-1):OFFSET(E19,0,1))=0,"Очікую",SUM(OFFSET(AJ19,0,-1):OFFSET(E19,0,1))) -> 4
C20: 9 | D20: Історія України | E20: Левчук Т.Г. | G20: 2 | N20: 2 | U20: 2 | AB20: 2 | AI20: 2 | AJ20: =IF(SUM(OFFSET(AJ20,0,-1):OFFSET(E20,0,1))=0,"Очікую",SUM(OFFSET(AJ20,0,-1):OFFSET(E20,0,1))) -> 10
C21: 10 | D21: Математика | E21: Земляна Н.М. | F21: 4 | M21: 2 | T21: 4 | AA21: 2 | AH21: 4 | AJ21: =IF(SUM(OFFSET(AJ21,0,-1):OFFSET(E21,0,1))=0,"Очікую",SUM(OFFSET(AJ21,0,-1):OFFSET(E21,0,1))) -> 16
C22: 11 | D22: Українська література | E22: Юрченко О.Б. | G22: 2 | N22: 2 | U22: 2 | AB22: 2 | AI22: 2 | AJ22: =IF(SUM(OFFSET(AJ22,0,-1):OFFSET(E22,0,1))=0,"Очікую",SUM(OFFSET(AJ22,0,-1):OFFSET(E22,0,1))) -> 10
C23: 12 | D23: Українська мова | E23: Юрченко О.Б. | G23: 2 | N23: 2 | U23: 2 | AB23: 2 | AI23: 2 | AJ23: =IF(SUM(OFFSET(AJ23,0,-1):OFFSET(E23,0,1))=0,"Очікую",SUM(OFFSET(AJ23,0,-1):OFFSET(E23,0,1))) -> 10
C24: 13 | D24: Фізика | E24: Калюта Н.М. | J24: 2 | Q24: 2 | X24: 2 | AE24: 2 | AJ24: =IF(SUM(OFFSET(AJ24,0,-1):OFFSET(E24,0,1))=0,"Очікую",SUM(OFFSET(AJ24,0,-1):OFFSET(E24,0,1))) -> 8
C25: 14 | D25: Фізична культура | E25: Галеніна І.С. | G25: 2 | J25: 2 | N25: 2 | U25: 2 | X25: 2 | AB25: 2 | AI25: 2 | AJ25: =IF(SUM(OFFSET(AJ25,0,-1):OFFSET(E25,0,1))=0,"Очікую",SUM(OFFSET(AJ25,0,-1):OFFSET(E25,0,1))) -> 14
C26: 15 | D26: Хімія | E26: Сахно Н.О. | H26: 2 | O26: 2 | V26: 2 | AC26: 2 | AJ26: =IF(SUM(OFFSET(AJ26,0,-1):OFFSET(E26,0,1))=0,"Очікую",SUM(OFFSET(AJ26,0,-1):OFFSET(E26,0,1))) -> 8
F27: =IF($AJ27="Очікую","Оч",SUM(OFFSET(F27,-1,0):OFFSET(F11,1,0))) -> 8 | G27: =IF($AJ27="Очікую","Оч",SUM(OFFSET(G27,-1,0):OFFSET(G11,1,0))) -> 8 | H27: =IF($AJ27="Очікую","Оч",SUM(OFFSET(H27,-1,0):OFFSET(H11,1,0))) -> 4 | I27: =IF($AJ27="Очікую","Оч",SUM(OFFSET(I27,-1,0):OFFSET(I11,1,0))) -> 8 | J27: =IF($AJ27="Очікую","Оч",SUM(OFFSET(J27,-1,0):OFFSET(J11,1,0))) -> 6 | K27: =IF($AJ27="Очікую","Оч",SUM(OFFSET(K27,-1,0):OFFSET(K11,1,0))) -> 0 | L27: =IF($AJ27="Очікую","Оч",SUM(OFFSET(L27,-1,0):OFFSET(L11,1,0))) -> 0 | M27: =IF($AJ27="Очікую","Оч",SUM(OFFSET(M27,-1,0):OFFSET(M11,1,0))) -> 6 | ... AI27: =IF($AJ27="Очікую","Оч",SUM(OFFSET(AI27,-1,0):OFFSET(AI11,1,0))) -> 8 | AJ27: =IF(SUM(OFFSET(AJ27,-1,0):OFFSET(AJ11,1,0))=0,"Очікую",SUM(OFFSET(AJ27,-1,0):OFFSET(AJ11,1,0))) -> 150
C30: Завідувачка відділення ПЗСО ______________ Маргарита БРІТІКОВА

Sheet 25-4
A1: S
D3: Міністерство освіти і науки України
D4: Відокремлений структурний підрозділ "Фаховий коледж нафтогазових технологій, інженерії та інфраструктури сервісу Одеського національного технологічного університету"
C5: ВІДОМІСТЬ ОБЛІКУ ГОДИН РОБОТИ ВИКЛАДАЧА
C7: за березень 2026 р.
C8: Спеціальнiсть G3, G5 курс І група 25-4
C10: № | D10: Предмети | E10: Прізвище та ініціали викладача | F10: Числа місяця | AJ10: Дано годин | AK10: Примітка
F11: 2 | G11: 3 | H11: 4 | I11: 5 | J11: 6 | K11: 7 | L11: 8 | M11: 9 | N11: 10 | O11: 11 | P11: 12 | Q11: 13 | R11: 14 | S11: 15 | T11: 16 | U11: 17 | V11: 18 | W11: 19 | X11: 20 | Y11: 21 | Z11: 22 | AA11: 23 | AB11: 24 | AC11: 25 | AD11: 26 | AE11: 27 | AF11: 28 | AG11: 29 | AH11: 30 | AI11: 31
C12: 1 | D12: Астрономія | E12: Наговська Т.С. | I12: 2 | P12: 2 | W12: 2 | AD12: 2 | AJ12: =IF(SUM(OFFSET(AJ12,0,-1):OFFSET(E12,0,1))=0,"Очікую",SUM(OFFSET(AJ12,0,-1):OFFSET(E12,0,1))) -> 8
C13: 2 | D13: Біологія | E13: Войницька І.Г. | I13: 2 | J13: 2 | Q13: 2 | W13: 2 | X13: 2 | AE13: 2 | AJ13: =IF(SUM(OFFSET(AJ13,0,-1):OFFSET(E13,0,1))=0,"Очікую",SUM(OFFSET(AJ13,0,-1):OFFSET(E13,0,1))) -> 12
C14: 3 | D14: Всесвітня Історія | E14: Мельничук С.А. | F14: 2 | M14: 2 | T14: 2 | AA14: 2 | AH14: 2 | AJ14: =IF(SUM(OFFSET(AJ14,0,-1):OFFSET(E14,0,1))=0,"Очікую",SUM(OFFSET(AJ14,0,-1):OFFSET(E14,0,1))) -> 10
C15: 4 | D15: Географія | E15: Наговська Т.С. | F15: 2 | M15: 2 | T15: 2 | AA15: 2 | AH15: 2 | AJ15: =IF(SUM(OFFSET(AJ15,0,-1):OFFSET(E15,0,1))=0,"Очікую",SUM(OFFSET(AJ15,0,-1):OFFSET(E15,0,1))) -> 10
C16: 5 | D16: Зарубіжна література | E16: Бабенко Л.Е. | I16: 2 | P16: 2 | W16: 2 | AD16: 2 | AJ16: =IF(SUM(OFFSET(AJ16,0,-1):OFFSET(E16,0,1))=0,"Очікую",SUM(OFFSET(AJ16,0,-1):OFFSET(E16,0,1))) -> 8
C17: 6 | D17: Захист України | E17: Лазар В.І. | H17: 2 | N17: 2 | O17: 2 | V17: 2 | AB17: 2 | AC17: 2 | AJ17: =IF(SUM(OFFSET(AJ17,0,-1):OFFSET(E17,0,1))=0,"Очікую",SUM(OFFSET(AJ17,0,-1):OFFSET(E17,0,1))) -> 12
C18: 7 | D18: Іноземна мова | E18: Нічик Н.О. | I18: 2 | P18: 2 | W18: 2 | AD18: 2 | AJ18: =IF(SUM(OFFSET(AJ18,0,-1):OFFSET(E18,0,1))=0,"Очікую",SUM(OFFSET(AJ18,0,-1):OFFSET(E18,0,1))) -> 8
C19: 8 | D19: Інформатика | E19: Андрльє І.О. | P19: 2 | AD19: 2 | AJ19: =IF(SUM(OFFSET(AJ19,0,-1):OFFSET(E19,0,1))=0,"Очікую",SUM(OFFSET(AJ19,0,-1):OFFSET(E19,0,1))) -> 4
C20: 9 | D20: Історія України | E20: Левчук Т.Г. | H20: 2 | O20: 2 | V20: 2 | AC20: 2 | AJ20: =IF(SUM(OFFSET(AJ20,0,-1):OFFSET(E20,0,1))=0,"Очікую",SUM(OFFSET(AJ20,0,-1):OFFSET(E20,0,1))) -> 8
C21: 10 | D21: Математика | E21: Земляна Н.М. | F21: 2 | M21: 4 | T21: 2 | AA21: 4 | AH21: 2 | AJ21: =IF(SUM(OFFSET(AJ21,0,-1):OFFSET(E21,0,1))=0,"Очікую",SUM(OFFSET(AJ21,0,-1):OFFSET(E21,0,1))) -> 14
C22: 11 | D22: Українська література | E22: Антропова Л.І. | H22: 2 | O22: 2 | V22: 2 | AC22: 2 | AJ22: =IF(SUM(OFFSET(AJ22,0,-1):OFFSET(E22,0,1))=0,"Очікую",SUM(OFFSET(AJ22,0,-1):OFFSET(E22,0,1))) -> 8
C23: 12 | D23: Українська мова | E23: Антропова Л.І. | H23: 2 | O23: 2 | V23: 2 | AC23: 2 | AJ23: =IF(SUM(OFFSET(AJ23,0,-1):OFFSET(E23,0,1))=0,"Очікую",SUM(OFFSET(AJ23,0,-1):OFFSET(E23,0,1))) -> 8
C24: 13 | D24: Фізика | E24: Калюта Н.М. | J24: 2 | Q24: 2 | X24: 2 | AE24: 2 | AJ24: =IF(SUM(OFFSET(AJ24,0,-1):OFFSET(E24,0,1))=0,"Очікую",SUM(OFFSET(AJ24,0,-1):OFFSET(E24,0,1))) -> 8
C25: 14 | D25: Фізична культура | E25: Галеніна І.С. | G25: 2 | N25: 2 | Q25: 2 | U25: 2 | AB25: 2 | AE25: 2 | AI25: 2 | AJ25: =IF(SUM(OFFSET(AJ25,0,-1):OFFSET(E25,0,1))=0,"Очікую",SUM(OFFSET(AJ25,0,-1):OFFSET(E25,0,1))) -> 14
C26: 15 | D26: Хімія | E26: Пономарьов К.М. | G26: 2 | N26: 2 | U26: 2 | AB26: 2 | AI26: 2 | AJ26: =IF(SUM(OFFSET(AJ26,0,-1):OFFSET(E26,0,1))=0,"Очікую",SUM(OFFSET(AJ26,0,-1):OFFSET(E26,0,1))) -> 10
F27: =IF($AJ27="Очікую","Оч",SUM(OFFSET(F27,-1,0):OFFSET(F11,1,0))) -> 6 | G27: =IF($AJ27="Очікую","Оч",SUM(OFFSET(G27,-1,0):OFFSET(G11,1,0))) -> 4 | H27: =IF($AJ27="Очікую","Оч",SUM(OFFSET(H27,-1,0):OFFSET(H11,1,0))) -> 8 | I27: =IF($AJ27="Очікую","Оч",SUM(OFFSET(I27,-1,0):OFFSET(I11,1,0))) -> 8 | J27: =IF($AJ27="Очікую","Оч",SUM(OFFSET(J27,-1,0):OFFSET(J11,1,0))) -> 4 | K27: =IF($AJ27="Очікую","Оч",SUM(OFFSET(K27,-1,0):OFFSET(K11,1,0))) -> 0 | L27: =IF($AJ27="Очікую","Оч",SUM(OFFSET(L27,-1,0):OFFSET(L11,1,0))) -> 0 | M27: =IF($AJ27="Очікую","Оч",SUM(OFFSET(M27,-1,0):OFFSET(M11,1,0))) -> 8 | ... AI27: =IF($AJ27="Очікую","Оч",SUM(OFFSET(AI27,-1,0):OFFSET(AI11,1,0))) -> 4 | AJ27: =IF(SUM(OFFSET(AJ27,-1,0):OFFSET(AJ11,1,0))=0,"Очікую",SUM(OFFSET(AJ27,-1,0):OFFSET(AJ11,1,0))) -> 142
C30: Завідувачка відділення ПЗСО ______________ Маргарита БРІТІКОВА

Sheet 25-5
A1: S
D3: Міністерство освіти і науки України
D4: Відокремлений структурний підрозділ "Фаховий коледж нафтогазових технологій, інженерії та інфраструктури сервісу Одеського національного технологічного університету"
C5: ВІДОМІСТЬ ОБЛІКУ ГОДИН РОБОТИ ВИКЛАДАЧА
C7: за березень 2026 р.
C8: Спеціальнiсть G13, J2, J3 курс І група 25-5
C10: № | D10: Предмети | E10: Прізвище та ініціали викладача | F10: Числа місяця | AJ10: Дано годин | AK10: Примітка
F11: 2 | G11: 3 | H11: 4 | I11: 5 | J11: 6 | K11: 7 | L11: 8 | M11: 9 | N11: 10 | O11: 11 | P11: 12 | Q11: 13 | R11: 14 | S11: 15 | T11: 16 | U11: 17 | V11: 18 | W11: 19 | X11: 20 | Y11: 21 | Z11: 22 | AA11: 23 | AB11: 24 | AC11: 25 | AD11: 26 | AE11: 27 | AF11: 28 | AG11: 29 | AH11: 30 | AI11: 31
C12: 1 | D12: Астрономія | E12: Наговська Т.С. | I12: 2 | P12: 2 | W12: 2 | AD12: 2 | AJ12: =IF(SUM(OFFSET(AJ12,0,-1):OFFSET(E12,0,1))=0,"Очікую",SUM(OFFSET(AJ12,0,-1):OFFSET(E12,0,1))) -> 8
C13: 2 | D13: Біологія | E13: Войницька І.Г. | I13: 2 | P13: 2 | Q13: 2 | W13: 2 | AD13: 2 | AE13: 2 | AJ13: =IF(SUM(OFFSET(AJ13,0,-1):OFFSET(E13,0,1))=0,"Очікую",SUM(OFFSET(AJ13,0,-1):OFFSET(E13,0,1))) -> 12
C14: 3 | D14: Всесвітня Історія | E14: Мельничук С.А. | F14: 2 | M14: 2 | T14: 2 | AA14: 2 | AH14: 2 | AJ14: =IF(SUM(OFFSET(AJ14,0,-1):OFFSET(E14,0,1))=0,"Очікую",SUM(OFFSET(AJ14,0,-1):OFFSET(E14,0,1))) -> 10
C15: 4 | D15: Географія | E15: Наговська Т.С. | H15: 2 | O15: 2 | V15: 2 | AC15: 2 | AJ15: =IF(SUM(OFFSET(AJ15,0,-1):OFFSET(E15,0,1))=0,"Очікую",SUM(OFFSET(AJ15,0,-1):OFFSET(E15,0,1))) -> 8
C16: 5 | D16: Зарубіжна література | E16: Бабенко Л.Е. | I16: 2 | P16: 2 | W16: 2 | AD16: 2 | AJ16: =IF(SUM(OFFSET(AJ16,0,-1):OFFSET(E16,0,1))=0,"Очікую",SUM(OFFSET(AJ16,0,-1):OFFSET(E16,0,1))) -> 8
C17: 6 | D17: Захист України | E17: Лазар В.І. | F17: 2 | J17: 2 | M17: 2 | R17: 2 | T17: 2 | X17: 2 | AA17: 2 | AH17: 2 | AJ17: =IF(SUM(OFFSET(AJ17,0,-1):OFFSET(E17,0,1))=0,"Очікую",SUM(OFFSET(AJ17,0,-1):OFFSET(E17,0,1))) -> 16
C18: 7 | D18: Іноземна мова | E18: Нічик Н.О. | I18: 2 | P18: 2 | W18: 2 | AD18: 2 | AJ18: =IF(SUM(OFFSET(AJ18,0,-1):OFFSET(E18,0,1))=0,"Очікую",SUM(OFFSET(AJ18,0,-1):OFFSET(E18,0,1))) -> 8
C19: 8 | D19: Інформатика | E19: Андрльє І.О. | Q19: 2 | AE19: 2 | AJ19: =IF(SUM(OFFSET(AJ19,0,-1):OFFSET(E19,0,1))=0,"Очікую",SUM(OFFSET(AJ19,0,-1):OFFSET(E19,0,1))) -> 4
C20: 9 | D20: Історія України | E20: Левчук Т.Г. | H20: 2 | O20: 2 | V20: 2 | AC20: 2 | AJ20: =IF(SUM(OFFSET(AJ20,0,-1):OFFSET(E20,0,1))=0,"Очікую",SUM(OFFSET(AJ20,0,-1):OFFSET(E20,0,1))) -> 8
C21: 10 | D21: Математика | E21: Земляна Н.М. | G21: 4 | N21: 2 | U21: 4 | AB21: 2 | AI21: 4 | AJ21: =IF(SUM(OFFSET(AJ21,0,-1):OFFSET(E21,0,1))=0,"Очікую",SUM(OFFSET(AJ21,0,-1):OFFSET(E21,0,1))) -> 16
C22: 11 | D22: Українська література | E22: Юрченко О.Б. | F22: 2 | M22: 2 | T22: 2 | AA22: 2 | AH22: 2 | AJ22: =IF(SUM(OFFSET(AJ22,0,-1):OFFSET(E22,0,1))=0,"Очікую",SUM(OFFSET(AJ22,0,-1):OFFSET(E22,0,1))) -> 10
C23: 12 | D23: Українська мова | E23: Юрченко О.Б. | F23: 2 | M23: 2 | T23: 2 | AA23: 2 | AH23: 2 | AJ23: =IF(SUM(OFFSET(AJ23,0,-1):OFFSET(E23,0,1))=0,"Очікую",SUM(OFFSET(AJ23,0,-1):OFFSET(E23,0,1))) -> 10
C24: 13 | D24: Фізика | E24: Калюта Н.М. | J24: 2 | Q24: 2 | X24: 2 | AE24: 2 | AJ24: =IF(SUM(OFFSET(AJ24,0,-1):OFFSET(E24,0,1))=0,"Очікую",SUM(OFFSET(AJ24,0,-1):OFFSET(E24,0,1))) -> 8
C25: 14 | D25: Фізична культура | E25: Галеніна І.С. | J25: 2 | N25: 2 | Q25: 2 | X25: 2 | AB25: 2 | AE25: 2 | AJ25: =IF(SUM(OFFSET(AJ25,0,-1):OFFSET(E25,0,1))=0,"Очікую",SUM(OFFSET(AJ25,0,-1):OFFSET(E25,0,1))) -> 12
C26: 15 | D26: Хімія | E26: Пономарьов К.М. | G26: 2 | N26: 2 | U26: 2 | AB26: 2 | AI26: 2 | AJ26: =IF(SUM(OFFSET(AJ26,0,-1):OFFSET(E26,0,1))=0,"Очікую",SUM(OFFSET(AJ26,0,-1):OFFSET(E26,0,1))) -> 10
F27: =IF($AJ27="Очікую","Оч",SUM(OFFSET(F27,-1,0):OFFSET(F11,1,0))) -> 8 | G27: =IF($AJ27="Очікую","Оч",SUM(OFFSET(G27,-1,0):OFFSET(G11,1,0))) -> 6 | H27: =IF($AJ27="Очікую","Оч",SUM(OFFSET(H27,-1,0):OFFSET(H11,1,0))) -> 4 | I27: =IF($AJ27="Очікую","Оч",SUM(OFFSET(I27,-1,0):OFFSET(I11,1,0))) -> 8 | J27: =IF($AJ27="Очікую","Оч",SUM(OFFSET(J27,-1,0):OFFSET(J11,1,0))) -> 6 | K27: =IF($AJ27="Очікую","Оч",SUM(OFFSET(K27,-1,0):OFFSET(K11,1,0))) -> 0 | L27: =IF($AJ27="Очікую","Оч",SUM(OFFSET(L27,-1,0):OFFSET(L11,1,0))) -> 0 | M27: =IF($AJ27="Очікую","Оч",SUM(OFFSET(M27,-1,0):OFFSET(M11,1,0))) -> 8 | ... AI27: =IF($AJ27="Очікую","Оч",SUM(OFFSET(AI27,-1,0):OFFSET(AI11,1,0))) -> 6 | AJ27: =IF(SUM(OFFSET(AJ27,-1,0):OFFSET(AJ11,1,0))=0,"Очікую",SUM(OFFSET(AJ27,-1,0):OFFSET(AJ11,1,0))) -> 148
C30: Завідувачка відділення ПЗСО ______________ Маргарита БРІТІКОВА

Sheet Зведена
A1: S
C3: Міністерство освіти і науки України
C4: Відокремлений структурний підрозділ "Фаховий коледж нафтогазових технологій, інженерій та інфраструктури сервісу Одеського національного технологічного університету"
C6: ВІДОМІСТЬ ОБЛІКУ ГОДИН ВИКЛАДАЧА
C8: за березень 2026 р.
C9: № | D9: Прізвище викладача | E9: 25-1 | F9: 25-2 | G9: 25-3 | H9: 25-4 | I9: 25-5 | J9: Всього
C10: 1 | D10: Андрльє І.О. | E10: ='25-1'!$AJ$19 -> 4 | F10: ='25-2'!$AJ$19 -> 4 | G10: ='25-3'!$AJ$19 -> 4 | H10: ='25-4'!$AJ$19 -> 4 | I10: ='25-5'!$AJ$19 -> 4 | J10: =IF(SUM(OFFSET(J10,0,-1):OFFSET(D10,0,1))=0,"Очікую",SUM(OFFSET(J10,0,-1):OFFSET(D10,0,1))) -> 20
C11: 2 | D11: Антропова Л.І. | F11: ='25-2'!$AJ$22 + '25-2'!$AJ$23 -> 16 | H11: ='25-4'!$AJ$22 + '25-4'!$AJ$23 -> 16 | J11: =IF(SUM(OFFSET(J11,0,-1):OFFSET(D11,0,1))=0,"Очікую",SUM(OFFSET(J11,0,-1):OFFSET(D11,0,1))) -> 32
C12: 3 | D12: Бабенко Л.Е. | E12: ='25-1'!$AJ$16 -> 10 | F12: ='25-2'!$AJ$16 -> 8 | G12: ='25-3'!$AJ$16 -> 8 | H12: ='25-4'!$AJ$16 -> 8 | I12: ='25-5'!$AJ$16 -> 8 | J12: =IF(SUM(OFFSET(J12,0,-1):OFFSET(D12,0,1))=0,"Очікую",SUM(OFFSET(J12,0,-1):OFFSET(D12,0,1))) -> 42
C13: 4 | D13: Бондаренко О.С. | E13: ='25-1'!$AJ$21 -> 16 | F13: ='25-2'!$AJ$21 -> 14 | J13: =IF(SUM(OFFSET(J13,0,-1):OFFSET(D13,0,1))=0,"Очікую",SUM(OFFSET(J13,0,-1):OFFSET(D13,0,1))) -> 30
C14: 5 | D14: Возіян О.Г. | E14: ='25-1'!$AJ$25 -> 14 | F14: ='25-2'!$AJ$25 -> 12 | J14: =IF(SUM(OFFSET(J14,0,-1):OFFSET(D14,0,1))=0,"Очікую",SUM(OFFSET(J14,0,-1):OFFSET(D14,0,1))) -> 26
C15: 6 | D15: Войницька І.Г. | E15: ='25-1'!$AJ$13 -> 12 | F15: ='25-2'!$AJ$13 -> 12 | G15: ='25-3'!$AJ$13 -> 12 | H15: ='25-4'!$AJ$13 -> 12 | I15: ='25-5'!$AJ$13 -> 12 | J15: =IF(SUM(OFFSET(J15,0,-1):OFFSET(D15,0,1))=0,"Очікую",SUM(OFFSET(J15,0,-1):OFFSET(D15,0,1))) -> 60
C16: 7 | D16: Галеніна І.С. | G16: ='25-3'!$AJ$25 -> 14 | H16: ='25-4'!$AJ$25 -> 14 | I16: ='25-5'!$AJ$25 -> 12 | J16: =IF(SUM(OFFSET(J16,0,-1):OFFSET(D16,0,1))=0,"Очікую",SUM(OFFSET(J16,0,-1):OFFSET(D16,0,1))) -> 40
C17: 8 | D17: Земляна Н.М. | G17: ='25-3'!$AJ$21 -> 16 | H17: ='25-4'!$AJ$21 -> 14 | I17: ='25-5'!$AJ$21 -> 16 | J17: =IF(SUM(OFFSET(J17,0,-1):OFFSET(D17,0,1))=0,"Очікую",SUM(OFFSET(J17,0,-1):OFFSET(D17,0,1))) -> 46
C18: 9 | D18: Калюта Н.М. | E18: ='25-1'!$AJ$24 -> 10 | F18: ='25-2'!$AJ$24 -> 10 | G18: ='25-3'!$AJ$24 -> 8 | H18: ='25-4'!$AJ$24 -> 8 | I18: ='25-5'!$AJ$24 -> 8 | J18: =IF(SUM(OFFSET(J18,0,-1):OFFSET(D18,0,1))=0,"Очікую",SUM(OFFSET(J18,0,-1):OFFSET(D18,0,1))) -> 44
C19: 10 | D19: Лазар В.І. | E19: ='25-1'!$AJ$17 -> 12 | F19: ='25-2'!$AJ$17 -> 16 | G19: ='25-3'!$AJ$17 -> 14 | H19: ='25-4'!$AJ$17 -> 12 | I19: ='25-5'!$AJ$17 -> 16 | J19: =IF(SUM(OFFSET(J19,0,-1):OFFSET(D19,0,1))=0,"Очікую",SUM(OFFSET(J19,0,-1):OFFSET(D19,0,1))) -> 70
C20: 11 | D20: Левчук Т.Г. | E20: ='25-1'!$AJ$20 -> 10 | F20: ='25-2'!$AJ$20 -> 10 | G20: ='25-3'!$AJ$20 -> 10 | H20: ='25-4'!$AJ$20 -> 8 | I20: ='25-5'!$AJ$20 -> 8 | J20: =IF(SUM(OFFSET(J20,0,-1):OFFSET(D20,0,1))=0,"Очікую",SUM(OFFSET(J20,0,-1):OFFSET(D20,0,1))) -> 46
C21: 12 | D21: Мельничук С.А. | E21: ='25-1'!$AJ$14 -> 8 | F21: ='25-2'!$AJ$14 -> 10 | G21: ='25-3'!$AJ$14 -> 10 | H21: ='25-4'!$AJ$14 -> 10 | I21: ='25-5'!$AJ$14 -> 10 | J21: =IF(SUM(OFFSET(J21,0,-1):OFFSET(D21,0,1))=0,"Очікую",SUM(OFFSET(J21,0,-1):OFFSET(D21,0,1))) -> 48
C22: 13 | D22: Наговська Т.С. | E22: ='25-1'!$AJ$12 + '25-1'!$AJ$15 -> 18 | F22: ='25-2'!$AJ$12 + '25-2'!$AJ$15 -> 18 | G22: ='25-3'!$AJ$12 + '25-3'!$AJ$15 -> 18 | H22: ='25-4'!$AJ$12 + '25-4'!$AJ$15 -> 18 | I22: ='25-5'!$AJ$12 + '25-5'!$AJ$15 -> 16 | J22: =IF(SUM(OFFSET(J22,0,-1):OFFSET(D22,0,1))=0,"Очікую",SUM(OFFSET(J22,0,-1):OFFSET(D22,0,1))) -> 88
C23: 14 | D23: Нічик Н.О. | E23: ='25-1'!$AJ$18 -> 8 | F23: ='25-2'!$AJ$18 -> 8 | G23: ='25-3'!$AJ$18 -> 8 | H23: ='25-4'!$AJ$18 -> 8 | I23: ='25-5'!$AJ$18 -> 8 | J23: =IF(SUM(OFFSET(J23,0,-1):OFFSET(D23,0,1))=0,"Очікую",SUM(OFFSET(J23,0,-1):OFFSET(D23,0,1))) -> 40
C24: 15 | D24: Пономарьов К.М. | H24: ='25-4'!$AJ$26 -> 10 | I24: ='25-5'!$AJ$26 -> 10 | J24: =IF(SUM(OFFSET(J24,0,-1):OFFSET(D24,0,1))=0,"Очікую",SUM(OFFSET(J24,0,-1):OFFSET(D24,0,1))) -> 20
C25: 16 | D25: Сахно Н.О. | E25: ='25-1'!$AJ$26 -> 8 | F25: ='25-2'!$AJ$26 -> 8 | G25: ='25-3'!$AJ$26 -> 8 | J25: =IF(SUM(OFFSET(J25,0,-1):OFFSET(D25,0,1))=0,"Очікую",SUM(OFFSET(J25,0,-1):OFFSET(D25,0,1))) -> 24
C26: 17 | D26: Юрченко О.Б. | E26: ='25-1'!$AJ$22 + '25-1'!$AJ$23 -> 16 | G26: ='25-3'!$AJ$22 + '25-3'!$AJ$23 -> 20 | I26: ='25-5'!$AJ$22 + '25-5'!$AJ$23 -> 20 | J26: =IF(SUM(OFFSET(J26,0,-1):OFFSET(D26,0,1))=0,"Очікую",SUM(OFFSET(J26,0,-1):OFFSET(D26,0,1))) -> 56
E27: =IF(SUM(OFFSET(E27,-1,0):OFFSET(E9,1,0))=0,"Очікую",SUM(OFFSET(E27,-1,0):OFFSET(E9,1,0))) -> 146 | F27: =IF(SUM(OFFSET(F27,-1,0):OFFSET(F9,1,0))=0,"Очікую",SUM(OFFSET(F27,-1,0):OFFSET(F9,1,0))) -> 146 | G27: =IF(SUM(OFFSET(G27,-1,0):OFFSET(G9,1,0))=0,"Очікую",SUM(OFFSET(G27,-1,0):OFFSET(G9,1,0))) -> 150 | H27: =IF(SUM(OFFSET(H27,-1,0):OFFSET(H9,1,0))=0,"Очікую",SUM(OFFSET(H27,-1,0):OFFSET(H9,1,0))) -> 142 | I27: =IF(SUM(OFFSET(I27,-1,0):OFFSET(I9,1,0))=0,"Очікую",SUM(OFFSET(I27,-1,0):OFFSET(I9,1,0))) -> 148 | J27: =IF(SUM(OFFSET(J27,-1,0):OFFSET(J9,1,0))=0,"Очікую",SUM(OFFSET(J27,-1,0):OFFSET(J9,1,0))) -> 732
J28: Всього
C30: Завідувачка відділення ПЗСО ______________ Маргарита БРІТІКОВА
