Workbook
Name A1048577: #REF!
Name A1048577: #REF!
Name A1048577: #REF!
Name A1048577: #REF!
Name A1048577: #REF!
Name Ф80: #REF!
Name Ф80: #REF!
Name Ф80: #REF!
Name Ф80: #REF!
Name Ф80: #REF!

Sheet Зведена 174
C3: ВІДОКРЕМЛЕНИЙ СТРУКТУРНИЙ ПІДРОЗДІЛ «ФАХОВИЙ КОЛЕДЖ НАФТОГАЗОВИХ ТЕХНОЛОГІЙ, ІНЖЕНЕРІЇ ТА ІНФРАСТРУКТУРИ СЕРВІСУ
C4: ОДЕСЬКОГО НАЦІОНАЛЬНОГО ТЕХНОЛОГІЧНОГО УНІВЕРСИТЕТУ»
C5: ЗВЕДЕНА ВІДОМІСТЬ
C6: Успішності студентів спеціальності 174 «Автоматизація, комп'ютерно-інтегровані технології та робототехніка»
C7: За I семестр 2023-2024 н.р.
C8: Група 23-3 курс І
C9: Б/К | D9: № п/п | E9: Прізвище, ім’я, по батькові | F9: Підсумкові оцінки дисциплін
F10: Біологія Богданенко О.В. | G10: Всесвітня історія Мельничук С.А. | H10: Географія Наговська Т.С. | I10: Зарубіжна література Сербулова Ю.А. | J10: Захист України Стельмах Н.Ю. | K10: Іноземна мова Сербулова Ю.А. | L10: Інформатика Вівдіч М.І. | M10: Історія України Левчук Т.Г. | N10: Математика Ромчук В.В. | O10: Українська література Юрченко О.Б. | P10: Українська мова Юрченко О.Б. | Q10: Фізика Калюта Н.М. | R10: Фізична культура Кулатов В.М. | S10: Хімія Леонова Д.І. | T10: Середній бал
C11: Б | D11: 1 | E11: Богач Володимир Миколайович | F11: 7 | G11: 8 | H11: 5 | I11: 9 | J11: 8 | K11: 9 | L11: 6 | M11: 6 | N11: 6 | O11: 7 | P11: 4 | Q11: 5 | R11: 8 | S11: 6 | T11: =IF(COUNTIF(F11:S11,"=*")>0,"-",IF(COUNTIF(F11:S11,"<4")>0,"-",(IFERROR(AVERAGE(F11:S11),"")))) -> 6.7142857
C12: К | D12: 2 | E12: Борис Максим Миколайович | F12: 5 | G12: 7 | H12: 6 | I12: 5 | J12: 4 | K12: 8 | L12: 4 | M12: 6 | N12: 4 | O12: 4 | P12: 6 | Q12: 4 | R12: 10 | S12: 6 | T12: =IF(COUNTIF(F12:S12,"=*")>0,"-",IF(COUNTIF(F12:S12,"<4")>0,"-",(IFERROR(AVERAGE(F12:S12),"")))) -> 5.6428571
C13: Б | D13: 3 | E13: Бородін Максим Сергійович | F13: 7 | G13: 8 | H13: 8 | I13: 9 | J13: 7 | K13: 9 | L13: 7 | M13: 7 | N13: 5 | O13: 4 | P13: 4 | Q13: 5 | R13: 6 | S13: 6 | T13: =IF(COUNTIF(F13:S13,"=*")>0,"-",IF(COUNTIF(F13:S13,"<4")>0,"-",(IFERROR(AVERAGE(F13:S13),"")))) -> 6.5714286
C14: Б | D14: 4 | E14: Галган Сергій Сергійович | F14: 6 | G14: 7 | H14: 8 | I14: 10 | J14: 8 | K14: 9 | L14: 8 | M14: 5 | N14: 5 | O14: 7 | P14: 6 | Q14: 5 | R14: 8 | S14: 5 | T14: =IF(COUNTIF(F14:S14,"=*")>0,"-",IF(COUNTIF(F14:S14,"<4")>0,"-",(IFERROR(AVERAGE(F14:S14),"")))) -> 6.9285714
C15: Б | D15: 5 | E15: Івчук Надія Вікторівна | F15: 8 | G15: 9 | H15: 10 | I15: 10 | J15: 9 | K15: 10 | L15: 10 | M15: 7 | N15: 9 | O15: 9 | P15: 9 | Q15: 7 | R15: 6 | S15: 10 | T15: =IF(COUNTIF(F15:S15,"=*")>0,"-",IF(COUNTIF(F15:S15,"<4")>0,"-",(IFERROR(AVERAGE(F15:S15),"")))) -> 8.7857143
C16: Б | D16: 6 | E16: Калинюк Артур Ігорович | F16: 7 | G16: 8 | H16: 9 | I16: 9 | J16: 8 | K16: 9 | L16: 6 | M16: 6 | N16: 7 | O16: 9 | P16: 5 | Q16: 7 | R16: 10 | S16: 6 | T16: =IF(COUNTIF(F16:S16,"=*")>0,"-",IF(COUNTIF(F16:S16,"<4")>0,"-",(IFERROR(AVERAGE(F16:S16),"")))) -> 7.5714286
C17: К | D17: 7 | E17: Калниболончук Марина Олегівна | F17: 8 | G17: 10 | H17: 10 | I17: 8 | J17: 8 | K17: 10 | L17: 8 | M17: 8 | N17: 7 | O17: 8 | P17: 7 | Q17: 7 | R17: 7 | S17: 6 | T17: =IF(COUNTIF(F17:S17,"=*")>0,"-",IF(COUNTIF(F17:S17,"<4")>0,"-",(IFERROR(AVERAGE(F17:S17),"")))) -> 8
C18: К | D18: 8 | E18: Лисичкін Єгор Андрійович | F18: 7 | G18: 8 | H18: 9 | I18: 7 | J18: 8 | K18: 9 | L18: 8 | M18: 7 | N18: 5 | O18: 7 | P18: 6 | Q18: 6 | R18: 6 | S18: 6 | T18: =IF(COUNTIF(F18:S18,"=*")>0,"-",IF(COUNTIF(F18:S18,"<4")>0,"-",(IFERROR(AVERAGE(F18:S18),"")))) -> 7.0714286
C19: Б | D19: 9 | E19: Лобзов Микола Олексійович | F19: 8 | G19: 10 | H19: 10 | I19: 10 | J19: 9 | K19: 10 | L19: 9 | M19: 7 | N19: 9 | O19: 7 | P19: 9 | Q19: 7 | R19: 10 | S19: 9 | T19: =IF(COUNTIF(F19:S19,"=*")>0,"-",IF(COUNTIF(F19:S19,"<4")>0,"-",(IFERROR(AVERAGE(F19:S19),"")))) -> 8.8571429
C20: Б | D20: 10 | E20: Логвиненко Максим Костянтинович | F20: 9 | G20: 10 | H20: 9 | I20: 10 | J20: 9 | K20: 10 | L20: 9 | M20: 8 | N20: 7 | O20: 9 | P20: 9 | Q20: 7 | R20: 10 | S20: 6 | T20: =IF(COUNTIF(F20:S20,"=*")>0,"-",IF(COUNTIF(F20:S20,"<4")>0,"-",(IFERROR(AVERAGE(F20:S20),"")))) -> 8.7142857
C21: Б | D21: 11 | E21: Поляков Анатолій Олексійович | F21: 10 | G21: 9 | H21: 10 | I21: 10 | J21: 8 | K21: 10 | L21: 9 | M21: 8 | N21: 8 | O21: 10 | P21: 9 | Q21: 8 | R21: 10 | S21: 8 | T21: =IF(COUNTIF(F21:S21,"=*")>0,"-",IF(COUNTIF(F21:S21,"<4")>0,"-",(IFERROR(AVERAGE(F21:S21),"")))) -> 9.0714286
C22: Б | D22: 12 | E22: Пуленко Владислав Олегович | F22: 6 | G22: 6 | H22: 9 | I22: 7 | J22: 6 | K22: 8 | L22: 7 | M22: 7 | N22: 5 | O22: 6 | P22: 6 | Q22: 5 | R22: 6 | S22: 6 | T22: =IF(COUNTIF(F22:S22,"=*")>0,"-",IF(COUNTIF(F22:S22,"<4")>0,"-",(IFERROR(AVERAGE(F22:S22),"")))) -> 6.4285714
... C26: Б | D26: 16 | E26: Смізюк Павло Ігоревич | F26: 9 | G26: 9 | H26: 10 | I26: 10 | J26: 10 | K26: 10 | L26: 10 | M26: 7 | N26: 10 | O26: 7 | P26: 8 | Q26: 8 | R26: 10 | S26: 8 | T26: =IF(COUNTIF(F26:S26,"=*")>0,"-",IF(COUNTIF(F26:S26,"<4")>0,"-",(IFERROR(AVERAGE(F26:S26),"")))) -> 9
C27: Б | D27: 17 | E27: Тараненко Ярослав Романович | F27: 5 | G27: 10 | H27: 9 | I27: 8 | J27: 5 | K27: 5 | L27: 4 | M27: н/а | N27: 5 | O27: 4 | P27: 6 | Q27: 3 | R27: 10 | S27: 6 | T27: =IF(COUNTIF(F27:S27,"=*")>0,"-",IF(COUNTIF(F27:S27,"<4")>0,"-",(IFERROR(AVERAGE(F27:S27),"")))) -> -
C28: К | D28: 18 | E28: Улецький Іван Сергійович | F28: 7 | G28: 7 | H28: 9 | I28: 8 | J28: 6 | K28: 8 | L28: 6 | M28: 6 | N28: 5 | O28: 5 | P28: 6 | Q28: 3 | R28: 8 | S28: 6 | T28: =AVERAGE(F28:S28) -> 6.4285714
C29: Б | D29: 19 | E29: Філюк Степан Олегович | F29: 5 | G29: 9 | H29: 7 | I29: 8 | J29: 5 | K29: 9 | L29: 6 | M29: 6 | N29: 5 | O29: 4 | P29: 4 | Q29: 4 | R29: 8 | S29: 5 | T29: =IF(COUNTIF(F29:S29,"=*")>0,"-",IF(COUNTIF(F29:S29,"<4")>0,"-",(IFERROR(AVERAGE(F29:S29),"")))) -> 6.0714286
E30: Середній бал успішності з дисципліни | F30: =IF(SUM(F11:F29)=0,"",SUM(F11:F29)/D29) -> 7.3157895 | G30: =IF(SUM(G11:G29)=0,"",SUM(G11:G29)/D29) -> 8.3684211 | H30: =IF(SUM(H11:H29)=0,"",SUM(H11:H29)/D29) -> 8.7894737 | I30: =IF(SUM(I11:I29)=0,"",SUM(I11:I29)/D29) -> 8.7894737 | J30: =IF(SUM(J11:J29)=0,"",SUM(J11:J29)/D29) -> 7.5263158 | K30: =IF(SUM(K11:K29)=0,"",SUM(K11:K29)/D29) -> 9.1052632 | L30: =IF(SUM(L11:L29)=0,"",SUM(L11:L29)/D29) -> 7.4210526 | M30: =IF(SUM(M11:M29)=0,"",SUM(M11:M29)/D29) -> 6.6842105 | N30: =IF(SUM(N11:N29)=0,"",SUM(N11:N29)/D29) -> 6.6315789 | O30: =IF(SUM(O11:O29)=0,"",SUM(O11:O29)/D29) -> 6.9473684 | P30: =IF(SUM(P11:P29)=0,"",SUM(P11:P29)/D29) -> 6.4736842 | Q30: =IF(SUM(Q11:Q29)=0,"",SUM(Q11:Q29)/D29) -> 6 | R30: =IF(SUM(R11:R29)=0,"",SUM(R11:R29)/D29) -> 8.3684211 | S30: =IF(SUM(S11:S29)=0,"",SUM(S11:S29)/D29) -> 6.5789474 | T30: =IFERROR(AVERAGE(F30:S30),"") -> 7.5
E31: Абсолютна успішність | F31: =IF(SUM(F11:F29)=0,"",IF(COUNTIF(F11:F29,">=4")=0,0,COUNTIF(F11:F29,">=4")/D29*100)) -> 100 | G31: =IF(SUM(G11:G29)=0,"",IF(COUNTIF(G11:G29,">=4")=0,0,COUNTIF(G11:G29,">=4")/D29*100)) -> 100 | H31: =IF(SUM(H11:H29)=0,"",IF(COUNTIF(H11:H29,">=4")=0,0,COUNTIF(H11:H29,">=4")/D29*100)) -> 100 | I31: =IF(SUM(I11:I29)=0,"",IF(COUNTIF(I11:I29,">=4")=0,0,COUNTIF(I11:I29,">=4")/D29*100)) -> 100 | J31: =IF(SUM(J11:J29)=0,"",IF(COUNTIF(J11:J29,">=4")=0,0,COUNTIF(J11:J29,">=4")/D29*100)) -> 100 | K31: =IF(SUM(K11:K29)=0,"",IF(COUNTIF(K11:K29,">=4")=0,0,COUNTIF(K11:K29,">=4")/D29*100)) -> 100 | L31: =IF(SUM(L11:L29)=0,"",IF(COUNTIF(L11:L29,">=4")=0,0,COUNTIF(L11:L29,">=4")/D29*100)) -> 100 | M31: =IF(SUM(M11:M29)=0,"",IF(COUNTIF(M11:M29,">=4")=0,0,COUNTIF(M11:M29,">=4")/D29*100)) -> 94.736842 | N31: =IF(SUM(N11:N29)=0,"",IF(COUNTIF(N11:N29,">=4")=0,0,COUNTIF(N11:N29,">=4")/D29*100)) -> 100 | O31: =IF(SUM(O11:O29)=0,"",IF(COUNTIF(O11:O29,">=4")=0,0,COUNTIF(O11:O29,">=4")/D29*100)) -> 100 | P31: =IF(SUM(P11:P29)=0,"",IF(COUNTIF(P11:P29,">=4")=0,0,COUNTIF(P11:P29,">=4")/D29*100)) -> 100 | Q31: =IF(SUM(Q11:Q29)=0,"",IF(COUNTIF(Q11:Q29,">=4")=0,0,COUNTIF(Q11:Q29,">=4")/D29*100)) -> 89.473684 | R31: =IF(SUM(R11:R29)=0,"",IF(COUNTIF(R11:R29,">=4")=0,0,COUNTIF(R11:R29,">=4")/D29*100)) -> 100 | S31: =IF(SUM(S11:S29)=0,"",IF(COUNTIF(S11:S29,">=4")=0,0,COUNTIF(S11:S29,">=4")/D29*100)) -> 100
E32: Якісна успішність | F32: =IF(SUM(F11:F29)=0,"",IF(COUNTIF(F11:F29,">=7")=0,0,COUNTIF(F11:F29,">=7")/D29*100)) -> 73.684211 | G32: =IF(SUM(G11:G29)=0,"",IF(COUNTIF(G11:G29,">=7")=0,0,COUNTIF(G11:G29,">=7")/D29*100)) -> 94.736842 | H32: =IF(SUM(H11:H29)=0,"",IF(COUNTIF(H11:H29,">=7")=0,0,COUNTIF(H11:H29,">=7")/D29*100)) -> 89.473684 | I32: =IF(SUM(I11:I29)=0,"",IF(COUNTIF(I11:I29,">=7")=0,0,COUNTIF(I11:I29,">=7")/D29*100)) -> 94.736842 | J32: =IF(SUM(J11:J29)=0,"",IF(COUNTIF(J11:J29,">=7")=0,0,COUNTIF(J11:J29,">=7")/D29*100)) -> 73.684211 | K32: =IF(SUM(K11:K29)=0,"",IF(COUNTIF(K11:K29,">=7")=0,0,COUNTIF(K11:K29,">=7")/D29*100)) -> 94.736842 | L32: =IF(SUM(L11:L29)=0,"",IF(COUNTIF(L11:L29,">=7")=0,0,COUNTIF(L11:L29,">=7")/D29*100)) -> 68.421053 | M32: =IF(SUM(M11:M29)=0,"",IF(COUNTIF(M11:M29,">=7")=0,0,COUNTIF(M11:M29,">=7")/D29*100)) -> 63.157895 | N32: =IF(SUM(N11:N29)=0,"",IF(COUNTIF(N11:N29,">=7")=0,0,COUNTIF(N11:N29,">=7")/D29*100)) -> 47.368421 | O32: =IF(SUM(O11:O29)=0,"",IF(COUNTIF(O11:O29,">=7")=0,0,COUNTIF(O11:O29,">=7")/D29*100)) -> 68.421053 | P32: =IF(SUM(P11:P29)=0,"",IF(COUNTIF(P11:P29,">=7")=0,0,COUNTIF(P11:P29,">=7")/D29*100)) -> 42.105263 | Q32: =IF(SUM(Q11:Q29)=0,"",IF(COUNTIF(Q11:Q29,">=7")=0,0,COUNTIF(Q11:Q29,">=7")/D29*100)) -> 47.368421 | R32: =IF(SUM(R11:R29)=0,"",IF(COUNTIF(R11:R29,">=7")=0,0,COUNTIF(R11:R29,">=7")/D29*100)) -> 73.684211 | S32: =IF(SUM(S11:S29)=0,"",IF(COUNTIF(S11:S29,">=7")=0,0,COUNTIF(S11:S29,">=7")/D29*100)) -> 26.315789
E33: Абсолютна успішність по групі | F33: =IFERROR(AVERAGE(F31:S31),"") -> 98.87218
E34: Якісна успішність по групі | F34: =IFERROR(AVERAGE(F32:S32),"") -> 68.421053
E35: Кількість бюджетників | F35: =IF(COUNTIF(C11:C29,"=Б")=0,IF(COUNTIF(C11:C29,"=К")=0,"",0),COUNTIF(C11:C29,"=Б")) -> 15
E36: Кількість контрактників | F36: =IF(COUNTIF(C11:C29,"=К")=0,IF(COUNTIF(C11:C29,"=Б")=0,"",0),COUNTIF(C11:C29,"=К")) -> 4 | H36: Класний керівник | O36: Надія ПЕНЬКОВСЬКА
E37: Кількість соціального контингенту | F37: 2
E38: Вийшли на стипендію | F38: 6 | H38: Завідувачка відділення ПЗСО | O38: Маргарита БРІТІКОВА

Sheet Лист1
C2: Біологія Богданенко О.В. | D2: Всесвітня історія Мельничук С.А. | E2: Географія Наговська Т.С. | F2: Зарубіжна література Сербулова Ю.А. | G2: Захист України Стельмах Н.Ю. | H2: Іноземна мова Сербулова Ю.А. | I2: Інформатика Вівдіч М.І. | J2: Історія України Левчук Т.Г. | K2: Математика Ромчук В.В. | L2: Українська література Юрченко О.Б. | M2: Українська мова Юрченко О.Б. | N2: Фізика Калюта Н.М. | O2: Фізична культура Кулатов В.М. | P2: Хімія Леонова Д.І.
A3: 1 | B3: Алачев Денис Васильович | C3: 5 | D3: 8 | E3: 9 | F3: 8 | G3: 6 | H3: 8 | I3: 4 | J3: 7 | K3: 6 | L3: 6 | M3: 5 | N3: 4 | O3: 10 | P3: 6
A4: 2 | B4: Бакуменко Максим Миколайович | C4: 7 | D4: 8 | E4: 7 | F4: 9 | G4: 8 | H4: 10 | I4: 8 | J4: 7 | K4: 6 | L4: 8 | M4: 7 | N4: 5 | O4: 6 | P4: 6
A5: 3 | B5: Богач Володимир Миколайович | C5: 7 | D5: 8 | E5: 5 | F5: 9 | G5: 8 | H5: 9 | I5: 6 | J5: 6 | K5: 6 | L5: 7 | M5: 4 | N5: 5 | O5: 8 | P5: 6
A6: 4 | B6: Борис Максим Миколайович | C6: 5 | D6: 7 | E6: 6 | F6: 5 | G6: 4 | H6: 8 | I6: 4 | J6: 6 | K6: 4 | L6: 4 | M6: 6 | N6: 4 | O6: 10 | P6: 6
A7: 5 | B7: Бородін Максим Сергійович | C7: 7 | D7: 8 | E7: 8 | F7: 9 | G7: 7 | H7: 9 | I7: 7 | J7: 7 | K7: 5 | L7: 4 | M7: 4 | N7: 5 | O7: 6 | P7: 6
A8: 6 | B8: Булат Володимир Віталійович | C8: 5 | D8: 5 | E8: 4 | F8: 9 | G8: 6 | H8: 7 | I8: н/а | J8: 4 | K8: 5 | L8: 4 | M8: 6 | N8: 4 | O8: 10 | P8: 6
A9: 7 | B9: Водяний Артем Андрійович | C9: 7 | D9: 8 | E9: 9 | F9: 9 | G9: 8 | H9: 9 | I9: 6 | J9: 6 | K9: 6 | L9: 8 | M9: 7 | N9: 6 | O9: 9 | P9: 6
A10: 8 | B10: Воротнік Маргарита Денисівна | C10: 8 | D10: 9 | E10: 9 | F10: 10 | G10: 9 | H10: 10 | I10: 8 | J10: 8 | K10: 8 | L10: 7 | M10: 5 | N10: 7 | O10: 10 | P10: 6
A11: 9 | B11: Галган Сергій Сергійович | C11: 6 | D11: 7 | E11: 8 | F11: 10 | G11: 8 | H11: 9 | I11: 8 | J11: 5 | K11: 5 | L11: 7 | M11: 6 | N11: 5 | O11: 8 | P11: 5
A12: 10 | B12: Голубєв Данило Васильович | C12: 9 | D12: 9 | E12: 10 | F12: 10 | G12: 10 | H12: 8 | I12: 9 | J12: 8 | K12: 10 | L12: 8 | M12: 8 | N12: 9 | O12: 10 | P12: 8
A13: 11 | B13: Горова Діана Максимівна | C13: 5 | D13: 7 | E13: 10 | F13: 5 | G13: 7 | H13: 5 | I13: 6 | J13: 6 | K13: 6 | L13: 4 | M13: 7 | N13: 2 | O13: 7 | P13: 5
A14: 12 | B14: Горяінов Микита Володимирович | C14: 7 | D14: 8 | E14: 9 | F14: 10 | G14: 8 | H14: 10 | I14: 9 | J14: 9 | K14: 9 | L14: 9 | M14: 7 | N14: 7 | O14: 10 | P14: 6
A15: 13 | B15: Івчук Надія Вікторівна | C15: 8 | D15: 9 | E15: 10 | F15: 10 | G15: 9 | H15: 10 | I15: 10 | J15: 7 | K15: 9 | L15: 9 | M15: 9 | N15: 7 | O15: 6 | P15: 10
A16: 14 | B16: Калинюк Артур Ігорович | C16: 7 | D16: 8 | E16: 9 | F16: 9 | G16: 8 | H16: 9 | I16: 6 | J16: 6 | K16: 7 | L16: 9 | M16: 5 | N16: 7 | O16: 10 | P16: 6
A17: 15 | B17: Калниболончук Марина Олегівна | C17: 8 | D17: 10 | E17: 10 | F17: 8 | G17: 8 | H17: 10 | I17: 8 | J17: 8 | K17: 7 | L17: 8 | M17: 7 | N17: 7 | O17: 7 | P17: 6
A18: 16 | B18: Катречко Олексій Костянтинович | C18: 6 | D18: 8 | E18: 8 | F18: 7 | G18: 7 | H18: 9 | I18: 6 | J18: 4 | K18: 7 | L18: 6 | M18: 6 | N18: 5 | O18: 10 | P18: 6
A19: 17 | B19: Кирилюк Даніїл Васильович | C19: 6 | D19: 10 | E19: 10 | F19: 7 | G19: 9 | H19: 10 | I19: 9 | J19: 7 | K19: 6 | L19: 7 | M19: 8 | N19: 6 | O19: 8 | P19: 5
A20: 18 | B20: Лисичкін Єгор Андрійович | C20: 7 | D20: 8 | E20: 9 | F20: 7 | G20: 8 | H20: 9 | I20: 8 | J20: 7 | K20: 5 | L20: 7 | M20: 6 | N20: 6 | O20: 6 | P20: 6
... A22: 20 | B22: Логвиненко Максим Костянтинович | C22: 9 | D22: 10 | E22: 9 | F22: 10 | G22: 9 | H22: 10 | I22: 9 | J22: 8 | K22: 7 | L22: 9 | M22: 9 | N22: 7 | O22: 10 | P22: 6
A23: 21 | B23: Макарський Артем Олексійович | C23: 6 | D23: 7 | E23: 10 | F23: 8 | G23: 7 | H23: 8 | I23: 5 | J23: 5 | K23: 5 | L23: 5 | M23: 5 | N23: 6 | O23: н/а | P23: 6
A24: 22 | B24: Мельник Кирило Олександрович | C24: 6 | D24: 7 | E24: 4 | F24: 8 | G24: 4 | H24: 7 | I24: н/а | J24: н/а | K24: 4 | L24: 4 | M24: 4 | N24: 2 | O24: н/а | P24: 6
A25: 23 | B25: Подойніцин Даніїл Романович | C25: 7 | D25: 8 | E25: 8 | F25: 7 | G25: 7 | H25: 8 | I25: 6 | J25: 6 | K25: 6 | L25: 7 | M25: 6 | N25: 7 | O25: 10 | P25: 8
A26: 24 | B26: Поляков Анатолій Олексійович | C26: 10 | D26: 9 | E26: 10 | F26: 10 | G26: 8 | H26: 10 | I26: 9 | J26: 8 | K26: 8 | L26: 10 | M26: 9 | N26: 8 | O26: 10 | P26: 8
A27: 25 | B27: Пуленко Владислав Олегович | C27: 6 | D27: 6 | E27: 9 | F27: 7 | G27: 6 | H27: 8 | I27: 7 | J27: 7 | K27: 5 | L27: 6 | M27: 6 | N27: 5 | O27: 6 | P27: 6
A28: 26 | B28: Рубан Володимир Олегович | C28: 6 | D28: 8 | E28: 4 | F28: 7 | G28: 6 | H28: 6 | I28: 4 | J28: 7 | K28: 5 | L28: 4 | M28: 6 | N28: 3 | O28: 6 | P28: 6
A29: 27 | B29: Савченко Сергій Ігорович | C29: 10 | D29: 9 | E29: 10 | F29: 10 | G29: 10 | H29: 11 | I29: 10 | J29: 9 | K29: 10 | L29: 10 | M29: 7 | N29: 10 | O29: 10 | P29: 9
A30: 28 | B30: Самуйлик Ярослав Олександрович | C30: 6 | D30: 9 | E30: 8 | F30: 9 | G30: 8 | H30: 9 | I30: 8 | J30: 7 | K30: 8 | L30: 7 | M30: 9 | N30: 6 | O30: 10 | P30: 7
A31: 29 | B31: Семенов Володимир Ігорович | C31: 7 | D31: 7 | E31: 10 | F31: 9 | G31: 8 | H31: 8 | I31: 7 | J31: 9 | K31: 6 | L31: 7 | M31: 5 | N31: 7 | O31: 10 | P31: 6
A32: 30 | B32: Серий Євгеній Костянтинович | C32: 8 | D32: 8 | E32: 9 | F32: 10 | G32: 7 | H32: 11 | I32: 7 | J32: 8 | K32: 8 | L32: 8 | M32: 7 | N32: 6 | O32: 6 | P32: 5
A33: 31 | B33: Смізюк Павло Ігоревич | C33: 9 | D33: 9 | E33: 10 | F33: 10 | G33: 10 | H33: 10 | I33: 10 | J33: 7 | K33: 10 | L33: 7 | M33: 8 | N33: 8 | O33: 10 | P33: 8
A34: 32 | B34: Тараненко Ярослав Романович | C34: 5 | D34: 10 | E34: 9 | F34: 8 | G34: 5 | H34: 5 | I34: 4 | J34: н/а | K34: 5 | L34: 4 | M34: 6 | N34: 3 | O34: 10 | P34: 6
A35: 33 | B35: Улецький Іван Сергійович | C35: 7 | D35: 7 | E35: 9 | F35: 8 | G35: 6 | H35: 8 | I35: 6 | J35: 6 | K35: 5 | L35: 5 | M35: 6 | N35: 3 | O35: 8 | P35: 6
A36: 34 | B36: Філюк Степан Олегович | C36: 5 | D36: 9 | E36: 7 | F36: 8 | G36: 5 | H36: 9 | I36: 6 | J36: 6 | K36: 5 | L36: 4 | M36: 4 | N36: 4 | O36: 8 | P36: 5
A37: 35 | B37: Шевчук Ілья Сергійович | C37: 9 | D37: 5 | E37: 8 | F37: 9 | G37: 7 | H37: 8 | I37: 9 | J37: 5 | K37: 6 | L37: 9 | M37: 7 | N37: 5 | O37: 10 | P37: 6
A38: 36 | B38: Ястремський Дамір Володимирович | C38: 6 | D38: 6 | E38: 8 | F38: 6 | G38: 7 | H38: 7 | I38: 5 | J38: 5 | K38: 6 | L38: 8 | M38: 6 | N38: 4 | O38: 6 | P38: 6

Sheet Рейтингова відомість 174
C3: ВІДОКРЕМЛЕНИЙ СТРУКТУРНИЙ ПІДРОЗДІЛ «ФАХОВИЙ КОЛЕДЖ НАФТОГАЗОВИХ ТЕХНОЛОГІЙ, ІНЖЕНЕРІЇ ТА ІНФРАСТРУКТУРИ СЕРВІСУ
C4: ОДЕСЬКОГО НАЦІОНАЛЬНОГО ТЕХНОЛОГІЧНОГО УНІВЕРСИТЕТУ»
C5: РЕЙТИНГОВА ВІДОМІСТЬ
C6: Успішності студентів спеціальності 174 «Автоматизація, комп'ютерно-інтегровані технології та робототехніка»
C7: За I семестр 2023-2024 н.р.
C8: Група 23-3 курс І
C9: Б/К | D9: № п/п | E9: Прізвище, ім’я, по батькові | F9: Підсумкові оцінки дисциплін
F10: Біологія Богданенко О.В. | G10: Всесвітня історія Мельничук С.А. | H10: Географія Наговська Т.С. | I10: Зарубіжна література Сербулова Ю.А. | J10: Захист України Стельмах Н.Ю. | K10: Іноземна мова Сербулова Ю.А. | L10: Інформатика Вівдіч М.І. | M10: Історія України Левчук Т.Г. | N10: Математика Ромчук В.В. | O10: Українська література Юрченко О.Б. | P10: Українська мова Юрченко О.Б. | Q10: Фізика Калюта Н.М. | R10: Фізична культура Кулатов В.М. | S10: Хімія Леонова Д.І. | T10: Середній бал | U10: Рейтинговий бал
C11: Б | D11: 1 | E11: Савченко Сергій Ігорович | F11: 10 | G11: 9 | H11: 10 | I11: 10 | J11: 10 | K11: 11 | L11: 10 | M11: 9 | N11: 10 | O11: 10 | P11: 7 | Q11: 10 | R11: 10 | S11: 9 | T11: =IF(COUNTIF(F11:S11,"=*")>0,"-",IF(COUNTIF(F11:S11,"<4")>0,"-",(IFERROR(AVERAGE(F11:S11),"")))) -> 9.6428571 | U11: =T11/12*90 -> 72.321429
C12: Б | D12: 2 | E12: Поляков Анатолій Олексійович | F12: 10 | G12: 9 | H12: 10 | I12: 10 | J12: 8 | K12: 10 | L12: 9 | M12: 8 | N12: 8 | O12: 10 | P12: 9 | Q12: 8 | R12: 10 | S12: 8 | T12: =IF(COUNTIF(F12:S12,"=*")>0,"-",IF(COUNTIF(F12:S12,"<4")>0,"-",(IFERROR(AVERAGE(F12:S12),"")))) -> 9.0714286 | U12: =T12/12*90 -> 68.035714
C13: Б | D13: 3 | E13: Смізюк Павло Ігоревич | F13: 9 | G13: 9 | H13: 10 | I13: 10 | J13: 10 | K13: 10 | L13: 10 | M13: 7 | N13: 10 | O13: 7 | P13: 8 | Q13: 8 | R13: 10 | S13: 8 | T13: =IF(COUNTIF(F13:S13,"=*")>0,"-",IF(COUNTIF(F13:S13,"<4")>0,"-",(IFERROR(AVERAGE(F13:S13),"")))) -> 9 | U13: =T13/12*90 -> 67.5
C14: Б | D14: 4 | E14: Лобзов Микола Олексійович | F14: 8 | G14: 10 | H14: 10 | I14: 10 | J14: 9 | K14: 10 | L14: 9 | M14: 7 | N14: 9 | O14: 7 | P14: 9 | Q14: 7 | R14: 10 | S14: 9 | T14: =IF(COUNTIF(F14:S14,"=*")>0,"-",IF(COUNTIF(F14:S14,"<4")>0,"-",(IFERROR(AVERAGE(F14:S14),"")))) -> 8.8571429 | U14: =T14/12*90 -> 66.428571
C15: Б | D15: 5 | E15: Івчук Надія Вікторівна | F15: 8 | G15: 9 | H15: 10 | I15: 10 | J15: 9 | K15: 10 | L15: 10 | M15: 7 | N15: 9 | O15: 9 | P15: 9 | Q15: 7 | R15: 6 | S15: 10 | T15: =IF(COUNTIF(F15:S15,"=*")>0,"-",IF(COUNTIF(F15:S15,"<4")>0,"-",(IFERROR(AVERAGE(F15:S15),"")))) -> 8.7857143 | U15: =T15/12*90 -> 65.892857
C16: Б | D16: 6 | E16: Логвиненко Максим Костянтинович | F16: 9 | G16: 10 | H16: 9 | I16: 10 | J16: 9 | K16: 10 | L16: 9 | M16: 8 | N16: 7 | O16: 9 | P16: 9 | Q16: 7 | R16: 10 | S16: 6 | T16: =IF(COUNTIF(F16:S16,"=*")>0,"-",IF(COUNTIF(F16:S16,"<4")>0,"-",(IFERROR(AVERAGE(F16:S16),"")))) -> 8.7142857 | U16: =T16/12*90 -> 65.357143
C17: Б | D17: 7 | E17: Серий Євгеній Костянтинович | F17: 8 | G17: 8 | H17: 9 | I17: 10 | J17: 7 | K17: 11 | L17: 7 | M17: 8 | N17: 8 | O17: 8 | P17: 7 | Q17: 6 | R17: 6 | S17: 5 | T17: =IF(COUNTIF(F17:S17,"=*")>0,"-",IF(COUNTIF(F17:S17,"<4")>0,"-",(IFERROR(AVERAGE(F17:S17),"")))) -> 7.7142857 | U17: =T17/12*90 -> 57.857143
C18: Б | D18: 8 | E18: Калинюк Артур Ігорович | F18: 7 | G18: 8 | H18: 9 | I18: 9 | J18: 8 | K18: 9 | L18: 6 | M18: 6 | N18: 7 | O18: 9 | P18: 5 | Q18: 7 | R18: 10 | S18: 6 | T18: =IF(COUNTIF(F18:S18,"=*")>0,"-",IF(COUNTIF(F18:S18,"<4")>0,"-",(IFERROR(AVERAGE(F18:S18),"")))) -> 7.5714286 | U18: =T18/12*90 -> 56.785714
C19: Б | D19: 9 | E19: Семенов Володимир Ігорович | F19: 7 | G19: 7 | H19: 10 | I19: 9 | J19: 8 | K19: 8 | L19: 7 | M19: 9 | N19: 6 | O19: 7 | P19: 5 | Q19: 7 | R19: 10 | S19: 6 | T19: =IF(COUNTIF(F19:S19,"=*")>0,"-",IF(COUNTIF(F19:S19,"<4")>0,"-",(IFERROR(AVERAGE(F19:S19),"")))) -> 7.5714286 | U19: =T19/12*90 -> 56.785714
C20: Б | D20: 10 | E20: Галган Сергій Сергійович | F20: 6 | G20: 7 | H20: 8 | I20: 10 | J20: 8 | K20: 9 | L20: 8 | M20: 5 | N20: 5 | O20: 7 | P20: 6 | Q20: 5 | R20: 8 | S20: 5 | T20: =IF(COUNTIF(F20:S20,"=*")>0,"-",IF(COUNTIF(F20:S20,"<4")>0,"-",(IFERROR(AVERAGE(F20:S20),"")))) -> 6.9285714 | U20: =T20/12*90 -> 51.964286
C21: Б | D21: 11 | E21: Богач Володимир Миколайович | F21: 7 | G21: 8 | H21: 5 | I21: 9 | J21: 8 | K21: 9 | L21: 6 | M21: 6 | N21: 6 | O21: 7 | P21: 4 | Q21: 5 | R21: 8 | S21: 6 | T21: =IF(COUNTIF(F21:S21,"=*")>0,"-",IF(COUNTIF(F21:S21,"<4")>0,"-",(IFERROR(AVERAGE(F21:S21),"")))) -> 6.7142857 | U21: =T21/12*90 -> 50.357143
C22: Б | D22: 12 | E22: Бородін Максим Сергійович | F22: 7 | G22: 8 | H22: 8 | I22: 9 | J22: 7 | K22: 9 | L22: 7 | M22: 7 | N22: 5 | O22: 4 | P22: 4 | Q22: 5 | R22: 6 | S22: 6 | T22: =IF(COUNTIF(F22:S22,"=*")>0,"-",IF(COUNTIF(F22:S22,"<4")>0,"-",(IFERROR(AVERAGE(F22:S22),"")))) -> 6.5714286 | U22: =T22/12*90 -> 49.285714
... C24: Б | D24: 14 | E24: Філюк Степан Олегович | F24: 5 | G24: 9 | H24: 7 | I24: 8 | J24: 5 | K24: 9 | L24: 6 | M24: 6 | N24: 5 | O24: 4 | P24: 4 | Q24: 4 | R24: 8 | S24: 5 | T24: =IF(COUNTIF(F24:S24,"=*")>0,"-",IF(COUNTIF(F24:S24,"<4")>0,"-",(IFERROR(AVERAGE(F24:S24),"")))) -> 6.0714286 | U24: =T24/12*90 -> 45.535714
E25: Кількість бюджетників | F25: ='Зведена 174'!F35 -> 15
E26: Кількість контрактників | F26: ='Зведена 174'!F36 -> 4 | H26: Класний керівник | O26: Надія ПЕНЬКОВСЬКА
E27: Кількість соціального контингенту | F27: ='Зведена 174'!F37 -> 2
E28: Вийшли на стипендію | F28: ='Зведена 174'!F38 -> 6 | H28: Завідувачка відділення ПЗСО | O28: Маргарита БРІТІКОВА

Sheet Зведена 172
C3: ВІДОКРЕМЛЕНИЙ СТРУКТУРНИЙ ПІДРОЗДІЛ «ФАХОВИЙ КОЛЕДЖ НАФТОГАЗОВИХ ТЕХНОЛОГІЙ, ІНЖЕНЕРІЇ ТА ІНФРАСТРУКТУРИ СЕРВІСУ
C4: ОДЕСЬКОГО НАЦІОНАЛЬНОГО ТЕХНОЛОГІЧНОГО УНІВЕРСИТЕТУ»
C5: ЗВЕДЕНА ВІДОМІСТЬ
C6: Успішності студентів спеціальності 172 «Телекомунікації та радіотехніка»
C7: За I семестр 2023-2024 н.р.
C8: Група 23-3 курс І
C9: Б/К | D9: № п/п | E9: Прізвище, ім’я, по батькові | F9: Підсумкові оцінки дисциплін
F10: Біологія Богданенко О.В. | G10: Всесвітня історія Мельничук С.А. | H10: Географія Наговська Т.С. | I10: Зарубіжна література Сербулова Ю.А. | J10: Захист України Стельмах Н.Ю. | K10: Іноземна мова Сербулова Ю.А. | L10: Інформатика Вівдіч М.І. | M10: Історія України Левчук Т.Г. | N10: Математика Ромчук В.В. | O10: Українська література Юрченко О.Б. | P10: Українська мова Юрченко О.Б. | Q10: Фізика Калюта Н.М. | R10: Фізична культура Кулатов В.М. | S10: Хімія Леонова Д.І. | T10: Середній бал
C11: Б | D11: 1 | E11: Алачев Денис Васильович | F11: 8 | G11: 8 | H11: 9 | I11: 8 | J11: 6 | K11: 8 | L11: 8 | M11: 7 | N11: 6 | O11: 6 | P11: 5 | Q11: 4 | R11: 10 | S11: 6 | T11: =IF(COUNTIF(F11:S11,"=*")>0,"-",IF(COUNTIF(F11:S11,"<4")>0,"-",(IFERROR(AVERAGE(F11:S11),"")))) -> 7.0714286
C12: К | D12: 2 | E12: Бакуменко Максим Миколайович | F12: 7 | G12: 8 | H12: 7 | I12: 9 | J12: 8 | K12: 10 | L12: 8 | M12: 7 | N12: 6 | O12: 8 | P12: 7 | Q12: 5 | R12: 6 | S12: 6 | T12: =IF(COUNTIF(F12:S12,"=*")>0,"-",IF(COUNTIF(F12:S12,"<4")>0,"-",(IFERROR(AVERAGE(F12:S12),"")))) -> 7.2857143
C13: Б | D13: 3 | E13: Булат Володимир Віталійович | F13: 5 | G13: 5 | H13: 4 | I13: 9 | J13: 6 | K13: 7 | L13: н/а | M13: 4 | N13: 5 | O13: 4 | P13: 6 | Q13: 4 | R13: 10 | S13: 6 | T13: =IF(COUNTIF(F13:S13,"=*")>0,"-",IF(COUNTIF(F13:S13,"<4")>0,"-",(IFERROR(AVERAGE(F13:S13),"")))) -> -
C14: Б | D14: 4 | E14: Водяний Артем Андрійович | F14: 7 | G14: 8 | H14: 9 | I14: 9 | J14: 8 | K14: 9 | L14: 6 | M14: 6 | N14: 6 | O14: 8 | P14: 7 | Q14: 6 | R14: 9 | S14: 6 | T14: =IF(COUNTIF(F14:S14,"=*")>0,"-",IF(COUNTIF(F14:S14,"<4")>0,"-",(IFERROR(AVERAGE(F14:S14),"")))) -> 7.4285714
C15: К | D15: 5 | E15: Воротнік Маргарита Денисівна | F15: 8 | G15: 9 | H15: 9 | I15: 10 | J15: 9 | K15: 10 | L15: 8 | M15: 8 | N15: 8 | O15: 7 | P15: 5 | Q15: 7 | R15: 10 | S15: 6 | T15: =IF(COUNTIF(F15:S15,"=*")>0,"-",IF(COUNTIF(F15:S15,"<4")>0,"-",(IFERROR(AVERAGE(F15:S15),"")))) -> 8.1428571
C16: Б | D16: 6 | E16: Голубєв Данило Васильович | F16: 9 | G16: 9 | H16: 10 | I16: 10 | J16: 10 | K16: 8 | L16: 9 | M16: 8 | N16: 10 | O16: 8 | P16: 8 | Q16: 9 | R16: 10 | S16: 8 | T16: =IF(COUNTIF(F16:S16,"=*")>0,"-",IF(COUNTIF(F16:S16,"<4")>0,"-",(IFERROR(AVERAGE(F16:S16),"")))) -> 9
C17: К | D17: 7 | E17: Горова Діана Максимівна | F17: 5 | G17: 7 | H17: 10 | I17: 5 | J17: 7 | K17: 5 | L17: 6 | M17: 6 | N17: 6 | O17: 4 | P17: 7 | Q17: 2 | R17: 7 | S17: 5 | T17: =AVERAGE(F17:S17) -> 5.8571429
C18: Б | D18: 8 | E18: Горяінов Микита Володимирович | F18: 7 | G18: 8 | H18: 9 | I18: 10 | J18: 8 | K18: 10 | L18: 9 | M18: 9 | N18: 9 | O18: 9 | P18: 7 | Q18: 7 | R18: 10 | S18: 6 | T18: =IF(COUNTIF(F18:S18,"=*")>0,"-",IF(COUNTIF(F18:S18,"<4")>0,"-",(IFERROR(AVERAGE(F18:S18),"")))) -> 8.4285714
C19: Б | D19: 9 | E19: Катречко Олексій Костянтинович | F19: 6 | G19: 8 | H19: 8 | I19: 7 | J19: 7 | K19: 9 | L19: 6 | M19: 4 | N19: 7 | O19: 6 | P19: 6 | Q19: 5 | R19: 10 | S19: 6 | T19: =IF(COUNTIF(F19:S19,"=*")>0,"-",IF(COUNTIF(F19:S19,"<4")>0,"-",(IFERROR(AVERAGE(F19:S19),"")))) -> 6.7857143
C20: Б | D20: 10 | E20: Кирилюк Даніїл Васильович | F20: 6 | G20: 10 | H20: 10 | I20: 7 | J20: 9 | K20: 10 | L20: 9 | M20: 7 | N20: 6 | O20: 7 | P20: 8 | Q20: 6 | R20: 8 | S20: 5 | T20: =IF(COUNTIF(F20:S20,"=*")>0,"-",IF(COUNTIF(F20:S20,"<4")>0,"-",(IFERROR(AVERAGE(F20:S20),"")))) -> 7.7142857
C21: К | D21: 11 | E21: Макарський Артем Олексійович | F21: 6 | G21: 7 | H21: 10 | I21: 8 | J21: 7 | K21: 8 | L21: 5 | M21: 5 | N21: 5 | O21: 5 | P21: 5 | Q21: 6 | R21: н/а | S21: 6 | T21: =IF(COUNTIF(F21:S21,"=*")>0,"-",IF(COUNTIF(F21:S21,"<4")>0,"-",(IFERROR(AVERAGE(F21:S21),"")))) -> -
C22: К | D22: 12 | E22: Мельник Кирило Олександрович | F22: 6 | G22: 7 | H22: 4 | I22: 8 | J22: 4 | K22: 7 | L22: н/а | M22: н/а | N22: 4 | O22: 4 | P22: 4 | Q22: 2 | R22: н/а | S22: 6 | T22: =IF(COUNTIF(F22:S22,"=*")>0,"-",IF(COUNTIF(F22:S22,"<4")>0,"-",(IFERROR(AVERAGE(F22:S22),"")))) -> -
C23: К | D23: 13 | E23: Подойніцин Даніїл Романович | F23: 7 | G23: 8 | H23: 8 | I23: 7 | J23: 7 | K23: 8 | L23: 6 | M23: 6 | N23: 6 | O23: 7 | P23: 6 | Q23: 7 | R23: 10 | S23: 8 | T23: =IF(COUNTIF(F23:S23,"=*")>0,"-",IF(COUNTIF(F23:S23,"<4")>0,"-",(IFERROR(AVERAGE(F23:S23),"")))) -> 7.2142857
C24: Б | D24: 14 | E24: Рубан Володимир Олегович | F24: 6 | G24: 8 | H24: 4 | I24: 7 | J24: 6 | K24: 6 | L24: 4 | M24: 7 | N24: 5 | O24: 4 | P24: 6 | Q24: 3 | R24: 6 | S24: 6 | T24: =AVERAGE(F24:S24) -> 5.5714286
C25: К | D25: 15 | E25: Самуйлик Ярослав Олександрович | F25: 6 | G25: 9 | H25: 8 | I25: 9 | J25: 8 | K25: 9 | L25: 8 | M25: 7 | N25: 8 | O25: 7 | P25: 9 | Q25: 6 | R25: 10 | S25: 7 | T25: =IF(COUNTIF(F25:S25,"=*")>0,"-",IF(COUNTIF(F25:S25,"<4")>0,"-",(IFERROR(AVERAGE(F25:S25),"")))) -> 7.9285714
C26: Б | D26: 16 | E26: Шевчук Ілья Сергійович | F26: 9 | G26: 5 | H26: 8 | I26: 9 | J26: 7 | K26: 8 | L26: 9 | M26: 5 | N26: 6 | O26: 9 | P26: 7 | Q26: 5 | R26: 10 | S26: 6 | T26: =IF(COUNTIF(F26:S26,"=*")>0,"-",IF(COUNTIF(F26:S26,"<4")>0,"-",(IFERROR(AVERAGE(F26:S26),"")))) -> 7.3571429
C27: Б | D27: 17 | E27: Ястремський Дамір Володимирович | F27: 6 | G27: 6 | H27: 8 | I27: 6 | J27: 7 | K27: 7 | L27: 5 | M27: 5 | N27: 6 | O27: 8 | P27: 6 | Q27: 4 | R27: 6 | S27: 6 | T27: =IF(COUNTIF(F27:S27,"=*")>0,"-",IF(COUNTIF(F27:S27,"<4")>0,"-",(IFERROR(AVERAGE(F27:S27),"")))) -> 6.1428571
E28: Середній бал успішності з дисципліни | F28: =IF(SUM(F11:F27)=0,"",SUM(F11:F27)/D27) -> 6.7058824 | G28: =IF(SUM(G11:G27)=0,"",SUM(G11:G27)/D27) -> 7.6470588 | H28: =IF(SUM(H11:H27)=0,"",SUM(H11:H27)/D27) -> 7.9411765 | I28: =IF(SUM(I11:I27)=0,"",SUM(I11:I27)/D27) -> 8.1176471 | J28: =IF(SUM(J11:J27)=0,"",SUM(J11:J27)/D27) -> 7.2941176 | K28: =IF(SUM(K11:K27)=0,"",SUM(K11:K27)/D27) -> 8.1764706 | L28: =IF(SUM(L11:L27)=0,"",SUM(L11:L27)/D27) -> 6.2352941 | M28: =IF(SUM(M11:M27)=0,"",SUM(M11:M27)/D27) -> 5.9411765 | N28: =IF(SUM(N11:N27)=0,"",SUM(N11:N27)/D27) -> 6.4117647 | O28: =IF(SUM(O11:O27)=0,"",SUM(O11:O27)/D27) -> 6.5294118 | P28: =IF(SUM(P11:P27)=0,"",SUM(P11:P27)/D27) -> 6.4117647 | Q28: =IF(SUM(Q11:Q27)=0,"",SUM(Q11:Q27)/D27) -> 5.1764706 | R28: =IF(SUM(R11:R27)=0,"",SUM(R11:R27)/D27) -> 7.7647059 | S28: =IF(SUM(S11:S27)=0,"",SUM(S11:S27)/D27) -> 6.1764706 | T28: =IFERROR(AVERAGE(F28:S28),"") -> 6.894958
E29: Абсолютна успішність | F29: =IF(SUM(F11:F27)=0,"",IF(COUNTIF(F11:F27,">=4")=0,0,COUNTIF(F11:F27,">=4")/D27*100)) -> 100 | G29: =IF(SUM(G11:G27)=0,"",IF(COUNTIF(G11:G27,">=4")=0,0,COUNTIF(G11:G27,">=4")/D27*100)) -> 100 | H29: =IF(SUM(H11:H27)=0,"",IF(COUNTIF(H11:H27,">=4")=0,0,COUNTIF(H11:H27,">=4")/D27*100)) -> 100 | I29: =IF(SUM(I11:I27)=0,"",IF(COUNTIF(I11:I27,">=4")=0,0,COUNTIF(I11:I27,">=4")/D27*100)) -> 100 | J29: =IF(SUM(J11:J27)=0,"",IF(COUNTIF(J11:J27,">=4")=0,0,COUNTIF(J11:J27,">=4")/D27*100)) -> 100 | K29: =IF(SUM(K11:K27)=0,"",IF(COUNTIF(K11:K27,">=4")=0,0,COUNTIF(K11:K27,">=4")/D27*100)) -> 100 | L29: =IF(SUM(L11:L27)=0,"",IF(COUNTIF(L11:L27,">=4")=0,0,COUNTIF(L11:L27,">=4")/D27*100)) -> 88.235294 | M29: =IF(SUM(M11:M27)=0,"",IF(COUNTIF(M11:M27,">=4")=0,0,COUNTIF(M11:M27,">=4")/D27*100)) -> 94.117647 | N29: =IF(SUM(N11:N27)=0,"",IF(COUNTIF(N11:N27,">=4")=0,0,COUNTIF(N11:N27,">=4")/D27*100)) -> 100 | O29: =IF(SUM(O11:O27)=0,"",IF(COUNTIF(O11:O27,">=4")=0,0,COUNTIF(O11:O27,">=4")/D27*100)) -> 100 | P29: =IF(SUM(P11:P27)=0,"",IF(COUNTIF(P11:P27,">=4")=0,0,COUNTIF(P11:P27,">=4")/D27*100)) -> 100 | Q29: =IF(SUM(Q11:Q27)=0,"",IF(COUNTIF(Q11:Q27,">=4")=0,0,COUNTIF(Q11:Q27,">=4")/D27*100)) -> 82.352941 | R29: =IF(SUM(R11:R27)=0,"",IF(COUNTIF(R11:R27,">=4")=0,0,COUNTIF(R11:R27,">=4")/D27*100)) -> 88.235294 | S29: =IF(SUM(S11:S27)=0,"",IF(COUNTIF(S11:S27,">=4")=0,0,COUNTIF(S11:S27,">=4")/D27*100)) -> 100
E30: Якісна успішність | F30: =IF(SUM(F11:F27)=0,"",IF(COUNTIF(F11:F27,">=7")=0,0,COUNTIF(F11:F27,">=7")/D27*100)) -> 47.058824 | G30: =IF(SUM(G11:G27)=0,"",IF(COUNTIF(G11:G27,">=7")=0,0,COUNTIF(G11:G27,">=7")/D27*100)) -> 82.352941 | H30: =IF(SUM(H11:H27)=0,"",IF(COUNTIF(H11:H27,">=7")=0,0,COUNTIF(H11:H27,">=7")/D27*100)) -> 82.352941 | I30: =IF(SUM(I11:I27)=0,"",IF(COUNTIF(I11:I27,">=7")=0,0,COUNTIF(I11:I27,">=7")/D27*100)) -> 88.235294 | J30: =IF(SUM(J11:J27)=0,"",IF(COUNTIF(J11:J27,">=7")=0,0,COUNTIF(J11:J27,">=7")/D27*100)) -> 76.470588 | K30: =IF(SUM(K11:K27)=0,"",IF(COUNTIF(K11:K27,">=7")=0,0,COUNTIF(K11:K27,">=7")/D27*100)) -> 88.235294 | L30: =IF(SUM(L11:L27)=0,"",IF(COUNTIF(L11:L27,">=7")=0,0,COUNTIF(L11:L27,">=7")/D27*100)) -> 47.058824 | M30: =IF(SUM(M11:M27)=0,"",IF(COUNTIF(M11:M27,">=7")=0,0,COUNTIF(M11:M27,">=7")/D27*100)) -> 47.058824 | N30: =IF(SUM(N11:N27)=0,"",IF(COUNTIF(N11:N27,">=7")=0,0,COUNTIF(N11:N27,">=7")/D27*100)) -> 29.411765 | O30: =IF(SUM(O11:O27)=0,"",IF(COUNTIF(O11:O27,">=7")=0,0,COUNTIF(O11:O27,">=7")/D27*100)) -> 58.823529 | P30: =IF(SUM(P11:P27)=0,"",IF(COUNTIF(P11:P27,">=7")=0,0,COUNTIF(P11:P27,">=7")/D27*100)) -> 47.058824 | Q30: =IF(SUM(Q11:Q27)=0,"",IF(COUNTIF(Q11:Q27,">=7")=0,0,COUNTIF(Q11:Q27,">=7")/D27*100)) -> 23.529412 | R30: =IF(SUM(R11:R27)=0,"",IF(COUNTIF(R11:R27,">=7")=0,0,COUNTIF(R11:R27,">=7")/D27*100)) -> 70.588235 | S30: =IF(SUM(S11:S27)=0,"",IF(COUNTIF(S11:S27,">=7")=0,0,COUNTIF(S11:S27,">=7")/D27*100)) -> 17.647059
E31: Абсолютна успішність по групі | F31: =IFERROR(AVERAGE(F29:S29),"") -> 96.638655
E32: Якісна успішність по групі | F32: =IFERROR(AVERAGE(F30:S30),"") -> 57.563025
E33: Кількість бюджетників | F33: =IF(COUNTIF(C11:C27,"=Б")=0,IF(COUNTIF(C11:C27,"=К")=0,"",0),COUNTIF(C11:C27,"=Б")) -> 10
E34: Кількість контрактників | F34: =IF(COUNTIF(C11:C27,"=К")=0,IF(COUNTIF(C11:C27,"=Б")=0,"",0),COUNTIF(C11:C27,"=К")) -> 7 | H34: Класний керівник | O34: Надія ПЕНЬКОВСЬКА
E35: Кількість соціального контингенту | F35: 1
E36: Вийшли на стипендію | F36: 4 | H36: Завідувачка відділення ПЗСО | O36: Маргарита БРІТІКОВА

Sheet Рейтингова відомість 172
C3: ВІДОКРЕМЛЕНИЙ СТРУКТУРНИЙ ПІДРОЗДІЛ «ФАХОВИЙ КОЛЕДЖ НАФТОГАЗОВИХ ТЕХНОЛОГІЙ, ІНЖЕНЕРІЇ ТА ІНФРАСТРУКТУРИ СЕРВІСУ
C4: ОДЕСЬКОГО НАЦІОНАЛЬНОГО ТЕХНОЛОГІЧНОГО УНІВЕРСИТЕТУ»
C5: РЕЙТИНГОВА ВІДОМІСТЬ
C6: Успішності студентів спеціальності 172 «Телекомунікації та радіотехніка»
C7: За I семестр 2023-2024 н.р.
C8: Група 23-3 курс І
C9: Б/К | D9: № п/п | E9: Прізвище, ім’я, по батькові | F9: Підсумкові оцінки дисциплін
F10: Біологія Богданенко О.В. | G10: Всесвітня історія Мельничук С.А. | H10: Географія Наговська Т.С. | I10: Зарубіжна література Сербулова Ю.А. | J10: Захист України Стельмах Н.Ю. | K10: Іноземна мова Сербулова Ю.А. | L10: Інформатика Вівдіч М.І. | M10: Історія України Левчук Т.Г. | N10: Математика Ромчук В.В. | O10: Українська література Юрченко О.Б. | P10: Українська мова Юрченко О.Б. | Q10: Фізика Калюта Н.М. | R10: Фізична культура Кулатов В.М. | S10: Хімія Леонова Д.І. | T10: Середній бал | U10: Рейтинговий бал
C11: Б | D11: 1 | E11: Голубєв Данило Васильович | F11: 9 | G11: 9 | H11: 10 | I11: 10 | J11: 10 | K11: 8 | L11: 9 | M11: 8 | N11: 10 | O11: 8 | P11: 8 | Q11: 9 | R11: 10 | S11: 8 | T11: =IF(COUNTIF(F11:S11,"=*")>0,"-",IF(COUNTIF(F11:S11,"<4")>0,"-",(IFERROR(AVERAGE(F11:S11),"")))) -> 9 | U11: =T11/12*90 -> 67.5
C12: Б | D12: 2 | E12: Горяінов Микита Володимирович | F12: 7 | G12: 8 | H12: 9 | I12: 10 | J12: 8 | K12: 10 | L12: 9 | M12: 9 | N12: 9 | O12: 9 | P12: 7 | Q12: 7 | R12: 10 | S12: 6 | T12: =IF(COUNTIF(F12:S12,"=*")>0,"-",IF(COUNTIF(F12:S12,"<4")>0,"-",(IFERROR(AVERAGE(F12:S12),"")))) -> 8.4285714 | U12: =T12/12*90 -> 63.214286
C13: Б | D13: 3 | E13: Кирилюк Даніїл Васильович | F13: 6 | G13: 10 | H13: 10 | I13: 7 | J13: 9 | K13: 10 | L13: 9 | M13: 7 | N13: 6 | O13: 7 | P13: 8 | Q13: 6 | R13: 8 | S13: 5 | T13: =IF(COUNTIF(F13:S13,"=*")>0,"-",IF(COUNTIF(F13:S13,"<4")>0,"-",(IFERROR(AVERAGE(F13:S13),"")))) -> 7.7142857 | U13: =T13/12*90 -> 57.857143
C14: Б | D14: 4 | E14: Водяний Артем Андрійович | F14: 7 | G14: 8 | H14: 9 | I14: 9 | J14: 8 | K14: 9 | L14: 6 | M14: 6 | N14: 6 | O14: 8 | P14: 7 | Q14: 6 | R14: 9 | S14: 6 | T14: =IF(COUNTIF(F14:S14,"=*")>0,"-",IF(COUNTIF(F14:S14,"<4")>0,"-",(IFERROR(AVERAGE(F14:S14),"")))) -> 7.4285714 | U14: =T14/12*90 -> 55.714286
C15: Б | D15: 5 | E15: Шевчук Ілья Сергійович | F15: 9 | G15: 5 | H15: 8 | I15: 9 | J15: 7 | K15: 8 | L15: 9 | M15: 5 | N15: 6 | O15: 9 | P15: 7 | Q15: 5 | R15: 10 | S15: 6 | T15: =IF(COUNTIF(F15:S15,"=*")>0,"-",IF(COUNTIF(F15:S15,"<4")>0,"-",(IFERROR(AVERAGE(F15:S15),"")))) -> 7.3571429 | U15: =T15/12*90 -> 55.178571
C16: Б | D16: 6 | E16: Алачев Денис Васильович | F16: 8 | G16: 8 | H16: 9 | I16: 8 | J16: 6 | K16: 8 | L16: 8 | M16: 7 | N16: 6 | O16: 6 | P16: 5 | Q16: 4 | R16: 10 | S16: 6 | T16: =IF(COUNTIF(F16:S16,"=*")>0,"-",IF(COUNTIF(F16:S16,"<4")>0,"-",(IFERROR(AVERAGE(F16:S16),"")))) -> 7.0714286 | U16: =T16/12*90 -> 53.035714
C17: Б | D17: 7 | E17: Катречко Олексій Костянтинович | F17: 6 | G17: 8 | H17: 8 | I17: 7 | J17: 7 | K17: 9 | L17: 6 | M17: 4 | N17: 7 | O17: 6 | P17: 6 | Q17: 5 | R17: 10 | S17: 6 | T17: =IF(COUNTIF(F17:S17,"=*")>0,"-",IF(COUNTIF(F17:S17,"<4")>0,"-",(IFERROR(AVERAGE(F17:S17),"")))) -> 6.7857143 | U17: =T17/12*90 -> 50.892857
C18: Б | D18: 8 | E18: Ястремський Дамір Володимирович | F18: 6 | G18: 6 | H18: 8 | I18: 6 | J18: 7 | K18: 7 | L18: 5 | M18: 5 | N18: 6 | O18: 8 | P18: 6 | Q18: 4 | R18: 6 | S18: 6 | T18: =IF(COUNTIF(F18:S18,"=*")>0,"-",IF(COUNTIF(F18:S18,"<4")>0,"-",(IFERROR(AVERAGE(F18:S18),"")))) -> 6.1428571 | U18: =T18/12*90 -> 46.071429
C19: Б | D19: 9 | E19: Рубан Володимир Олегович | F19: 6 | G19: 8 | H19: 4 | I19: 7 | J19: 6 | K19: 6 | L19: 4 | M19: 7 | N19: 5 | O19: 4 | P19: 6 | Q19: 9 | R19: 6 | S19: 6 | T19: =IF(COUNTIF(F19:S19,"=*")>0,"-",IF(COUNTIF(F19:S19,"<4")>0,"-",(IFERROR(AVERAGE(F19:S19),"")))) -> 6 | U19: =T19/12*90 -> 45
E20: Кількість бюджетників | F20: ='Зведена 172'!F33 -> 10
E21: Кількість контрактників | F21: ='Зведена 172'!F34 -> 7 | H21: Класний керівник | O21: Надія ПЕНЬКОВСЬКА
E22: Кількість соціального контингенту | F22: ='Зведена 172'!F35 -> 1
E23: Вийшли на стипендію | F23: ='Зведена 172'!F36 -> 4 | H23: Завідувачка відділення ПЗСО | O23: Маргарита БРІТІКОВА
