Workbook
Name A1048577: #REF!
Name A1048577: #REF!
Name A1048577: #REF!
Name A1048577: #REF!
Name A1048577: #REF!
Name Ф80: #REF!
Name Ф80: #REF!
Name Ф80: #REF!
Name Ф80: #REF!
Name Ф80: #REF!

Sheet Зведена відомість 151
A1: ВСП «ФАХОВИЙ КОЛЕДЖ НАФТОГАЗОВИХ ТЕХНОЛОГІЙ, ІНЖЕНЕРІЇ ТА ІНФРАСТРУКТУРИ СЕРВІСУ
A2: ОДЕСЬКОГО НАЦІОНАЛЬНОГО ТЕХНОЛОГІЧНОГО УНІВЕРСИТЕТУ»
A3: ЗВЕДЕНА ВІДОМІСТЬ
A4: Успішності студентів спеціальності 151 «Автоматизація та комп’ютерно-інтегровані технології»
A5: За I семестр 2022-2023 н.р.
A6: Група 22-3 курс І
A7: Б/К | B7: № п/п | C7: Прізвище, ім’я, по батькові | D7: Підсумкові оцінки дисциплін
D8: Біологія Богданенко О.В. | E8: Всесвітня історія Мельничук С.А. | F8: Географія Наговська Т.С. | G8: Зарубіжна література Пруднікова Я.П. | H8: ЗУ Стельмах Н.Ю. | I8: Іноземна мова Кучер О.П. | J8: Інформатика Охрімчук В.С. | K8: Історія України Левчук Т.Г. | L8: Математика Ромчук В.В. | M8: Українська література Нестеренко А.О. | N8: Українська мова Нестеренко А.О. | O8: Фізика Калюта Н.М. | P8: Фізична культура Кулатов В.М. | Q8: Хімія Леонова Д.І. | R8: Середній бал
A9: Б | B9: 1 | C9: Борисов Олександр Ігорович | D9: 10 | E9: 10 | F9: 10 | G9: 10 | H9: 10 | I9: 10 | J9: 10 | K9: 10 | L9: 10 | M9: 11 | N9: 10 | O9: 10 | P9: 10 | Q9: 10 | R9: =IF(COUNTIF(D9:Q9,"=*")>0,"-",(IFERROR(AVERAGE(D9:Q9),""))) -> 10.071429
A10: Б | B10: 2 | C10: Вєрєтєнніков Микита Андрійович | D10: 8 | E10: 8 | F10: 8 | G10: 6 | H10: 5 | I10: 7 | J10: 6 | K10: 5 | L10: 6 | M10: 7 | N10: 8 | O10: 6 | P10: 10 | Q10: 8 | R10: =IF(COUNTIF(D10:Q10,"=*")>0,"-",(IFERROR(AVERAGE(D10:Q10),""))) -> 7
A11: Б | B11: 3 | C11: Гавронський Максим Владиславович | D11: 8 | E11: 8 | F11: 10 | G11: 7 | H11: 8 | I11: 7 | J11: 7 | K11: 8 | L11: 7 | M11: 6 | N11: 5 | O11: 8 | P11: 10 | Q11: 8 | R11: =IF(COUNTIF(D11:Q11,"=*")>0,"-",(IFERROR(AVERAGE(D11:Q11),""))) -> 7.6428571
A12: Б | B12: 4 | C12: Граур Єгор Анатолійович | D12: 10 | E12: 10 | F12: 9 | G12: 9 | H12: 10 | I12: 9 | J12: 10 | K12: 7 | L12: 9 | M12: 9 | N12: 9 | O12: 8 | P12: 8 | Q12: 10 | R12: =IF(COUNTIF(D12:Q12,"=*")>0,"-",(IFERROR(AVERAGE(D12:Q12),""))) -> 9.0714286
A13: Б | B13: 5 | C13: Грігорі Дмитро Миколайович | D13: 7 | E13: 10 | F13: 6 | G13: 4 | H13: 5 | I13: 7 | J13: 5 | K13: 6 | L13: 5 | M13: 10 | N13: 8 | O13: 4 | P13: 7 | Q13: 6 | R13: =IF(COUNTIF(D13:Q13,"=*")>0,"-",(IFERROR(AVERAGE(D13:Q13),""))) -> 6.4285714
A14: Б | B14: 6 | C14: Єленко Андрій Сергійович | D14: 7 | E14: 8 | F14: 8 | G14: 7 | H14: 9 | I14: 7 | J14: 10 | K14: 8 | L14: 7 | M14: 9 | N14: 7 | O14: 9 | P14: 10 | Q14: 10 | R14: =IF(COUNTIF(D14:Q14,"=*")>0,"-",(IFERROR(AVERAGE(D14:Q14),""))) -> 8.2857143
A15: Б | B15: 7 | C15: Жучков Данііл Євгенович | D15: 4 | E15: 5 | F15: 6 | G15: 7 | H15: 6 | I15: 7 | J15: 7 | K15: 5 | L15: 5 | M15: 4 | N15: 6 | O15: 6 | P15: 10 | Q15: 7 | R15: =IF(COUNTIF(D15:Q15,"=*")>0,"-",(IFERROR(AVERAGE(D15:Q15),""))) -> 6.0714286
A16: Б | B16: 8 | C16: Залізко Максим Віталійович | D16: 7 | E16: 9 | F16: 7 | G16: 6 | H16: 8 | I16: 6 | J16: 8 | K16: 6 | L16: 7 | M16: 8 | N16: 4 | O16: 5 | P16: 8 | Q16: 8 | R16: =IF(COUNTIF(D16:Q16,"=*")>0,"-",(IFERROR(AVERAGE(D16:Q16),""))) -> 6.9285714
A17: Б | B17: 9 | C17: Звягінцев Олександр Сергійович | D17: 9 | E17: 10 | F17: 10 | G17: 9 | H17: 9 | I17: 10 | J17: 10 | K17: 8 | L17: 7 | M17: 8 | N17: 8 | O17: 9 | P17: 9 | Q17: 9 | R17: =IF(COUNTIF(D17:Q17,"=*")>0,"-",(IFERROR(AVERAGE(D17:Q17),""))) -> 8.9285714
A18: Б | B18: 10 | C18: Іванова Владислава Іванівна | D18: 4 | E18: 5 | F18: 9 | G18: 6 | H18: 8 | I18: 7 | J18: 8 | K18: 8 | L18: 7 | M18: 8 | N18: 6 | O18: 2 | P18: 6 | Q18: 7 | R18: -
A19: Б | B19: 11 | C19: Кирилюк Маргарита Євгеніївна | D19: 10 | E19: 9 | F19: 9 | G19: 9 | H19: 9 | I19: 6 | J19: 10 | K19: 9 | L19: 8 | M19: 9 | N19: 6 | O19: 8 | P19: 6 | Q19: 9 | R19: =IF(COUNTIF(D19:Q19,"=*")>0,"-",(IFERROR(AVERAGE(D19:Q19),""))) -> 8.3571429
A20: Б | B20: 12 | C20: Кірон Нікіта Володимирович | D20: 9 | E20: 9 | F20: 8 | G20: 7 | H20: 9 | I20: 8 | J20: 8 | K20: 8 | L20: 7 | M20: 7 | N20: 5 | O20: 7 | P20: 11 | Q20: 8 | R20: =IF(COUNTIF(D20:Q20,"=*")>0,"-",(IFERROR(AVERAGE(D20:Q20),""))) -> 7.9285714
A21: К | B21: 13 | C21: Коєв Максим Владиславович | D21: 6 | E21: 7 | F21: 8 | G21: 7 | H21: 7 | I21: 6 | J21: 6 | K21: 7 | L21: 5 | M21: 5 | N21: 5 | O21: 4 | P21: 10 | Q21: 6 | R21: =IF(COUNTIF(D21:Q21,"=*")>0,"-",(IFERROR(AVERAGE(D21:Q21),""))) -> 6.3571429
A22: К | B22: 14 | C22: Лубенець Максим Петрович | D22: 8 | E22: 8 | F22: 5 | G22: 4 | H22: 7 | I22: 6 | J22: 7 | K22: 7 | L22: 5 | M22: 4 | N22: 8 | O22: 6 | P22: 10 | Q22: 6 | R22: =IF(COUNTIF(D22:Q22,"=*")>0,"-",(IFERROR(AVERAGE(D22:Q22),""))) -> 6.5
A23: Б | B23: 15 | C23: Нєтков Олександр Георгійович | D23: 9 | E23: 10 | F23: 9 | G23: 9 | H23: 10 | I23: 8 | J23: 10 | K23: 9 | L23: 7 | M23: 10 | N23: 9 | O23: 10 | P23: 10 | Q23: 9 | R23: =IF(COUNTIF(D23:Q23,"=*")>0,"-",(IFERROR(AVERAGE(D23:Q23),""))) -> 9.2142857
A24: Б | B24: 16 | C24: Рошка Андрій Дмитрович | D24: 9 | E24: 8 | F24: 10 | G24: 7 | H24: 9 | I24: 7 | J24: 7 | K24: 7 | L24: 8 | M24: 9 | N24: 8 | O24: 7 | P24: 10 | Q24: 9 | R24: =IF(COUNTIF(D24:Q24,"=*")>0,"-",(IFERROR(AVERAGE(D24:Q24),""))) -> 8.2142857
A25: Б | B25: 17 | C25: Рябов Гліб Антонович | D25: 7 | E25: 6 | F25: 8 | G25: 4 | H25: 5 | I25: 5 | J25: 6 | K25: 5 | L25: 4 | M25: 4 | N25: 7 | O25: 4 | P25: 6 | Q25: 5 | R25: =IF(COUNTIF(D25:Q25,"=*")>0,"-",(IFERROR(AVERAGE(D25:Q25),""))) -> 5.4285714
A26: Б | B26: 18 | C26: Сидоренко Ілля Олександрович | D26: 4 | E26: 5 | F26: 4 | G26: 4 | H26: 4 | I26: 6 | J26: 5 | K26: н/а | L26: 4 | M26: 4 | N26: 4 | O26: н/а | P26: 6 | Q26: 5 | R26: =IF(COUNTIF(D26:Q26,"=*")>0,"-",(IFERROR(AVERAGE(D26:Q26),""))) -> -
A27: Б | B27: 19 | C27: Соколова Анастасія Дмитрівна | D27: 4 | E27: 8 | F27: 4 | G27: 4 | H27: 4 | I27: 6 | J27: 4 | K27: 4 | L27: 5 | M27: 6 | N27: 4 | O27: 4 | P27: 6 | Q27: 5 | R27: =IF(COUNTIF(D27:Q27,"=*")>0,"-",(IFERROR(AVERAGE(D27:Q27),""))) -> 4.8571429
A28: Б | B28: 20 | C28: Тягай Олександр Михайлович | D28: 4 | E28: 5 | F28: 5 | G28: 4 | H28: 5 | I28: 4 | J28: 5 | K28: 4 | L28: 5 | M28: 6 | N28: 6 | O28: 4 | P28: 6 | Q28: 5 | R28: =IF(COUNTIF(D28:Q28,"=*")>0,"-",(IFERROR(AVERAGE(D28:Q28),""))) -> 4.8571429
A29: Б | B29: 21 | C29: Чепурко-Макаров Микита Юрійович | D29: 9 | E29: 8 | F29: 8 | G29: 8 | H29: 9 | I29: 7 | J29: 8 | K29: 7 | L29: 8 | M29: 8 | N29: 6 | O29: 9 | P29: 10 | Q29: 10 | R29: =IF(COUNTIF(D29:Q29,"=*")>0,"-",(IFERROR(AVERAGE(D29:Q29),""))) -> 8.2142857
A30: Б | B30: 22 | C30: Щукін Нікіта Олексійович | D30: 5 | E30: 8 | F30: 4 | G30: 4 | H30: 8 | I30: 4 | J30: 6 | K30: 8 | L30: 5 | M30: 5 | N30: 4 | O30: 4 | P30: 8 | Q30: 6 | R30: =IF(COUNTIF(D30:Q30,"=*")>0,"-",(IFERROR(AVERAGE(D30:Q30),""))) -> 5.6428571
C31: Середній бал успішності з дисципліни | D31: =IF(SUM(D9:D30)/B30=0,"",SUM(D9:D30)/B30) -> 7.1818182 | E31: =IF(SUM(E9:E30)/B30=0,"",SUM(E9:E30)/B30) -> 7.9090909 | F31: =IF(SUM(F9:F30)/B30=0,"",SUM(F9:F30)/B30) -> 7.5 | G31: =IF(SUM(G9:G30)/B30=0,"",SUM(G9:G30)/B30) -> 6.4545455 | H31: =IF(SUM(H9:H30)/B30=0,"",SUM(H9:H30)/B30) -> 7.4545455 | I31: =IF(SUM(I9:I30)/B30=0,"",SUM(I9:I30)/B30) -> 6.8181818 | J31: =IF(SUM(J9:J30)/B30=0,"",SUM(J9:J30)/B30) -> 7.4090909 | K31: =IF(SUM(K9:K30)/B30=0,"",SUM(K9:K30)/B30) -> 6.6363636 | L31: =IF(SUM(L9:L30)/B30=0,"",SUM(L9:L30)/B30) -> 6.4090909 | M31: =IF(SUM(M9:M30)/B30=0,"",SUM(M9:M30)/B30) -> 7.1363636 | N31: =IF(SUM(N9:N30)/B30=0,"",SUM(N9:N30)/B30) -> 6.5 | O31: =IF(SUM(O9:O30)/B30=0,"",SUM(O9:O30)/B30) -> 6.0909091 | P31: =IF(SUM(P9:P30)/B30=0,"",SUM(P9:P30)/B30) -> 8.5 | Q31: =IF(SUM(Q9:Q30)/B30=0,"",SUM(Q9:Q30)/B30) -> 7.5454545 | R31: =IFERROR(AVERAGE(D31:Q31),"") -> 7.1103896
C32: Абсолютна успішність | D32: =IF(COUNTIF(D9:D30,">=4")/B30*100=0,"",COUNTIF(D9:D30,">=4")/B30*100) -> 100 | E32: =IF(COUNTIF(E9:E30,">=4")/B30*100=0,"",COUNTIF(E9:E30,">=4")/B30*100) -> 100 | F32: =IF(COUNTIF(F9:F30,">=4")/B30*100=0,"",COUNTIF(F9:F30,">=4")/B30*100) -> 100 | G32: =IF(COUNTIF(G9:G30,">=4")/B30*100=0,"",COUNTIF(G9:G30,">=4")/B30*100) -> 100 | H32: =IF(COUNTIF(H9:H30,">=4")/B30*100=0,"",COUNTIF(H9:H30,">=4")/B30*100) -> 100 | I32: =IF(COUNTIF(I9:I30,">=4")/B30*100=0,"",COUNTIF(I9:I30,">=4")/B30*100) -> 100 | J32: =IF(COUNTIF(J9:J30,">=4")/B30*100=0,"",COUNTIF(J9:J30,">=4")/B30*100) -> 100 | K32: =IF(COUNTIF(K9:K30,">=4")/B30*100=0,"",COUNTIF(K9:K30,">=4")/B30*100) -> 95.454545 | L32: =IF(COUNTIF(L9:L30,">=4")/B30*100=0,"",COUNTIF(L9:L30,">=4")/B30*100) -> 100 | M32: =IF(COUNTIF(M9:M30,">=4")/B30*100=0,"",COUNTIF(M9:M30,">=4")/B30*100) -> 100 | N32: =IF(COUNTIF(N9:N30,">=4")/B30*100=0,"",COUNTIF(N9:N30,">=4")/B30*100) -> 100 | O32: =IF(COUNTIF(O9:O30,">=4")/B30*100=0,"",COUNTIF(O9:O30,">=4")/B30*100) -> 90.909091 | P32: =IF(COUNTIF(P9:P30,">=4")/B30*100=0,"",COUNTIF(P9:P30,">=4")/B30*100) -> 100 | Q32: =IF(COUNTIF(Q9:Q30,">=4")/B30*100=0,"",COUNTIF(Q9:Q30,">=4")/B30*100) -> 100
C33: Якісна успішність | D33: =IF(COUNTIF(D9:D30,">=7")/B30*100=0,"",COUNTIF(D9:D30,">=7")/B30*100) -> 68.181818 | E33: =IF(COUNTIF(E9:E30,">=7")/B30*100=0,"",COUNTIF(E9:E30,">=7")/B30*100) -> 77.272727 | F33: =IF(COUNTIF(F9:F30,">=7")/B30*100=0,"",COUNTIF(F9:F30,">=7")/B30*100) -> 68.181818 | G33: =IF(COUNTIF(G9:G30,">=7")/B30*100=0,"",COUNTIF(G9:G30,">=7")/B30*100) -> 54.545455 | H33: =IF(COUNTIF(H9:H30,">=7")/B30*100=0,"",COUNTIF(H9:H30,">=7")/B30*100) -> 68.181818 | I33: =IF(COUNTIF(I9:I30,">=7")/B30*100=0,"",COUNTIF(I9:I30,">=7")/B30*100) -> 59.090909 | J33: =IF(COUNTIF(J9:J30,">=7")/B30*100=0,"",COUNTIF(J9:J30,">=7")/B30*100) -> 63.636364 | K33: =IF(COUNTIF(K9:K30,">=7")/B30*100=0,"",COUNTIF(K9:K30,">=7")/B30*100) -> 63.636364 | L33: =IF(COUNTIF(L9:L30,">=7")/B30*100=0,"",COUNTIF(L9:L30,">=7")/B30*100) -> 54.545455 | M33: =IF(COUNTIF(M9:M30,">=7")/B30*100=0,"",COUNTIF(M9:M30,">=7")/B30*100) -> 59.090909 | N33: =IF(COUNTIF(N9:N30,">=7")/B30*100=0,"",COUNTIF(N9:N30,">=7")/B30*100) -> 45.454545 | O33: =IF(COUNTIF(O9:O30,">=7")/B30*100=0,"",COUNTIF(O9:O30,">=7")/B30*100) -> 45.454545 | P33: =IF(COUNTIF(P9:P30,">=7")/B30*100=0,"",COUNTIF(P9:P30,">=7")/B30*100) -> 72.727273 | Q33: =IF(COUNTIF(Q9:Q30,">=7")/B30*100=0,"",COUNTIF(Q9:Q30,">=7")/B30*100) -> 63.636364
C34: Абсолютна успішність по групі | D34: =IFERROR(AVERAGE(D32:Q32),"") -> 99.025974
C35: Якісна успішність по групі | D35: =IFERROR(AVERAGE(D33:Q33),"") -> 61.688312
C36: Кількість бюджетників | D36: =IF(COUNTIF(A9:A30,"=Б")=0,"",COUNTIF(A9:A30,"=Б")) -> 20
C37: Кількість контрактників | D37: =IF(COUNTIF(A9:A30,"=К")=0,"",COUNTIF(A9:A30,"=К")) -> 2 | F37: Класний керівник | M37: Тетяна ГРАТІЙ
C38: Кількість соціального контингенту | D38: 1
C39: Вийшли на стипендію | D39: ='Рейтингова відомість 151'!D30 -> 8 | F39: Завідувач відділення ПЗСО | M39: Маргарита БРІТІКОВА

Sheet Зведена відомість 185
A1: ВСП «ФАХОВИЙ КОЛЕДЖ НАФТОГАЗОВИХ ТЕХНОЛОГІЙ, ІНЖЕНЕРІЇ ТА ІНФРАСТРУКТУРИ СЕРВІСУ
A2: ОДЕСЬКОГО НАЦІОНАЛЬНОГО ТЕХНОЛОГІЧНОГО УНІВЕРСИТЕТУ»
A3: ЗВЕДЕНА ВІДОМІСТЬ
A4: Успішності студентів спеціальності 185 «Нафтогазова інженерія та технології»
A5: За I семестр 2022-2023 н.р.
A6: Група 22-3 курс І
A7: Б/К | B7: № п/п | C7: Прізвище, ім’я, по батькові | D7: Підсумкові оцінки дисциплін
D8: Біологія Богданенко О.В. | E8: Всесвітня історія Мельничук С.А. | F8: Географія Наговська Т.С. | G8: Зарубіжна література Пруднікова Я.П. | H8: ЗУ Стельмах Н.Ю. | I8: Іноземна мова Кучер О.П. | J8: Інформатика Охрімчук В.С. | K8: Історія України Левчук Т.Г. | L8: Математика Ромчук В.В. | M8: Українська література Нестеренко А.О. | N8: Українська мова Нестеренко А.О. | O8: Фізика Калюта Н.М. | P8: Фізична культура Кулатов В.М. | Q8: Хімія Леонова Д.І. | R8: Середній бал
A9: Б | B9: 1 | C9: Бєлов Дмитро Віталійович | D9: 8 | E9: 8 | F9: 8 | G9: 6 | H9: 6 | I9: 7 | J9: 5 | K9: 5 | L9: 4 | M9: 8 | N9: 4 | O9: 4 | P9: 10 | Q9: 8 | R9: =IF(COUNTIF(D9:Q9,"=*")>0,"-",(IFERROR(AVERAGE(D9:Q9),""))) -> 6.5
A10: К | B10: 2 | C10: Бородін Сергій Костянтинович | D10: 4 | E10: 4 | F10: 4 | G10: 7 | H10: 7 | I10: 4 | J10: 6 | K10: 4 | L10: 5 | M10: 5 | N10: 5 | O10: н/а | P10: 6 | Q10: 5 | R10: =IF(COUNTIF(D10:Q10,"=*")>0,"-",(IFERROR(AVERAGE(D10:Q10),""))) -> -
A11: Б | B11: 3 | C11: Горевич Дмитро Олексійович | D11: 5 | E11: 8 | F11: 8 | G11: 7 | H11: 7 | I11: 4 | J11: 10 | K11: 8 | L11: 6 | M11: 7 | N11: 9 | O11: 4 | P11: 10 | Q11: 8 | R11: =IF(COUNTIF(D11:Q11,"=*")>0,"-",(IFERROR(AVERAGE(D11:Q11),""))) -> 7.2142857
A12: Б | B12: 4 | C12: Зібаров Георгій Павлович | D12: 10 | E12: 10 | F12: 10 | G12: 9 | H12: 9 | I12: 7 | J12: 9 | K12: 8 | L12: 8 | M12: 9 | N12: 9 | O12: 8 | P12: 9 | Q12: 8 | R12: =IF(COUNTIF(D12:Q12,"=*")>0,"-",(IFERROR(AVERAGE(D12:Q12),""))) -> 8.7857143
A13: Б | B13: 5 | C13: Зотік Кирило Євгенович | D13: 9 | E13: 9 | F13: 10 | G13: 10 | H13: 10 | I13: 10 | J13: 10 | K13: 8 | L13: 9 | M13: 9 | N13: 10 | O13: 9 | P13: 10 | Q13: 10 | R13: =IF(COUNTIF(D13:Q13,"=*")>0,"-",(IFERROR(AVERAGE(D13:Q13),""))) -> 9.5
A14: Б | B14: 6 | C14: Кузьмін Ілля Денисович | D14: 8 | E14: 7 | F14: 8 | G14: 4 | H14: 7 | I14: 8 | J14: 8 | K14: 7 | L14: 6 | M14: 6 | N14: 8 | O14: 4 | P14: 7 | Q14: 9 | R14: =IF(COUNTIF(D14:Q14,"=*")>0,"-",(IFERROR(AVERAGE(D14:Q14),""))) -> 6.9285714
A15: Б | B15: 7 | C15: Степаніченко Микола Віталійович | D15: 4 | E15: 5 | F15: 4 | G15: 4 | H15: 4 | I15: 8 | J15: 4 | K15: н/а | L15: 4 | M15: 4 | N15: 4 | O15: н/а | P15: 6 | Q15: 5 | R15: =IF(COUNTIF(D15:Q15,"=*")>0,"-",(IFERROR(AVERAGE(D15:Q15),""))) -> -
A16: Б | B16: 8 | C16: Фастрига Олександр Євгенович | D16: 9 | E16: 10 | F16: 8 | G16: 8 | H16: 9 | I16: 7 | J16: 7 | K16: 7 | L16: 4 | M16: 7 | N16: 6 | O16: 6 | P16: 7 | Q16: 9 | R16: =IF(COUNTIF(D16:Q16,"=*")>0,"-",(IFERROR(AVERAGE(D16:Q16),""))) -> 7.4285714
A17: Б | B17: 9 | C17: Холявко Артем Олександрович | D17: 6 | E17: 6 | F17: 6 | G17: 6 | H17: 6 | I17: 6 | J17: 7 | K17: 6 | L17: 4 | M17: 4 | N17: 4 | O17: 4 | P17: 8 | Q17: 5 | R17: =IF(COUNTIF(D17:Q17,"=*")>0,"-",(IFERROR(AVERAGE(D17:Q17),""))) -> 5.5714286
C18: Середній бал успішності з дисципліни | D18: =IF(SUM(D9:D17)/B17=0,"",SUM(D9:D17)/B17) -> 7 | E18: =IF(SUM(E9:E17)/B17=0,"",SUM(E9:E17)/B17) -> 7.4444444 | F18: =IF(SUM(F9:F17)/B17=0,"",SUM(F9:F17)/B17) -> 7.3333333 | G18: =IF(SUM(G9:G17)/B17=0,"",SUM(G9:G17)/B17) -> 6.7777778 | H18: =IF(SUM(H9:H17)/B17=0,"",SUM(H9:H17)/B17) -> 7.2222222 | I18: =IF(SUM(I9:I17)/B17=0,"",SUM(I9:I17)/B17) -> 6.7777778 | J18: =IF(SUM(J9:J17)/B17=0,"",SUM(J9:J17)/B17) -> 7.3333333 | K18: =IF(SUM(K9:K17)/B17=0,"",SUM(K9:K17)/B17) -> 5.8888889 | L18: =IF(SUM(L9:L17)/B17=0,"",SUM(L9:L17)/B17) -> 5.5555556 | M18: =IF(SUM(M9:M17)/B17=0,"",SUM(M9:M17)/B17) -> 6.5555556 | N18: =IF(SUM(N9:N17)/B17=0,"",SUM(N9:N17)/B17) -> 6.5555556 | O18: =IF(SUM(O9:O17)/B17=0,"",SUM(O9:O17)/B17) -> 4.3333333 | P18: =IF(SUM(P9:P17)/B17=0,"",SUM(P9:P17)/B17) -> 8.1111111 | Q18: =IF(SUM(Q9:Q17)/B17=0,"",SUM(Q9:Q17)/B17) -> 7.4444444 | R18: =IFERROR(AVERAGE(D18:Q18),"") -> 6.7380952
C19: Абсолютна успішність | D19: =IF(COUNTIF(D9:D17,">=4")/B17*100=0,"",COUNTIF(D9:D17,">=4")/B17*100) -> 100 | E19: =IF(COUNTIF(E9:E17,">=4")/B17*100=0,"",COUNTIF(E9:E17,">=4")/B17*100) -> 100 | F19: =IF(COUNTIF(F9:F17,">=4")/B17*100=0,"",COUNTIF(F9:F17,">=4")/B17*100) -> 100 | G19: =IF(COUNTIF(G9:G17,">=4")/B17*100=0,"",COUNTIF(G9:G17,">=4")/B17*100) -> 100 | H19: =IF(COUNTIF(H9:H17,">=4")/B17*100=0,"",COUNTIF(H9:H17,">=4")/B17*100) -> 100 | I19: =IF(COUNTIF(I9:I17,">=4")/B17*100=0,"",COUNTIF(I9:I17,">=4")/B17*100) -> 100 | J19: =IF(COUNTIF(J9:J17,">=4")/B17*100=0,"",COUNTIF(J9:J17,">=4")/B17*100) -> 100 | K19: =IF(COUNTIF(K9:K17,">=4")/B17*100=0,"",COUNTIF(K9:K17,">=4")/B17*100) -> 88.888889 | L19: =IF(COUNTIF(L9:L17,">=4")/B17*100=0,"",COUNTIF(L9:L17,">=4")/B17*100) -> 100 | M19: =IF(COUNTIF(M9:M17,">=4")/B17*100=0,"",COUNTIF(M9:M17,">=4")/B17*100) -> 100 | N19: =IF(COUNTIF(N9:N17,">=4")/B17*100=0,"",COUNTIF(N9:N17,">=4")/B17*100) -> 100 | O19: =IF(COUNTIF(O9:O17,">=4")/B17*100=0,"",COUNTIF(O9:O17,">=4")/B17*100) -> 77.777778 | P19: =IF(COUNTIF(P9:P17,">=4")/B17*100=0,"",COUNTIF(P9:P17,">=4")/B17*100) -> 100 | Q19: =IF(COUNTIF(Q9:Q17,">=4")/B17*100=0,"",COUNTIF(Q9:Q17,">=4")/B17*100) -> 100
C20: Якісна успішність | D20: =IF(COUNTIF(D9:D17,">=7")/B17*100=0,"",COUNTIF(D9:D17,">=7")/B17*100) -> 55.555556 | E20: =IF(COUNTIF(E9:E17,">=7")/B17*100=0,"",COUNTIF(E9:E17,">=7")/B17*100) -> 66.666667 | F20: =IF(COUNTIF(F9:F17,">=7")/B17*100=0,"",COUNTIF(F9:F17,">=7")/B17*100) -> 66.666667 | G20: =IF(COUNTIF(G9:G17,">=7")/B17*100=0,"",COUNTIF(G9:G17,">=7")/B17*100) -> 55.555556 | H20: =IF(COUNTIF(H9:H17,">=7")/B17*100=0,"",COUNTIF(H9:H17,">=7")/B17*100) -> 66.666667 | I20: =IF(COUNTIF(I9:I17,">=7")/B17*100=0,"",COUNTIF(I9:I17,">=7")/B17*100) -> 66.666667 | J20: =IF(COUNTIF(J9:J17,">=7")/B17*100=0,"",COUNTIF(J9:J17,">=7")/B17*100) -> 66.666667 | K20: =IF(COUNTIF(K9:K17,">=7")/B17*100=0,"",COUNTIF(K9:K17,">=7")/B17*100) -> 55.555556 | L20: =IF(COUNTIF(L9:L17,">=7")/B17*100=0,"",COUNTIF(L9:L17,">=7")/B17*100) -> 22.222222 | M20: =IF(COUNTIF(M9:M17,">=7")/B17*100=0,"",COUNTIF(M9:M17,">=7")/B17*100) -> 55.555556 | N20: =IF(COUNTIF(N9:N17,">=7")/B17*100=0,"",COUNTIF(N9:N17,">=7")/B17*100) -> 44.444444 | O20: =IF(COUNTIF(O9:O17,">=7")/B17*100=0,"",COUNTIF(O9:O17,">=7")/B17*100) -> 22.222222 | P20: =IF(COUNTIF(P9:P17,">=7")/B17*100=0,"",COUNTIF(P9:P17,">=7")/B17*100) -> 77.777778 | Q20: =IF(COUNTIF(Q9:Q17,">=7")/B17*100=0,"",COUNTIF(Q9:Q17,">=7")/B17*100) -> 66.666667
C21: Абсолютна успішність по групі | D21: =IFERROR(AVERAGE(D19:Q19),"") -> 97.619048
C22: Якісна успішність по групі | D22: =IFERROR(AVERAGE(D20:Q20),"") -> 56.349206
C23: Кількість бюджетників | D23: =IF(COUNTIF(A9:A17,"=Б")=0,"",COUNTIF(A9:A17,"=Б")) -> 8
C24: Кількість контрактників | D24: =IF(COUNTIF(A9:A17,"=К")=0,"",COUNTIF(A9:A17,"=К")) -> 1 | F24: Класний керівник | M24: Тетяна ГРАТІЙ
C25: Кількість соціального контингенту | D25: 1
C26: Вийшли на стипендію | D26: ='Рейтингова відомість 185'!D19 -> 3 | F26: Завідувач відділення ПЗСО | M26: Маргарита БРІТІКОВА

Sheet Рейтингова відомість 151
A1: ВСП «ФАХОВИЙ КОЛЕДЖ НАФТОГАЗОВИХ ТЕХНОЛОГІЙ, ІНЖЕНЕРІЇ ТА ІНФРАСТРУКТУРИ СЕРВІСУ
A2: ОДЕСЬКОГО НАЦІОНАЛЬНОГО ТЕХНОЛОГІЧНОГО УНІВЕРСИТЕТУ»
A3: РЕЙТИНГОВА ВІДОМІСТЬ
A4: Успішності студентів спеціальності 151 «Автоматизація та комп’ютерно-інтегровані технології»
A5: За I семестр 2022-2023 н.р.
A6: Група 22-3 курс І
A7: Б/К | B7: № п/п | C7: Прізвище, ім’я, по батькові | D7: Підсумкові оцінки дисциплін
D8: Біологія Богданенко О.В. | E8: Всесвітня історія Мельничук С.А. | F8: Географія Наговська Т.С. | G8: Зарубіжна література Пруднікова Я.П. | H8: ЗУ Стельмах Н.Ю. | I8: Іноземна мова Кучер О.П. | J8: Інформатика Охрімчук В.С. | K8: Історія України Левчук Т.Г. | L8: Математика Ромчук В.В. | M8: Українська література Нестеренко А.О. | N8: Українська мова Нестеренко А.О. | O8: Фізика Калюта Н.М. | P8: Фізична культура Кулатов В.М. | Q8: Хімія Леонова Д.І. | R8: Середній бал | S8: Рейтинговий бал
A9: Б | B9: 1 | C9: Борисов Олександр Ігорович | D9: 10 | E9: 10 | F9: 10 | G9: 10 | H9: 10 | I9: 10 | J9: 10 | K9: 10 | L9: 10 | M9: 11 | N9: 10 | O9: 10 | P9: 10 | Q9: 10 | R9: =IF(COUNTIF(D9:Q9,"=*")>0,"-",(IFERROR(AVERAGE(D9:Q9),""))) -> 10.071429 | S9: =R9*90/12 -> 75.535714
A10: Б | B10: 2 | C10: Нєтков Олександр Георгійович | D10: 9 | E10: 10 | F10: 9 | G10: 9 | H10: 10 | I10: 8 | J10: 10 | K10: 9 | L10: 7 | M10: 10 | N10: 9 | O10: 10 | P10: 10 | Q10: 9 | R10: =IF(COUNTIF(D10:Q10,"=*")>0,"-",(IFERROR(AVERAGE(D10:Q10),""))) -> 9.2142857 | S10: =R10*90/12 -> 69.107143
A11: Б | B11: 3 | C11: Граур Єгор Анатолійович | D11: 10 | E11: 10 | F11: 9 | G11: 9 | H11: 10 | I11: 9 | J11: 10 | K11: 7 | L11: 9 | M11: 9 | N11: 9 | O11: 8 | P11: 8 | Q11: 10 | R11: =IF(COUNTIF(D11:Q11,"=*")>0,"-",(IFERROR(AVERAGE(D11:Q11),""))) -> 9.0714286 | S11: =R11*90/12 -> 68.035714
A12: Б | B12: 4 | C12: Звягінцев Олександр Сергійович | D12: 9 | E12: 10 | F12: 10 | G12: 9 | H12: 9 | I12: 10 | J12: 10 | K12: 8 | L12: 7 | M12: 8 | N12: 8 | O12: 9 | P12: 9 | Q12: 9 | R12: =IF(COUNTIF(D12:Q12,"=*")>0,"-",(IFERROR(AVERAGE(D12:Q12),""))) -> 8.9285714 | S12: =R12*90/12 -> 66.964286
A13: Б | B13: 5 | C13: Кирилюк Маргарита Євгеніївна | D13: 10 | E13: 9 | F13: 9 | G13: 9 | H13: 9 | I13: 6 | J13: 10 | K13: 9 | L13: 8 | M13: 9 | N13: 6 | O13: 8 | P13: 6 | Q13: 9 | R13: =IF(COUNTIF(D13:Q13,"=*")>0,"-",(IFERROR(AVERAGE(D13:Q13),""))) -> 8.3571429 | S13: =R13*90/12 -> 62.678571
A14: Б | B14: 6 | C14: Єленко Андрій Сергійович | D14: 7 | E14: 8 | F14: 8 | G14: 7 | H14: 9 | I14: 7 | J14: 10 | K14: 8 | L14: 7 | M14: 9 | N14: 7 | O14: 9 | P14: 10 | Q14: 10 | R14: =IF(COUNTIF(D14:Q14,"=*")>0,"-",(IFERROR(AVERAGE(D14:Q14),""))) -> 8.2857143 | S14: =R14*90/12 -> 62.142857
A15: Б | B15: 7 | C15: Рошка Андрій Дмитрович | D15: 9 | E15: 8 | F15: 10 | G15: 7 | H15: 9 | I15: 7 | J15: 7 | K15: 7 | L15: 8 | M15: 9 | N15: 8 | O15: 7 | P15: 10 | Q15: 9 | R15: =IF(COUNTIF(D15:Q15,"=*")>0,"-",(IFERROR(AVERAGE(D15:Q15),""))) -> 8.2142857 | S15: =R15*90/12 -> 61.607143
A16: Б | B16: 8 | C16: Чепурко-Макаров Микита Юрійович | D16: 9 | E16: 8 | F16: 8 | G16: 8 | H16: 9 | I16: 7 | J16: 8 | K16: 7 | L16: 8 | M16: 8 | N16: 6 | O16: 9 | P16: 10 | Q16: 10 | R16: =IF(COUNTIF(D16:Q16,"=*")>0,"-",(IFERROR(AVERAGE(D16:Q16),""))) -> 8.2142857 | S16: =R16*90/12 -> 61.607143
A17: Б | B17: 9 | C17: Кірон Нікіта Володимирович | D17: 9 | E17: 9 | F17: 8 | G17: 7 | H17: 9 | I17: 8 | J17: 8 | K17: 8 | L17: 7 | M17: 7 | N17: 5 | O17: 7 | P17: 11 | Q17: 8 | R17: =IF(COUNTIF(D17:Q17,"=*")>0,"-",(IFERROR(AVERAGE(D17:Q17),""))) -> 7.9285714 | S17: =R17*90/12 -> 59.464286
A18: Б | B18: 10 | C18: Гавронський Максим Владиславович | D18: 8 | E18: 8 | F18: 10 | G18: 7 | H18: 8 | I18: 7 | J18: 7 | K18: 8 | L18: 7 | M18: 6 | N18: 5 | O18: 8 | P18: 10 | Q18: 8 | R18: =IF(COUNTIF(D18:Q18,"=*")>0,"-",(IFERROR(AVERAGE(D18:Q18),""))) -> 7.6428571 | S18: =R18*90/12 -> 57.321429
A19: Б | B19: 11 | C19: Вєрєтєнніков Микита Андрійович | D19: 8 | E19: 8 | F19: 8 | G19: 6 | H19: 5 | I19: 7 | J19: 6 | K19: 5 | L19: 6 | M19: 7 | N19: 8 | O19: 6 | P19: 10 | Q19: 8 | R19: =IF(COUNTIF(D19:Q19,"=*")>0,"-",(IFERROR(AVERAGE(D19:Q19),""))) -> 7 | S19: =R19*90/12 -> 52.5
A20: Б | B20: 12 | C20: Залізко Максим Віталійович | D20: 7 | E20: 9 | F20: 7 | G20: 6 | H20: 8 | I20: 6 | J20: 8 | K20: 6 | L20: 7 | M20: 8 | N20: 4 | O20: 5 | P20: 8 | Q20: 8 | R20: =IF(COUNTIF(D20:Q20,"=*")>0,"-",(IFERROR(AVERAGE(D20:Q20),""))) -> 6.9285714 | S20: =R20*90/12 -> 51.964286
... A26: Б | B26: 18 | C26: Тягай Олександр Михайлович | D26: 4 | E26: 5 | F26: 5 | G26: 4 | H26: 5 | I26: 4 | J26: 5 | K26: 4 | L26: 5 | M26: 6 | N26: 6 | O26: 4 | P26: 6 | Q26: 5 | R26: =IF(COUNTIF(D26:Q26,"=*")>0,"-",(IFERROR(AVERAGE(D26:Q26),""))) -> 4.8571429 | S26: =R26*90/12 -> 36.428571
C27: Кількість бюджетників | D27: ='Зведена відомість 151'!D36 -> 20
C28: Кількість контрактників | D28: ='Зведена відомість 151'!D37 -> 2 | F28: Класний керівник | M28: Тетяна ГРАТІЙ
C29: Кількість соціального контингенту | D29: ='Зведена відомість 151'!D38 -> 1
C30: Вийшли на стипендію | D30: 8 | F30: Завідувач відділення ПЗСО | M30: Маргарита БРІТІКОВА

Sheet Рейтингова відомість 185
A1: ВСП «ФАХОВИЙ КОЛЕДЖ НАФТОГАЗОВИХ ТЕХНОЛОГІЙ, ІНЖЕНЕРІЇ ТА ІНФРАСТРУКТУРИ СЕРВІСУ
A2: ОДЕСЬКОГО НАЦІОНАЛЬНОГО ТЕХНОЛОГІЧНОГО УНІВЕРСИТЕТУ»
A3: РЕЙТИНГОВА ВІДОМІСТЬ
A4: Успішності студентів спеціальності 185 «Нафтогазова інженерія та технології»
A5: За I семестр 2022-2023 н.р.
A6: Група 22-3 курс І
A7: Б/К | B7: № п/п | C7: Прізвище, ім’я, по батькові | D7: Підсумкові оцінки дисциплін
D8: Біологія Богданенко О.В. | E8: Всесвітня історія Мельничук С.А. | F8: Географія Наговська Т.С. | G8: Зарубіжна література Пруднікова Я.П. | H8: ЗУ Стельмах Н.Ю. | I8: Іноземна мова Кучер О.П. | J8: Інформатика Охрімчук В.С. | K8: Історія України Левчук Т.Г. | L8: Математика Ромчук В.В. | M8: Українська література Нестеренко А.О. | N8: Українська мова Нестеренко А.О. | O8: Фізика Калюта Н.М. | P8: Фізична культура Кулатов В.М. | Q8: Хімія Леонова Д.І. | R8: Середній бал | S8: Рейтинговий бал
A9: Б | B9: 1 | C9: Зотік Кирило Євгенович | D9: 9 | E9: 9 | F9: 10 | G9: 10 | H9: 10 | I9: 10 | J9: 10 | K9: 8 | L9: 9 | M9: 9 | N9: 10 | O9: 9 | P9: 10 | Q9: 10 | R9: =IF(COUNTIF(D9:Q9,"=*")>0,"-",(IFERROR(AVERAGE(D9:Q9),""))) -> 9.5 | S9: =R9*90/12 -> 71.25
A10: Б | B10: 2 | C10: Зібаров Георгій Павлович | D10: 10 | E10: 10 | F10: 10 | G10: 9 | H10: 9 | I10: 7 | J10: 9 | K10: 8 | L10: 8 | M10: 9 | N10: 9 | O10: 8 | P10: 9 | Q10: 8 | R10: =IF(COUNTIF(D10:Q10,"=*")>0,"-",(IFERROR(AVERAGE(D10:Q10),""))) -> 8.7857143 | S10: =R10*90/12 -> 65.892857
A11: Б | B11: 3 | C11: Фастрига Олександр Євгенович | D11: 9 | E11: 10 | F11: 8 | G11: 8 | H11: 9 | I11: 7 | J11: 7 | K11: 7 | L11: 4 | M11: 7 | N11: 6 | O11: 6 | P11: 7 | Q11: 9 | R11: =IF(COUNTIF(D11:Q11,"=*")>0,"-",(IFERROR(AVERAGE(D11:Q11),""))) -> 7.4285714 | S11: =R11*90/12 -> 55.714286
A12: Б | B12: 4 | C12: Горевич Дмитро Олексійович | D12: 5 | E12: 8 | F12: 8 | G12: 7 | H12: 7 | I12: 4 | J12: 10 | K12: 8 | L12: 6 | M12: 7 | N12: 9 | O12: 4 | P12: 10 | Q12: 8 | R12: =IF(COUNTIF(D12:Q12,"=*")>0,"-",(IFERROR(AVERAGE(D12:Q12),""))) -> 7.2142857 | S12: =R12*90/12 -> 54.107143
A13: Б | B13: 5 | C13: Кузьмін Ілля Денисович | D13: 8 | E13: 7 | F13: 8 | G13: 4 | H13: 7 | I13: 8 | J13: 8 | K13: 7 | L13: 6 | M13: 6 | N13: 8 | O13: 4 | P13: 7 | Q13: 9 | R13: =IF(COUNTIF(D13:Q13,"=*")>0,"-",(IFERROR(AVERAGE(D13:Q13),""))) -> 6.9285714 | S13: =R13*90/12 -> 51.964286
A14: Б | B14: 6 | C14: Бєлов Дмитро Віталійович | D14: 8 | E14: 8 | F14: 8 | G14: 6 | H14: 6 | I14: 7 | J14: 5 | K14: 5 | L14: 4 | M14: 8 | N14: 4 | O14: 4 | P14: 10 | Q14: 8 | R14: =IF(COUNTIF(D14:Q14,"=*")>0,"-",(IFERROR(AVERAGE(D14:Q14),""))) -> 6.5 | S14: =R14*90/12 -> 48.75
A15: Б | B15: 7 | C15: Холявко Артем Олександрович | D15: 6 | E15: 6 | F15: 6 | G15: 6 | H15: 6 | I15: 6 | J15: 7 | K15: 6 | L15: 4 | M15: 4 | N15: 4 | O15: 4 | P15: 8 | Q15: 5 | R15: =IF(COUNTIF(D15:Q15,"=*")>0,"-",(IFERROR(AVERAGE(D15:Q15),""))) -> 5.5714286 | S15: =R15*90/12 -> 41.785714
C16: Кількість бюджетників | D16: ='Зведена відомість 185'!D23 -> 8
C17: Кількість контрактників | D17: ='Зведена відомість 185'!D24 -> 1 | F17: Класний керівник | M17: Тетяна ГРАТІЙ
C18: Кількість соціального контингенту | D18: ='Зведена відомість 185'!D25 -> 1
C19: Вийшли на стипендію | D19: 3 | F19: Завідувач відділення ПЗСО | M19: Маргарита БРІТІКОВА
