Workbook
Name A1048577: #REF!
Name Ф80: #REF!
Name A1048577: #REF!
Name Ф80: #REF!
Name A1048577: #REF!
Name Ф80: #REF!
Name A1048577: #REF!
Name Ф80: #REF!

Sheet Загальна
A1: S
C3: ЗАГАЛЬНА ВІДОМІСТЬ З УСІМА СПЕЦІАЛЬНОСТЯМИ. НЕ ДЛЯ ДРУКУ. ЗВІДСИ ОЦІНКИ АВТОМАТИЧНО ПЕРЕНОСЯТЬСЯ ДО ВІДОМОСТЕЙ. СТВОРЕНО ДЛЯ ЛЕГШОГО ЗАПОВНЕННЯ ОЦІНОК
C8: Б/К | D8: № п/п | E8: Прізвище, ім’я, по батькові | F8: Підсумкові оцінки дисциплін | U8: Середній бал
F9: Астрономія Мельничук С.А. | G9: Біологія Богданенко О.В. | H9: Всесвітня Історія Мельничук С.А. | I9: Географія Наговська Т.С. | J9: Зарубіжна література Бабенко Л. Е. | K9: Захист України Лазар В.І. | L9: Іноземна мова Нічик Н.О. | M9: Інформатика Андрльє І.О. | N9: Історія України Левчук Т.Г. | O9: Математика Земляна Т.М. | P9: Українська література Антропова Л.І. | Q9: Українська мова Антропова Л.І. | R9: Фізика Калюта Н.М. | S9: Фізична культура Галеніна І.С. | T9: Хімія Пономарьов К.М.
C10: Б | D10: 1 | E10: Алексєєв Дмитро Олегович | U10: =IF(COUNTIF($F10:T10,"=*")>0,IF($C10="K","-"," - "),IF(COUNTIF($F10:T10,"<4")>0,IF($C10="K","-"," - "),(IFERROR(AVERAGE($F10:T10),"Очікую"))))
C11: К | D11: 2 | E11: Бойцов Олексій Валерійович | U11: =IF(COUNTIF($F11:T11,"=*")>0,IF($C11="K","-"," - "),IF(COUNTIF($F11:T11,"<4")>0,IF($C11="K","-"," - "),(IFERROR(AVERAGE($F11:T11),"Очікую"))))
C12: Б | D12: 3 | E12: Бурдіяк Ростислав Сергійович | U12: =IF(COUNTIF($F12:T12,"=*")>0,IF($C12="K","-"," - "),IF(COUNTIF($F12:T12,"<4")>0,IF($C12="K","-"," - "),(IFERROR(AVERAGE($F12:T12),"Очікую"))))
C13: Б | D13: 4 | E13: Висоцький Арсеній Андрійович | U13: =IF(COUNTIF($F13:T13,"=*")>0,IF($C13="K","-"," - "),IF(COUNTIF($F13:T13,"<4")>0,IF($C13="K","-"," - "),(IFERROR(AVERAGE($F13:T13),"Очікую"))))
C14: Б | D14: 5 | E14: Дехтяренко Станіслав Володимирович | U14: =IF(COUNTIF($F14:T14,"=*")>0,IF($C14="K","-"," - "),IF(COUNTIF($F14:T14,"<4")>0,IF($C14="K","-"," - "),(IFERROR(AVERAGE($F14:T14),"Очікую"))))
C15: Б | D15: 6 | E15: Дудник Михайло Олександрович | U15: =IF(COUNTIF($F15:T15,"=*")>0,IF($C15="K","-"," - "),IF(COUNTIF($F15:T15,"<4")>0,IF($C15="K","-"," - "),(IFERROR(AVERAGE($F15:T15),"Очікую"))))
C16: Б | D16: 7 | E16: Жуков Артем Андрійович | U16: =IF(COUNTIF($F16:T16,"=*")>0,IF($C16="K","-"," - "),IF(COUNTIF($F16:T16,"<4")>0,IF($C16="K","-"," - "),(IFERROR(AVERAGE($F16:T16),"Очікую"))))
C17: Б | D17: 8 | E17: Змієвський Іван Максимович | U17: =IF(COUNTIF($F17:T17,"=*")>0,IF($C17="K","-"," - "),IF(COUNTIF($F17:T17,"<4")>0,IF($C17="K","-"," - "),(IFERROR(AVERAGE($F17:T17),"Очікую"))))
C18: К | D18: 9 | E18: Кабанова Наталія Володимирівна | U18: =IF(COUNTIF($F18:T18,"=*")>0,IF($C18="K","-"," - "),IF(COUNTIF($F18:T18,"<4")>0,IF($C18="K","-"," - "),(IFERROR(AVERAGE($F18:T18),"Очікую"))))
C19: Б | D19: 10 | E19: Кисіль Артем Сергійович | U19: =IF(COUNTIF($F19:T19,"=*")>0,IF($C19="K","-"," - "),IF(COUNTIF($F19:T19,"<4")>0,IF($C19="K","-"," - "),(IFERROR(AVERAGE($F19:T19),"Очікую"))))
C20: Б | D20: 11 | E20: Коваленко Володимир Олександрович | U20: =IF(COUNTIF($F20:T20,"=*")>0,IF($C20="K","-"," - "),IF(COUNTIF($F20:T20,"<4")>0,IF($C20="K","-"," - "),(IFERROR(AVERAGE($F20:T20),"Очікую"))))
C21: Б | D21: 12 | E21: Ковтонюк Роман Сергійович | U21: =IF(COUNTIF($F21:T21,"=*")>0,IF($C21="K","-"," - "),IF(COUNTIF($F21:T21,"<4")>0,IF($C21="K","-"," - "),(IFERROR(AVERAGE($F21:T21),"Очікую"))))
... C38: К | D38: 29 | E38: Ясюренко Михайло Сергійович | U38: =IF(COUNTIF($F38:T38,"=*")>0,IF($C38="K","-"," - "),IF(COUNTIF($F38:T38,"<4")>0,IF($C38="K","-"," - "),(IFERROR(AVERAGE($F38:T38),"Очікую"))))
E39: Середній бал успішності з дисципліни | F39: =IF(SUM(F$10:F38)=0,IF(COUNTA(F$10:F38)=0,"Очікую",0),SUM(F$10:F38)/$D38) | G39: =IF(SUM(G$10:G38)=0,IF(COUNTA(G$10:G38)=0,"Очікую",0),SUM(G$10:G38)/$D38) | H39: =IF(SUM(H$10:H38)=0,IF(COUNTA(H$10:H38)=0,"Очікую",0),SUM(H$10:H38)/$D38) | I39: =IF(SUM(I$10:I38)=0,IF(COUNTA(I$10:I38)=0,"Очікую",0),SUM(I$10:I38)/$D38) | J39: =IF(SUM(J$10:J38)=0,IF(COUNTA(J$10:J38)=0,"Очікую",0),SUM(J$10:J38)/$D38) | K39: =IF(SUM(K$10:K38)=0,IF(COUNTA(K$10:K38)=0,"Очікую",0),SUM(K$10:K38)/$D38) | L39: =IF(SUM(L$10:L38)=0,IF(COUNTA(L$10:L38)=0,"Очікую",0),SUM(L$10:L38)/$D38) | M39: =IF(SUM(M$10:M38)=0,IF(COUNTA(M$10:M38)=0,"Очікую",0),SUM(M$10:M38)/$D38) | ... T39: =IF(SUM(T$10:T38)=0,IF(COUNTA(T$10:T38)=0,"Очікую",0),SUM(T$10:T38)/$D38) | U39: =IFERROR(AVERAGE($F39:T39),"Очікую")
E40: Абсолютна успішність | F40: =IF(SUM(F$10:F38)=0,IF(COUNTA(F$10:F38)=0,"Очікую",0),IF(COUNTIF(F$10:F38,">=4")=0,0,COUNTIF(F$10:F38,">=4")/$D38*100)) | G40: =IF(SUM(G$10:G38)=0,IF(COUNTA(G$10:G38)=0,"Очікую",0),IF(COUNTIF(G$10:G38,">=4")=0,0,COUNTIF(G$10:G38,">=4")/$D38*100)) | H40: =IF(SUM(H$10:H38)=0,IF(COUNTA(H$10:H38)=0,"Очікую",0),IF(COUNTIF(H$10:H38,">=4")=0,0,COUNTIF(H$10:H38,">=4")/$D38*100)) | I40: =IF(SUM(I$10:I38)=0,IF(COUNTA(I$10:I38)=0,"Очікую",0),IF(COUNTIF(I$10:I38,">=4")=0,0,COUNTIF(I$10:I38,">=4")/$D38*100)) | J40: =IF(SUM(J$10:J38)=0,IF(COUNTA(J$10:J38)=0,"Очікую",0),IF(COUNTIF(J$10:J38,">=4")=0,0,COUNTIF(J$10:J38,">=4")/$D38*100)) | K40: =IF(SUM(K$10:K38)=0,IF(COUNTA(K$10:K38)=0,"Очікую",0),IF(COUNTIF(K$10:K38,">=4")=0,0,COUNTIF(K$10:K38,">=4")/$D38*100)) | L40: =IF(SUM(L$10:L38)=0,IF(COUNTA(L$10:L38)=0,"Очікую",0),IF(COUNTIF(L$10:L38,">=4")=0,0,COUNTIF(L$10:L38,">=4")/$D38*100)) | M40: =IF(SUM(M$10:M38)=0,IF(COUNTA(M$10:M38)=0,"Очікую",0),IF(COUNTIF(M$10:M38,">=4")=0,0,COUNTIF(M$10:M38,">=4")/$D38*100)) | ... T40: =IF(SUM(T$10:T38)=0,IF(COUNTA(T$10:T38)=0,"Очікую",0),IF(COUNTIF(T$10:T38,">=4")=0,0,COUNTIF(T$10:T38,">=4")/$D38*100))
E41: Якісна успішність | F41: =IF(SUM(F$10:F38)=0,IF(COUNTA(F$10:F38)=0,"Очікую",0),IF(COUNTIF(F$10:F38,">=7")=0,0,COUNTIF(F$10:F38,">=7")/$D38*100)) | G41: =IF(SUM(G$10:G38)=0,IF(COUNTA(G$10:G38)=0,"Очікую",0),IF(COUNTIF(G$10:G38,">=7")=0,0,COUNTIF(G$10:G38,">=7")/$D38*100)) | H41: =IF(SUM(H$10:H38)=0,IF(COUNTA(H$10:H38)=0,"Очікую",0),IF(COUNTIF(H$10:H38,">=7")=0,0,COUNTIF(H$10:H38,">=7")/$D38*100)) | I41: =IF(SUM(I$10:I38)=0,IF(COUNTA(I$10:I38)=0,"Очікую",0),IF(COUNTIF(I$10:I38,">=7")=0,0,COUNTIF(I$10:I38,">=7")/$D38*100)) | J41: =IF(SUM(J$10:J38)=0,IF(COUNTA(J$10:J38)=0,"Очікую",0),IF(COUNTIF(J$10:J38,">=7")=0,0,COUNTIF(J$10:J38,">=7")/$D38*100)) | K41: =IF(SUM(K$10:K38)=0,IF(COUNTA(K$10:K38)=0,"Очікую",0),IF(COUNTIF(K$10:K38,">=7")=0,0,COUNTIF(K$10:K38,">=7")/$D38*100)) | L41: =IF(SUM(L$10:L38)=0,IF(COUNTA(L$10:L38)=0,"Очікую",0),IF(COUNTIF(L$10:L38,">=7")=0,0,COUNTIF(L$10:L38,">=7")/$D38*100)) | M41: =IF(SUM(M$10:M38)=0,IF(COUNTA(M$10:M38)=0,"Очікую",0),IF(COUNTIF(M$10:M38,">=7")=0,0,COUNTIF(M$10:M38,">=7")/$D38*100)) | ... T41: =IF(SUM(T$10:T38)=0,IF(COUNTA(T$10:T38)=0,"Очікую",0),IF(COUNTIF(T$10:T38,">=7")=0,0,COUNTIF(T$10:T38,">=7")/$D38*100))
E42: Абсолютна успішність по групі | F42: =IFERROR(AVERAGE(F40:T40),"Очікую")
E43: Якісна успішність по групі | F43: =IFERROR(AVERAGE($F41:T41),"Очікую")
E44: Кількість бюджетників | F44: =IF(COUNTIF($C$10:$C38,"=B")=0,IF(COUNTIF($C$10:$C38,"=K")=0,"Очікую",0),COUNTIF($C$10:$C38,"=B"))
E45: Кількість контрактників | F45: =IF(COUNTIF($C$10:$C38,"=K")=0,IF(COUNTIF($C$10:$C38,"=B")=0,"Очікую",0),COUNTIF($C$10:$C38,"=K")) | H45: Класний керівник
E46: Кількість соціального контингенту
E47: Вийшли на стипендію | F47: =IF(F44="Очікую","Очікую",IF(F44-COUNTIF($U$10:$U38," - ")<ROUNDDOWN(F44*0.4,0),F44-COUNTIF($U$10:$U38," - "),ROUNDDOWN(F44*0.4,0))) | H47: Завідувач відділення ПЗСО | P47: Margarita BRITIKOVA

Sheet Зведена G3
A1: S
C3: ВІДОКРЕМЛЕНИЙ СТРУКТУРНИЙ ПІДРОЗДІЛ «ФАХОВИЙ КОЛЕДЖ НАФТОГАЗОВИХ ТЕХНОЛОГІЙ, ІНЖЕНЕРІЇ ТА ІНФРАСТРУКТУРИ СЕРВІСУ ОДЕСЬКОГО НАЦІОНАЛЬНОГО ТЕХНОЛОГІЧНОГО УНІВЕРСИТЕТУ»
C4: ЗВЕДЕНА ВІДОМІСТЬ
C5: Успішності студентів спеціальності G3 ««Електрична інженерія»»
C6: За рік 2025-2026 н.р.
C7: Група 25-4 курс I
C8: Б/К | D8: № п/п | E8: Прізвище, ім’я, по батькові | F8: Підсумкові оцінки дисциплін | U8: Середній бал
F9: ='Загальна'!F9 | G9: ='Загальна'!G9 | H9: ='Загальна'!H9 | I9: ='Загальна'!I9 | J9: ='Загальна'!J9 | K9: ='Загальна'!K9 | L9: ='Загальна'!L9 | M9: ='Загальна'!M9 | ... T9: ='Загальна'!T9
C10: ='Загальна'!C10 | D10: 1 | E10: ='Загальна'!E10 | F10: ='Загальна'!F10 | G10: ='Загальна'!G10 | H10: ='Загальна'!H10 | I10: ='Загальна'!I10 | J10: ='Загальна'!J10 | K10: ='Загальна'!K10 | L10: ='Загальна'!L10 | ... T10: ='Загальна'!T10 | U10: =IF(COUNTIF($F10:T10,"=*")>0,IF($C10="K","-"," - "),IF(COUNTIF($F10:T10,"<4")>0,IF(C10="K","-"," - "),(IFERROR(AVERAGE($F10:T10),"Очікую"))))
C11: ='Загальна'!C11 | D11: 2 | E11: ='Загальна'!E11 | F11: ='Загальна'!F11 | G11: ='Загальна'!G11 | H11: ='Загальна'!H11 | I11: ='Загальна'!I11 | J11: ='Загальна'!J11 | K11: ='Загальна'!K11 | L11: ='Загальна'!L11 | ... T11: ='Загальна'!T11 | U11: =IF(COUNTIF($F11:T11,"=*")>0,IF($C11="K","-"," - "),IF(COUNTIF($F11:T11,"<4")>0,IF(C11="K","-"," - "),(IFERROR(AVERAGE($F11:T11),"Очікую"))))
C12: ='Загальна'!C12 | D12: 3 | E12: ='Загальна'!E12 | F12: ='Загальна'!F12 | G12: ='Загальна'!G12 | H12: ='Загальна'!H12 | I12: ='Загальна'!I12 | J12: ='Загальна'!J12 | K12: ='Загальна'!K12 | L12: ='Загальна'!L12 | ... T12: ='Загальна'!T12 | U12: =IF(COUNTIF($F12:T12,"=*")>0,IF($C12="K","-"," - "),IF(COUNTIF($F12:T12,"<4")>0,IF(C12="K","-"," - "),(IFERROR(AVERAGE($F12:T12),"Очікую"))))
C13: ='Загальна'!C14 | D13: 4 | E13: ='Загальна'!E14 | F13: ='Загальна'!F14 | G13: ='Загальна'!G14 | H13: ='Загальна'!H14 | I13: ='Загальна'!I14 | J13: ='Загальна'!J14 | K13: ='Загальна'!K14 | L13: ='Загальна'!L14 | ... T13: ='Загальна'!T14 | U13: =IF(COUNTIF($F13:T13,"=*")>0,IF($C13="K","-"," - "),IF(COUNTIF($F13:T13,"<4")>0,IF(C13="K","-"," - "),(IFERROR(AVERAGE($F13:T13),"Очікую"))))
C14: ='Загальна'!C16 | D14: 5 | E14: ='Загальна'!E16 | F14: ='Загальна'!F16 | G14: ='Загальна'!G16 | H14: ='Загальна'!H16 | I14: ='Загальна'!I16 | J14: ='Загальна'!J16 | K14: ='Загальна'!K16 | L14: ='Загальна'!L16 | ... T14: ='Загальна'!T16 | U14: =IF(COUNTIF($F14:T14,"=*")>0,IF($C14="K","-"," - "),IF(COUNTIF($F14:T14,"<4")>0,IF(C14="K","-"," - "),(IFERROR(AVERAGE($F14:T14),"Очікую"))))
C15: ='Загальна'!C17 | D15: 6 | E15: ='Загальна'!E17 | F15: ='Загальна'!F17 | G15: ='Загальна'!G17 | H15: ='Загальна'!H17 | I15: ='Загальна'!I17 | J15: ='Загальна'!J17 | K15: ='Загальна'!K17 | L15: ='Загальна'!L17 | ... T15: ='Загальна'!T17 | U15: =IF(COUNTIF($F15:T15,"=*")>0,IF($C15="K","-"," - "),IF(COUNTIF($F15:T15,"<4")>0,IF(C15="K","-"," - "),(IFERROR(AVERAGE($F15:T15),"Очікую"))))
C16: ='Загальна'!C19 | D16: 7 | E16: ='Загальна'!E19 | F16: ='Загальна'!F19 | G16: ='Загальна'!G19 | H16: ='Загальна'!H19 | I16: ='Загальна'!I19 | J16: ='Загальна'!J19 | K16: ='Загальна'!K19 | L16: ='Загальна'!L19 | ... T16: ='Загальна'!T19 | U16: =IF(COUNTIF($F16:T16,"=*")>0,IF($C16="K","-"," - "),IF(COUNTIF($F16:T16,"<4")>0,IF(C16="K","-"," - "),(IFERROR(AVERAGE($F16:T16),"Очікую"))))
C17: ='Загальна'!C20 | D17: 8 | E17: ='Загальна'!E20 | F17: ='Загальна'!F20 | G17: ='Загальна'!G20 | H17: ='Загальна'!H20 | I17: ='Загальна'!I20 | J17: ='Загальна'!J20 | K17: ='Загальна'!K20 | L17: ='Загальна'!L20 | ... T17: ='Загальна'!T20 | U17: =IF(COUNTIF($F17:T17,"=*")>0,IF($C17="K","-"," - "),IF(COUNTIF($F17:T17,"<4")>0,IF(C17="K","-"," - "),(IFERROR(AVERAGE($F17:T17),"Очікую"))))
C18: ='Загальна'!C21 | D18: 9 | E18: ='Загальна'!E21 | F18: ='Загальна'!F21 | G18: ='Загальна'!G21 | H18: ='Загальна'!H21 | I18: ='Загальна'!I21 | J18: ='Загальна'!J21 | K18: ='Загальна'!K21 | L18: ='Загальна'!L21 | ... T18: ='Загальна'!T21 | U18: =IF(COUNTIF($F18:T18,"=*")>0,IF($C18="K","-"," - "),IF(COUNTIF($F18:T18,"<4")>0,IF(C18="K","-"," - "),(IFERROR(AVERAGE($F18:T18),"Очікую"))))
C19: ='Загальна'!C22 | D19: 10 | E19: ='Загальна'!E22 | F19: ='Загальна'!F22 | G19: ='Загальна'!G22 | H19: ='Загальна'!H22 | I19: ='Загальна'!I22 | J19: ='Загальна'!J22 | K19: ='Загальна'!K22 | L19: ='Загальна'!L22 | ... T19: ='Загальна'!T22 | U19: =IF(COUNTIF($F19:T19,"=*")>0,IF($C19="K","-"," - "),IF(COUNTIF($F19:T19,"<4")>0,IF(C19="K","-"," - "),(IFERROR(AVERAGE($F19:T19),"Очікую"))))
C20: ='Загальна'!C24 | D20: 11 | E20: ='Загальна'!E24 | F20: ='Загальна'!F24 | G20: ='Загальна'!G24 | H20: ='Загальна'!H24 | I20: ='Загальна'!I24 | J20: ='Загальна'!J24 | K20: ='Загальна'!K24 | L20: ='Загальна'!L24 | ... T20: ='Загальна'!T24 | U20: =IF(COUNTIF($F20:T20,"=*")>0,IF($C20="K","-"," - "),IF(COUNTIF($F20:T20,"<4")>0,IF(C20="K","-"," - "),(IFERROR(AVERAGE($F20:T20),"Очікую"))))
C21: ='Загальна'!C28 | D21: 12 | E21: ='Загальна'!E28 | F21: ='Загальна'!F28 | G21: ='Загальна'!G28 | H21: ='Загальна'!H28 | I21: ='Загальна'!I28 | J21: ='Загальна'!J28 | K21: ='Загальна'!K28 | L21: ='Загальна'!L28 | ... T21: ='Загальна'!T28 | U21: =IF(COUNTIF($F21:T21,"=*")>0,IF($C21="K","-"," - "),IF(COUNTIF($F21:T21,"<4")>0,IF(C21="K","-"," - "),(IFERROR(AVERAGE($F21:T21),"Очікую"))))
C22: ='Загальна'!C27 | D22: 13 | E22: ='Загальна'!E27 | F22: ='Загальна'!F27 | G22: ='Загальна'!G27 | H22: ='Загальна'!H27 | I22: ='Загальна'!I27 | J22: ='Загальна'!J27 | K22: ='Загальна'!K27 | L22: ='Загальна'!L27 | ... T22: ='Загальна'!T27 | U22: =IF(COUNTIF($F22:T22,"=*")>0,IF($C22="K","-"," - "),IF(COUNTIF($F22:T22,"<4")>0,IF(C22="K","-"," - "),(IFERROR(AVERAGE($F22:T22),"Очікую"))))
C23: ='Загальна'!C29 | D23: 14 | E23: ='Загальна'!E29 | F23: ='Загальна'!F29 | G23: ='Загальна'!G29 | H23: ='Загальна'!H29 | I23: ='Загальна'!I29 | J23: ='Загальна'!J29 | K23: ='Загальна'!K29 | L23: ='Загальна'!L29 | ... T23: ='Загальна'!T29 | U23: =IF(COUNTIF($F23:T23,"=*")>0,IF($C23="K","-"," - "),IF(COUNTIF($F23:T23,"<4")>0,IF(C23="K","-"," - "),(IFERROR(AVERAGE($F23:T23),"Очікую"))))
C24: ='Загальна'!C32 | D24: 15 | E24: ='Загальна'!E32 | F24: ='Загальна'!F32 | G24: ='Загальна'!G32 | H24: ='Загальна'!H32 | I24: ='Загальна'!I32 | J24: ='Загальна'!J32 | K24: ='Загальна'!K32 | L24: ='Загальна'!L32 | ... T24: ='Загальна'!T32 | U24: =IF(COUNTIF($F24:T24,"=*")>0,IF($C24="K","-"," - "),IF(COUNTIF($F24:T24,"<4")>0,IF(C24="K","-"," - "),(IFERROR(AVERAGE($F24:T24),"Очікую"))))
C25: ='Загальна'!C36 | D25: 16 | E25: ='Загальна'!E36 | F25: ='Загальна'!F36 | G25: ='Загальна'!G36 | H25: ='Загальна'!H36 | I25: ='Загальна'!I36 | J25: ='Загальна'!J36 | K25: ='Загальна'!K36 | L25: ='Загальна'!L36 | ... T25: ='Загальна'!T36 | U25: =IF(COUNTIF($F25:T25,"=*")>0,IF($C25="K","-"," - "),IF(COUNTIF($F25:T25,"<4")>0,IF(C25="K","-"," - "),(IFERROR(AVERAGE($F25:T25),"Очікую"))))
C26: ='Загальна'!C37 | D26: 17 | E26: ='Загальна'!E37 | F26: ='Загальна'!F37 | G26: ='Загальна'!G37 | H26: ='Загальна'!H37 | I26: ='Загальна'!I37 | J26: ='Загальна'!J37 | K26: ='Загальна'!K37 | L26: ='Загальна'!L37 | ... T26: ='Загальна'!T37 | U26: =IF(COUNTIF($F26:T26,"=*")>0,IF($C26="K","-"," - "),IF(COUNTIF($F26:T26,"<4")>0,IF(C26="K","-"," - "),(IFERROR(AVERAGE($F26:T26),"Очікую"))))
E27: Середній бал успішності з дисципліни | F27: =IF(SUM(F$10:F26)=0,IF(COUNTA(F$10:F26)=0,"Очікую",0),SUM(F$10:F26)/$D26) | G27: =IF(SUM(G$10:G26)=0,IF(COUNTA(G$10:G26)=0,"Очікую",0),SUM(G$10:G26)/$D26) | H27: =IF(SUM(H$10:H26)=0,IF(COUNTA(H$10:H26)=0,"Очікую",0),SUM(H$10:H26)/$D26) | I27: =IF(SUM(I$10:I26)=0,IF(COUNTA(I$10:I26)=0,"Очікую",0),SUM(I$10:I26)/$D26) | J27: =IF(SUM(J$10:J26)=0,IF(COUNTA(J$10:J26)=0,"Очікую",0),SUM(J$10:J26)/$D26) | K27: =IF(SUM(K$10:K26)=0,IF(COUNTA(K$10:K26)=0,"Очікую",0),SUM(K$10:K26)/$D26) | L27: =IF(SUM(L$10:L26)=0,IF(COUNTA(L$10:L26)=0,"Очікую",0),SUM(L$10:L26)/$D26) | M27: =IF(SUM(M$10:M26)=0,IF(COUNTA(M$10:M26)=0,"Очікую",0),SUM(M$10:M26)/$D26) | ... T27: =IF(SUM(T$10:T26)=0,IF(COUNTA(T$10:T26)=0,"Очікую",0),SUM(T$10:T26)/$D26) | U27: =IFERROR(AVERAGE($F27:T27),"Очікую")
E28: Абсолютна успішність | F28: =IF(SUM(F$10:F26)=0,IF(COUNTA(F$10:F26)=0,"Очікую",0),IF(COUNTIF(F$10:F26,">=4")=0,0,COUNTIF(F$10:F26,">=4")/$D26*100)) | G28: =IF(SUM(G$10:G26)=0,IF(COUNTA(G$10:G26)=0,"Очікую",0),IF(COUNTIF(G$10:G26,">=4")=0,0,COUNTIF(G$10:G26,">=4")/$D26*100)) | H28: =IF(SUM(H$10:H26)=0,IF(COUNTA(H$10:H26)=0,"Очікую",0),IF(COUNTIF(H$10:H26,">=4")=0,0,COUNTIF(H$10:H26,">=4")/$D26*100)) | I28: =IF(SUM(I$10:I26)=0,IF(COUNTA(I$10:I26)=0,"Очікую",0),IF(COUNTIF(I$10:I26,">=4")=0,0,COUNTIF(I$10:I26,">=4")/$D26*100)) | J28: =IF(SUM(J$10:J26)=0,IF(COUNTA(J$10:J26)=0,"Очікую",0),IF(COUNTIF(J$10:J26,">=4")=0,0,COUNTIF(J$10:J26,">=4")/$D26*100)) | K28: =IF(SUM(K$10:K26)=0,IF(COUNTA(K$10:K26)=0,"Очікую",0),IF(COUNTIF(K$10:K26,">=4")=0,0,COUNTIF(K$10:K26,">=4")/$D26*100)) | L28: =IF(SUM(L$10:L26)=0,IF(COUNTA(L$10:L26)=0,"Очікую",0),IF(COUNTIF(L$10:L26,">=4")=0,0,COUNTIF(L$10:L26,">=4")/$D26*100)) | M28: =IF(SUM(M$10:M26)=0,IF(COUNTA(M$10:M26)=0,"Очікую",0),IF(COUNTIF(M$10:M26,">=4")=0,0,COUNTIF(M$10:M26,">=4")/$D26*100)) | ... T28: =IF(SUM(T$10:T26)=0,IF(COUNTA(T$10:T26)=0,"Очікую",0),IF(COUNTIF(T$10:T26,">=4")=0,0,COUNTIF(T$10:T26,">=4")/$D26*100))
E29: Якісна успішність | F29: =IF(SUM(F$10:F26)=0,IF(COUNTA(F$10:F26)=0,"Очікую",0),IF(COUNTIF(F$10:F26,">=7")=0,0,COUNTIF(F$10:F26,">=7")/$D26*100)) | G29: =IF(SUM(G$10:G26)=0,IF(COUNTA(G$10:G26)=0,"Очікую",0),IF(COUNTIF(G$10:G26,">=7")=0,0,COUNTIF(G$10:G26,">=7")/$D26*100)) | H29: =IF(SUM(H$10:H26)=0,IF(COUNTA(H$10:H26)=0,"Очікую",0),IF(COUNTIF(H$10:H26,">=7")=0,0,COUNTIF(H$10:H26,">=7")/$D26*100)) | I29: =IF(SUM(I$10:I26)=0,IF(COUNTA(I$10:I26)=0,"Очікую",0),IF(COUNTIF(I$10:I26,">=7")=0,0,COUNTIF(I$10:I26,">=7")/$D26*100)) | J29: =IF(SUM(J$10:J26)=0,IF(COUNTA(J$10:J26)=0,"Очікую",0),IF(COUNTIF(J$10:J26,">=7")=0,0,COUNTIF(J$10:J26,">=7")/$D26*100)) | K29: =IF(SUM(K$10:K26)=0,IF(COUNTA(K$10:K26)=0,"Очікую",0),IF(COUNTIF(K$10:K26,">=7")=0,0,COUNTIF(K$10:K26,">=7")/$D26*100)) | L29: =IF(SUM(L$10:L26)=0,IF(COUNTA(L$10:L26)=0,"Очікую",0),IF(COUNTIF(L$10:L26,">=7")=0,0,COUNTIF(L$10:L26,">=7")/$D26*100)) | M29: =IF(SUM(M$10:M26)=0,IF(COUNTA(M$10:M26)=0,"Очікую",0),IF(COUNTIF(M$10:M26,">=7")=0,0,COUNTIF(M$10:M26,">=7")/$D26*100)) | ... T29: =IF(SUM(T$10:T26)=0,IF(COUNTA(T$10:T26)=0,"Очікую",0),IF(COUNTIF(T$10:T26,">=7")=0,0,COUNTIF(T$10:T26,">=7")/$D26*100))
E30: Абсолютна успішність по групі | F30: =IFERROR(AVERAGE(F28:T28),"Очікую")
E31: Якісна успішність по групі | F31: =IFERROR(AVERAGE($F29:T29),"Очікую")
E32: Кількість бюджетників | F32: =IF(COUNTIF($C$10:$C26,"=B")=0,IF(COUNTIF($C$10:$C26,"=K")=0,"Очікую",0),COUNTIF($C$10:$C26,"=B"))
E33: Кількість контрактників | F33: =IF(COUNTIF($C$10:$C26,"=K")=0,IF(COUNTIF($C$10:$C26,"=B")=0,"Очікую",0),COUNTIF($C$10:$C26,"=K")) | H33: Класний керівник | P33: ='Загальна'!P45
E34: Кількість соціального контингенту
E35: Вийшли на стипендію | F35: =IF(F32="Очікую","Очікую",IF(F32-COUNTIF($U$10:$U26," - ")<ROUNDDOWN(F32*0.4,0),F32-COUNTIF($U$10:$U26," - "),ROUNDDOWN(F32*0.4,0))) | H35: Завідувач відділення ПЗСО | P35: Margarita BRITIKOVA

Sheet Зведена G5
A1: S
C3: ВІДОКРЕМЛЕНИЙ СТРУКТУРНИЙ ПІДРОЗДІЛ «ФАХОВИЙ КОЛЕДЖ НАФТОГАЗОВИХ ТЕХНОЛОГІЙ, ІНЖЕНЕРІЇ ТА ІНФРАСТРУКТУРИ СЕРВІСУ ОДЕСЬКОГО НАЦІОНАЛЬНОГО ТЕХНОЛОГІЧНОГО УНІВЕРСИТЕТУ»
C4: ЗВЕДЕНА ВІДОМІСТЬ
C5: Успішності студентів спеціальності G5 ««Електроніка, електронні комунікації, приладобудування та радіотехніка»»
C6: За рік 2025-2026 н.р.
C7: Група 25-4 курс I
C8: Б/К | D8: № п/п | E8: Прізвище, ім’я, по батькові | F8: Підсумкові оцінки дисциплін | U8: Середній бал
F9: ='Загальна'!F9 | G9: ='Загальна'!G9 | H9: ='Загальна'!H9 | I9: ='Загальна'!I9 | J9: ='Загальна'!J9 | K9: ='Загальна'!K9 | L9: ='Загальна'!L9 | M9: ='Загальна'!M9 | ... T9: ='Загальна'!T9
C10: ='Загальна'!C13 | D10: 1 | E10: ='Загальна'!E13 | F10: ='Загальна'!F13 | G10: ='Загальна'!G13 | H10: ='Загальна'!H13 | I10: ='Загальна'!I13 | J10: ='Загальна'!J13 | K10: ='Загальна'!K13 | L10: ='Загальна'!L13 | ... T10: ='Загальна'!T13 | U10: =IF(COUNTIF($F10:T10,"=*")>0,IF($C10="K","-"," - "),IF(COUNTIF($F10:T10,"<4")>0,IF(C10="K","-"," - "),(IFERROR(AVERAGE($F10:T10),"Очікую"))))
C11: ='Загальна'!C15 | D11: 2 | E11: ='Загальна'!E15 | F11: ='Загальна'!F15 | G11: ='Загальна'!G15 | H11: ='Загальна'!H15 | I11: ='Загальна'!I15 | J11: ='Загальна'!J15 | K11: ='Загальна'!K15 | L11: ='Загальна'!L15 | ... T11: ='Загальна'!T15 | U11: =IF(COUNTIF($F11:T11,"=*")>0,IF($C11="K","-"," - "),IF(COUNTIF($F11:T11,"<4")>0,IF(C11="K","-"," - "),(IFERROR(AVERAGE($F11:T11),"Очікую"))))
C12: ='Загальна'!C18 | D12: 3 | E12: ='Загальна'!E18 | F12: ='Загальна'!F18 | G12: ='Загальна'!G18 | H12: ='Загальна'!H18 | I12: ='Загальна'!I18 | J12: ='Загальна'!J18 | K12: ='Загальна'!K18 | L12: ='Загальна'!L18 | ... T12: ='Загальна'!T18 | U12: =IF(COUNTIF($F12:T12,"=*")>0,IF($C12="K","-"," - "),IF(COUNTIF($F12:T12,"<4")>0,IF(C12="K","-"," - "),(IFERROR(AVERAGE($F12:T12),"Очікую"))))
C13: ='Загальна'!C23 | D13: 4 | E13: ='Загальна'!E23 | F13: ='Загальна'!F23 | G13: ='Загальна'!G23 | H13: ='Загальна'!H23 | I13: ='Загальна'!I23 | J13: ='Загальна'!J23 | K13: ='Загальна'!K23 | L13: ='Загальна'!L23 | ... T13: ='Загальна'!T23 | U13: =IF(COUNTIF($F13:T13,"=*")>0,IF($C13="K","-"," - "),IF(COUNTIF($F13:T13,"<4")>0,IF(C13="K","-"," - "),(IFERROR(AVERAGE($F13:T13),"Очікую"))))
C14: ='Загальна'!C25 | D14: 5 | E14: ='Загальна'!E25 | F14: ='Загальна'!F25 | G14: ='Загальна'!G25 | H14: ='Загальна'!H25 | I14: ='Загальна'!I25 | J14: ='Загальна'!J25 | K14: ='Загальна'!K25 | L14: ='Загальна'!L25 | ... T14: ='Загальна'!T25 | U14: =IF(COUNTIF($F14:T14,"=*")>0,IF($C14="K","-"," - "),IF(COUNTIF($F14:T14,"<4")>0,IF(C14="K","-"," - "),(IFERROR(AVERAGE($F14:T14),"Очікую"))))
C15: ='Загальна'!C26 | D15: 6 | E15: ='Загальна'!E26 | F15: ='Загальна'!F26 | G15: ='Загальна'!G26 | H15: ='Загальна'!H26 | I15: ='Загальна'!I26 | J15: ='Загальна'!J26 | K15: ='Загальна'!K26 | L15: ='Загальна'!L26 | ... T15: ='Загальна'!T26 | U15: =IF(COUNTIF($F15:T15,"=*")>0,IF($C15="K","-"," - "),IF(COUNTIF($F15:T15,"<4")>0,IF(C15="K","-"," - "),(IFERROR(AVERAGE($F15:T15),"Очікую"))))
C16: ='Загальна'!C30 | D16: 7 | E16: ='Загальна'!E30 | F16: ='Загальна'!F30 | G16: ='Загальна'!G30 | H16: ='Загальна'!H30 | I16: ='Загальна'!I30 | J16: ='Загальна'!J30 | K16: ='Загальна'!K30 | L16: ='Загальна'!L30 | ... T16: ='Загальна'!T30 | U16: =IF(COUNTIF($F16:T16,"=*")>0,IF($C16="K","-"," - "),IF(COUNTIF($F16:T16,"<4")>0,IF(C16="K","-"," - "),(IFERROR(AVERAGE($F16:T16),"Очікую"))))
C17: ='Загальна'!C31 | D17: 8 | E17: ='Загальна'!E31 | F17: ='Загальна'!F31 | G17: ='Загальна'!G31 | H17: ='Загальна'!H31 | I17: ='Загальна'!I31 | J17: ='Загальна'!J31 | K17: ='Загальна'!K31 | L17: ='Загальна'!L31 | ... T17: ='Загальна'!T31 | U17: =IF(COUNTIF($F17:T17,"=*")>0,IF($C17="K","-"," - "),IF(COUNTIF($F17:T17,"<4")>0,IF(C17="K","-"," - "),(IFERROR(AVERAGE($F17:T17),"Очікую"))))
C18: ='Загальна'!C33 | D18: 9 | E18: ='Загальна'!E33 | F18: ='Загальна'!F33 | G18: ='Загальна'!G33 | H18: ='Загальна'!H33 | I18: ='Загальна'!I33 | J18: ='Загальна'!J33 | K18: ='Загальна'!K33 | L18: ='Загальна'!L33 | ... T18: ='Загальна'!T33 | U18: =IF(COUNTIF($F18:T18,"=*")>0,IF($C18="K","-"," - "),IF(COUNTIF($F18:T18,"<4")>0,IF(C18="K","-"," - "),(IFERROR(AVERAGE($F18:T18),"Очікую"))))
C19: ='Загальна'!C34 | D19: 10 | E19: ='Загальна'!E34 | F19: ='Загальна'!F34 | G19: ='Загальна'!G34 | H19: ='Загальна'!H34 | I19: ='Загальна'!I34 | J19: ='Загальна'!J34 | K19: ='Загальна'!K34 | L19: ='Загальна'!L34 | ... T19: ='Загальна'!T34 | U19: =IF(COUNTIF($F19:T19,"=*")>0,IF($C19="K","-"," - "),IF(COUNTIF($F19:T19,"<4")>0,IF(C19="K","-"," - "),(IFERROR(AVERAGE($F19:T19),"Очікую"))))
C20: ='Загальна'!C35 | D20: 11 | E20: ='Загальна'!E35 | F20: ='Загальна'!F35 | G20: ='Загальна'!G35 | H20: ='Загальна'!H35 | I20: ='Загальна'!I35 | J20: ='Загальна'!J35 | K20: ='Загальна'!K35 | L20: ='Загальна'!L35 | ... T20: ='Загальна'!T35 | U20: =IF(COUNTIF($F20:T20,"=*")>0,IF($C20="K","-"," - "),IF(COUNTIF($F20:T20,"<4")>0,IF(C20="K","-"," - "),(IFERROR(AVERAGE($F20:T20),"Очікую"))))
C21: ='Загальна'!C38 | D21: 12 | E21: ='Загальна'!E38 | F21: ='Загальна'!F38 | G21: ='Загальна'!G38 | H21: ='Загальна'!H38 | I21: ='Загальна'!I38 | J21: ='Загальна'!J38 | K21: ='Загальна'!K38 | L21: ='Загальна'!L38 | ... T21: ='Загальна'!T38 | U21: =IF(COUNTIF($F21:T21,"=*")>0,IF($C21="K","-"," - "),IF(COUNTIF($F21:T21,"<4")>0,IF(C21="K","-"," - "),(IFERROR(AVERAGE($F21:T21),"Очікую"))))
E22: Середній бал успішності з дисципліни | F22: =IF(SUM(F$10:F21)=0,IF(COUNTA(F$10:F21)=0,"Очікую",0),SUM(F$10:F21)/$D21) | G22: =IF(SUM(G$10:G21)=0,IF(COUNTA(G$10:G21)=0,"Очікую",0),SUM(G$10:G21)/$D21) | H22: =IF(SUM(H$10:H21)=0,IF(COUNTA(H$10:H21)=0,"Очікую",0),SUM(H$10:H21)/$D21) | I22: =IF(SUM(I$10:I21)=0,IF(COUNTA(I$10:I21)=0,"Очікую",0),SUM(I$10:I21)/$D21) | J22: =IF(SUM(J$10:J21)=0,IF(COUNTA(J$10:J21)=0,"Очікую",0),SUM(J$10:J21)/$D21) | K22: =IF(SUM(K$10:K21)=0,IF(COUNTA(K$10:K21)=0,"Очікую",0),SUM(K$10:K21)/$D21) | L22: =IF(SUM(L$10:L21)=0,IF(COUNTA(L$10:L21)=0,"Очікую",0),SUM(L$10:L21)/$D21) | M22: =IF(SUM(M$10:M21)=0,IF(COUNTA(M$10:M21)=0,"Очікую",0),SUM(M$10:M21)/$D21) | ... T22: =IF(SUM(T$10:T21)=0,IF(COUNTA(T$10:T21)=0,"Очікую",0),SUM(T$10:T21)/$D21) | U22: =IFERROR(AVERAGE($F22:T22),"Очікую")
E23: Абсолютна успішність | F23: =IF(SUM(F$10:F21)=0,IF(COUNTA(F$10:F21)=0,"Очікую",0),IF(COUNTIF(F$10:F21,">=4")=0,0,COUNTIF(F$10:F21,">=4")/$D21*100)) | G23: =IF(SUM(G$10:G21)=0,IF(COUNTA(G$10:G21)=0,"Очікую",0),IF(COUNTIF(G$10:G21,">=4")=0,0,COUNTIF(G$10:G21,">=4")/$D21*100)) | H23: =IF(SUM(H$10:H21)=0,IF(COUNTA(H$10:H21)=0,"Очікую",0),IF(COUNTIF(H$10:H21,">=4")=0,0,COUNTIF(H$10:H21,">=4")/$D21*100)) | I23: =IF(SUM(I$10:I21)=0,IF(COUNTA(I$10:I21)=0,"Очікую",0),IF(COUNTIF(I$10:I21,">=4")=0,0,COUNTIF(I$10:I21,">=4")/$D21*100)) | J23: =IF(SUM(J$10:J21)=0,IF(COUNTA(J$10:J21)=0,"Очікую",0),IF(COUNTIF(J$10:J21,">=4")=0,0,COUNTIF(J$10:J21,">=4")/$D21*100)) | K23: =IF(SUM(K$10:K21)=0,IF(COUNTA(K$10:K21)=0,"Очікую",0),IF(COUNTIF(K$10:K21,">=4")=0,0,COUNTIF(K$10:K21,">=4")/$D21*100)) | L23: =IF(SUM(L$10:L21)=0,IF(COUNTA(L$10:L21)=0,"Очікую",0),IF(COUNTIF(L$10:L21,">=4")=0,0,COUNTIF(L$10:L21,">=4")/$D21*100)) | M23: =IF(SUM(M$10:M21)=0,IF(COUNTA(M$10:M21)=0,"Очікую",0),IF(COUNTIF(M$10:M21,">=4")=0,0,COUNTIF(M$10:M21,">=4")/$D21*100)) | ... T23: =IF(SUM(T$10:T21)=0,IF(COUNTA(T$10:T21)=0,"Очікую",0),IF(COUNTIF(T$10:T21,">=4")=0,0,COUNTIF(T$10:T21,">=4")/$D21*100))
E24: Якісна успішність | F24: =IF(SUM(F$10:F21)=0,IF(COUNTA(F$10:F21)=0,"Очікую",0),IF(COUNTIF(F$10:F21,">=7")=0,0,COUNTIF(F$10:F21,">=7")/$D21*100)) | G24: =IF(SUM(G$10:G21)=0,IF(COUNTA(G$10:G21)=0,"Очікую",0),IF(COUNTIF(G$10:G21,">=7")=0,0,COUNTIF(G$10:G21,">=7")/$D21*100)) | H24: =IF(SUM(H$10:H21)=0,IF(COUNTA(H$10:H21)=0,"Очікую",0),IF(COUNTIF(H$10:H21,">=7")=0,0,COUNTIF(H$10:H21,">=7")/$D21*100)) | I24: =IF(SUM(I$10:I21)=0,IF(COUNTA(I$10:I21)=0,"Очікую",0),IF(COUNTIF(I$10:I21,">=7")=0,0,COUNTIF(I$10:I21,">=7")/$D21*100)) | J24: =IF(SUM(J$10:J21)=0,IF(COUNTA(J$10:J21)=0,"Очікую",0),IF(COUNTIF(J$10:J21,">=7")=0,0,COUNTIF(J$10:J21,">=7")/$D21*100)) | K24: =IF(SUM(K$10:K21)=0,IF(COUNTA(K$10:K21)=0,"Очікую",0),IF(COUNTIF(K$10:K21,">=7")=0,0,COUNTIF(K$10:K21,">=7")/$D21*100)) | L24: =IF(SUM(L$10:L21)=0,IF(COUNTA(L$10:L21)=0,"Очікую",0),IF(COUNTIF(L$10:L21,">=7")=0,0,COUNTIF(L$10:L21,">=7")/$D21*100)) | M24: =IF(SUM(M$10:M21)=0,IF(COUNTA(M$10:M21)=0,"Очікую",0),IF(COUNTIF(M$10:M21,">=7")=0,0,COUNTIF(M$10:M21,">=7")/$D21*100)) | ... T24: =IF(SUM(T$10:T21)=0,IF(COUNTA(T$10:T21)=0,"Очікую",0),IF(COUNTIF(T$10:T21,">=7")=0,0,COUNTIF(T$10:T21,">=7")/$D21*100))
E25: Абсолютна успішність по групі | F25: =IFERROR(AVERAGE(F23:T23),"Очікую")
E26: Якісна успішність по групі | F26: =IFERROR(AVERAGE($F24:T24),"Очікую")
E27: Кількість бюджетників | F27: =IF(COUNTIF($C$10:$C21,"=B")=0,IF(COUNTIF($C$10:$C21,"=K")=0,"Очікую",0),COUNTIF($C$10:$C21,"=B"))
E28: Кількість контрактників | F28: =IF(COUNTIF($C$10:$C21,"=K")=0,IF(COUNTIF($C$10:$C21,"=B")=0,"Очікую",0),COUNTIF($C$10:$C21,"=K")) | H28: Класний керівник | P28: ='Загальна'!P45
E29: Кількість соціального контингенту
E30: Вийшли на стипендію | F30: =IF(F27="Очікую","Очікую",IF(F27-COUNTIF($U$10:$U21," - ")<ROUNDDOWN(F27*0.4,0),F27-COUNTIF($U$10:$U21," - "),ROUNDDOWN(F27*0.4,0))) | H30: Завідувач відділення ПЗСО | P30: Margarita BRITIKOVA
