Workbook
Name A1048577: #REF!
Name Ф80: #REF!
Name A1048577: #REF!
Name Ф80: #REF!
Name A1048577: #REF!
Name Ф80: #REF!
Name A1048577: #REF!
Name Ф80: #REF!
Name A1048577: #REF!
Name Ф80: #REF!
Name A1048577: #REF!
Name Ф80: #REF!
Name A1048577: #REF!
Name Ф80: #REF!

Sheet Загальна
A1: S
C3: ЗАГАЛЬНА ВІДОМІСТЬ З УСІМА СПЕЦІАЛЬНОСТЯМИ. НЕ ДЛЯ ДРУКУ. ЗВІДСИ ОЦІНКИ АВТОМАТИЧНО ПЕРЕНОСЯТЬСЯ ДО ВІДОМОСТЕЙ. СТВОРЕНО ДЛЯ ЛЕГШОГО ЗАПОВНЕННЯ ОЦІНОК
C8: Б/К | D8: № п/п | E8: Прізвище, ім’я, по батькові | F8: Підсумкові оцінки дисциплін | T8: Середній бал
F9: Біологія Богданенко О.В. | G9: Всесвітня Історія Мельничук С.А. | H9: Географія Наговська Т.С. | I9: Зарубіжна література Бабенко Л.Е. | J9: Захист України Лазар В.І. | K9: Іноземна мова Нічик Н.О. | L9: Інформатика Андрльє І.О. | M9: Історія України Левчук Т.Г. | N9: Математика Бондаренко О.С. | O9: Українська література Юрченко О.Б. | P9: Українська мова Юрченко О.Б. | Q9: Фізика Калюта Н.М. | R9: Фізична культура Возіян О.Г. | S9: Хімія Сахно Н.О.
C10: Б | D10: 1 | E10: Бернік Поліна Костянтинівна | T10: =IF(COUNTIF($F10:S10,"=*")>0,IF($C10="K","-"," - "),IF(COUNTIF($F10:S10,"<4")>0,IF($C10="K","-"," - "),(IFERROR(AVERAGE($F10:S10),"Waiting"))))
C11: К | D11: 2 | E11: Брітіков Сергій Сергійович | T11: =IF(COUNTIF($F11:S11,"=*")>0,IF($C11="K","-"," - "),IF(COUNTIF($F11:S11,"<4")>0,IF($C11="K","-"," - "),(IFERROR(AVERAGE($F11:S11),"Waiting"))))
C12: Б | D12: 3 | E12: Бучацька Олександра | T12: =IF(COUNTIF($F12:S12,"=*")>0,IF($C12="K","-"," - "),IF(COUNTIF($F12:S12,"<4")>0,IF($C12="K","-"," - "),(IFERROR(AVERAGE($F12:S12),"Waiting"))))
C13: Б | D13: 4 | E13: Важельський Серафим Олександрович | T13: =IF(COUNTIF($F13:S13,"=*")>0,IF($C13="K","-"," - "),IF(COUNTIF($F13:S13,"<4")>0,IF($C13="K","-"," - "),(IFERROR(AVERAGE($F13:S13),"Waiting"))))
C14: К | D14: 5 | E14: Вальчук Богдан Олександрович | T14: =IF(COUNTIF($F14:S14,"=*")>0,IF($C14="K","-"," - "),IF(COUNTIF($F14:S14,"<4")>0,IF($C14="K","-"," - "),(IFERROR(AVERAGE($F14:S14),"Waiting"))))
C15: Б | D15: 6 | E15: Варивода Станіслава Михайлівна | T15: =IF(COUNTIF($F15:S15,"=*")>0,IF($C15="K","-"," - "),IF(COUNTIF($F15:S15,"<4")>0,IF($C15="K","-"," - "),(IFERROR(AVERAGE($F15:S15),"Waiting"))))
C16: К | D16: 7 | E16: Господарюк Юрій Михайлович | T16: =IF(COUNTIF($F16:S16,"=*")>0,IF($C16="K","-"," - "),IF(COUNTIF($F16:S16,"<4")>0,IF($C16="K","-"," - "),(IFERROR(AVERAGE($F16:S16),"Waiting"))))
C17: К | D17: 8 | E17: Дзюбка Мирослава Володимирівна | T17: =IF(COUNTIF($F17:S17,"=*")>0,IF($C17="K","-"," - "),IF(COUNTIF($F17:S17,"<4")>0,IF($C17="K","-"," - "),(IFERROR(AVERAGE($F17:S17),"Waiting"))))
C18: К | D18: 9 | E18: Єсипович Володимир Іванович | T18: =IF(COUNTIF($F18:S18,"=*")>0,IF($C18="K","-"," - "),IF(COUNTIF($F18:S18,"<4")>0,IF($C18="K","-"," - "),(IFERROR(AVERAGE($F18:S18),"Waiting"))))
C19: Б | D19: 10 | E19: Жумайло Дар`я Юріївна | T19: =IF(COUNTIF($F19:S19,"=*")>0,IF($C19="K","-"," - "),IF(COUNTIF($F19:S19,"<4")>0,IF($C19="K","-"," - "),(IFERROR(AVERAGE($F19:S19),"Waiting"))))
C20: К | D20: 11 | E20: Залогін Володимир Євгенійович | T20: =IF(COUNTIF($F20:S20,"=*")>0,IF($C20="K","-"," - "),IF(COUNTIF($F20:S20,"<4")>0,IF($C20="K","-"," - "),(IFERROR(AVERAGE($F20:S20),"Waiting"))))
C21: К | D21: 12 | E21: Катеринюк Юрій Юрійович | T21: =IF(COUNTIF($F21:S21,"=*")>0,IF($C21="K","-"," - "),IF(COUNTIF($F21:S21,"<4")>0,IF($C21="K","-"," - "),(IFERROR(AVERAGE($F21:S21),"Waiting"))))
... C46: К | D46: 37 | E46: Шрамов`ят Михайло Ігорович | T46: =IF(COUNTIF($F46:S46,"=*")>0,IF($C46="K","-"," - "),IF(COUNTIF($F46:S46,"<4")>0,IF($C46="K","-"," - "),(IFERROR(AVERAGE($F46:S46),"Waiting"))))
E47: Середній бал успішності з дисципліни | F47: =IF(SUM(F$10:F46)=0,IF(COUNTA(F$10:F46)=0,"Waiting",0),SUM(F$10:F46)/$D46) | G47: =IF(SUM(G$10:G46)=0,IF(COUNTA(G$10:G46)=0,"Waiting",0),SUM(G$10:G46)/$D46) | H47: =IF(SUM(H$10:H46)=0,IF(COUNTA(H$10:H46)=0,"Waiting",0),SUM(H$10:H46)/$D46) | I47: =IF(SUM(I$10:I46)=0,IF(COUNTA(I$10:I46)=0,"Waiting",0),SUM(I$10:I46)/$D46) | J47: =IF(SUM(J$10:J46)=0,IF(COUNTA(J$10:J46)=0,"Waiting",0),SUM(J$10:J46)/$D46) | K47: =IF(SUM(K$10:K46)=0,IF(COUNTA(K$10:K46)=0,"Waiting",0),SUM(K$10:K46)/$D46) | L47: =IF(SUM(L$10:L46)=0,IF(COUNTA(L$10:L46)=0,"Waiting",0),SUM(L$10:L46)/$D46) | M47: =IF(SUM(M$10:M46)=0,IF(COUNTA(M$10:M46)=0,"Waiting",0),SUM(M$10:M46)/$D46) | ... S47: =IF(SUM(S$10:S46)=0,IF(COUNTA(S$10:S46)=0,"Waiting",0),SUM(S$10:S46)/$D46) | T47: =IFERROR(AVERAGE($F47:S47),"Waiting")
E48: Абсолютна успішність | F48: =IF(SUM(F$10:F46)=0,IF(COUNTA(F$10:F46)=0,"Waiting",0),IF(COUNTIF(F$10:F46,">=4")=0,0,COUNTIF(F$10:F46,">=4")/$D46*100)) | G48: =IF(SUM(G$10:G46)=0,IF(COUNTA(G$10:G46)=0,"Waiting",0),IF(COUNTIF(G$10:G46,">=4")=0,0,COUNTIF(G$10:G46,">=4")/$D46*100)) | H48: =IF(SUM(H$10:H46)=0,IF(COUNTA(H$10:H46)=0,"Waiting",0),IF(COUNTIF(H$10:H46,">=4")=0,0,COUNTIF(H$10:H46,">=4")/$D46*100)) | I48: =IF(SUM(I$10:I46)=0,IF(COUNTA(I$10:I46)=0,"Waiting",0),IF(COUNTIF(I$10:I46,">=4")=0,0,COUNTIF(I$10:I46,">=4")/$D46*100)) | J48: =IF(SUM(J$10:J46)=0,IF(COUNTA(J$10:J46)=0,"Waiting",0),IF(COUNTIF(J$10:J46,">=4")=0,0,COUNTIF(J$10:J46,">=4")/$D46*100)) | K48: =IF(SUM(K$10:K46)=0,IF(COUNTA(K$10:K46)=0,"Waiting",0),IF(COUNTIF(K$10:K46,">=4")=0,0,COUNTIF(K$10:K46,">=4")/$D46*100)) | L48: =IF(SUM(L$10:L46)=0,IF(COUNTA(L$10:L46)=0,"Waiting",0),IF(COUNTIF(L$10:L46,">=4")=0,0,COUNTIF(L$10:L46,">=4")/$D46*100)) | M48: =IF(SUM(M$10:M46)=0,IF(COUNTA(M$10:M46)=0,"Waiting",0),IF(COUNTIF(M$10:M46,">=4")=0,0,COUNTIF(M$10:M46,">=4")/$D46*100)) | ... S48: =IF(SUM(S$10:S46)=0,IF(COUNTA(S$10:S46)=0,"Waiting",0),IF(COUNTIF(S$10:S46,">=4")=0,0,COUNTIF(S$10:S46,">=4")/$D46*100))
E49: Якісна успішність | F49: =IF(SUM(F$10:F46)=0,IF(COUNTA(F$10:F46)=0,"Waiting",0),IF(COUNTIF(F$10:F46,">=7")=0,0,COUNTIF(F$10:F46,">=7")/$D46*100)) | G49: =IF(SUM(G$10:G46)=0,IF(COUNTA(G$10:G46)=0,"Waiting",0),IF(COUNTIF(G$10:G46,">=7")=0,0,COUNTIF(G$10:G46,">=7")/$D46*100)) | H49: =IF(SUM(H$10:H46)=0,IF(COUNTA(H$10:H46)=0,"Waiting",0),IF(COUNTIF(H$10:H46,">=7")=0,0,COUNTIF(H$10:H46,">=7")/$D46*100)) | I49: =IF(SUM(I$10:I46)=0,IF(COUNTA(I$10:I46)=0,"Waiting",0),IF(COUNTIF(I$10:I46,">=7")=0,0,COUNTIF(I$10:I46,">=7")/$D46*100)) | J49: =IF(SUM(J$10:J46)=0,IF(COUNTA(J$10:J46)=0,"Waiting",0),IF(COUNTIF(J$10:J46,">=7")=0,0,COUNTIF(J$10:J46,">=7")/$D46*100)) | K49: =IF(SUM(K$10:K46)=0,IF(COUNTA(K$10:K46)=0,"Waiting",0),IF(COUNTIF(K$10:K46,">=7")=0,0,COUNTIF(K$10:K46,">=7")/$D46*100)) | L49: =IF(SUM(L$10:L46)=0,IF(COUNTA(L$10:L46)=0,"Waiting",0),IF(COUNTIF(L$10:L46,">=7")=0,0,COUNTIF(L$10:L46,">=7")/$D46*100)) | M49: =IF(SUM(M$10:M46)=0,IF(COUNTA(M$10:M46)=0,"Waiting",0),IF(COUNTIF(M$10:M46,">=7")=0,0,COUNTIF(M$10:M46,">=7")/$D46*100)) | ... S49: =IF(SUM(S$10:S46)=0,IF(COUNTA(S$10:S46)=0,"Waiting",0),IF(COUNTIF(S$10:S46,">=7")=0,0,COUNTIF(S$10:S46,">=7")/$D46*100))
E50: Абсолютна успішність по групі | F50: =IFERROR(AVERAGE(F48:S48),"Waiting")
E51: Якісна успішність по групі | F51: =IFERROR(AVERAGE($F49:S49),"Waiting")
E52: Кількість бюджетників | F52: =IF(COUNTIF($C$10:$C46,"=B")=0,IF(COUNTIF($C$10:$C46,"=K")=0,"Waiting",0),COUNTIF($C$10:$C46,"=B"))
E53: Кількість контрактників | F53: =IF(COUNTIF($C$10:$C46,"=K")=0,IF(COUNTIF($C$10:$C46,"=B")=0,"Waiting",0),COUNTIF($C$10:$C46,"=K")) | H53: Класний керівник
E54: Кількість соціального контингенту
E55: Вийшли на стипендію | F55: =IF(F52="Waiting","Waiting",IF(F52-COUNTIF($T$10:$T46," - ")<ROUNDDOWN(F52*0.4,0),F52-COUNTIF($T$10:$T46," - "),ROUNDDOWN(F52*0.4,0))) | H55: Завідувач відділення ПЗСО | P55: Margarita BRITIKOVA

Sheet Зведена D5
A1: S
C3: ВІДОКРЕМЛЕНИЙ СТРУКТУРНИЙ ПІДРОЗДІЛ «ФАХОВИЙ КОЛЕДЖ НАФТОГАЗОВИХ ТЕХНОЛОГІЙ, ІНЖЕНЕРІЇ ТА ІНФРАСТРУКТУРИ СЕРВІСУ ОДЕСЬКОГО НАЦІОНАЛЬНОГО ТЕХНОЛОГІЧНОГО УНІВЕРСИТЕТУ»
C4: ЗВЕДЕНА ВІДОМІСТЬ
C5: Успішності студентів спеціальності D5 ««Маркетинг»»
C6: За рік 2025-2026 н.р.
C7: Група 25-1 курс I
C8: Б/К | D8: № п/п | E8: Прізвище, ім’я, по батькові | F8: Підсумкові оцінки дисциплін | T8: Середній бал
F9: ='General'!F9 | G9: ='General'!G9 | H9: ='General'!H9 | I9: ='General'!I9 | J9: ='General'!J9 | K9: ='General'!K9 | L9: ='General'!L9 | M9: ='General'!M9 | ... S9: ='General'!S9
C10: ='General'!C10 | D10: 1 | E10: ='General'!E10 | F10: ='General'!F10 | G10: ='General'!G10 | H10: ='General'!H10 | I10: ='General'!I10 | J10: ='General'!J10 | K10: ='General'!K10 | L10: ='General'!L10 | ... S10: ='General'!S10 | T10: =IF(COUNTIF($F10:S10,"=*")>0,IF($C10="K","-"," - "),IF(COUNTIF($F10:S10,"<4")>0,IF(C10="K","-"," - "),(IFERROR(AVERAGE($F10:S10),"Waiting"))))
C11: ='General'!C12 | D11: 2 | E11: ='General'!E12 | F11: ='General'!F12 | G11: ='General'!G12 | H11: ='General'!H12 | I11: ='General'!I12 | J11: ='General'!J12 | K11: ='General'!K12 | L11: ='General'!L12 | ... S11: ='General'!S12 | T11: =IF(COUNTIF($F11:S11,"=*")>0,IF($C11="K","-"," - "),IF(COUNTIF($F11:S11,"<4")>0,IF(C11="K","-"," - "),(IFERROR(AVERAGE($F11:S11),"Waiting"))))
C12: ='General'!C13 | D12: 3 | E12: ='General'!E13 | F12: ='General'!F13 | G12: ='General'!G13 | H12: ='General'!H13 | I12: ='General'!I13 | J12: ='General'!J13 | K12: ='General'!K13 | L12: ='General'!L13 | ... S12: ='General'!S13 | T12: =IF(COUNTIF($F12:S12,"=*")>0,IF($C12="K","-"," - "),IF(COUNTIF($F12:S12,"<4")>0,IF(C12="K","-"," - "),(IFERROR(AVERAGE($F12:S12),"Waiting"))))
C13: ='General'!C15 | D13: 4 | E13: ='General'!E15 | F13: ='General'!F15 | G13: ='General'!G15 | H13: ='General'!H15 | I13: ='General'!I15 | J13: ='General'!J15 | K13: ='General'!K15 | L13: ='General'!L15 | ... S13: ='General'!S15 | T13: =IF(COUNTIF($F13:S13,"=*")>0,IF($C13="K","-"," - "),IF(COUNTIF($F13:S13,"<4")>0,IF(C13="K","-"," - "),(IFERROR(AVERAGE($F13:S13),"Waiting"))))
C14: ='General'!C19 | D14: 5 | E14: ='General'!E19 | F14: ='General'!F19 | G14: ='General'!G19 | H14: ='General'!H19 | I14: ='General'!I19 | J14: ='General'!J19 | K14: ='General'!K19 | L14: ='General'!L19 | ... S14: ='General'!S19 | T14: =IF(COUNTIF($F14:S14,"=*")>0,IF($C14="K","-"," - "),IF(COUNTIF($F14:S14,"<4")>0,IF(C14="K","-"," - "),(IFERROR(AVERAGE($F14:S14),"Waiting"))))
C15: ='General'!C20 | D15: 6 | E15: ='General'!E20 | F15: ='General'!F20 | G15: ='General'!G20 | H15: ='General'!H20 | I15: ='General'!I20 | J15: ='General'!J20 | K15: ='General'!K20 | L15: ='General'!L20 | ... S15: ='General'!S20 | T15: =IF(COUNTIF($F15:S15,"=*")>0,IF($C15="K","-"," - "),IF(COUNTIF($F15:S15,"<4")>0,IF(C15="K","-"," - "),(IFERROR(AVERAGE($F15:S15),"Waiting"))))
C16: ='General'!C22 | D16: 7 | E16: ='General'!E22 | F16: ='General'!F22 | G16: ='General'!G22 | H16: ='General'!H22 | I16: ='General'!I22 | J16: ='General'!J22 | K16: ='General'!K22 | L16: ='General'!L22 | ... S16: ='General'!S22 | T16: =IF(COUNTIF($F16:S16,"=*")>0,IF($C16="K","-"," - "),IF(COUNTIF($F16:S16,"<4")>0,IF(C16="K","-"," - "),(IFERROR(AVERAGE($F16:S16),"Waiting"))))
C17: ='General'!C23 | D17: 8 | E17: ='General'!E23 | F17: ='General'!F23 | G17: ='General'!G23 | H17: ='General'!H23 | I17: ='General'!I23 | J17: ='General'!J23 | K17: ='General'!K23 | L17: ='General'!L23 | ... S17: ='General'!S23 | T17: =IF(COUNTIF($F17:S17,"=*")>0,IF($C17="K","-"," - "),IF(COUNTIF($F17:S17,"<4")>0,IF(C17="K","-"," - "),(IFERROR(AVERAGE($F17:S17),"Waiting"))))
C18: ='General'!C25 | D18: 9 | E18: ='General'!E25 | F18: ='General'!F25 | G18: ='General'!G25 | H18: ='General'!H25 | I18: ='General'!I25 | J18: ='General'!J25 | K18: ='General'!K25 | L18: ='General'!L25 | ... S18: ='General'!S25 | T18: =IF(COUNTIF($F18:S18,"=*")>0,IF($C18="K","-"," - "),IF(COUNTIF($F18:S18,"<4")>0,IF(C18="K","-"," - "),(IFERROR(AVERAGE($F18:S18),"Waiting"))))
C19: ='General'!C28 | D19: 10 | E19: ='General'!E28 | F19: ='General'!F28 | G19: ='General'!G28 | H19: ='General'!H28 | I19: ='General'!I28 | J19: ='General'!J28 | K19: ='General'!K28 | L19: ='General'!L28 | ... S19: ='General'!S28 | T19: =IF(COUNTIF($F19:S19,"=*")>0,IF($C19="K","-"," - "),IF(COUNTIF($F19:S19,"<4")>0,IF(C19="K","-"," - "),(IFERROR(AVERAGE($F19:S19),"Waiting"))))
C20: ='General'!C29 | D20: 11 | E20: ='General'!E29 | F20: ='General'!F29 | G20: ='General'!G29 | H20: ='General'!H29 | I20: ='General'!I29 | J20: ='General'!J29 | K20: ='General'!K29 | L20: ='General'!L29 | ... S20: ='General'!S29 | T20: =IF(COUNTIF($F20:S20,"=*")>0,IF($C20="K","-"," - "),IF(COUNTIF($F20:S20,"<4")>0,IF(C20="K","-"," - "),(IFERROR(AVERAGE($F20:S20),"Waiting"))))
C21: ='General'!C30 | D21: 12 | E21: ='General'!E30 | F21: ='General'!F30 | G21: ='General'!G30 | H21: ='General'!H30 | I21: ='General'!I30 | J21: ='General'!J30 | K21: ='General'!K30 | L21: ='General'!L30 | ... S21: ='General'!S30 | T21: =IF(COUNTIF($F21:S21,"=*")>0,IF($C21="K","-"," - "),IF(COUNTIF($F21:S21,"<4")>0,IF(C21="K","-"," - "),(IFERROR(AVERAGE($F21:S21),"Waiting"))))
C22: ='General'!C32 | D22: 13 | E22: ='General'!E32 | F22: ='General'!F32 | G22: ='General'!G32 | H22: ='General'!H32 | I22: ='General'!I32 | J22: ='General'!J32 | K22: ='General'!K32 | L22: ='General'!L32 | ... S22: ='General'!S32 | T22: =IF(COUNTIF($F22:S22,"=*")>0,IF($C22="K","-"," - "),IF(COUNTIF($F22:S22,"<4")>0,IF(C22="K","-"," - "),(IFERROR(AVERAGE($F22:S22),"Waiting"))))
C23: ='General'!C33 | D23: 14 | E23: ='General'!E33 | F23: ='General'!F33 | G23: ='General'!G33 | H23: ='General'!H33 | I23: ='General'!I33 | J23: ='General'!J33 | K23: ='General'!K33 | L23: ='General'!L33 | ... S23: ='General'!S33 | T23: =IF(COUNTIF($F23:S23,"=*")>0,IF($C23="K","-"," - "),IF(COUNTIF($F23:S23,"<4")>0,IF(C23="K","-"," - "),(IFERROR(AVERAGE($F23:S23),"Waiting"))))
C24: ='General'!C35 | D24: 15 | E24: ='General'!E35 | F24: ='General'!F35 | G24: ='General'!G35 | H24: ='General'!H35 | I24: ='General'!I35 | J24: ='General'!J35 | K24: ='General'!K35 | L24: ='General'!L35 | ... S24: ='General'!S35 | T24: =IF(COUNTIF($F24:S24,"=*")>0,IF($C24="K","-"," - "),IF(COUNTIF($F24:S24,"<4")>0,IF(C24="K","-"," - "),(IFERROR(AVERAGE($F24:S24),"Waiting"))))
C25: ='General'!C40 | D25: 16 | E25: ='General'!E40 | F25: ='General'!F40 | G25: ='General'!G40 | H25: ='General'!H40 | I25: ='General'!I40 | J25: ='General'!J40 | K25: ='General'!K40 | L25: ='General'!L40 | ... S25: ='General'!S40 | T25: =IF(COUNTIF($F25:S25,"=*")>0,IF($C25="K","-"," - "),IF(COUNTIF($F25:S25,"<4")>0,IF(C25="K","-"," - "),(IFERROR(AVERAGE($F25:S25),"Waiting"))))
C26: ='General'!C41 | D26: 17 | E26: ='General'!E41 | F26: ='General'!F41 | G26: ='General'!G41 | H26: ='General'!H41 | I26: ='General'!I41 | J26: ='General'!J41 | K26: ='General'!K41 | L26: ='General'!L41 | ... S26: ='General'!S41 | T26: =IF(COUNTIF($F26:S26,"=*")>0,IF($C26="K","-"," - "),IF(COUNTIF($F26:S26,"<4")>0,IF(C26="K","-"," - "),(IFERROR(AVERAGE($F26:S26),"Waiting"))))
C27: ='General'!C43 | D27: 18 | E27: ='General'!E43 | F27: ='General'!F43 | G27: ='General'!G43 | H27: ='General'!H43 | I27: ='General'!I43 | J27: ='General'!J43 | K27: ='General'!K43 | L27: ='General'!L43 | ... S27: ='General'!S43 | T27: =IF(COUNTIF($F27:S27,"=*")>0,IF($C27="K","-"," - "),IF(COUNTIF($F27:S27,"<4")>0,IF(C27="K","-"," - "),(IFERROR(AVERAGE($F27:S27),"Waiting"))))
C28: ='General'!C44 | D28: 19 | E28: ='General'!E44 | F28: ='General'!F44 | G28: ='General'!G44 | H28: ='General'!H44 | I28: ='General'!I44 | J28: ='General'!J44 | K28: ='General'!K44 | L28: ='General'!L44 | ... S28: ='General'!S44 | T28: =IF(COUNTIF($F28:S28,"=*")>0,IF($C28="K","-"," - "),IF(COUNTIF($F28:S28,"<4")>0,IF(C28="K","-"," - "),(IFERROR(AVERAGE($F28:S28),"Waiting"))))
C29: ='General'!C45 | D29: 20 | E29: ='General'!E45 | F29: ='General'!F45 | G29: ='General'!G45 | H29: ='General'!H45 | I29: ='General'!I45 | J29: ='General'!J45 | K29: ='General'!K45 | L29: ='General'!L45 | ... S29: ='General'!S45 | T29: =IF(COUNTIF($F29:S29,"=*")>0,IF($C29="K","-"," - "),IF(COUNTIF($F29:S29,"<4")>0,IF(C29="K","-"," - "),(IFERROR(AVERAGE($F29:S29),"Waiting"))))
E30: Середній бал успішності з дисципліни | F30: =IF(SUM(F$10:F29)=0,IF(COUNTA(F$10:F29)=0,"Waiting",0),SUM(F$10:F29)/$D29) | G30: =IF(SUM(G$10:G29)=0,IF(COUNTA(G$10:G29)=0,"Waiting",0),SUM(G$10:G29)/$D29) | H30: =IF(SUM(H$10:H29)=0,IF(COUNTA(H$10:H29)=0,"Waiting",0),SUM(H$10:H29)/$D29) | I30: =IF(SUM(I$10:I29)=0,IF(COUNTA(I$10:I29)=0,"Waiting",0),SUM(I$10:I29)/$D29) | J30: =IF(SUM(J$10:J29)=0,IF(COUNTA(J$10:J29)=0,"Waiting",0),SUM(J$10:J29)/$D29) | K30: =IF(SUM(K$10:K29)=0,IF(COUNTA(K$10:K29)=0,"Waiting",0),SUM(K$10:K29)/$D29) | L30: =IF(SUM(L$10:L29)=0,IF(COUNTA(L$10:L29)=0,"Waiting",0),SUM(L$10:L29)/$D29) | M30: =IF(SUM(M$10:M29)=0,IF(COUNTA(M$10:M29)=0,"Waiting",0),SUM(M$10:M29)/$D29) | ... S30: =IF(SUM(S$10:S29)=0,IF(COUNTA(S$10:S29)=0,"Waiting",0),SUM(S$10:S29)/$D29) | T30: =IFERROR(AVERAGE($F30:S30),"Waiting")
E31: Абсолютна успішність | F31: =IF(SUM(F$10:F29)=0,IF(COUNTA(F$10:F29)=0,"Waiting",0),IF(COUNTIF(F$10:F29,">=4")=0,0,COUNTIF(F$10:F29,">=4")/$D29*100)) | G31: =IF(SUM(G$10:G29)=0,IF(COUNTA(G$10:G29)=0,"Waiting",0),IF(COUNTIF(G$10:G29,">=4")=0,0,COUNTIF(G$10:G29,">=4")/$D29*100)) | H31: =IF(SUM(H$10:H29)=0,IF(COUNTA(H$10:H29)=0,"Waiting",0),IF(COUNTIF(H$10:H29,">=4")=0,0,COUNTIF(H$10:H29,">=4")/$D29*100)) | I31: =IF(SUM(I$10:I29)=0,IF(COUNTA(I$10:I29)=0,"Waiting",0),IF(COUNTIF(I$10:I29,">=4")=0,0,COUNTIF(I$10:I29,">=4")/$D29*100)) | J31: =IF(SUM(J$10:J29)=0,IF(COUNTA(J$10:J29)=0,"Waiting",0),IF(COUNTIF(J$10:J29,">=4")=0,0,COUNTIF(J$10:J29,">=4")/$D29*100)) | K31: =IF(SUM(K$10:K29)=0,IF(COUNTA(K$10:K29)=0,"Waiting",0),IF(COUNTIF(K$10:K29,">=4")=0,0,COUNTIF(K$10:K29,">=4")/$D29*100)) | L31: =IF(SUM(L$10:L29)=0,IF(COUNTA(L$10:L29)=0,"Waiting",0),IF(COUNTIF(L$10:L29,">=4")=0,0,COUNTIF(L$10:L29,">=4")/$D29*100)) | M31: =IF(SUM(M$10:M29)=0,IF(COUNTA(M$10:M29)=0,"Waiting",0),IF(COUNTIF(M$10:M29,">=4")=0,0,COUNTIF(M$10:M29,">=4")/$D29*100)) | ... S31: =IF(SUM(S$10:S29)=0,IF(COUNTA(S$10:S29)=0,"Waiting",0),IF(COUNTIF(S$10:S29,">=4")=0,0,COUNTIF(S$10:S29,">=4")/$D29*100))
E32: Якісна успішність | F32: =IF(SUM(F$10:F29)=0,IF(COUNTA(F$10:F29)=0,"Waiting",0),IF(COUNTIF(F$10:F29,">=7")=0,0,COUNTIF(F$10:F29,">=7")/$D29*100)) | G32: =IF(SUM(G$10:G29)=0,IF(COUNTA(G$10:G29)=0,"Waiting",0),IF(COUNTIF(G$10:G29,">=7")=0,0,COUNTIF(G$10:G29,">=7")/$D29*100)) | H32: =IF(SUM(H$10:H29)=0,IF(COUNTA(H$10:H29)=0,"Waiting",0),IF(COUNTIF(H$10:H29,">=7")=0,0,COUNTIF(H$10:H29,">=7")/$D29*100)) | I32: =IF(SUM(I$10:I29)=0,IF(COUNTA(I$10:I29)=0,"Waiting",0),IF(COUNTIF(I$10:I29,">=7")=0,0,COUNTIF(I$10:I29,">=7")/$D29*100)) | J32: =IF(SUM(J$10:J29)=0,IF(COUNTA(J$10:J29)=0,"Waiting",0),IF(COUNTIF(J$10:J29,">=7")=0,0,COUNTIF(J$10:J29,">=7")/$D29*100)) | K32: =IF(SUM(K$10:K29)=0,IF(COUNTA(K$10:K29)=0,"Waiting",0),IF(COUNTIF(K$10:K29,">=7")=0,0,COUNTIF(K$10:K29,">=7")/$D29*100)) | L32: =IF(SUM(L$10:L29)=0,IF(COUNTA(L$10:L29)=0,"Waiting",0),IF(COUNTIF(L$10:L29,">=7")=0,0,COUNTIF(L$10:L29,">=7")/$D29*100)) | M32: =IF(SUM(M$10:M29)=0,IF(COUNTA(M$10:M29)=0,"Waiting",0),IF(COUNTIF(M$10:M29,">=7")=0,0,COUNTIF(M$10:M29,">=7")/$D29*100)) | ... S32: =IF(SUM(S$10:S29)=0,IF(COUNTA(S$10:S29)=0,"Waiting",0),IF(COUNTIF(S$10:S29,">=7")=0,0,COUNTIF(S$10:S29,">=7")/$D29*100))
E33: Абсолютна успішність по групі | F33: =IFERROR(AVERAGE(F31:S31),"Waiting")
E34: Якісна успішність по групі | F34: =IFERROR(AVERAGE($F32:S32),"Waiting")
E35: Кількість бюджетників | F35: =IF(COUNTIF($C$10:$C29,"=B")=0,IF(COUNTIF($C$10:$C29,"=K")=0,"Waiting",0),COUNTIF($C$10:$C29,"=B"))
E36: Кількість контрактників | F36: =IF(COUNTIF($C$10:$C29,"=K")=0,IF(COUNTIF($C$10:$C29,"=B")=0,"Waiting",0),COUNTIF($C$10:$C29,"=K")) | H36: Класний керівник | P36: ='General'!P53
E37: Кількість соціального контингенту
E38: Вийшли на стипендію | F38: =IF(F35="Waiting","Waiting",IF(F35-COUNTIF($T$10:$T29," - ")<ROUNDDOWN(F35*0.4,0),F35-COUNTIF($T$10:$T29," - "),ROUNDDOWN(F35*0.4,0))) | H38: Завідувач відділення ПЗСО | P38: Margarita BRITIKOVA

Sheet Зведена E2
A1: S
C3: ВІДОКРЕМЛЕНИЙ СТРУКТУРНИЙ ПІДРОЗДІЛ «ФАХОВИЙ КОЛЕДЖ НАФТОГАЗОВИХ ТЕХНОЛОГІЙ, ІНЖЕНЕРІЇ ТА ІНФРАСТРУКТУРИ СЕРВІСУ ОДЕСЬКОГО НАЦІОНАЛЬНОГО ТЕХНОЛОГІЧНОГО УНІВЕРСИТЕТУ»
C4: ЗВЕДЕНА ВІДОМІСТЬ
C5: Успішності студентів спеціальності E2 ««Екологія»»
C6: За рік 2025-2026 н.р.
C7: Група 25-1 курс I
C8: Б/К | D8: № п/п | E8: Прізвище, ім’я, по батькові | F8: Підсумкові оцінки дисциплін | T8: Середній бал
F9: ='General'!F9 | G9: ='General'!G9 | H9: ='General'!H9 | I9: ='General'!I9 | J9: ='General'!J9 | K9: ='General'!K9 | L9: ='General'!L9 | M9: ='General'!M9 | ... S9: ='General'!S9
C10: ='General'!C11 | D10: 1 | E10: ='General'!E11 | F10: ='General'!F11 | G10: ='General'!G11 | H10: ='General'!H11 | I10: ='General'!I11 | J10: ='General'!J11 | K10: ='General'!K11 | L10: ='General'!L11 | ... S10: ='General'!S11 | T10: =IF(COUNTIF($F10:S10,"=*")>0,IF($C10="K","-"," - "),IF(COUNTIF($F10:S10,"<4")>0,IF(C10="K","-"," - "),(IFERROR(AVERAGE($F10:S10),"Waiting"))))
C11: ='General'!C14 | D11: 2 | E11: ='General'!E14 | F11: ='General'!F14 | G11: ='General'!G14 | H11: ='General'!H14 | I11: ='General'!I14 | J11: ='General'!J14 | K11: ='General'!K14 | L11: ='General'!L14 | ... S11: ='General'!S14 | T11: =IF(COUNTIF($F11:S11,"=*")>0,IF($C11="K","-"," - "),IF(COUNTIF($F11:S11,"<4")>0,IF(C11="K","-"," - "),(IFERROR(AVERAGE($F11:S11),"Waiting"))))
C12: ='General'!C18 | D12: 3 | E12: ='General'!E18 | F12: ='General'!F18 | G12: ='General'!G18 | H12: ='General'!H18 | I12: ='General'!I18 | J12: ='General'!J18 | K12: ='General'!K18 | L12: ='General'!L18 | ... S12: ='General'!S18 | T12: =IF(COUNTIF($F12:S12,"=*")>0,IF($C12="K","-"," - "),IF(COUNTIF($F12:S12,"<4")>0,IF(C12="K","-"," - "),(IFERROR(AVERAGE($F12:S12),"Waiting"))))
C13: ='General'!C21 | D13: 4 | E13: ='General'!E21 | F13: ='General'!F21 | G13: ='General'!G21 | H13: ='General'!H21 | I13: ='General'!I21 | J13: ='General'!J21 | K13: ='General'!K21 | L13: ='General'!L21 | ... S13: ='General'!S21 | T13: =IF(COUNTIF($F13:S13,"=*")>0,IF($C13="K","-"," - "),IF(COUNTIF($F13:S13,"<4")>0,IF(C13="K","-"," - "),(IFERROR(AVERAGE($F13:S13),"Waiting"))))
C14: ='General'!C24 | D14: 5 | E14: ='General'!E24 | F14: ='General'!F24 | G14: ='General'!G24 | H14: ='General'!H24 | I14: ='General'!I24 | J14: ='General'!J24 | K14: ='General'!K24 | L14: ='General'!L24 | ... S14: ='General'!S24 | T14: =IF(COUNTIF($F14:S14,"=*")>0,IF($C14="K","-"," - "),IF(COUNTIF($F14:S14,"<4")>0,IF(C14="K","-"," - "),(IFERROR(AVERAGE($F14:S14),"Waiting"))))
C15: ='General'!C26 | D15: 6 | E15: ='General'!E26 | F15: ='General'!F26 | G15: ='General'!G26 | H15: ='General'!H26 | I15: ='General'!I26 | J15: ='General'!J26 | K15: ='General'!K26 | L15: ='General'!L26 | ... S15: ='General'!S26 | T15: =IF(COUNTIF($F15:S15,"=*")>0,IF($C15="K","-"," - "),IF(COUNTIF($F15:S15,"<4")>0,IF(C15="K","-"," - "),(IFERROR(AVERAGE($F15:S15),"Waiting"))))
C16: ='General'!C27 | D16: 7 | E16: ='General'!E27 | F16: ='General'!F27 | G16: ='General'!G27 | H16: ='General'!H27 | I16: ='General'!I27 | J16: ='General'!J27 | K16: ='General'!K27 | L16: ='General'!L27 | ... S16: ='General'!S27 | T16: =IF(COUNTIF($F16:S16,"=*")>0,IF($C16="K","-"," - "),IF(COUNTIF($F16:S16,"<4")>0,IF(C16="K","-"," - "),(IFERROR(AVERAGE($F16:S16),"Waiting"))))
C17: ='General'!C31 | D17: 8 | E17: ='General'!E31 | F17: ='General'!F31 | G17: ='General'!G31 | H17: ='General'!H31 | I17: ='General'!I31 | J17: ='General'!J31 | K17: ='General'!K31 | L17: ='General'!L31 | ... S17: ='General'!S31 | T17: =IF(COUNTIF($F17:S17,"=*")>0,IF($C17="K","-"," - "),IF(COUNTIF($F17:S17,"<4")>0,IF(C17="K","-"," - "),(IFERROR(AVERAGE($F17:S17),"Waiting"))))
C18: ='General'!C34 | D18: 9 | E18: ='General'!E34 | F18: ='General'!F34 | G18: ='General'!G34 | H18: ='General'!H34 | I18: ='General'!I34 | J18: ='General'!J34 | K18: ='General'!K34 | L18: ='General'!L34 | ... S18: ='General'!S34 | T18: =IF(COUNTIF($F18:S18,"=*")>0,IF($C18="K","-"," - "),IF(COUNTIF($F18:S18,"<4")>0,IF(C18="K","-"," - "),(IFERROR(AVERAGE($F18:S18),"Waiting"))))
C19: ='General'!C36 | D19: 10 | E19: ='General'!E36 | F19: ='General'!F36 | G19: ='General'!G36 | H19: ='General'!H36 | I19: ='General'!I36 | J19: ='General'!J36 | K19: ='General'!K36 | L19: ='General'!L36 | ... S19: ='General'!S36 | T19: =IF(COUNTIF($F19:S19,"=*")>0,IF($C19="K","-"," - "),IF(COUNTIF($F19:S19,"<4")>0,IF(C19="K","-"," - "),(IFERROR(AVERAGE($F19:S19),"Waiting"))))
C20: ='General'!C37 | D20: 11 | E20: ='General'!E37 | F20: ='General'!F37 | G20: ='General'!G37 | H20: ='General'!H37 | I20: ='General'!I37 | J20: ='General'!J37 | K20: ='General'!K37 | L20: ='General'!L37 | ... S20: ='General'!S37 | T20: =IF(COUNTIF($F20:S20,"=*")>0,IF($C20="K","-"," - "),IF(COUNTIF($F20:S20,"<4")>0,IF(C20="K","-"," - "),(IFERROR(AVERAGE($F20:S20),"Waiting"))))
C21: ='General'!C42 | D21: 12 | E21: ='General'!E42 | F21: ='General'!F42 | G21: ='General'!G42 | H21: ='General'!H42 | I21: ='General'!I42 | J21: ='General'!J42 | K21: ='General'!K42 | L21: ='General'!L42 | ... S21: ='General'!S42 | T21: =IF(COUNTIF($F21:S21,"=*")>0,IF($C21="K","-"," - "),IF(COUNTIF($F21:S21,"<4")>0,IF(C21="K","-"," - "),(IFERROR(AVERAGE($F21:S21),"Waiting"))))
C22: ='General'!C46 | D22: 13 | E22: ='General'!E46 | F22: ='General'!F46 | G22: ='General'!G46 | H22: ='General'!H46 | I22: ='General'!I46 | J22: ='General'!J46 | K22: ='General'!K46 | L22: ='General'!L46 | ... S22: ='General'!S46 | T22: =IF(COUNTIF($F22:S22,"=*")>0,IF($C22="K","-"," - "),IF(COUNTIF($F22:S22,"<4")>0,IF(C22="K","-"," - "),(IFERROR(AVERAGE($F22:S22),"Waiting"))))
E23: Середній бал успішності з дисципліни | F23: =IF(SUM(F$10:F22)=0,IF(COUNTA(F$10:F22)=0,"Waiting",0),SUM(F$10:F22)/$D22) | G23: =IF(SUM(G$10:G22)=0,IF(COUNTA(G$10:G22)=0,"Waiting",0),SUM(G$10:G22)/$D22) | H23: =IF(SUM(H$10:H22)=0,IF(COUNTA(H$10:H22)=0,"Waiting",0),SUM(H$10:H22)/$D22) | I23: =IF(SUM(I$10:I22)=0,IF(COUNTA(I$10:I22)=0,"Waiting",0),SUM(I$10:I22)/$D22) | J23: =IF(SUM(J$10:J22)=0,IF(COUNTA(J$10:J22)=0,"Waiting",0),SUM(J$10:J22)/$D22) | K23: =IF(SUM(K$10:K22)=0,IF(COUNTA(K$10:K22)=0,"Waiting",0),SUM(K$10:K22)/$D22) | L23: =IF(SUM(L$10:L22)=0,IF(COUNTA(L$10:L22)=0,"Waiting",0),SUM(L$10:L22)/$D22) | M23: =IF(SUM(M$10:M22)=0,IF(COUNTA(M$10:M22)=0,"Waiting",0),SUM(M$10:M22)/$D22) | ... S23: =IF(SUM(S$10:S22)=0,IF(COUNTA(S$10:S22)=0,"Waiting",0),SUM(S$10:S22)/$D22) | T23: =IFERROR(AVERAGE($F23:S23),"Waiting")
E24: Абсолютна успішність | F24: =IF(SUM(F$10:F22)=0,IF(COUNTA(F$10:F22)=0,"Waiting",0),IF(COUNTIF(F$10:F22,">=4")=0,0,COUNTIF(F$10:F22,">=4")/$D22*100)) | G24: =IF(SUM(G$10:G22)=0,IF(COUNTA(G$10:G22)=0,"Waiting",0),IF(COUNTIF(G$10:G22,">=4")=0,0,COUNTIF(G$10:G22,">=4")/$D22*100)) | H24: =IF(SUM(H$10:H22)=0,IF(COUNTA(H$10:H22)=0,"Waiting",0),IF(COUNTIF(H$10:H22,">=4")=0,0,COUNTIF(H$10:H22,">=4")/$D22*100)) | I24: =IF(SUM(I$10:I22)=0,IF(COUNTA(I$10:I22)=0,"Waiting",0),IF(COUNTIF(I$10:I22,">=4")=0,0,COUNTIF(I$10:I22,">=4")/$D22*100)) | J24: =IF(SUM(J$10:J22)=0,IF(COUNTA(J$10:J22)=0,"Waiting",0),IF(COUNTIF(J$10:J22,">=4")=0,0,COUNTIF(J$10:J22,">=4")/$D22*100)) | K24: =IF(SUM(K$10:K22)=0,IF(COUNTA(K$10:K22)=0,"Waiting",0),IF(COUNTIF(K$10:K22,">=4")=0,0,COUNTIF(K$10:K22,">=4")/$D22*100)) | L24: =IF(SUM(L$10:L22)=0,IF(COUNTA(L$10:L22)=0,"Waiting",0),IF(COUNTIF(L$10:L22,">=4")=0,0,COUNTIF(L$10:L22,">=4")/$D22*100)) | M24: =IF(SUM(M$10:M22)=0,IF(COUNTA(M$10:M22)=0,"Waiting",0),IF(COUNTIF(M$10:M22,">=4")=0,0,COUNTIF(M$10:M22,">=4")/$D22*100)) | ... S24: =IF(SUM(S$10:S22)=0,IF(COUNTA(S$10:S22)=0,"Waiting",0),IF(COUNTIF(S$10:S22,">=4")=0,0,COUNTIF(S$10:S22,">=4")/$D22*100))
E25: Якісна успішність | F25: =IF(SUM(F$10:F22)=0,IF(COUNTA(F$10:F22)=0,"Waiting",0),IF(COUNTIF(F$10:F22,">=7")=0,0,COUNTIF(F$10:F22,">=7")/$D22*100)) | G25: =IF(SUM(G$10:G22)=0,IF(COUNTA(G$10:G22)=0,"Waiting",0),IF(COUNTIF(G$10:G22,">=7")=0,0,COUNTIF(G$10:G22,">=7")/$D22*100)) | H25: =IF(SUM(H$10:H22)=0,IF(COUNTA(H$10:H22)=0,"Waiting",0),IF(COUNTIF(H$10:H22,">=7")=0,0,COUNTIF(H$10:H22,">=7")/$D22*100)) | I25: =IF(SUM(I$10:I22)=0,IF(COUNTA(I$10:I22)=0,"Waiting",0),IF(COUNTIF(I$10:I22,">=7")=0,0,COUNTIF(I$10:I22,">=7")/$D22*100)) | J25: =IF(SUM(J$10:J22)=0,IF(COUNTA(J$10:J22)=0,"Waiting",0),IF(COUNTIF(J$10:J22,">=7")=0,0,COUNTIF(J$10:J22,">=7")/$D22*100)) | K25: =IF(SUM(K$10:K22)=0,IF(COUNTA(K$10:K22)=0,"Waiting",0),IF(COUNTIF(K$10:K22,">=7")=0,0,COUNTIF(K$10:K22,">=7")/$D22*100)) | L25: =IF(SUM(L$10:L22)=0,IF(COUNTA(L$10:L22)=0,"Waiting",0),IF(COUNTIF(L$10:L22,">=7")=0,0,COUNTIF(L$10:L22,">=7")/$D22*100)) | M25: =IF(SUM(M$10:M22)=0,IF(COUNTA(M$10:M22)=0,"Waiting",0),IF(COUNTIF(M$10:M22,">=7")=0,0,COUNTIF(M$10:M22,">=7")/$D22*100)) | ... S25: =IF(SUM(S$10:S22)=0,IF(COUNTA(S$10:S22)=0,"Waiting",0),IF(COUNTIF(S$10:S22,">=7")=0,0,COUNTIF(S$10:S22,">=7")/$D22*100))
E26: Абсолютна успішність по групі | F26: =IFERROR(AVERAGE(F24:S24),"Waiting")
E27: Якісна успішність по групі | F27: =IFERROR(AVERAGE($F25:S25),"Waiting")
E28: Кількість бюджетників | F28: =IF(COUNTIF($C$10:$C22,"=B")=0,IF(COUNTIF($C$10:$C22,"=K")=0,"Waiting",0),COUNTIF($C$10:$C22,"=B"))
E29: Кількість контрактників | F29: =IF(COUNTIF($C$10:$C22,"=K")=0,IF(COUNTIF($C$10:$C22,"=B")=0,"Waiting",0),COUNTIF($C$10:$C22,"=K")) | H29: Класний керівник | P29: ='General'!P53
E30: Кількість соціального контингенту
E31: Вийшли на стипендію | F31: =IF(F28="Waiting","Waiting",IF(F28-COUNTIF($T$10:$T22," - ")<ROUNDDOWN(F28*0.4,0),F28-COUNTIF($T$10:$T22," - "),ROUNDDOWN(F28*0.4,0))) | H31: Завідувач відділення ПЗСО | P31: Margarita BRITIKOVA

Sheet Зведена G13
A1: S
C3: ВІДОКРЕМЛЕНИЙ СТРУКТУРНИЙ ПІДРОЗДІЛ «ФАХОВИЙ КОЛЕДЖ НАФТОГАЗОВИХ ТЕХНОЛОГІЙ, ІНЖЕНЕРІЇ ТА ІНФРАСТРУКТУРИ СЕРВІСУ ОДЕСЬКОГО НАЦІОНАЛЬНОГО ТЕХНОЛОГІЧНОГО УНІВЕРСИТЕТУ»
C4: ЗВЕДЕНА ВІДОМІСТЬ
C5: Успішності студентів спеціальності G13 ««Харчові технології»»
C6: За рік 2025-2026 н.р.
C7: Група 25-1 курс I
C8: Б/К | D8: № п/п | E8: Прізвище, ім’я, по батькові | F8: Підсумкові оцінки дисциплін | T8: Середній бал
F9: ='General'!F9 | G9: ='General'!G9 | H9: ='General'!H9 | I9: ='General'!I9 | J9: ='General'!J9 | K9: ='General'!K9 | L9: ='General'!L9 | M9: ='General'!M9 | ... S9: ='General'!S9
C10: ='General'!C38 | D10: 1 | E10: ='General'!E38 | F10: ='General'!F38 | G10: ='General'!G38 | H10: ='General'!H38 | I10: ='General'!I38 | J10: ='General'!J38 | K10: ='General'!K38 | L10: ='General'!L38 | ... S10: ='General'!S38 | T10: =IF(COUNTIF($F10:S10,"=*")>0,IF($C10="K","-"," - "),IF(COUNTIF($F10:S10,"<4")>0,IF(C10="K","-"," - "),(IFERROR(AVERAGE($F10:S10),"Waiting"))))
E11: Середній бал успішності з дисципліни | F11: =IF(SUM(F$10:F10)=0,IF(COUNTA(F$10:F10)=0,"Waiting",0),SUM(F$10:F10)/$D10) | G11: =IF(SUM(G$10:G10)=0,IF(COUNTA(G$10:G10)=0,"Waiting",0),SUM(G$10:G10)/$D10) | H11: =IF(SUM(H$10:H10)=0,IF(COUNTA(H$10:H10)=0,"Waiting",0),SUM(H$10:H10)/$D10) | I11: =IF(SUM(I$10:I10)=0,IF(COUNTA(I$10:I10)=0,"Waiting",0),SUM(I$10:I10)/$D10) | J11: =IF(SUM(J$10:J10)=0,IF(COUNTA(J$10:J10)=0,"Waiting",0),SUM(J$10:J10)/$D10) | K11: =IF(SUM(K$10:K10)=0,IF(COUNTA(K$10:K10)=0,"Waiting",0),SUM(K$10:K10)/$D10) | L11: =IF(SUM(L$10:L10)=0,IF(COUNTA(L$10:L10)=0,"Waiting",0),SUM(L$10:L10)/$D10) | M11: =IF(SUM(M$10:M10)=0,IF(COUNTA(M$10:M10)=0,"Waiting",0),SUM(M$10:M10)/$D10) | ... S11: =IF(SUM(S$10:S10)=0,IF(COUNTA(S$10:S10)=0,"Waiting",0),SUM(S$10:S10)/$D10) | T11: =IFERROR(AVERAGE($F11:S11),"Waiting")
E12: Абсолютна успішність | F12: =IF(SUM(F$10:F10)=0,IF(COUNTA(F$10:F10)=0,"Waiting",0),IF(COUNTIF(F$10:F10,">=4")=0,0,COUNTIF(F$10:F10,">=4")/$D10*100)) | G12: =IF(SUM(G$10:G10)=0,IF(COUNTA(G$10:G10)=0,"Waiting",0),IF(COUNTIF(G$10:G10,">=4")=0,0,COUNTIF(G$10:G10,">=4")/$D10*100)) | H12: =IF(SUM(H$10:H10)=0,IF(COUNTA(H$10:H10)=0,"Waiting",0),IF(COUNTIF(H$10:H10,">=4")=0,0,COUNTIF(H$10:H10,">=4")/$D10*100)) | I12: =IF(SUM(I$10:I10)=0,IF(COUNTA(I$10:I10)=0,"Waiting",0),IF(COUNTIF(I$10:I10,">=4")=0,0,COUNTIF(I$10:I10,">=4")/$D10*100)) | J12: =IF(SUM(J$10:J10)=0,IF(COUNTA(J$10:J10)=0,"Waiting",0),IF(COUNTIF(J$10:J10,">=4")=0,0,COUNTIF(J$10:J10,">=4")/$D10*100)) | K12: =IF(SUM(K$10:K10)=0,IF(COUNTA(K$10:K10)=0,"Waiting",0),IF(COUNTIF(K$10:K10,">=4")=0,0,COUNTIF(K$10:K10,">=4")/$D10*100)) | L12: =IF(SUM(L$10:L10)=0,IF(COUNTA(L$10:L10)=0,"Waiting",0),IF(COUNTIF(L$10:L10,">=4")=0,0,COUNTIF(L$10:L10,">=4")/$D10*100)) | M12: =IF(SUM(M$10:M10)=0,IF(COUNTA(M$10:M10)=0,"Waiting",0),IF(COUNTIF(M$10:M10,">=4")=0,0,COUNTIF(M$10:M10,">=4")/$D10*100)) | ... S12: =IF(SUM(S$10:S10)=0,IF(COUNTA(S$10:S10)=0,"Waiting",0),IF(COUNTIF(S$10:S10,">=4")=0,0,COUNTIF(S$10:S10,">=4")/$D10*100))
E13: Якісна успішність | F13: =IF(SUM(F$10:F10)=0,IF(COUNTA(F$10:F10)=0,"Waiting",0),IF(COUNTIF(F$10:F10,">=7")=0,0,COUNTIF(F$10:F10,">=7")/$D10*100)) | G13: =IF(SUM(G$10:G10)=0,IF(COUNTA(G$10:G10)=0,"Waiting",0),IF(COUNTIF(G$10:G10,">=7")=0,0,COUNTIF(G$10:G10,">=7")/$D10*100)) | H13: =IF(SUM(H$10:H10)=0,IF(COUNTA(H$10:H10)=0,"Waiting",0),IF(COUNTIF(H$10:H10,">=7")=0,0,COUNTIF(H$10:H10,">=7")/$D10*100)) | I13: =IF(SUM(I$10:I10)=0,IF(COUNTA(I$10:I10)=0,"Waiting",0),IF(COUNTIF(I$10:I10,">=7")=0,0,COUNTIF(I$10:I10,">=7")/$D10*100)) | J13: =IF(SUM(J$10:J10)=0,IF(COUNTA(J$10:J10)=0,"Waiting",0),IF(COUNTIF(J$10:J10,">=7")=0,0,COUNTIF(J$10:J10,">=7")/$D10*100)) | K13: =IF(SUM(K$10:K10)=0,IF(COUNTA(K$10:K10)=0,"Waiting",0),IF(COUNTIF(K$10:K10,">=7")=0,0,COUNTIF(K$10:K10,">=7")/$D10*100)) | L13: =IF(SUM(L$10:L10)=0,IF(COUNTA(L$10:L10)=0,"Waiting",0),IF(COUNTIF(L$10:L10,">=7")=0,0,COUNTIF(L$10:L10,">=7")/$D10*100)) | M13: =IF(SUM(M$10:M10)=0,IF(COUNTA(M$10:M10)=0,"Waiting",0),IF(COUNTIF(M$10:M10,">=7")=0,0,COUNTIF(M$10:M10,">=7")/$D10*100)) | ... S13: =IF(SUM(S$10:S10)=0,IF(COUNTA(S$10:S10)=0,"Waiting",0),IF(COUNTIF(S$10:S10,">=7")=0,0,COUNTIF(S$10:S10,">=7")/$D10*100))
E14: Абсолютна успішність по групі | F14: =IFERROR(AVERAGE(F12:S12),"Waiting")
E15: Якісна успішність по групі | F15: =IFERROR(AVERAGE($F13:S13),"Waiting")
E16: Кількість бюджетників | F16: =IF(COUNTIF($C$10:$C10,"=B")=0,IF(COUNTIF($C$10:$C10,"=K")=0,"Waiting",0),COUNTIF($C$10:$C10,"=B"))
E17: Кількість контрактників | F17: =IF(COUNTIF($C$10:$C10,"=K")=0,IF(COUNTIF($C$10:$C10,"=B")=0,"Waiting",0),COUNTIF($C$10:$C10,"=K")) | H17: Класний керівник | P17: ='General'!P53
E18: Кількість соціального контингенту
E19: Вийшли на стипендію | F19: =IF(F16="Waiting","Waiting",IF(F16-COUNTIF($T$10:$T10," - ")<ROUNDDOWN(F16*0.4,0),F16-COUNTIF($T$10:$T10," - "),ROUNDDOWN(F16*0.4,0))) | H19: Завідувач відділення ПЗСО | P19: Margarita BRITIKOVA

Sheet Зведена J2
A1: S
C3: ВІДОКРЕМЛЕНИЙ СТРУКТУРНИЙ ПІДРОЗДІЛ «ФАХОВИЙ КОЛЕДЖ НАФТОГАЗОВИХ ТЕХНОЛОГІЙ, ІНЖЕНЕРІЇ ТА ІНФРАСТРУКТУРИ СЕРВІСУ ОДЕСЬКОГО НАЦІОНАЛЬНОГО ТЕХНОЛОГІЧНОГО УНІВЕРСИТЕТУ»
C4: ЗВЕДЕНА ВІДОМІСТЬ
C5: Успішності студентів спеціальності J2 ««Готельно-ресторанна справа та кейтеринг»»
C6: За рік 2025-2026 н.р.
C7: Група 25-1 курс I
C8: Б/К | D8: № п/п | E8: Прізвище, ім’я, по батькові | F8: Підсумкові оцінки дисциплін | T8: Середній бал
F9: ='General'!F9 | G9: ='General'!G9 | H9: ='General'!H9 | I9: ='General'!I9 | J9: ='General'!J9 | K9: ='General'!K9 | L9: ='General'!L9 | M9: ='General'!M9 | ... S9: ='General'!S9
C10: ='General'!C17 | D10: 1 | E10: ='General'!E17 | F10: ='General'!F17 | G10: ='General'!G17 | H10: ='General'!H17 | I10: ='General'!I17 | J10: ='General'!J17 | K10: ='General'!K17 | L10: ='General'!L17 | ... S10: ='General'!S17 | T10: =IF(COUNTIF($F10:S10,"=*")>0,IF($C10="K","-"," - "),IF(COUNTIF($F10:S10,"<4")>0,IF(C10="K","-"," - "),(IFERROR(AVERAGE($F10:S10),"Waiting"))))
E11: Середній бал успішності з дисципліни | F11: =IF(SUM(F$10:F10)=0,IF(COUNTA(F$10:F10)=0,"Waiting",0),SUM(F$10:F10)/$D10) | G11: =IF(SUM(G$10:G10)=0,IF(COUNTA(G$10:G10)=0,"Waiting",0),SUM(G$10:G10)/$D10) | H11: =IF(SUM(H$10:H10)=0,IF(COUNTA(H$10:H10)=0,"Waiting",0),SUM(H$10:H10)/$D10) | I11: =IF(SUM(I$10:I10)=0,IF(COUNTA(I$10:I10)=0,"Waiting",0),SUM(I$10:I10)/$D10) | J11: =IF(SUM(J$10:J10)=0,IF(COUNTA(J$10:J10)=0,"Waiting",0),SUM(J$10:J10)/$D10) | K11: =IF(SUM(K$10:K10)=0,IF(COUNTA(K$10:K10)=0,"Waiting",0),SUM(K$10:K10)/$D10) | L11: =IF(SUM(L$10:L10)=0,IF(COUNTA(L$10:L10)=0,"Waiting",0),SUM(L$10:L10)/$D10) | M11: =IF(SUM(M$10:M10)=0,IF(COUNTA(M$10:M10)=0,"Waiting",0),SUM(M$10:M10)/$D10) | ... S11: =IF(SUM(S$10:S10)=0,IF(COUNTA(S$10:S10)=0,"Waiting",0),SUM(S$10:S10)/$D10) | T11: =IFERROR(AVERAGE($F11:S11),"Waiting")
E12: Абсолютна успішність | F12: =IF(SUM(F$10:F10)=0,IF(COUNTA(F$10:F10)=0,"Waiting",0),IF(COUNTIF(F$10:F10,">=4")=0,0,COUNTIF(F$10:F10,">=4")/$D10*100)) | G12: =IF(SUM(G$10:G10)=0,IF(COUNTA(G$10:G10)=0,"Waiting",0),IF(COUNTIF(G$10:G10,">=4")=0,0,COUNTIF(G$10:G10,">=4")/$D10*100)) | H12: =IF(SUM(H$10:H10)=0,IF(COUNTA(H$10:H10)=0,"Waiting",0),IF(COUNTIF(H$10:H10,">=4")=0,0,COUNTIF(H$10:H10,">=4")/$D10*100)) | I12: =IF(SUM(I$10:I10)=0,IF(COUNTA(I$10:I10)=0,"Waiting",0),IF(COUNTIF(I$10:I10,">=4")=0,0,COUNTIF(I$10:I10,">=4")/$D10*100)) | J12: =IF(SUM(J$10:J10)=0,IF(COUNTA(J$10:J10)=0,"Waiting",0),IF(COUNTIF(J$10:J10,">=4")=0,0,COUNTIF(J$10:J10,">=4")/$D10*100)) | K12: =IF(SUM(K$10:K10)=0,IF(COUNTA(K$10:K10)=0,"Waiting",0),IF(COUNTIF(K$10:K10,">=4")=0,0,COUNTIF(K$10:K10,">=4")/$D10*100)) | L12: =IF(SUM(L$10:L10)=0,IF(COUNTA(L$10:L10)=0,"Waiting",0),IF(COUNTIF(L$10:L10,">=4")=0,0,COUNTIF(L$10:L10,">=4")/$D10*100)) | M12: =IF(SUM(M$10:M10)=0,IF(COUNTA(M$10:M10)=0,"Waiting",0),IF(COUNTIF(M$10:M10,">=4")=0,0,COUNTIF(M$10:M10,">=4")/$D10*100)) | ... S12: =IF(SUM(S$10:S10)=0,IF(COUNTA(S$10:S10)=0,"Waiting",0),IF(COUNTIF(S$10:S10,">=4")=0,0,COUNTIF(S$10:S10,">=4")/$D10*100))
E13: Якісна успішність | F13: =IF(SUM(F$10:F10)=0,IF(COUNTA(F$10:F10)=0,"Waiting",0),IF(COUNTIF(F$10:F10,">=7")=0,0,COUNTIF(F$10:F10,">=7")/$D10*100)) | G13: =IF(SUM(G$10:G10)=0,IF(COUNTA(G$10:G10)=0,"Waiting",0),IF(COUNTIF(G$10:G10,">=7")=0,0,COUNTIF(G$10:G10,">=7")/$D10*100)) | H13: =IF(SUM(H$10:H10)=0,IF(COUNTA(H$10:H10)=0,"Waiting",0),IF(COUNTIF(H$10:H10,">=7")=0,0,COUNTIF(H$10:H10,">=7")/$D10*100)) | I13: =IF(SUM(I$10:I10)=0,IF(COUNTA(I$10:I10)=0,"Waiting",0),IF(COUNTIF(I$10:I10,">=7")=0,0,COUNTIF(I$10:I10,">=7")/$D10*100)) | J13: =IF(SUM(J$10:J10)=0,IF(COUNTA(J$10:J10)=0,"Waiting",0),IF(COUNTIF(J$10:J10,">=7")=0,0,COUNTIF(J$10:J10,">=7")/$D10*100)) | K13: =IF(SUM(K$10:K10)=0,IF(COUNTA(K$10:K10)=0,"Waiting",0),IF(COUNTIF(K$10:K10,">=7")=0,0,COUNTIF(K$10:K10,">=7")/$D10*100)) | L13: =IF(SUM(L$10:L10)=0,IF(COUNTA(L$10:L10)=0,"Waiting",0),IF(COUNTIF(L$10:L10,">=7")=0,0,COUNTIF(L$10:L10,">=7")/$D10*100)) | M13: =IF(SUM(M$10:M10)=0,IF(COUNTA(M$10:M10)=0,"Waiting",0),IF(COUNTIF(M$10:M10,">=7")=0,0,COUNTIF(M$10:M10,">=7")/$D10*100)) | ... S13: =IF(SUM(S$10:S10)=0,IF(COUNTA(S$10:S10)=0,"Waiting",0),IF(COUNTIF(S$10:S10,">=7")=0,0,COUNTIF(S$10:S10,">=7")/$D10*100))
E14: Абсолютна успішність по групі | F14: =IFERROR(AVERAGE(F12:S12),"Waiting")
E15: Якісна успішність по групі | F15: =IFERROR(AVERAGE($F13:S13),"Waiting")
E16: Кількість бюджетників | F16: =IF(COUNTIF($C$10:$C10,"=B")=0,IF(COUNTIF($C$10:$C10,"=K")=0,"Waiting",0),COUNTIF($C$10:$C10,"=B"))
E17: Кількість контрактників | F17: =IF(COUNTIF($C$10:$C10,"=K")=0,IF(COUNTIF($C$10:$C10,"=B")=0,"Waiting",0),COUNTIF($C$10:$C10,"=K")) | H17: Класний керівник | P17: ='General'!P53
E18: Кількість соціального контингенту
E19: Вийшли на стипендію | F19: =IF(F16="Waiting","Waiting",IF(F16-COUNTIF($T$10:$T10," - ")<ROUNDDOWN(F16*0.4,0),F16-COUNTIF($T$10:$T10," - "),ROUNDDOWN(F16*0.4,0))) | H19: Завідувач відділення ПЗСО | P19: Margarita BRITIKOVA

Sheet Зведена J3
A1: S
C3: ВІДОКРЕМЛЕНИЙ СТРУКТУРНИЙ ПІДРОЗДІЛ «ФАХОВИЙ КОЛЕДЖ НАФТОГАЗОВИХ ТЕХНОЛОГІЙ, ІНЖЕНЕРІЇ ТА ІНФРАСТРУКТУРИ СЕРВІСУ ОДЕСЬКОГО НАЦІОНАЛЬНОГО ТЕХНОЛОГІЧНОГО УНІВЕРСИТЕТУ»
C4: ЗВЕДЕНА ВІДОМІСТЬ
C5: Успішності студентів спеціальності J3 ««Туризм та рекреація»»
C6: За рік 2025-2026 н.р.
C7: Група 25-1 курс I
C8: Б/К | D8: № п/п | E8: Прізвище, ім’я, по батькові | F8: Підсумкові оцінки дисциплін | T8: Середній бал
F9: ='General'!F9 | G9: ='General'!G9 | H9: ='General'!H9 | I9: ='General'!I9 | J9: ='General'!J9 | K9: ='General'!K9 | L9: ='General'!L9 | M9: ='General'!M9 | ... S9: ='General'!S9
C10: ='General'!C16 | D10: 1 | E10: ='General'!E16 | F10: ='General'!F16 | G10: ='General'!G16 | H10: ='General'!H16 | I10: ='General'!I16 | J10: ='General'!J16 | K10: ='General'!K16 | L10: ='General'!L16 | ... S10: ='General'!S16 | T10: =IF(COUNTIF($F10:S10,"=*")>0,IF($C10="K","-"," - "),IF(COUNTIF($F10:S10,"<4")>0,IF(C10="K","-"," - "),(IFERROR(AVERAGE($F10:S10),"Waiting"))))
C11: ='General'!C39 | D11: 2 | E11: ='General'!E39 | F11: ='General'!F39 | G11: ='General'!G39 | H11: ='General'!H39 | I11: ='General'!I39 | J11: ='General'!J39 | K11: ='General'!K39 | L11: ='General'!L39 | ... S11: ='General'!S39 | T11: =IF(COUNTIF($F11:S11,"=*")>0,IF($C11="K","-"," - "),IF(COUNTIF($F11:S11,"<4")>0,IF(C11="K","-"," - "),(IFERROR(AVERAGE($F11:S11),"Waiting"))))
E12: Середній бал успішності з дисципліни | F12: =IF(SUM(F$10:F11)=0,IF(COUNTA(F$10:F11)=0,"Waiting",0),SUM(F$10:F11)/$D11) | G12: =IF(SUM(G$10:G11)=0,IF(COUNTA(G$10:G11)=0,"Waiting",0),SUM(G$10:G11)/$D11) | H12: =IF(SUM(H$10:H11)=0,IF(COUNTA(H$10:H11)=0,"Waiting",0),SUM(H$10:H11)/$D11) | I12: =IF(SUM(I$10:I11)=0,IF(COUNTA(I$10:I11)=0,"Waiting",0),SUM(I$10:I11)/$D11) | J12: =IF(SUM(J$10:J11)=0,IF(COUNTA(J$10:J11)=0,"Waiting",0),SUM(J$10:J11)/$D11) | K12: =IF(SUM(K$10:K11)=0,IF(COUNTA(K$10:K11)=0,"Waiting",0),SUM(K$10:K11)/$D11) | L12: =IF(SUM(L$10:L11)=0,IF(COUNTA(L$10:L11)=0,"Waiting",0),SUM(L$10:L11)/$D11) | M12: =IF(SUM(M$10:M11)=0,IF(COUNTA(M$10:M11)=0,"Waiting",0),SUM(M$10:M11)/$D11) | ... S12: =IF(SUM(S$10:S11)=0,IF(COUNTA(S$10:S11)=0,"Waiting",0),SUM(S$10:S11)/$D11) | T12: =IFERROR(AVERAGE($F12:S12),"Waiting")
E13: Абсолютна успішність | F13: =IF(SUM(F$10:F11)=0,IF(COUNTA(F$10:F11)=0,"Waiting",0),IF(COUNTIF(F$10:F11,">=4")=0,0,COUNTIF(F$10:F11,">=4")/$D11*100)) | G13: =IF(SUM(G$10:G11)=0,IF(COUNTA(G$10:G11)=0,"Waiting",0),IF(COUNTIF(G$10:G11,">=4")=0,0,COUNTIF(G$10:G11,">=4")/$D11*100)) | H13: =IF(SUM(H$10:H11)=0,IF(COUNTA(H$10:H11)=0,"Waiting",0),IF(COUNTIF(H$10:H11,">=4")=0,0,COUNTIF(H$10:H11,">=4")/$D11*100)) | I13: =IF(SUM(I$10:I11)=0,IF(COUNTA(I$10:I11)=0,"Waiting",0),IF(COUNTIF(I$10:I11,">=4")=0,0,COUNTIF(I$10:I11,">=4")/$D11*100)) | J13: =IF(SUM(J$10:J11)=0,IF(COUNTA(J$10:J11)=0,"Waiting",0),IF(COUNTIF(J$10:J11,">=4")=0,0,COUNTIF(J$10:J11,">=4")/$D11*100)) | K13: =IF(SUM(K$10:K11)=0,IF(COUNTA(K$10:K11)=0,"Waiting",0),IF(COUNTIF(K$10:K11,">=4")=0,0,COUNTIF(K$10:K11,">=4")/$D11*100)) | L13: =IF(SUM(L$10:L11)=0,IF(COUNTA(L$10:L11)=0,"Waiting",0),IF(COUNTIF(L$10:L11,">=4")=0,0,COUNTIF(L$10:L11,">=4")/$D11*100)) | M13: =IF(SUM(M$10:M11)=0,IF(COUNTA(M$10:M11)=0,"Waiting",0),IF(COUNTIF(M$10:M11,">=4")=0,0,COUNTIF(M$10:M11,">=4")/$D11*100)) | ... S13: =IF(SUM(S$10:S11)=0,IF(COUNTA(S$10:S11)=0,"Waiting",0),IF(COUNTIF(S$10:S11,">=4")=0,0,COUNTIF(S$10:S11,">=4")/$D11*100))
E14: Якісна успішність | F14: =IF(SUM(F$10:F11)=0,IF(COUNTA(F$10:F11)=0,"Waiting",0),IF(COUNTIF(F$10:F11,">=7")=0,0,COUNTIF(F$10:F11,">=7")/$D11*100)) | G14: =IF(SUM(G$10:G11)=0,IF(COUNTA(G$10:G11)=0,"Waiting",0),IF(COUNTIF(G$10:G11,">=7")=0,0,COUNTIF(G$10:G11,">=7")/$D11*100)) | H14: =IF(SUM(H$10:H11)=0,IF(COUNTA(H$10:H11)=0,"Waiting",0),IF(COUNTIF(H$10:H11,">=7")=0,0,COUNTIF(H$10:H11,">=7")/$D11*100)) | I14: =IF(SUM(I$10:I11)=0,IF(COUNTA(I$10:I11)=0,"Waiting",0),IF(COUNTIF(I$10:I11,">=7")=0,0,COUNTIF(I$10:I11,">=7")/$D11*100)) | J14: =IF(SUM(J$10:J11)=0,IF(COUNTA(J$10:J11)=0,"Waiting",0),IF(COUNTIF(J$10:J11,">=7")=0,0,COUNTIF(J$10:J11,">=7")/$D11*100)) | K14: =IF(SUM(K$10:K11)=0,IF(COUNTA(K$10:K11)=0,"Waiting",0),IF(COUNTIF(K$10:K11,">=7")=0,0,COUNTIF(K$10:K11,">=7")/$D11*100)) | L14: =IF(SUM(L$10:L11)=0,IF(COUNTA(L$10:L11)=0,"Waiting",0),IF(COUNTIF(L$10:L11,">=7")=0,0,COUNTIF(L$10:L11,">=7")/$D11*100)) | M14: =IF(SUM(M$10:M11)=0,IF(COUNTA(M$10:M11)=0,"Waiting",0),IF(COUNTIF(M$10:M11,">=7")=0,0,COUNTIF(M$10:M11,">=7")/$D11*100)) | ... S14: =IF(SUM(S$10:S11)=0,IF(COUNTA(S$10:S11)=0,"Waiting",0),IF(COUNTIF(S$10:S11,">=7")=0,0,COUNTIF(S$10:S11,">=7")/$D11*100))
E15: Абсолютна успішність по групі | F15: =IFERROR(AVERAGE(F13:S13),"Waiting")
E16: Якісна успішність по групі | F16: =IFERROR(AVERAGE($F14:S14),"Waiting")
E17: Кількість бюджетників | F17: =IF(COUNTIF($C$10:$C11,"=B")=0,IF(COUNTIF($C$10:$C11,"=K")=0,"Waiting",0),COUNTIF($C$10:$C11,"=B"))
E18: Кількість контрактників | F18: =IF(COUNTIF($C$10:$C11,"=K")=0,IF(COUNTIF($C$10:$C11,"=B")=0,"Waiting",0),COUNTIF($C$10:$C11,"=K")) | H18: Класний керівник | P18: ='General'!P53
E19: Кількість соціального контингенту
E20: Вийшли на стипендію | F20: =IF(F17="Waiting","Waiting",IF(F17-COUNTIF($T$10:$T11," - ")<ROUNDDOWN(F17*0.4,0),F17-COUNTIF($T$10:$T11," - "),ROUNDDOWN(F17*0.4,0))) | H20: Завідувач відділення ПЗСО | P20: Margarita BRITIKOVA
